[2026-10-02 17:09:27.188] Iniciando comunicación con Atlan A350 XL (8E1)...
[2026-10-02 17:09:27.198] Enviado: Q | HEX: 1B 51 36 43 0D
[2026-10-02 17:09:27.261] Recibido ASCII: <SOH>Q52<CR>
[2026-10-02 17:09:27.262] Recibido HEX: 01 51 35 32 0D
[2026-10-02 17:09:28.264] Enviado: R | HEX: 1B 52 36 44 0D
[2026-10-02 17:09:28.265] Recibido ASCII: <ESC>R6D<CR>
[2026-10-02 17:09:28.266] Recibido HEX: 1B 52 36 44 0D
[2026-10-02 17:09:29.267] Enviado: R | HEX: 01 52 35 33 0D
[2026-10-02 17:09:29.270] Recibido ASCII: <SOH>R5555'A3XX'02.11:06.00B9<CR>
[2026-10-02 17:09:29.270] Recibido HEX: 01 52 35 35 35 35 27 41 33 58 58 27 30 32 2E 31 31 3A 30 36 2E 30 30 42 39 0D
[2026-10-02 17:09:29.274] Enviado: S | HEX: 1B 53 36 45 0D
[2026-10-02 17:09:29.356] Recibido ASCII: <ESC>)44<CR>
[2026-10-02 17:09:29.356] Recibido HEX: 1B 29 34 34 0D
[2026-10-02 17:09:30.359] Sin registros de realtime configuration, se omite el paso <54H>
[2026-10-02 17:09:30.375] Datos recibidos (189 bytes): 01 53 30 30 20 20 20 32 30 30 30 30 2D 20 20 32 31 20 20 31 32 31 46 46 46 30 31 20 20 20 32 30 30 30 30 2D 20 31 38 31 20 20 31 38 31 46 46 46 30 35 20 20 20 32 30 30 30 30 20 20 20 20 30 20 20 31 30 30 46 46 46 30 36 20 20 20 32 30 30 30 30 20 20 20 20 30 20 20 31 32 30 46 46 46 30 37 20 20 20 32 30 30 30 30 20 20 20 20 30 20 20 20 32 30 46 46 46 30 38 20 20 20 32 30 30 30 30 20 20 20 20 30 20 20 31 30 30 46 46 46 30 41 20 20 20 32 30 30 30 30 20 20 20 20 30 20 20 20 32 30 46 46 46 32 41 20 20 20 32 30 30 30 30 20 20 20 20 30 20 20 20 32 30 46 46 46 46 33 0D
[2026-10-02 17:09:30.377] [Bytes recibidos]: 1
[2026-10-02 17:09:30.377] [Bytes recibidos]: 83
[2026-10-02 17:09:30.378] [Bytes recibidos]: 48
[2026-10-02 17:09:30.378] [Bytes recibidos]: 48
[2026-10-02 17:09:30.378] [Bytes recibidos]: 32
[2026-10-02 17:09:30.379] [Bytes recibidos]: 32
[2026-10-02 17:09:30.379] [Bytes recibidos]: 32
[2026-10-02 17:09:30.380] [Bytes recibidos]: 50
[2026-10-02 17:09:30.380] [Bytes recibidos]: 48
[2026-10-02 17:09:30.381] [Bytes recibidos]: 48
[2026-10-02 17:09:30.381] [Bytes recibidos]: 48
[2026-10-02 17:09:30.382] [Bytes recibidos]: 48
[2026-10-02 17:09:30.382] [Bytes recibidos]: 45
[2026-10-02 17:09:30.382] [Bytes recibidos]: 32
[2026-10-02 17:09:30.383] [Bytes recibidos]: 32
[2026-10-02 17:09:30.383] [Bytes recibidos]: 50
[2026-10-02 17:09:30.384] [Bytes recibidos]: 49
[2026-10-02 17:09:30.384] [Bytes recibidos]: 32
[2026-10-02 17:09:30.384] [Bytes recibidos]: 32
[2026-10-02 17:09:30.385] [Bytes recibidos]: 49
[2026-10-02 17:09:30.385] [Bytes recibidos]: 50
[2026-10-02 17:09:30.386] [Bytes recibidos]: 49
[2026-10-02 17:09:30.386] [Bytes recibidos]: 70
[2026-10-02 17:09:30.386] [Bytes recibidos]: 70
[2026-10-02 17:09:30.387] [Bytes recibidos]: 70
[2026-10-02 17:09:30.387] [Bytes recibidos]: 48
[2026-10-02 17:09:30.388] [Bytes recibidos]: 49
[2026-10-02 17:09:30.388] [Bytes recibidos]: 32
[2026-10-02 17:09:30.388] [Bytes recibidos]: 32
[2026-10-02 17:09:30.389] [Bytes recibidos]: 32
[2026-10-02 17:09:30.389] [Bytes recibidos]: 50
[2026-10-02 17:09:30.390] [Bytes recibidos]: 48
[2026-10-02 17:09:30.390] [Bytes recibidos]: 48
[2026-10-02 17:09:30.390] [Bytes recibidos]: 48
[2026-10-02 17:09:30.391] [Bytes recibidos]: 48
[2026-10-02 17:09:30.391] [Bytes recibidos]: 45
[2026-10-02 17:09:30.392] [Bytes recibidos]: 32
[2026-10-02 17:09:30.392] [Bytes recibidos]: 49
[2026-10-02 17:09:30.392] [Bytes recibidos]: 56
[2026-10-02 17:09:30.393] [Bytes recibidos]: 49
[2026-10-02 17:09:30.393] [Bytes recibidos]: 32
[2026-10-02 17:09:30.393] [Bytes recibidos]: 32
[2026-10-02 17:09:30.394] [Bytes recibidos]: 49
[2026-10-02 17:09:30.394] [Bytes recibidos]: 56
[2026-10-02 17:09:30.394] [Bytes recibidos]: 49
[2026-10-02 17:09:30.395] [Bytes recibidos]: 70
[2026-10-02 17:09:30.395] [Bytes recibidos]: 70
[2026-10-02 17:09:30.396] [Bytes recibidos]: 70
[2026-10-02 17:09:30.396] [Bytes recibidos]: 48
[2026-10-02 17:09:30.397] [Bytes recibidos]: 53
[2026-10-02 17:09:30.397] [Bytes recibidos]: 32
[2026-10-02 17:09:30.397] [Bytes recibidos]: 32
[2026-10-02 17:09:30.398] [Bytes recibidos]: 32
[2026-10-02 17:09:30.398] [Bytes recibidos]: 50
[2026-10-02 17:09:30.399] [Bytes recibidos]: 48
[2026-10-02 17:09:30.399] [Bytes recibidos]: 48
[2026-10-02 17:09:30.399] [Bytes recibidos]: 48
[2026-10-02 17:09:30.400] [Bytes recibidos]: 48
[2026-10-02 17:09:30.400] [Bytes recibidos]: 32
[2026-10-02 17:09:30.401] [Bytes recibidos]: 32
[2026-10-02 17:09:30.401] [Bytes recibidos]: 32
[2026-10-02 17:09:30.401] [Bytes recibidos]: 32
[2026-10-02 17:09:30.402] [Bytes recibidos]: 48
[2026-10-02 17:09:30.403] [Bytes recibidos]: 32
[2026-10-02 17:09:30.403] [Bytes recibidos]: 32
[2026-10-02 17:09:30.403] [Bytes recibidos]: 49
[2026-10-02 17:09:30.404] [Bytes recibidos]: 48
[2026-10-02 17:09:30.404] [Bytes recibidos]: 48
[2026-10-02 17:09:30.405] [Bytes recibidos]: 70
[2026-10-02 17:09:30.405] [Bytes recibidos]: 70
[2026-10-02 17:09:30.405] [Bytes recibidos]: 70
[2026-10-02 17:09:30.406] [Bytes recibidos]: 48
[2026-10-02 17:09:30.406] [Bytes recibidos]: 54
[2026-10-02 17:09:30.406] [Bytes recibidos]: 32
[2026-10-02 17:09:30.407] [Bytes recibidos]: 32
[2026-10-02 17:09:30.407] [Bytes recibidos]: 32
[2026-10-02 17:09:30.407] [Bytes recibidos]: 50
[2026-10-02 17:09:30.408] [Bytes recibidos]: 48
[2026-10-02 17:09:30.408] [Bytes recibidos]: 48
[2026-10-02 17:09:30.409] [Bytes recibidos]: 48
[2026-10-02 17:09:30.409] [Bytes recibidos]: 48
[2026-10-02 17:09:30.410] [Bytes recibidos]: 32
[2026-10-02 17:09:30.410] [Bytes recibidos]: 32
[2026-10-02 17:09:30.411] [Bytes recibidos]: 32
[2026-10-02 17:09:30.411] [Bytes recibidos]: 32
[2026-10-02 17:09:30.412] [Bytes recibidos]: 48
[2026-10-02 17:09:30.412] [Bytes recibidos]: 32
[2026-10-02 17:09:30.413] [Bytes recibidos]: 32
[2026-10-02 17:09:30.413] [Bytes recibidos]: 49
[2026-10-02 17:09:30.414] [Bytes recibidos]: 50
[2026-10-02 17:09:30.414] [Bytes recibidos]: 48
[2026-10-02 17:09:30.414] [Bytes recibidos]: 70
[2026-10-02 17:09:30.415] [Bytes recibidos]: 70
[2026-10-02 17:09:30.415] [Bytes recibidos]: 70
[2026-10-02 17:09:30.415] [Bytes recibidos]: 48
[2026-10-02 17:09:30.416] [Bytes recibidos]: 55
[2026-10-02 17:09:30.416] [Bytes recibidos]: 32
[2026-10-02 17:09:30.417] [Bytes recibidos]: 32
[2026-10-02 17:09:30.417] [Bytes recibidos]: 32
[2026-10-02 17:09:30.417] [Bytes recibidos]: 50
[2026-10-02 17:09:30.418] [Bytes recibidos]: 48
[2026-10-02 17:09:30.418] [Bytes recibidos]: 48
[2026-10-02 17:09:30.418] [Bytes recibidos]: 48
[2026-10-02 17:09:30.419] [Bytes recibidos]: 48
[2026-10-02 17:09:30.419] [Bytes recibidos]: 32
[2026-10-02 17:09:30.419] [Bytes recibidos]: 32
[2026-10-02 17:09:30.420] [Bytes recibidos]: 32
[2026-10-02 17:09:30.420] [Bytes recibidos]: 32
[2026-10-02 17:09:30.420] [Bytes recibidos]: 48
[2026-10-02 17:09:30.421] [Bytes recibidos]: 32
[2026-10-02 17:09:30.421] [Bytes recibidos]: 32
[2026-10-02 17:09:30.422] [Bytes recibidos]: 32
[2026-10-02 17:09:30.422] [Bytes recibidos]: 50
[2026-10-02 17:09:30.422] [Bytes recibidos]: 48
[2026-10-02 17:09:30.423] [Bytes recibidos]: 70
[2026-10-02 17:09:30.423] [Bytes recibidos]: 70
[2026-10-02 17:09:30.423] [Bytes recibidos]: 70
[2026-10-02 17:09:30.423] [Bytes recibidos]: 48
[2026-10-02 17:09:30.424] [Bytes recibidos]: 56
[2026-10-02 17:09:30.424] [Bytes recibidos]: 32
[2026-10-02 17:09:30.424] [Bytes recibidos]: 32
[2026-10-02 17:09:30.425] [Bytes recibidos]: 32
[2026-10-02 17:09:30.425] [Bytes recibidos]: 50
[2026-10-02 17:09:30.425] [Bytes recibidos]: 48
[2026-10-02 17:09:30.425] [Bytes recibidos]: 48
[2026-10-02 17:09:30.426] [Bytes recibidos]: 48
[2026-10-02 17:09:30.426] [Bytes recibidos]: 48
[2026-10-02 17:09:30.426] [Bytes recibidos]: 32
[2026-10-02 17:09:30.427] [Bytes recibidos]: 32
[2026-10-02 17:09:30.427] [Bytes recibidos]: 32
[2026-10-02 17:09:30.428] [Bytes recibidos]: 32
[2026-10-02 17:09:30.428] [Bytes recibidos]: 48
[2026-10-02 17:09:30.428] [Bytes recibidos]: 32
[2026-10-02 17:09:30.429] [Bytes recibidos]: 32
[2026-10-02 17:09:30.429] [Bytes recibidos]: 49
[2026-10-02 17:09:30.430] [Bytes recibidos]: 48
[2026-10-02 17:09:30.430] [Bytes recibidos]: 48
[2026-10-02 17:09:30.430] [Bytes recibidos]: 70
[2026-10-02 17:09:30.431] [Bytes recibidos]: 70
[2026-10-02 17:09:30.431] [Bytes recibidos]: 70
[2026-10-02 17:09:30.432] [Bytes recibidos]: 48
[2026-10-02 17:09:30.432] [Bytes recibidos]: 65
[2026-10-02 17:09:30.432] [Bytes recibidos]: 32
[2026-10-02 17:09:30.433] [Bytes recibidos]: 32
[2026-10-02 17:09:30.433] [Bytes recibidos]: 32
[2026-10-02 17:09:30.433] [Bytes recibidos]: 50
[2026-10-02 17:09:30.434] [Bytes recibidos]: 48
[2026-10-02 17:09:30.434] [Bytes recibidos]: 48
[2026-10-02 17:09:30.435] [Bytes recibidos]: 48
[2026-10-02 17:09:30.435] [Bytes recibidos]: 48
[2026-10-02 17:09:30.436] [Bytes recibidos]: 32
[2026-10-02 17:09:30.436] [Bytes recibidos]: 32
[2026-10-02 17:09:30.436] [Bytes recibidos]: 32
[2026-10-02 17:09:30.437] [Bytes recibidos]: 32
[2026-10-02 17:09:30.438] [Bytes recibidos]: 48
[2026-10-02 17:09:30.438] [Bytes recibidos]: 32
[2026-10-02 17:09:30.438] [Bytes recibidos]: 32
[2026-10-02 17:09:30.439] [Bytes recibidos]: 32
[2026-10-02 17:09:30.439] [Bytes recibidos]: 50
[2026-10-02 17:09:30.440] [Bytes recibidos]: 48
[2026-10-02 17:09:30.440] [Bytes recibidos]: 70
[2026-10-02 17:09:30.440] [Bytes recibidos]: 70
[2026-10-02 17:09:30.441] [Bytes recibidos]: 70
[2026-10-02 17:09:30.441] [Bytes recibidos]: 50
[2026-10-02 17:09:30.441] [Bytes recibidos]: 65
[2026-10-02 17:09:30.441] [Bytes recibidos]: 32
[2026-10-02 17:09:30.442] [Bytes recibidos]: 32
[2026-10-02 17:09:30.442] [Bytes recibidos]: 32
[2026-10-02 17:09:30.442] [Bytes recibidos]: 50
[2026-10-02 17:09:30.442] [Bytes recibidos]: 48
[2026-10-02 17:09:30.443] [Bytes recibidos]: 48
[2026-10-02 17:09:30.443] [Bytes recibidos]: 48
[2026-10-02 17:09:30.443] [Bytes recibidos]: 48
[2026-10-02 17:09:30.443] [Bytes recibidos]: 32
[2026-10-02 17:09:30.444] [Bytes recibidos]: 32
[2026-10-02 17:09:30.444] [Bytes recibidos]: 32
[2026-10-02 17:09:30.444] [Bytes recibidos]: 32
[2026-10-02 17:09:30.445] [Bytes recibidos]: 48
[2026-10-02 17:09:30.445] [Bytes recibidos]: 32
[2026-10-02 17:09:30.445] [Bytes recibidos]: 32
[2026-10-02 17:09:30.445] [Bytes recibidos]: 32
[2026-10-02 17:09:30.446] [Bytes recibidos]: 50
[2026-10-02 17:09:30.446] [Bytes recibidos]: 48
[2026-10-02 17:09:30.446] [Bytes recibidos]: 70
[2026-10-02 17:09:30.447] [Bytes recibidos]: 70
[2026-10-02 17:09:30.447] [Bytes recibidos]: 70
[2026-10-02 17:09:30.447] [Bytes recibidos]: 70
[2026-10-02 17:09:30.448] [Bytes recibidos]: 51
[2026-10-02 17:09:30.448] [Bytes recibidos]: 13
[2026-10-02 17:09:32.450] Enviado: S | HEX: 1B 53 36 45 0D
[2026-10-02 17:09:32.683] Recibido ASCII: <SOH>S00   20000-  21  121FFF01   20000- 181  181FFF05   20000    0  100FFF06   20000    0  120FFF07   20000    0   20FFF08   20000    0  100FFF0A   20000    0   20FFF2A   20000    0   20FFFF3<CR>
[2026-10-02 17:09:32.683] Recibido HEX: 01 53 30 30 20 20 20 32 30 30 30 30 2D 20 20 32 31 20 20 31 32 31 46 46 46 30 31 20 20 20 32 30 30 30 30 2D 20 31 38 31 20 20 31 38 31 46 46 46 30 35 20 20 20 32 30 30 30 30 20 20 20 20 30 20 20 31 30 30 46 46 46 30 36 20 20 20 32 30 30 30 30 20 20 20 20 30 20 20 31 32 30 46 46 46 30 37 20 20 20 32 30 30 30 30 20 20 20 20 30 20 20 20 32 30 46 46 46 30 38 20 20 20 32 30 30 30 30 20 20 20 20 30 20 20 31 30 30 46 46 46 30 41 20 20 20 32 30 30 30 30 20 20 20 20 30 20 20 20 32 30 46 46 46 32 41 20 20 20 32 30 30 30 30 20 20 20 20 30 20 20 20 32 30 46 46 46 46 33 0D
[2026-10-02 17:09:33.689] Enviado: T0001010105010601070108010A012A01 | HEX: 1B 54 30 30 30 31 30 31 30 31 30 35 30 31 30 36 30 31 30 37 30 31 30 38 30 31 30 41 30 31 32 41 30 31 42 36 0D
[2026-10-02 17:09:33.771] Recibido ASCII: <SOH>T55<CR>
[2026-10-02 17:09:33.771] Recibido HEX: 01 54 35 35 0D
[2026-10-02 17:09:35.787] Datos recibidos (414 bytes): DF AF 8A BE 9F 88 BE 8F 80 DF AF 8A BE 9F 88 BE 8F 80 DF AF 8A BE 9F 88 BE 8F 80 DF AE 8A BE 9F 88 BE 8F 80 DF AE 8A BE 9F 88 BE 8F 80 DF AE 8A BF 9F 88 BE 8F 80 DF AE 8A BF 9F 88 BE 8F 80 DF AE 8A BF 9F 87 BE 91 80 DF AE 8A BF 9F 87 BE 91 80 DF AD 8A BF 9F 87 BE 91 80 DF AD 8A BF 9F 87 BE 91 80 DF C6 C0 AD 8A BF 9F 86 BE 91 80 DF AD 8A BF 9F 85 BE 93 80 DF AC 8A BF 9F 85 BE 93 80 DF AC 8A BF 9F 85 BE 93 80 DF AC 8A 83 A0 84 BE 93 80 DF AD 8A 8D A0 84 BE 93 80 DF AF 8A 9F A0 84 BE 93 80 DF B3 8A BA A0 84 BE 93 80 DF B6 8A 8B A1 84 BE 93 80 DF BF 8A B6 A1 84 BE 93 80 DF 94 8B 86 A3 85 BE 93 80 DF A8 8B 84 A4 85 BE 93 80 DF 82 8C 85 A5 85 BE 93 80 DF 92 8C A6 A5 85 BE 93 80 DF B4 8C A6 A6 85 BE 93 80 DF B0 8D BF A7 86 BE 93 80 DF 9C 8E B0 A8 86 BE 91 80 DF 87 8F 95 A9 86 BE 91 80 DF 9C 8F A4 A9 86 BE 91 80 DF 85 90 B7 A9 86 BE 91 80 DF B8 90 BD A9 86 BE 91 80 DF 94 91 B4 A9 86 BE 91 80 DF A9 91 A5 A9 86 BE 91 80 DF B2 91 9C A9 86 BE 91 80 DF 83 92 BD A8 86 BE 91 80 DF 8A 92 A8 A8 86 BE 93 80 DF 8D 92 93 A8 87 BE 93 80 DF 8F 92 80 A8 87 BE 93 80 DF 8F 92 B7 A7 87 BE 93 80 DF 90 92 9F A7 87 BE 93 80 DF 90 92 90 A7 87 BE 93 80 DF 91 92 82 A7 87 BE 93 80 DF 92 92 B4 A6 87 BE 93 80 DF 94 92 A7 A6 87 BE 93 80 DF 94 92 A1 A6 87 BE
[2026-10-02 17:09:35.787] [Bytes recibidos]: 223
[2026-10-02 17:09:35.787] [Bytes recibidos]: 175
[2026-10-02 17:09:35.788] [Bytes recibidos]: 138
[2026-10-02 17:09:35.788] [Bytes recibidos]: 190
[2026-10-02 17:09:35.788] [Bytes recibidos]: 159
[2026-10-02 17:09:35.788] [Bytes recibidos]: 136
[2026-10-02 17:09:35.789] [Bytes recibidos]: 190
[2026-10-02 17:09:35.789] [Bytes recibidos]: 143
[2026-10-02 17:09:35.789] [Bytes recibidos]: 128
[2026-10-02 17:09:35.789] [Bytes recibidos]: 223
[2026-10-02 17:09:35.790] [Bytes recibidos]: 175
[2026-10-02 17:09:35.790] [Bytes recibidos]: 138
[2026-10-02 17:09:35.790] [Bytes recibidos]: 190
[2026-10-02 17:09:35.790] [Bytes recibidos]: 159
[2026-10-02 17:09:35.791] [Bytes recibidos]: 136
[2026-10-02 17:09:35.791] [Bytes recibidos]: 190
[2026-10-02 17:09:35.791] [Bytes recibidos]: 143
[2026-10-02 17:09:35.791] [Bytes recibidos]: 128
[2026-10-02 17:09:35.792] [Bytes recibidos]: 223
[2026-10-02 17:09:35.792] [Bytes recibidos]: 175
[2026-10-02 17:09:35.792] [Bytes recibidos]: 138
[2026-10-02 17:09:35.792] [Bytes recibidos]: 190
[2026-10-02 17:09:35.793] [Bytes recibidos]: 159
[2026-10-02 17:09:35.793] [Bytes recibidos]: 136
[2026-10-02 17:09:35.793] [Bytes recibidos]: 190
[2026-10-02 17:09:35.793] [Bytes recibidos]: 143
[2026-10-02 17:09:35.794] [Bytes recibidos]: 128
[2026-10-02 17:09:35.794] [Bytes recibidos]: 223
[2026-10-02 17:09:35.794] [Bytes recibidos]: 174
[2026-10-02 17:09:35.795] [Bytes recibidos]: 138
[2026-10-02 17:09:35.795] [Bytes recibidos]: 190
[2026-10-02 17:09:35.795] [Bytes recibidos]: 159
[2026-10-02 17:09:35.796] [Bytes recibidos]: 136
[2026-10-02 17:09:35.796] [Bytes recibidos]: 190
[2026-10-02 17:09:35.796] [Bytes recibidos]: 143
[2026-10-02 17:09:35.796] [Bytes recibidos]: 128
[2026-10-02 17:09:35.797] [Bytes recibidos]: 223
[2026-10-02 17:09:35.797] [Bytes recibidos]: 174
[2026-10-02 17:09:35.797] [Bytes recibidos]: 138
[2026-10-02 17:09:35.798] [Bytes recibidos]: 190
[2026-10-02 17:09:35.798] [Bytes recibidos]: 159
[2026-10-02 17:09:35.798] [Bytes recibidos]: 136
[2026-10-02 17:09:35.799] [Bytes recibidos]: 190
[2026-10-02 17:09:35.799] [Bytes recibidos]: 143
[2026-10-02 17:09:35.799] [Bytes recibidos]: 128
[2026-10-02 17:09:35.800] [Bytes recibidos]: 223
[2026-10-02 17:09:35.800] [Bytes recibidos]: 174
[2026-10-02 17:09:35.800] [Bytes recibidos]: 138
[2026-10-02 17:09:35.801] [Bytes recibidos]: 191
[2026-10-02 17:09:35.801] [Bytes recibidos]: 159
[2026-10-02 17:09:35.801] [Bytes recibidos]: 136
[2026-10-02 17:09:35.801] [Bytes recibidos]: 190
[2026-10-02 17:09:35.802] [Bytes recibidos]: 143
[2026-10-02 17:09:35.802] [Bytes recibidos]: 128
[2026-10-02 17:09:35.802] [Bytes recibidos]: 223
[2026-10-02 17:09:35.803] [Bytes recibidos]: 174
[2026-10-02 17:09:35.803] [Bytes recibidos]: 138
[2026-10-02 17:09:35.803] [Bytes recibidos]: 191
[2026-10-02 17:09:35.804] [Bytes recibidos]: 159
[2026-10-02 17:09:35.804] [Bytes recibidos]: 136
[2026-10-02 17:09:35.804] [Bytes recibidos]: 190
[2026-10-02 17:09:35.805] [Bytes recibidos]: 143
[2026-10-02 17:09:35.805] [Bytes recibidos]: 128
[2026-10-02 17:09:35.805] [Bytes recibidos]: 223
[2026-10-02 17:09:35.805] [Bytes recibidos]: 174
[2026-10-02 17:09:35.806] [Bytes recibidos]: 138
[2026-10-02 17:09:35.806] [Bytes recibidos]: 191
[2026-10-02 17:09:35.806] [Bytes recibidos]: 159
[2026-10-02 17:09:35.806] [Bytes recibidos]: 135
[2026-10-02 17:09:35.807] [Bytes recibidos]: 190
[2026-10-02 17:09:35.807] [Bytes recibidos]: 145
[2026-10-02 17:09:35.807] [Bytes recibidos]: 128
[2026-10-02 17:09:35.807] [Bytes recibidos]: 223
[2026-10-02 17:09:35.807] [Bytes recibidos]: 174
[2026-10-02 17:09:35.808] [Bytes recibidos]: 138
[2026-10-02 17:09:35.808] [Bytes recibidos]: 191
[2026-10-02 17:09:35.808] [Bytes recibidos]: 159
[2026-10-02 17:09:35.808] [Bytes recibidos]: 135
[2026-10-02 17:09:35.809] [Bytes recibidos]: 190
[2026-10-02 17:09:35.809] [Bytes recibidos]: 145
[2026-10-02 17:09:35.809] [Bytes recibidos]: 128
[2026-10-02 17:09:35.809] [Bytes recibidos]: 223
[2026-10-02 17:09:35.810] [Bytes recibidos]: 173
[2026-10-02 17:09:35.810] [Bytes recibidos]: 138
[2026-10-02 17:09:35.810] [Bytes recibidos]: 191
[2026-10-02 17:09:35.810] [Bytes recibidos]: 159
[2026-10-02 17:09:35.810] [Bytes recibidos]: 135
[2026-10-02 17:09:35.811] [Bytes recibidos]: 190
[2026-10-02 17:09:35.811] [Bytes recibidos]: 145
[2026-10-02 17:09:35.811] [Bytes recibidos]: 128
[2026-10-02 17:09:35.811] [Bytes recibidos]: 223
[2026-10-02 17:09:35.811] [Bytes recibidos]: 173
[2026-10-02 17:09:35.812] [Bytes recibidos]: 138
[2026-10-02 17:09:35.812] [Bytes recibidos]: 191
[2026-10-02 17:09:35.812] [Bytes recibidos]: 159
[2026-10-02 17:09:35.812] [Bytes recibidos]: 135
[2026-10-02 17:09:35.813] [Bytes recibidos]: 190
[2026-10-02 17:09:35.813] [Bytes recibidos]: 145
[2026-10-02 17:09:35.813] [Bytes recibidos]: 128
[2026-10-02 17:09:35.814] [Bytes recibidos]: 223
[2026-10-02 17:09:35.814] [Bytes recibidos]: 198
[2026-10-02 17:09:35.814] [Bytes recibidos]: 192
[2026-10-02 17:09:35.814] [Bytes recibidos]: 173
[2026-10-02 17:09:35.815] [Bytes recibidos]: 138
[2026-10-02 17:09:35.815] [Bytes recibidos]: 191
[2026-10-02 17:09:35.815] [Bytes recibidos]: 159
[2026-10-02 17:09:35.815] [Bytes recibidos]: 134
[2026-10-02 17:09:35.815] [Bytes recibidos]: 190
[2026-10-02 17:09:35.816] [Bytes recibidos]: 145
[2026-10-02 17:09:35.816] [Bytes recibidos]: 128
[2026-10-02 17:09:35.816] [Bytes recibidos]: 223
[2026-10-02 17:09:35.816] [Bytes recibidos]: 173
[2026-10-02 17:09:35.817] [Bytes recibidos]: 138
[2026-10-02 17:09:35.817] [Bytes recibidos]: 191
[2026-10-02 17:09:35.817] [Bytes recibidos]: 159
[2026-10-02 17:09:35.817] [Bytes recibidos]: 133
[2026-10-02 17:09:35.817] [Bytes recibidos]: 190
[2026-10-02 17:09:35.818] [Bytes recibidos]: 147
[2026-10-02 17:09:35.818] [Bytes recibidos]: 128
[2026-10-02 17:09:35.818] [Bytes recibidos]: 223
[2026-10-02 17:09:35.818] [Bytes recibidos]: 172
[2026-10-02 17:09:35.818] [Bytes recibidos]: 138
[2026-10-02 17:09:35.819] [Bytes recibidos]: 191
[2026-10-02 17:09:35.819] [Bytes recibidos]: 159
[2026-10-02 17:09:35.819] [Bytes recibidos]: 133
[2026-10-02 17:09:35.819] [Bytes recibidos]: 190
[2026-10-02 17:09:35.819] [Bytes recibidos]: 147
[2026-10-02 17:09:35.819] [Bytes recibidos]: 128
[2026-10-02 17:09:35.820] [Bytes recibidos]: 223
[2026-10-02 17:09:35.820] [Bytes recibidos]: 172
[2026-10-02 17:09:35.820] [Bytes recibidos]: 138
[2026-10-02 17:09:35.820] [Bytes recibidos]: 191
[2026-10-02 17:09:35.820] [Bytes recibidos]: 159
[2026-10-02 17:09:35.821] [Bytes recibidos]: 133
[2026-10-02 17:09:35.821] [Bytes recibidos]: 190
[2026-10-02 17:09:35.821] [Bytes recibidos]: 147
[2026-10-02 17:09:35.821] [Bytes recibidos]: 128
[2026-10-02 17:09:35.822] [Bytes recibidos]: 223
[2026-10-02 17:09:35.822] [Bytes recibidos]: 172
[2026-10-02 17:09:35.822] [Bytes recibidos]: 138
[2026-10-02 17:09:35.822] [Bytes recibidos]: 131
[2026-10-02 17:09:35.822] [Bytes recibidos]: 160
[2026-10-02 17:09:35.823] [Bytes recibidos]: 132
[2026-10-02 17:09:35.823] [Bytes recibidos]: 190
[2026-10-02 17:09:35.823] [Bytes recibidos]: 147
[2026-10-02 17:09:35.823] [Bytes recibidos]: 128
[2026-10-02 17:09:35.823] [Bytes recibidos]: 223
[2026-10-02 17:09:35.824] [Bytes recibidos]: 173
[2026-10-02 17:09:35.824] [Bytes recibidos]: 138
[2026-10-02 17:09:35.824] [Bytes recibidos]: 141
[2026-10-02 17:09:35.824] [Bytes recibidos]: 160
[2026-10-02 17:09:35.824] [Bytes recibidos]: 132
[2026-10-02 17:09:35.824] [Bytes recibidos]: 190
[2026-10-02 17:09:35.825] [Bytes recibidos]: 147
[2026-10-02 17:09:35.825] [Bytes recibidos]: 128
[2026-10-02 17:09:35.825] [Bytes recibidos]: 223
[2026-10-02 17:09:35.825] [Bytes recibidos]: 175
[2026-10-02 17:09:35.825] [Bytes recibidos]: 138
[2026-10-02 17:09:35.826] [Bytes recibidos]: 159
[2026-10-02 17:09:35.826] [Bytes recibidos]: 160
[2026-10-02 17:09:35.826] [Bytes recibidos]: 132
[2026-10-02 17:09:35.826] [Bytes recibidos]: 190
[2026-10-02 17:09:35.826] [Bytes recibidos]: 147
[2026-10-02 17:09:35.827] [Bytes recibidos]: 128
[2026-10-02 17:09:35.827] [Bytes recibidos]: 223
[2026-10-02 17:09:35.827] [Bytes recibidos]: 179
[2026-10-02 17:09:35.827] [Bytes recibidos]: 138
[2026-10-02 17:09:35.827] [Bytes recibidos]: 186
[2026-10-02 17:09:35.827] [Bytes recibidos]: 160
[2026-10-02 17:09:35.828] [Bytes recibidos]: 132
[2026-10-02 17:09:35.828] [Bytes recibidos]: 190
[2026-10-02 17:09:35.828] [Bytes recibidos]: 147
[2026-10-02 17:09:35.828] [Bytes recibidos]: 128
[2026-10-02 17:09:35.829] [Bytes recibidos]: 223
[2026-10-02 17:09:35.829] [Bytes recibidos]: 182
[2026-10-02 17:09:35.829] [Bytes recibidos]: 138
[2026-10-02 17:09:35.829] [Bytes recibidos]: 139
[2026-10-02 17:09:35.829] [Bytes recibidos]: 161
[2026-10-02 17:09:35.830] [Bytes recibidos]: 132
[2026-10-02 17:09:35.830] [Bytes recibidos]: 190
[2026-10-02 17:09:35.830] [Bytes recibidos]: 147
[2026-10-02 17:09:35.830] [Bytes recibidos]: 128
[2026-10-02 17:09:35.830] [Bytes recibidos]: 223
[2026-10-02 17:09:35.831] [Bytes recibidos]: 191
[2026-10-02 17:09:35.831] [Bytes recibidos]: 138
[2026-10-02 17:09:35.831] [Bytes recibidos]: 182
[2026-10-02 17:09:35.831] [Bytes recibidos]: 161
[2026-10-02 17:09:35.831] [Bytes recibidos]: 132
[2026-10-02 17:09:35.831] [Bytes recibidos]: 190
[2026-10-02 17:09:35.832] [Bytes recibidos]: 147
[2026-10-02 17:09:35.832] [Bytes recibidos]: 128
[2026-10-02 17:09:35.832] [Bytes recibidos]: 223
[2026-10-02 17:09:35.832] [Bytes recibidos]: 148
[2026-10-02 17:09:35.832] [Bytes recibidos]: 139
[2026-10-02 17:09:35.832] [Bytes recibidos]: 134
[2026-10-02 17:09:35.833] [Bytes recibidos]: 163
[2026-10-02 17:09:35.833] [Bytes recibidos]: 133
[2026-10-02 17:09:35.833] [Bytes recibidos]: 190
[2026-10-02 17:09:35.833] [Bytes recibidos]: 147
[2026-10-02 17:09:35.833] [Bytes recibidos]: 128
[2026-10-02 17:09:35.833] [Bytes recibidos]: 223
[2026-10-02 17:09:35.834] [Bytes recibidos]: 168
[2026-10-02 17:09:35.834] [Bytes recibidos]: 139
[2026-10-02 17:09:35.834] [Bytes recibidos]: 132
[2026-10-02 17:09:35.834] [Bytes recibidos]: 164
[2026-10-02 17:09:35.834] [Bytes recibidos]: 133
[2026-10-02 17:09:35.834] [Bytes recibidos]: 190
[2026-10-02 17:09:35.835] [Bytes recibidos]: 147
[2026-10-02 17:09:35.835] [Bytes recibidos]: 128
[2026-10-02 17:09:35.835] [Bytes recibidos]: 223
[2026-10-02 17:09:35.835] [Bytes recibidos]: 130
[2026-10-02 17:09:35.835] [Bytes recibidos]: 140
[2026-10-02 17:09:35.835] [Bytes recibidos]: 133
[2026-10-02 17:09:35.835] [Bytes recibidos]: 165
[2026-10-02 17:09:35.836] [Bytes recibidos]: 133
[2026-10-02 17:09:35.836] [Bytes recibidos]: 190
[2026-10-02 17:09:35.836] [Bytes recibidos]: 147
[2026-10-02 17:09:35.836] [Bytes recibidos]: 128
[2026-10-02 17:09:35.836] [Bytes recibidos]: 223
[2026-10-02 17:09:35.836] [Bytes recibidos]: 146
[2026-10-02 17:09:35.837] [Bytes recibidos]: 140
[2026-10-02 17:09:35.837] [Bytes recibidos]: 166
[2026-10-02 17:09:35.837] [Bytes recibidos]: 165
[2026-10-02 17:09:35.837] [Bytes recibidos]: 133
[2026-10-02 17:09:35.837] [Bytes recibidos]: 190
[2026-10-02 17:09:35.837] [Bytes recibidos]: 147
[2026-10-02 17:09:35.837] [Bytes recibidos]: 128
[2026-10-02 17:09:35.838] [Bytes recibidos]: 223
[2026-10-02 17:09:35.838] [Bytes recibidos]: 180
[2026-10-02 17:09:35.838] [Bytes recibidos]: 140
[2026-10-02 17:09:35.838] [Bytes recibidos]: 166
[2026-10-02 17:09:35.839] [Bytes recibidos]: 166
[2026-10-02 17:09:35.839] [Bytes recibidos]: 133
[2026-10-02 17:09:35.839] [Bytes recibidos]: 190
[2026-10-02 17:09:35.839] [Bytes recibidos]: 147
[2026-10-02 17:09:35.839] [Bytes recibidos]: 128
[2026-10-02 17:09:35.839] [Bytes recibidos]: 223
[2026-10-02 17:09:35.839] [Bytes recibidos]: 176
[2026-10-02 17:09:35.840] [Bytes recibidos]: 141
[2026-10-02 17:09:35.840] [Bytes recibidos]: 191
[2026-10-02 17:09:35.840] [Bytes recibidos]: 167
[2026-10-02 17:09:35.840] [Bytes recibidos]: 134
[2026-10-02 17:09:35.840] [Bytes recibidos]: 190
[2026-10-02 17:09:35.840] [Bytes recibidos]: 147
[2026-10-02 17:09:35.840] [Bytes recibidos]: 128
[2026-10-02 17:09:35.841] [Bytes recibidos]: 223
[2026-10-02 17:09:35.841] [Bytes recibidos]: 156
[2026-10-02 17:09:35.841] [Bytes recibidos]: 142
[2026-10-02 17:09:35.841] [Bytes recibidos]: 176
[2026-10-02 17:09:35.841] [Bytes recibidos]: 168
[2026-10-02 17:09:35.841] [Bytes recibidos]: 134
[2026-10-02 17:09:35.842] [Bytes recibidos]: 190
[2026-10-02 17:09:35.842] [Bytes recibidos]: 145
[2026-10-02 17:09:35.842] [Bytes recibidos]: 128
[2026-10-02 17:09:35.842] [Bytes recibidos]: 223
[2026-10-02 17:09:35.842] [Bytes recibidos]: 135
[2026-10-02 17:09:35.842] [Bytes recibidos]: 143
[2026-10-02 17:09:35.842] [Bytes recibidos]: 149
[2026-10-02 17:09:35.843] [Bytes recibidos]: 169
[2026-10-02 17:09:35.843] [Bytes recibidos]: 134
[2026-10-02 17:09:35.843] [Bytes recibidos]: 190
[2026-10-02 17:09:35.843] [Bytes recibidos]: 145
[2026-10-02 17:09:35.843] [Bytes recibidos]: 128
[2026-10-02 17:09:35.843] [Bytes recibidos]: 223
[2026-10-02 17:09:35.844] [Bytes recibidos]: 156
[2026-10-02 17:09:35.844] [Bytes recibidos]: 143
[2026-10-02 17:09:35.844] [Bytes recibidos]: 164
[2026-10-02 17:09:35.844] [Bytes recibidos]: 169
[2026-10-02 17:09:35.844] [Bytes recibidos]: 134
[2026-10-02 17:09:35.844] [Bytes recibidos]: 190
[2026-10-02 17:09:35.844] [Bytes recibidos]: 145
[2026-10-02 17:09:35.845] [Bytes recibidos]: 128
[2026-10-02 17:09:35.845] [Bytes recibidos]: 223
[2026-10-02 17:09:35.845] [Bytes recibidos]: 133
[2026-10-02 17:09:35.845] [Bytes recibidos]: 144
[2026-10-02 17:09:35.845] [Bytes recibidos]: 183
[2026-10-02 17:09:35.846] [Bytes recibidos]: 169
[2026-10-02 17:09:35.846] [Bytes recibidos]: 134
[2026-10-02 17:09:35.846] [Bytes recibidos]: 190
[2026-10-02 17:09:35.846] [Bytes recibidos]: 145
[2026-10-02 17:09:35.846] [Bytes recibidos]: 128
[2026-10-02 17:09:35.846] [Bytes recibidos]: 223
[2026-10-02 17:09:35.847] [Bytes recibidos]: 184
[2026-10-02 17:09:35.847] [Bytes recibidos]: 144
[2026-10-02 17:09:35.847] [Bytes recibidos]: 189
[2026-10-02 17:09:35.847] [Bytes recibidos]: 169
[2026-10-02 17:09:35.847] [Bytes recibidos]: 134
[2026-10-02 17:09:35.847] [Bytes recibidos]: 190
[2026-10-02 17:09:35.848] [Bytes recibidos]: 145
[2026-10-02 17:09:35.848] [Bytes recibidos]: 128
[2026-10-02 17:09:35.848] [Bytes recibidos]: 223
[2026-10-02 17:09:35.848] [Bytes recibidos]: 148
[2026-10-02 17:09:35.848] [Bytes recibidos]: 145
[2026-10-02 17:09:35.849] [Bytes recibidos]: 180
[2026-10-02 17:09:35.849] [Bytes recibidos]: 169
[2026-10-02 17:09:35.849] [Bytes recibidos]: 134
[2026-10-02 17:09:35.849] [Bytes recibidos]: 190
[2026-10-02 17:09:35.849] [Bytes recibidos]: 145
[2026-10-02 17:09:35.849] [Bytes recibidos]: 128
[2026-10-02 17:09:35.850] [Bytes recibidos]: 223
[2026-10-02 17:09:35.850] [Bytes recibidos]: 169
[2026-10-02 17:09:35.851] [Bytes recibidos]: 145
[2026-10-02 17:09:35.851] [Bytes recibidos]: 165
[2026-10-02 17:09:35.851] [Bytes recibidos]: 169
[2026-10-02 17:09:35.851] [Bytes recibidos]: 134
[2026-10-02 17:09:35.851] [Bytes recibidos]: 190
[2026-10-02 17:09:35.851] [Bytes recibidos]: 145
[2026-10-02 17:09:35.851] [Bytes recibidos]: 128
[2026-10-02 17:09:35.852] [Bytes recibidos]: 223
[2026-10-02 17:09:35.852] [Bytes recibidos]: 178
[2026-10-02 17:09:35.852] [Bytes recibidos]: 145
[2026-10-02 17:09:35.852] [Bytes recibidos]: 156
[2026-10-02 17:09:35.852] [Bytes recibidos]: 169
[2026-10-02 17:09:35.852] [Bytes recibidos]: 134
[2026-10-02 17:09:35.853] [Bytes recibidos]: 190
[2026-10-02 17:09:35.853] [Bytes recibidos]: 145
[2026-10-02 17:09:35.853] [Bytes recibidos]: 128
[2026-10-02 17:09:35.853] [Bytes recibidos]: 223
[2026-10-02 17:09:35.853] [Bytes recibidos]: 131
[2026-10-02 17:09:35.853] [Bytes recibidos]: 146
[2026-10-02 17:09:35.853] [Bytes recibidos]: 189
[2026-10-02 17:09:35.854] [Bytes recibidos]: 168
[2026-10-02 17:09:35.854] [Bytes recibidos]: 134
[2026-10-02 17:09:35.854] [Bytes recibidos]: 190
[2026-10-02 17:09:35.854] [Bytes recibidos]: 145
[2026-10-02 17:09:35.854] [Bytes recibidos]: 128
[2026-10-02 17:09:35.854] [Bytes recibidos]: 223
[2026-10-02 17:09:35.854] [Bytes recibidos]: 138
[2026-10-02 17:09:35.855] [Bytes recibidos]: 146
[2026-10-02 17:09:35.855] [Bytes recibidos]: 168
[2026-10-02 17:09:35.855] [Bytes recibidos]: 168
[2026-10-02 17:09:35.855] [Bytes recibidos]: 134
[2026-10-02 17:09:35.855] [Bytes recibidos]: 190
[2026-10-02 17:09:35.855] [Bytes recibidos]: 147
[2026-10-02 17:09:35.855] [Bytes recibidos]: 128
[2026-10-02 17:09:35.856] [Bytes recibidos]: 223
[2026-10-02 17:09:35.856] [Bytes recibidos]: 141
[2026-10-02 17:09:35.856] [Bytes recibidos]: 146
[2026-10-02 17:09:35.856] [Bytes recibidos]: 147
[2026-10-02 17:09:35.856] [Bytes recibidos]: 168
[2026-10-02 17:09:35.856] [Bytes recibidos]: 135
[2026-10-02 17:09:35.856] [Bytes recibidos]: 190
[2026-10-02 17:09:35.856] [Bytes recibidos]: 147
[2026-10-02 17:09:35.857] [Bytes recibidos]: 128
[2026-10-02 17:09:35.857] [Bytes recibidos]: 223
[2026-10-02 17:09:35.857] [Bytes recibidos]: 143
[2026-10-02 17:09:35.857] [Bytes recibidos]: 146
[2026-10-02 17:09:35.857] [Bytes recibidos]: 128
[2026-10-02 17:09:35.857] [Bytes recibidos]: 168
[2026-10-02 17:09:35.857] [Bytes recibidos]: 135
[2026-10-02 17:09:35.858] [Bytes recibidos]: 190
[2026-10-02 17:09:35.858] [Bytes recibidos]: 147
[2026-10-02 17:09:35.858] [Bytes recibidos]: 128
[2026-10-02 17:09:35.858] [Bytes recibidos]: 223
[2026-10-02 17:09:35.858] [Bytes recibidos]: 143
[2026-10-02 17:09:35.858] [Bytes recibidos]: 146
[2026-10-02 17:09:35.858] [Bytes recibidos]: 183
[2026-10-02 17:09:35.859] [Bytes recibidos]: 167
[2026-10-02 17:09:35.859] [Bytes recibidos]: 135
[2026-10-02 17:09:35.859] [Bytes recibidos]: 190
[2026-10-02 17:09:35.859] [Bytes recibidos]: 147
[2026-10-02 17:09:35.859] [Bytes recibidos]: 128
[2026-10-02 17:09:35.859] [Bytes recibidos]: 223
[2026-10-02 17:09:35.859] [Bytes recibidos]: 144
[2026-10-02 17:09:35.860] [Bytes recibidos]: 146
[2026-10-02 17:09:35.860] [Bytes recibidos]: 159
[2026-10-02 17:09:35.860] [Bytes recibidos]: 167
[2026-10-02 17:09:35.860] [Bytes recibidos]: 135
[2026-10-02 17:09:35.860] [Bytes recibidos]: 190
[2026-10-02 17:09:35.860] [Bytes recibidos]: 147
[2026-10-02 17:09:35.860] [Bytes recibidos]: 128
[2026-10-02 17:09:35.861] [Bytes recibidos]: 223
[2026-10-02 17:09:35.861] [Bytes recibidos]: 144
[2026-10-02 17:09:35.861] [Bytes recibidos]: 146
[2026-10-02 17:09:35.861] [Bytes recibidos]: 144
[2026-10-02 17:09:35.861] [Bytes recibidos]: 167
[2026-10-02 17:09:35.861] [Bytes recibidos]: 135
[2026-10-02 17:09:35.861] [Bytes recibidos]: 190
[2026-10-02 17:09:35.862] [Bytes recibidos]: 147
[2026-10-02 17:09:35.862] [Bytes recibidos]: 128
[2026-10-02 17:09:35.862] [Bytes recibidos]: 223
[2026-10-02 17:09:35.862] [Bytes recibidos]: 145
[2026-10-02 17:09:35.862] [Bytes recibidos]: 146
[2026-10-02 17:09:35.862] [Bytes recibidos]: 130
[2026-10-02 17:09:35.863] [Bytes recibidos]: 167
[2026-10-02 17:09:35.863] [Bytes recibidos]: 135
[2026-10-02 17:09:35.863] [Bytes recibidos]: 190
[2026-10-02 17:09:35.863] [Bytes recibidos]: 147
[2026-10-02 17:09:35.863] [Bytes recibidos]: 128
[2026-10-02 17:09:35.863] [Bytes recibidos]: 223
[2026-10-02 17:09:35.863] [Bytes recibidos]: 146
[2026-10-02 17:09:35.864] [Bytes recibidos]: 146
[2026-10-02 17:09:35.864] [Bytes recibidos]: 180
[2026-10-02 17:09:35.864] [Bytes recibidos]: 166
[2026-10-02 17:09:35.864] [Bytes recibidos]: 135
[2026-10-02 17:09:35.864] [Bytes recibidos]: 190
[2026-10-02 17:09:35.864] [Bytes recibidos]: 147
[2026-10-02 17:09:35.864] [Bytes recibidos]: 128
[2026-10-02 17:09:35.864] [Bytes recibidos]: 223
[2026-10-02 17:09:35.864] [Bytes recibidos]: 148
[2026-10-02 17:09:35.865] [Bytes recibidos]: 146
[2026-10-02 17:09:35.865] [Bytes recibidos]: 167
[2026-10-02 17:09:35.865] [Bytes recibidos]: 166
[2026-10-02 17:09:35.865] [Bytes recibidos]: 135
[2026-10-02 17:09:35.865] [Bytes recibidos]: 190
[2026-10-02 17:09:35.865] [Bytes recibidos]: 147
[2026-10-02 17:09:35.865] [Bytes recibidos]: 128
[2026-10-02 17:09:35.866] [Bytes recibidos]: 223
[2026-10-02 17:09:35.866] [Bytes recibidos]: 148
[2026-10-02 17:09:35.866] [Bytes recibidos]: 146
[2026-10-02 17:09:35.866] [Bytes recibidos]: 161
[2026-10-02 17:09:35.866] [Bytes recibidos]: 166
[2026-10-02 17:09:35.866] [Bytes recibidos]: 135
[2026-10-02 17:09:35.866] [Bytes recibidos]: 190
[2026-10-02 17:09:35.869] [Data Recibida]: 84.38168498168498
[2026-10-02 17:09:35.870] [MIN]: -21
[2026-10-02 17:09:35.870] [MAX]: 121
[2026-10-02 17:09:35.871] [MAXBIN]: 4095
[2026-10-02 17:09:35.871] [Data Recibida]: 170.65714285714284
[2026-10-02 17:09:35.871] [MIN]: -181
[2026-10-02 17:09:35.871] [MAX]: 181
[2026-10-02 17:09:35.871] [MAXBIN]: 4095
[2026-10-02 17:09:35.871] [Data Recibida]: 13.260073260073261
[2026-10-02 17:09:35.872] [MIN]: 0
[2026-10-02 17:09:35.872] [MAX]: 100
[2026-10-02 17:09:35.872] [MAXBIN]: 4095
[2026-10-02 17:09:35.872] [Data Recibida]: 29.94871794871795
[2026-10-02 17:09:35.872] [MIN]: 0
[2026-10-02 17:09:35.873] [MAX]: 120
[2026-10-02 17:09:35.873] [MAXBIN]: 4095
[2026-10-02 17:09:35.873] [Data Recibida]: 9.68986568986569
[2026-10-02 17:09:35.873] [MIN]: 0
[2026-10-02 17:09:35.873] [MAX]: 20
[2026-10-02 17:09:35.874] [MAXBIN]: 4095
[2026-10-02 17:09:35.874] [Data Recibida]: 16.776556776556777
[2026-10-02 17:09:35.874] [MIN]: 0
[2026-10-02 17:09:35.874] [MAX]: 100
[2026-10-02 17:09:35.874] [MAXBIN]: 4095
[2026-10-02 17:09:35.874] [Data Recibida]: 9.992673992673993
[2026-10-02 17:09:35.875] [MIN]: 0
[2026-10-02 17:09:35.875] [MAX]: 20
[2026-10-02 17:09:35.875] [MAXBIN]: 4095
[2026-10-02 17:09:35.875] [Data Recibida]: 19.418803418803417
[2026-10-02 17:09:35.875] [MIN]: 0
[2026-10-02 17:09:35.875] [MAX]: 20
[2026-10-02 17:09:35.876] [MAXBIN]: 4095
[2026-10-02 17:09:37.890] Datos recibidos (947 bytes): 93 80 DF 97 92 8D A6 88 BE 91 80 DF 98 92 BF A5 88 BE 91 80 DF 9A 92 B1 A5 88 BE 91 80 DF 9B 92 AA A5 88 BE 91 80 DF 9D 92 94 A5 89 BE 91 80 DF 9E 92 86 A5 89 BE 91 80 DF 9F 92 B7 A4 89 BE 91 80 DF A0 92 A9 A4 89 BE 91 80 DF A1 92 A2 A4 89 BE 91 80 DF A2 92 8E A4 8A BE 91 80 DF A3 92 80 A4 8A BE 91 80 DF A4 92 B3 A3 8A BE 91 80 DF A4 92 A7 A3 8B BE 91 80 DF A5 92 9A A3 8B BE 8F 80 DF A6 92 8F A3 8C BE 8F 80 DF A6 92 83 A3 8C BE 8F 80 DF A7 92 B8 A2 8D BE 8F 80 DF A7 92 AD A2 8D BE 8F 80 DF A7 92 A2 A2 8D BE 8F 80 DF A7 92 9D A2 8D BE 8F 80 DF A8 92 8E A2 8C BE 8F 80 DF A8 92 85 A2 8C BE 8F 80 DF A8 92 BC A1 8C BE 8F 80 DF A8 92 B4 A1 8C BE 8F 80 DF A8 92 AD A1 8C BE 8F 80 DF A8 92 A6 A1 8C BE 8F 80 DF A8 92 A0 A1 8B BE 8F 80 DF A8 92 9B A1 8B BE 8F 80 DF A8 92 98 A1 8B BE 8F 80 DF A8 92 92 A1 8A BE 8F 80 DF A8 92 8F A1 8A BE 91 80 DF A8 92 8C A1 8A BE 91 80 DF A8 92 89 A1 89 BE 91 80 DF A8 92 87 A1 89 BE 91 80 DF A7 92 81 A1 88 BE 91 80 DF A7 92 BD A0 88 BE 91 80 DF A7 92 BA A0 88 BE 91 80 DF A6 92 B7 A0 87 BE 91 80 DF A6 92 B6 A0 87 BE 91 80 DF A6 92 B5 A0 87 BE 91 80 DF A6 92 B5 A0 87 BE 91 80 DF A6 92 B5 A0 86 BE 91 80 DF A5 92 B5 A0 86 BE 91 80 DF A5 92 B4 A0 86 BE 91 80 DF A5 92 B4 A0 86 BE 93 80 DF A4 92 B2 A0 85 BE 93 80 DF A4 92 B1 A0 85 BE 93 80 DF A3 92 B1 A0 85 BE 93 80 DF A3 92 B1 A0 84 BE 93 80 DF A2 92 B3 A0 84 BE 93 80 DF A1 92 B6 A0 84 BE 93 80 DF A0 92 B9 A0 83 BE 93 80 DF 9F 92 B9 A0 83 BE 93 80 DF 9D 92 B8 A0 83 BE 93 80 DF 94 92 AB A0 81 BE 93 80 DF 89 92 94 A0 81 BE 93 80 DF B9 91 AC 9F 80 BE 93 80 DF A4 91 B3 9E BF BD 93 80 DF 98 91 91 9E BF BD 93 80 DF BF 90 87 9D BE BD 93 80 DF 96 90 96 9B BC BD 95 80 DF BA 8F 91 9A BB BD 93 80 DF 9F 8F 97 99 BA BD 93 80 DF 92 8F BE 98 BA BD 93 80 DF B8 8E 96 98 B9 BD 93 80 DF 97 8E AF 97 B7 BD 93 80 DF 83 8E A1 97 B6 BD 91 80 DF B3 8D 9A 97 B5 BD 91 80 DF A4 8D 97 97 B5 BD 8F 80 DF 9D 8D 97 97 B5 BD 8F 80 DF 8B 8D 9B 97 B3 BD 8F 80 DF 81 8D 9E 97 B1 BD 8F 80 DF B8 8C A2 97 B1 BD 8F 80 DF B0 8C A6 97 B1 BD 8F 80 DF AC 8C A8 97 B1 BD 8F 80 DF A1 8C AF 97 B1 BD 8F 80 DF 9A 8C B4 97 B1 BD 8F 80 DF 93 8C B9 97 B1 BD 8F 80 DF 90 8C BC 97 B1 BD 8F 80 DF 87 8C 84 98 B1 BD 91 80 DF 81 8C 8B 98 B0 BD 91 80 DF BB 8B 92 98 B0 BD 93 80 DF B5 8B 9C 98 B0 BD 93 80 DF B2 8B A1 98 B0 BD 93 80 DF AD 8B AF 98 B0 BD 93 80 DF A5 8B 88 99 B0 BD 93 80 DF A0 8B 9C 99 B0 BD 93 80 DF 9B 8B B3 99 B0 BD 93 80 DF 99 8B BF 99 B0 BD 93 80 DF 95 8B 99 9A B0 BD 93 80 DF 91 8B 80 9B B0 BD 93 80 DF 8E 8B 9B 9B B0 BD 93 80 DF 8C 8B B4 9B AF BD 91 80 DF 8B 8B 81 9C AF BD 91 80 DF 89 8B 9B 9C AF BD 91 80 DF 87 8B 81 9D AF BD 91 80 DF 85 8B 9A 9D AF BD 91 80 DF 84 8B B3 9D AE BD 91 80 DF 83 8B BF 9D AE BD 91 80 DF 82 8B 95 9E AE BD 91 80 DF 81 8B B1 9E AD BD 8F 80 DF 81 8B 81 9F AD BD 8F 80 DF 80 8B 8E 9F AD BD 8F 80 DF 80 8B 93 9F AD BD 8F 80 DF 80 8B 9D 9F AD BD 8F 80
[2026-10-02 17:09:37.891] [Bytes recibidos]: 147
[2026-10-02 17:09:37.891] [Bytes recibidos]: 128
[2026-10-02 17:09:37.891] [Bytes recibidos]: 223
[2026-10-02 17:09:37.891] [Bytes recibidos]: 151
[2026-10-02 17:09:37.892] [Bytes recibidos]: 146
[2026-10-02 17:09:37.892] [Bytes recibidos]: 141
[2026-10-02 17:09:37.892] [Bytes recibidos]: 166
[2026-10-02 17:09:37.892] [Bytes recibidos]: 136
[2026-10-02 17:09:37.892] [Bytes recibidos]: 190
[2026-10-02 17:09:37.892] [Bytes recibidos]: 145
[2026-10-02 17:09:37.893] [Bytes recibidos]: 128
[2026-10-02 17:09:37.893] [Bytes recibidos]: 223
[2026-10-02 17:09:37.893] [Bytes recibidos]: 152
[2026-10-02 17:09:37.893] [Bytes recibidos]: 146
[2026-10-02 17:09:37.893] [Bytes recibidos]: 191
[2026-10-02 17:09:37.893] [Bytes recibidos]: 165
[2026-10-02 17:09:37.893] [Bytes recibidos]: 136
[2026-10-02 17:09:37.894] [Bytes recibidos]: 190
[2026-10-02 17:09:37.894] [Bytes recibidos]: 145
[2026-10-02 17:09:37.894] [Bytes recibidos]: 128
[2026-10-02 17:09:37.894] [Bytes recibidos]: 223
[2026-10-02 17:09:37.894] [Bytes recibidos]: 154
[2026-10-02 17:09:37.894] [Bytes recibidos]: 146
[2026-10-02 17:09:37.895] [Bytes recibidos]: 177
[2026-10-02 17:09:37.895] [Bytes recibidos]: 165
[2026-10-02 17:09:37.895] [Bytes recibidos]: 136
[2026-10-02 17:09:37.895] [Bytes recibidos]: 190
[2026-10-02 17:09:37.895] [Bytes recibidos]: 145
[2026-10-02 17:09:37.895] [Bytes recibidos]: 128
[2026-10-02 17:09:37.895] [Bytes recibidos]: 223
[2026-10-02 17:09:37.896] [Bytes recibidos]: 155
[2026-10-02 17:09:37.896] [Bytes recibidos]: 146
[2026-10-02 17:09:37.896] [Bytes recibidos]: 170
[2026-10-02 17:09:37.896] [Bytes recibidos]: 165
[2026-10-02 17:09:37.896] [Bytes recibidos]: 136
[2026-10-02 17:09:37.896] [Bytes recibidos]: 190
[2026-10-02 17:09:37.897] [Bytes recibidos]: 145
[2026-10-02 17:09:37.897] [Bytes recibidos]: 128
[2026-10-02 17:09:37.897] [Bytes recibidos]: 223
[2026-10-02 17:09:37.897] [Bytes recibidos]: 157
[2026-10-02 17:09:37.897] [Bytes recibidos]: 146
[2026-10-02 17:09:37.897] [Bytes recibidos]: 148
[2026-10-02 17:09:37.898] [Bytes recibidos]: 165
[2026-10-02 17:09:37.898] [Bytes recibidos]: 137
[2026-10-02 17:09:37.898] [Bytes recibidos]: 190
[2026-10-02 17:09:37.898] [Bytes recibidos]: 145
[2026-10-02 17:09:37.898] [Bytes recibidos]: 128
[2026-10-02 17:09:37.898] [Bytes recibidos]: 223
[2026-10-02 17:09:37.898] [Bytes recibidos]: 158
[2026-10-02 17:09:37.899] [Bytes recibidos]: 146
[2026-10-02 17:09:37.899] [Bytes recibidos]: 134
[2026-10-02 17:09:37.899] [Bytes recibidos]: 165
[2026-10-02 17:09:37.899] [Bytes recibidos]: 137
[2026-10-02 17:09:37.899] [Bytes recibidos]: 190
[2026-10-02 17:09:37.899] [Bytes recibidos]: 145
[2026-10-02 17:09:37.899] [Bytes recibidos]: 128
[2026-10-02 17:09:37.900] [Bytes recibidos]: 223
[2026-10-02 17:09:37.900] [Bytes recibidos]: 159
[2026-10-02 17:09:37.900] [Bytes recibidos]: 146
[2026-10-02 17:09:37.900] [Bytes recibidos]: 183
[2026-10-02 17:09:37.900] [Bytes recibidos]: 164
[2026-10-02 17:09:37.900] [Bytes recibidos]: 137
[2026-10-02 17:09:37.901] [Bytes recibidos]: 190
[2026-10-02 17:09:37.901] [Bytes recibidos]: 145
[2026-10-02 17:09:37.901] [Bytes recibidos]: 128
[2026-10-02 17:09:37.901] [Bytes recibidos]: 223
[2026-10-02 17:09:37.901] [Bytes recibidos]: 160
[2026-10-02 17:09:37.901] [Bytes recibidos]: 146
[2026-10-02 17:09:37.901] [Bytes recibidos]: 169
[2026-10-02 17:09:37.902] [Bytes recibidos]: 164
[2026-10-02 17:09:37.902] [Bytes recibidos]: 137
[2026-10-02 17:09:37.902] [Bytes recibidos]: 190
[2026-10-02 17:09:37.902] [Bytes recibidos]: 145
[2026-10-02 17:09:37.902] [Bytes recibidos]: 128
[2026-10-02 17:09:37.902] [Bytes recibidos]: 223
[2026-10-02 17:09:37.902] [Bytes recibidos]: 161
[2026-10-02 17:09:37.903] [Bytes recibidos]: 146
[2026-10-02 17:09:37.903] [Bytes recibidos]: 162
[2026-10-02 17:09:37.903] [Bytes recibidos]: 164
[2026-10-02 17:09:37.903] [Bytes recibidos]: 137
[2026-10-02 17:09:37.903] [Bytes recibidos]: 190
[2026-10-02 17:09:37.903] [Bytes recibidos]: 145
[2026-10-02 17:09:37.903] [Bytes recibidos]: 128
[2026-10-02 17:09:37.904] [Bytes recibidos]: 223
[2026-10-02 17:09:37.904] [Bytes recibidos]: 162
[2026-10-02 17:09:37.904] [Bytes recibidos]: 146
[2026-10-02 17:09:37.904] [Bytes recibidos]: 142
[2026-10-02 17:09:37.904] [Bytes recibidos]: 164
[2026-10-02 17:09:37.904] [Bytes recibidos]: 138
[2026-10-02 17:09:37.904] [Bytes recibidos]: 190
[2026-10-02 17:09:37.905] [Bytes recibidos]: 145
[2026-10-02 17:09:37.905] [Bytes recibidos]: 128
[2026-10-02 17:09:37.905] [Bytes recibidos]: 223
[2026-10-02 17:09:37.905] [Bytes recibidos]: 163
[2026-10-02 17:09:37.905] [Bytes recibidos]: 146
[2026-10-02 17:09:37.905] [Bytes recibidos]: 128
[2026-10-02 17:09:37.905] [Bytes recibidos]: 164
[2026-10-02 17:09:37.906] [Bytes recibidos]: 138
[2026-10-02 17:09:37.906] [Bytes recibidos]: 190
[2026-10-02 17:09:37.906] [Bytes recibidos]: 145
[2026-10-02 17:09:37.906] [Bytes recibidos]: 128
[2026-10-02 17:09:37.906] [Bytes recibidos]: 223
[2026-10-02 17:09:37.906] [Bytes recibidos]: 164
[2026-10-02 17:09:37.907] [Bytes recibidos]: 146
[2026-10-02 17:09:37.907] [Bytes recibidos]: 179
[2026-10-02 17:09:37.907] [Bytes recibidos]: 163
[2026-10-02 17:09:37.907] [Bytes recibidos]: 138
[2026-10-02 17:09:37.907] [Bytes recibidos]: 190
[2026-10-02 17:09:37.907] [Bytes recibidos]: 145
[2026-10-02 17:09:37.908] [Bytes recibidos]: 128
[2026-10-02 17:09:37.908] [Bytes recibidos]: 223
[2026-10-02 17:09:37.908] [Bytes recibidos]: 164
[2026-10-02 17:09:37.908] [Bytes recibidos]: 146
[2026-10-02 17:09:37.908] [Bytes recibidos]: 167
[2026-10-02 17:09:37.908] [Bytes recibidos]: 163
[2026-10-02 17:09:37.909] [Bytes recibidos]: 139
[2026-10-02 17:09:37.909] [Bytes recibidos]: 190
[2026-10-02 17:09:37.909] [Bytes recibidos]: 145
[2026-10-02 17:09:37.909] [Bytes recibidos]: 128
[2026-10-02 17:09:37.909] [Bytes recibidos]: 223
[2026-10-02 17:09:37.909] [Bytes recibidos]: 165
[2026-10-02 17:09:37.910] [Bytes recibidos]: 146
[2026-10-02 17:09:37.910] [Bytes recibidos]: 154
[2026-10-02 17:09:37.910] [Bytes recibidos]: 163
[2026-10-02 17:09:37.910] [Bytes recibidos]: 139
[2026-10-02 17:09:37.910] [Bytes recibidos]: 190
[2026-10-02 17:09:37.910] [Bytes recibidos]: 143
[2026-10-02 17:09:37.910] [Bytes recibidos]: 128
[2026-10-02 17:09:37.911] [Bytes recibidos]: 223
[2026-10-02 17:09:37.911] [Bytes recibidos]: 166
[2026-10-02 17:09:37.911] [Bytes recibidos]: 146
[2026-10-02 17:09:37.911] [Bytes recibidos]: 143
[2026-10-02 17:09:37.911] [Bytes recibidos]: 163
[2026-10-02 17:09:37.911] [Bytes recibidos]: 140
[2026-10-02 17:09:37.912] [Bytes recibidos]: 190
[2026-10-02 17:09:37.912] [Bytes recibidos]: 143
[2026-10-02 17:09:37.912] [Bytes recibidos]: 128
[2026-10-02 17:09:37.912] [Bytes recibidos]: 223
[2026-10-02 17:09:37.912] [Bytes recibidos]: 166
[2026-10-02 17:09:37.912] [Bytes recibidos]: 146
[2026-10-02 17:09:37.912] [Bytes recibidos]: 131
[2026-10-02 17:09:37.913] [Bytes recibidos]: 163
[2026-10-02 17:09:37.913] [Bytes recibidos]: 140
[2026-10-02 17:09:37.913] [Bytes recibidos]: 190
[2026-10-02 17:09:37.913] [Bytes recibidos]: 143
[2026-10-02 17:09:37.913] [Bytes recibidos]: 128
[2026-10-02 17:09:37.913] [Bytes recibidos]: 223
[2026-10-02 17:09:37.913] [Bytes recibidos]: 167
[2026-10-02 17:09:37.914] [Bytes recibidos]: 146
[2026-10-02 17:09:37.914] [Bytes recibidos]: 184
[2026-10-02 17:09:37.914] [Bytes recibidos]: 162
[2026-10-02 17:09:37.914] [Bytes recibidos]: 141
[2026-10-02 17:09:37.914] [Bytes recibidos]: 190
[2026-10-02 17:09:37.914] [Bytes recibidos]: 143
[2026-10-02 17:09:37.915] [Bytes recibidos]: 128
[2026-10-02 17:09:37.915] [Bytes recibidos]: 223
[2026-10-02 17:09:37.915] [Bytes recibidos]: 167
[2026-10-02 17:09:37.915] [Bytes recibidos]: 146
[2026-10-02 17:09:37.915] [Bytes recibidos]: 173
[2026-10-02 17:09:37.915] [Bytes recibidos]: 162
[2026-10-02 17:09:37.915] [Bytes recibidos]: 141
[2026-10-02 17:09:37.916] [Bytes recibidos]: 190
[2026-10-02 17:09:37.916] [Bytes recibidos]: 143
[2026-10-02 17:09:37.916] [Bytes recibidos]: 128
[2026-10-02 17:09:37.916] [Bytes recibidos]: 223
[2026-10-02 17:09:37.916] [Bytes recibidos]: 167
[2026-10-02 17:09:37.916] [Bytes recibidos]: 146
[2026-10-02 17:09:37.916] [Bytes recibidos]: 162
[2026-10-02 17:09:37.916] [Bytes recibidos]: 162
[2026-10-02 17:09:37.917] [Bytes recibidos]: 141
[2026-10-02 17:09:37.917] [Bytes recibidos]: 190
[2026-10-02 17:09:37.917] [Bytes recibidos]: 143
[2026-10-02 17:09:37.917] [Bytes recibidos]: 128
[2026-10-02 17:09:37.917] [Bytes recibidos]: 223
[2026-10-02 17:09:37.917] [Bytes recibidos]: 167
[2026-10-02 17:09:37.917] [Bytes recibidos]: 146
[2026-10-02 17:09:37.918] [Bytes recibidos]: 157
[2026-10-02 17:09:37.918] [Bytes recibidos]: 162
[2026-10-02 17:09:37.918] [Bytes recibidos]: 141
[2026-10-02 17:09:37.918] [Bytes recibidos]: 190
[2026-10-02 17:09:37.918] [Bytes recibidos]: 143
[2026-10-02 17:09:37.918] [Bytes recibidos]: 128
[2026-10-02 17:09:37.918] [Bytes recibidos]: 223
[2026-10-02 17:09:37.918] [Bytes recibidos]: 168
[2026-10-02 17:09:37.919] [Bytes recibidos]: 146
[2026-10-02 17:09:37.919] [Bytes recibidos]: 142
[2026-10-02 17:09:37.919] [Bytes recibidos]: 162
[2026-10-02 17:09:37.919] [Bytes recibidos]: 140
[2026-10-02 17:09:37.919] [Bytes recibidos]: 190
[2026-10-02 17:09:37.919] [Bytes recibidos]: 143
[2026-10-02 17:09:37.920] [Bytes recibidos]: 128
[2026-10-02 17:09:37.920] [Bytes recibidos]: 223
[2026-10-02 17:09:37.920] [Bytes recibidos]: 168
[2026-10-02 17:09:37.920] [Bytes recibidos]: 146
[2026-10-02 17:09:37.920] [Bytes recibidos]: 133
[2026-10-02 17:09:37.920] [Bytes recibidos]: 162
[2026-10-02 17:09:37.920] [Bytes recibidos]: 140
[2026-10-02 17:09:37.920] [Bytes recibidos]: 190
[2026-10-02 17:09:37.921] [Bytes recibidos]: 143
[2026-10-02 17:09:37.921] [Bytes recibidos]: 128
[2026-10-02 17:09:37.921] [Bytes recibidos]: 223
[2026-10-02 17:09:37.921] [Bytes recibidos]: 168
[2026-10-02 17:09:37.921] [Bytes recibidos]: 146
[2026-10-02 17:09:37.921] [Bytes recibidos]: 188
[2026-10-02 17:09:37.921] [Bytes recibidos]: 161
[2026-10-02 17:09:37.921] [Bytes recibidos]: 140
[2026-10-02 17:09:37.922] [Bytes recibidos]: 190
[2026-10-02 17:09:37.922] [Bytes recibidos]: 143
[2026-10-02 17:09:37.922] [Bytes recibidos]: 128
[2026-10-02 17:09:37.922] [Bytes recibidos]: 223
[2026-10-02 17:09:37.922] [Bytes recibidos]: 168
[2026-10-02 17:09:37.922] [Bytes recibidos]: 146
[2026-10-02 17:09:37.922] [Bytes recibidos]: 180
[2026-10-02 17:09:37.922] [Bytes recibidos]: 161
[2026-10-02 17:09:37.923] [Bytes recibidos]: 140
[2026-10-02 17:09:37.923] [Bytes recibidos]: 190
[2026-10-02 17:09:37.923] [Bytes recibidos]: 143
[2026-10-02 17:09:37.923] [Bytes recibidos]: 128
[2026-10-02 17:09:37.923] [Bytes recibidos]: 223
[2026-10-02 17:09:37.923] [Bytes recibidos]: 168
[2026-10-02 17:09:37.923] [Bytes recibidos]: 146
[2026-10-02 17:09:37.923] [Bytes recibidos]: 173
[2026-10-02 17:09:37.924] [Bytes recibidos]: 161
[2026-10-02 17:09:37.924] [Bytes recibidos]: 140
[2026-10-02 17:09:37.924] [Bytes recibidos]: 190
[2026-10-02 17:09:37.924] [Bytes recibidos]: 143
[2026-10-02 17:09:37.924] [Bytes recibidos]: 128
[2026-10-02 17:09:37.924] [Bytes recibidos]: 223
[2026-10-02 17:09:37.924] [Bytes recibidos]: 168
[2026-10-02 17:09:37.924] [Bytes recibidos]: 146
[2026-10-02 17:09:37.925] [Bytes recibidos]: 166
[2026-10-02 17:09:37.925] [Bytes recibidos]: 161
[2026-10-02 17:09:37.925] [Bytes recibidos]: 140
[2026-10-02 17:09:37.925] [Bytes recibidos]: 190
[2026-10-02 17:09:37.925] [Bytes recibidos]: 143
[2026-10-02 17:09:37.925] [Bytes recibidos]: 128
[2026-10-02 17:09:37.925] [Bytes recibidos]: 223
[2026-10-02 17:09:37.926] [Bytes recibidos]: 168
[2026-10-02 17:09:37.926] [Bytes recibidos]: 146
[2026-10-02 17:09:37.926] [Bytes recibidos]: 160
[2026-10-02 17:09:37.926] [Bytes recibidos]: 161
[2026-10-02 17:09:37.926] [Bytes recibidos]: 139
[2026-10-02 17:09:37.926] [Bytes recibidos]: 190
[2026-10-02 17:09:37.926] [Bytes recibidos]: 143
[2026-10-02 17:09:37.927] [Bytes recibidos]: 128
[2026-10-02 17:09:37.927] [Bytes recibidos]: 223
[2026-10-02 17:09:37.927] [Bytes recibidos]: 168
[2026-10-02 17:09:37.927] [Bytes recibidos]: 146
[2026-10-02 17:09:37.927] [Bytes recibidos]: 155
[2026-10-02 17:09:37.927] [Bytes recibidos]: 161
[2026-10-02 17:09:37.927] [Bytes recibidos]: 139
[2026-10-02 17:09:37.927] [Bytes recibidos]: 190
[2026-10-02 17:09:37.928] [Bytes recibidos]: 143
[2026-10-02 17:09:37.928] [Bytes recibidos]: 128
[2026-10-02 17:09:37.928] [Bytes recibidos]: 223
[2026-10-02 17:09:37.928] [Bytes recibidos]: 168
[2026-10-02 17:09:37.928] [Bytes recibidos]: 146
[2026-10-02 17:09:37.928] [Bytes recibidos]: 152
[2026-10-02 17:09:37.928] [Bytes recibidos]: 161
[2026-10-02 17:09:37.928] [Bytes recibidos]: 139
[2026-10-02 17:09:37.928] [Bytes recibidos]: 190
[2026-10-02 17:09:37.929] [Bytes recibidos]: 143
[2026-10-02 17:09:37.929] [Bytes recibidos]: 128
[2026-10-02 17:09:37.929] [Bytes recibidos]: 223
[2026-10-02 17:09:37.929] [Bytes recibidos]: 168
[2026-10-02 17:09:37.929] [Bytes recibidos]: 146
[2026-10-02 17:09:37.929] [Bytes recibidos]: 146
[2026-10-02 17:09:37.929] [Bytes recibidos]: 161
[2026-10-02 17:09:37.930] [Bytes recibidos]: 138
[2026-10-02 17:09:37.930] [Bytes recibidos]: 190
[2026-10-02 17:09:37.930] [Bytes recibidos]: 143
[2026-10-02 17:09:37.930] [Bytes recibidos]: 128
[2026-10-02 17:09:37.930] [Bytes recibidos]: 223
[2026-10-02 17:09:37.930] [Bytes recibidos]: 168
[2026-10-02 17:09:37.930] [Bytes recibidos]: 146
[2026-10-02 17:09:37.930] [Bytes recibidos]: 143
[2026-10-02 17:09:37.931] [Bytes recibidos]: 161
[2026-10-02 17:09:37.931] [Bytes recibidos]: 138
[2026-10-02 17:09:37.931] [Bytes recibidos]: 190
[2026-10-02 17:09:37.931] [Bytes recibidos]: 145
[2026-10-02 17:09:37.931] [Bytes recibidos]: 128
[2026-10-02 17:09:37.931] [Bytes recibidos]: 223
[2026-10-02 17:09:37.931] [Bytes recibidos]: 168
[2026-10-02 17:09:37.931] [Bytes recibidos]: 146
[2026-10-02 17:09:37.932] [Bytes recibidos]: 140
[2026-10-02 17:09:37.932] [Bytes recibidos]: 161
[2026-10-02 17:09:37.932] [Bytes recibidos]: 138
[2026-10-02 17:09:37.932] [Bytes recibidos]: 190
[2026-10-02 17:09:37.932] [Bytes recibidos]: 145
[2026-10-02 17:09:37.932] [Bytes recibidos]: 128
[2026-10-02 17:09:37.932] [Bytes recibidos]: 223
[2026-10-02 17:09:37.932] [Bytes recibidos]: 168
[2026-10-02 17:09:37.933] [Bytes recibidos]: 146
[2026-10-02 17:09:37.933] [Bytes recibidos]: 137
[2026-10-02 17:09:37.933] [Bytes recibidos]: 161
[2026-10-02 17:09:37.933] [Bytes recibidos]: 137
[2026-10-02 17:09:37.933] [Bytes recibidos]: 190
[2026-10-02 17:09:37.933] [Bytes recibidos]: 145
[2026-10-02 17:09:37.933] [Bytes recibidos]: 128
[2026-10-02 17:09:37.933] [Bytes recibidos]: 223
[2026-10-02 17:09:37.934] [Bytes recibidos]: 168
[2026-10-02 17:09:37.934] [Bytes recibidos]: 146
[2026-10-02 17:09:37.934] [Bytes recibidos]: 135
[2026-10-02 17:09:37.934] [Bytes recibidos]: 161
[2026-10-02 17:09:37.934] [Bytes recibidos]: 137
[2026-10-02 17:09:37.934] [Bytes recibidos]: 190
[2026-10-02 17:09:37.934] [Bytes recibidos]: 145
[2026-10-02 17:09:37.934] [Bytes recibidos]: 128
[2026-10-02 17:09:37.935] [Bytes recibidos]: 223
[2026-10-02 17:09:37.935] [Bytes recibidos]: 167
[2026-10-02 17:09:37.935] [Bytes recibidos]: 146
[2026-10-02 17:09:37.935] [Bytes recibidos]: 129
[2026-10-02 17:09:37.935] [Bytes recibidos]: 161
[2026-10-02 17:09:37.935] [Bytes recibidos]: 136
[2026-10-02 17:09:37.935] [Bytes recibidos]: 190
[2026-10-02 17:09:37.935] [Bytes recibidos]: 145
[2026-10-02 17:09:37.936] [Bytes recibidos]: 128
[2026-10-02 17:09:37.936] [Bytes recibidos]: 223
[2026-10-02 17:09:37.936] [Bytes recibidos]: 167
[2026-10-02 17:09:37.936] [Bytes recibidos]: 146
[2026-10-02 17:09:37.936] [Bytes recibidos]: 189
[2026-10-02 17:09:37.936] [Bytes recibidos]: 160
[2026-10-02 17:09:37.936] [Bytes recibidos]: 136
[2026-10-02 17:09:37.937] [Bytes recibidos]: 190
[2026-10-02 17:09:37.937] [Bytes recibidos]: 145
[2026-10-02 17:09:37.937] [Bytes recibidos]: 128
[2026-10-02 17:09:37.937] [Bytes recibidos]: 223
[2026-10-02 17:09:37.937] [Bytes recibidos]: 167
[2026-10-02 17:09:37.937] [Bytes recibidos]: 146
[2026-10-02 17:09:37.937] [Bytes recibidos]: 186
[2026-10-02 17:09:37.937] [Bytes recibidos]: 160
[2026-10-02 17:09:37.938] [Bytes recibidos]: 136
[2026-10-02 17:09:37.938] [Bytes recibidos]: 190
[2026-10-02 17:09:37.938] [Bytes recibidos]: 145
[2026-10-02 17:09:37.938] [Bytes recibidos]: 128
[2026-10-02 17:09:37.938] [Bytes recibidos]: 223
[2026-10-02 17:09:37.938] [Bytes recibidos]: 166
[2026-10-02 17:09:37.938] [Bytes recibidos]: 146
[2026-10-02 17:09:37.938] [Bytes recibidos]: 183
[2026-10-02 17:09:37.939] [Bytes recibidos]: 160
[2026-10-02 17:09:37.939] [Bytes recibidos]: 135
[2026-10-02 17:09:37.939] [Bytes recibidos]: 190
[2026-10-02 17:09:37.939] [Bytes recibidos]: 145
[2026-10-02 17:09:37.939] [Bytes recibidos]: 128
[2026-10-02 17:09:37.939] [Bytes recibidos]: 223
[2026-10-02 17:09:37.939] [Bytes recibidos]: 166
[2026-10-02 17:09:37.939] [Bytes recibidos]: 146
[2026-10-02 17:09:37.939] [Bytes recibidos]: 182
[2026-10-02 17:09:37.940] [Bytes recibidos]: 160
[2026-10-02 17:09:37.940] [Bytes recibidos]: 135
[2026-10-02 17:09:37.940] [Bytes recibidos]: 190
[2026-10-02 17:09:37.940] [Bytes recibidos]: 145
[2026-10-02 17:09:37.940] [Bytes recibidos]: 128
[2026-10-02 17:09:37.940] [Bytes recibidos]: 223
[2026-10-02 17:09:37.940] [Bytes recibidos]: 166
[2026-10-02 17:09:37.940] [Bytes recibidos]: 146
[2026-10-02 17:09:37.941] [Bytes recibidos]: 181
[2026-10-02 17:09:37.941] [Bytes recibidos]: 160
[2026-10-02 17:09:37.941] [Bytes recibidos]: 135
[2026-10-02 17:09:37.941] [Bytes recibidos]: 190
[2026-10-02 17:09:37.941] [Bytes recibidos]: 145
[2026-10-02 17:09:37.941] [Bytes recibidos]: 128
[2026-10-02 17:09:37.941] [Bytes recibidos]: 223
[2026-10-02 17:09:37.941] [Bytes recibidos]: 166
[2026-10-02 17:09:37.942] [Bytes recibidos]: 146
[2026-10-02 17:09:37.942] [Bytes recibidos]: 181
[2026-10-02 17:09:37.942] [Bytes recibidos]: 160
[2026-10-02 17:09:37.942] [Bytes recibidos]: 135
[2026-10-02 17:09:37.942] [Bytes recibidos]: 190
[2026-10-02 17:09:37.942] [Bytes recibidos]: 145
[2026-10-02 17:09:37.942] [Bytes recibidos]: 128
[2026-10-02 17:09:37.942] [Bytes recibidos]: 223
[2026-10-02 17:09:37.943] [Bytes recibidos]: 166
[2026-10-02 17:09:37.943] [Bytes recibidos]: 146
[2026-10-02 17:09:37.943] [Bytes recibidos]: 181
[2026-10-02 17:09:37.943] [Bytes recibidos]: 160
[2026-10-02 17:09:37.943] [Bytes recibidos]: 134
[2026-10-02 17:09:37.943] [Bytes recibidos]: 190
[2026-10-02 17:09:37.943] [Bytes recibidos]: 145
[2026-10-02 17:09:37.943] [Bytes recibidos]: 128
[2026-10-02 17:09:37.943] [Bytes recibidos]: 223
[2026-10-02 17:09:37.943] [Bytes recibidos]: 165
[2026-10-02 17:09:37.944] [Bytes recibidos]: 146
[2026-10-02 17:09:37.944] [Bytes recibidos]: 181
[2026-10-02 17:09:37.944] [Bytes recibidos]: 160
[2026-10-02 17:09:37.944] [Bytes recibidos]: 134
[2026-10-02 17:09:37.944] [Bytes recibidos]: 190
[2026-10-02 17:09:37.944] [Bytes recibidos]: 145
[2026-10-02 17:09:37.944] [Bytes recibidos]: 128
[2026-10-02 17:09:37.944] [Bytes recibidos]: 223
[2026-10-02 17:09:37.944] [Bytes recibidos]: 165
[2026-10-02 17:09:37.944] [Bytes recibidos]: 146
[2026-10-02 17:09:37.944] [Bytes recibidos]: 180
[2026-10-02 17:09:37.945] [Bytes recibidos]: 160
[2026-10-02 17:09:37.945] [Bytes recibidos]: 134
[2026-10-02 17:09:37.945] [Bytes recibidos]: 190
[2026-10-02 17:09:37.945] [Bytes recibidos]: 145
[2026-10-02 17:09:37.945] [Bytes recibidos]: 128
[2026-10-02 17:09:37.945] [Bytes recibidos]: 223
[2026-10-02 17:09:37.945] [Bytes recibidos]: 165
[2026-10-02 17:09:37.945] [Bytes recibidos]: 146
[2026-10-02 17:09:37.945] [Bytes recibidos]: 180
[2026-10-02 17:09:37.945] [Bytes recibidos]: 160
[2026-10-02 17:09:37.946] [Bytes recibidos]: 134
[2026-10-02 17:09:37.946] [Bytes recibidos]: 190
[2026-10-02 17:09:37.946] [Bytes recibidos]: 147
[2026-10-02 17:09:37.946] [Bytes recibidos]: 128
[2026-10-02 17:09:37.946] [Bytes recibidos]: 223
[2026-10-02 17:09:37.946] [Bytes recibidos]: 164
[2026-10-02 17:09:37.946] [Bytes recibidos]: 146
[2026-10-02 17:09:37.946] [Bytes recibidos]: 178
[2026-10-02 17:09:37.946] [Bytes recibidos]: 160
[2026-10-02 17:09:37.947] [Bytes recibidos]: 133
[2026-10-02 17:09:37.947] [Bytes recibidos]: 190
[2026-10-02 17:09:37.947] [Bytes recibidos]: 147
[2026-10-02 17:09:37.947] [Bytes recibidos]: 128
[2026-10-02 17:09:37.947] [Bytes recibidos]: 223
[2026-10-02 17:09:37.947] [Bytes recibidos]: 164
[2026-10-02 17:09:37.947] [Bytes recibidos]: 146
[2026-10-02 17:09:37.947] [Bytes recibidos]: 177
[2026-10-02 17:09:37.947] [Bytes recibidos]: 160
[2026-10-02 17:09:37.947] [Bytes recibidos]: 133
[2026-10-02 17:09:37.947] [Bytes recibidos]: 190
[2026-10-02 17:09:37.947] [Bytes recibidos]: 147
[2026-10-02 17:09:37.948] [Bytes recibidos]: 128
[2026-10-02 17:09:37.948] [Bytes recibidos]: 223
[2026-10-02 17:09:37.948] [Bytes recibidos]: 163
[2026-10-02 17:09:37.948] [Bytes recibidos]: 146
[2026-10-02 17:09:37.948] [Bytes recibidos]: 177
[2026-10-02 17:09:37.948] [Bytes recibidos]: 160
[2026-10-02 17:09:37.948] [Bytes recibidos]: 133
[2026-10-02 17:09:37.948] [Bytes recibidos]: 190
[2026-10-02 17:09:37.948] [Bytes recibidos]: 147
[2026-10-02 17:09:37.948] [Bytes recibidos]: 128
[2026-10-02 17:09:37.948] [Bytes recibidos]: 223
[2026-10-02 17:09:37.948] [Bytes recibidos]: 163
[2026-10-02 17:09:37.949] [Bytes recibidos]: 146
[2026-10-02 17:09:37.949] [Bytes recibidos]: 177
[2026-10-02 17:09:37.949] [Bytes recibidos]: 160
[2026-10-02 17:09:37.949] [Bytes recibidos]: 132
[2026-10-02 17:09:37.949] [Bytes recibidos]: 190
[2026-10-02 17:09:37.949] [Bytes recibidos]: 147
[2026-10-02 17:09:37.949] [Bytes recibidos]: 128
[2026-10-02 17:09:37.949] [Bytes recibidos]: 223
[2026-10-02 17:09:37.949] [Bytes recibidos]: 162
[2026-10-02 17:09:37.949] [Bytes recibidos]: 146
[2026-10-02 17:09:37.949] [Bytes recibidos]: 179
[2026-10-02 17:09:37.950] [Bytes recibidos]: 160
[2026-10-02 17:09:37.950] [Bytes recibidos]: 132
[2026-10-02 17:09:37.950] [Bytes recibidos]: 190
[2026-10-02 17:09:37.950] [Bytes recibidos]: 147
[2026-10-02 17:09:37.950] [Bytes recibidos]: 128
[2026-10-02 17:09:37.950] [Bytes recibidos]: 223
[2026-10-02 17:09:37.950] [Bytes recibidos]: 161
[2026-10-02 17:09:37.950] [Bytes recibidos]: 146
[2026-10-02 17:09:37.950] [Bytes recibidos]: 182
[2026-10-02 17:09:37.950] [Bytes recibidos]: 160
[2026-10-02 17:09:37.950] [Bytes recibidos]: 132
[2026-10-02 17:09:37.950] [Bytes recibidos]: 190
[2026-10-02 17:09:37.950] [Bytes recibidos]: 147
[2026-10-02 17:09:37.951] [Bytes recibidos]: 128
[2026-10-02 17:09:37.951] [Bytes recibidos]: 223
[2026-10-02 17:09:37.951] [Bytes recibidos]: 160
[2026-10-02 17:09:37.951] [Bytes recibidos]: 146
[2026-10-02 17:09:37.951] [Bytes recibidos]: 185
[2026-10-02 17:09:37.951] [Bytes recibidos]: 160
[2026-10-02 17:09:37.951] [Bytes recibidos]: 131
[2026-10-02 17:09:37.951] [Bytes recibidos]: 190
[2026-10-02 17:09:37.951] [Bytes recibidos]: 147
[2026-10-02 17:09:37.951] [Bytes recibidos]: 128
[2026-10-02 17:09:37.951] [Bytes recibidos]: 223
[2026-10-02 17:09:37.951] [Bytes recibidos]: 159
[2026-10-02 17:09:37.951] [Bytes recibidos]: 146
[2026-10-02 17:09:37.952] [Bytes recibidos]: 185
[2026-10-02 17:09:37.952] [Bytes recibidos]: 160
[2026-10-02 17:09:37.952] [Bytes recibidos]: 131
[2026-10-02 17:09:37.952] [Bytes recibidos]: 190
[2026-10-02 17:09:37.952] [Bytes recibidos]: 147
[2026-10-02 17:09:37.952] [Bytes recibidos]: 128
[2026-10-02 17:09:37.952] [Bytes recibidos]: 223
[2026-10-02 17:09:37.952] [Bytes recibidos]: 157
[2026-10-02 17:09:37.952] [Bytes recibidos]: 146
[2026-10-02 17:09:37.952] [Bytes recibidos]: 184
[2026-10-02 17:09:37.952] [Bytes recibidos]: 160
[2026-10-02 17:09:37.952] [Bytes recibidos]: 131
[2026-10-02 17:09:37.952] [Bytes recibidos]: 190
[2026-10-02 17:09:37.952] [Bytes recibidos]: 147
[2026-10-02 17:09:37.952] [Bytes recibidos]: 128
[2026-10-02 17:09:37.953] [Bytes recibidos]: 223
[2026-10-02 17:09:37.953] [Bytes recibidos]: 148
[2026-10-02 17:09:37.953] [Bytes recibidos]: 146
[2026-10-02 17:09:37.953] [Bytes recibidos]: 171
[2026-10-02 17:09:37.953] [Bytes recibidos]: 160
[2026-10-02 17:09:37.953] [Bytes recibidos]: 129
[2026-10-02 17:09:37.953] [Bytes recibidos]: 190
[2026-10-02 17:09:37.953] [Bytes recibidos]: 147
[2026-10-02 17:09:37.953] [Bytes recibidos]: 128
[2026-10-02 17:09:37.953] [Bytes recibidos]: 223
[2026-10-02 17:09:37.953] [Bytes recibidos]: 137
[2026-10-02 17:09:37.954] [Bytes recibidos]: 146
[2026-10-02 17:09:37.954] [Bytes recibidos]: 148
[2026-10-02 17:09:37.954] [Bytes recibidos]: 160
[2026-10-02 17:09:37.954] [Bytes recibidos]: 129
[2026-10-02 17:09:37.954] [Bytes recibidos]: 190
[2026-10-02 17:09:37.954] [Bytes recibidos]: 147
[2026-10-02 17:09:37.954] [Bytes recibidos]: 128
[2026-10-02 17:09:37.954] [Bytes recibidos]: 223
[2026-10-02 17:09:37.954] [Bytes recibidos]: 185
[2026-10-02 17:09:37.954] [Bytes recibidos]: 145
[2026-10-02 17:09:37.954] [Bytes recibidos]: 172
[2026-10-02 17:09:37.954] [Bytes recibidos]: 159
[2026-10-02 17:09:37.955] [Bytes recibidos]: 128
[2026-10-02 17:09:37.955] [Bytes recibidos]: 190
[2026-10-02 17:09:37.955] [Bytes recibidos]: 147
[2026-10-02 17:09:37.955] [Bytes recibidos]: 128
[2026-10-02 17:09:37.955] [Bytes recibidos]: 223
[2026-10-02 17:09:37.955] [Bytes recibidos]: 164
[2026-10-02 17:09:37.955] [Bytes recibidos]: 145
[2026-10-02 17:09:37.955] [Bytes recibidos]: 179
[2026-10-02 17:09:37.955] [Bytes recibidos]: 158
[2026-10-02 17:09:37.955] [Bytes recibidos]: 191
[2026-10-02 17:09:37.955] [Bytes recibidos]: 189
[2026-10-02 17:09:37.955] [Bytes recibidos]: 147
[2026-10-02 17:09:37.955] [Bytes recibidos]: 128
[2026-10-02 17:09:37.956] [Bytes recibidos]: 223
[2026-10-02 17:09:37.956] [Bytes recibidos]: 152
[2026-10-02 17:09:37.956] [Bytes recibidos]: 145
[2026-10-02 17:09:37.956] [Bytes recibidos]: 145
[2026-10-02 17:09:37.956] [Bytes recibidos]: 158
[2026-10-02 17:09:37.956] [Bytes recibidos]: 191
[2026-10-02 17:09:37.956] [Bytes recibidos]: 189
[2026-10-02 17:09:37.956] [Bytes recibidos]: 147
[2026-10-02 17:09:37.956] [Bytes recibidos]: 128
[2026-10-02 17:09:37.956] [Bytes recibidos]: 223
[2026-10-02 17:09:37.956] [Bytes recibidos]: 191
[2026-10-02 17:09:37.956] [Bytes recibidos]: 144
[2026-10-02 17:09:37.957] [Bytes recibidos]: 135
[2026-10-02 17:09:37.957] [Bytes recibidos]: 157
[2026-10-02 17:09:37.957] [Bytes recibidos]: 190
[2026-10-02 17:09:37.957] [Bytes recibidos]: 189
[2026-10-02 17:09:37.957] [Bytes recibidos]: 147
[2026-10-02 17:09:37.957] [Bytes recibidos]: 128
[2026-10-02 17:09:37.957] [Bytes recibidos]: 223
[2026-10-02 17:09:37.957] [Bytes recibidos]: 150
[2026-10-02 17:09:37.957] [Bytes recibidos]: 144
[2026-10-02 17:09:37.957] [Bytes recibidos]: 150
[2026-10-02 17:09:37.957] [Bytes recibidos]: 155
[2026-10-02 17:09:37.957] [Bytes recibidos]: 188
[2026-10-02 17:09:37.957] [Bytes recibidos]: 189
[2026-10-02 17:09:37.958] [Bytes recibidos]: 149
[2026-10-02 17:09:37.958] [Bytes recibidos]: 128
[2026-10-02 17:09:37.958] [Bytes recibidos]: 223
[2026-10-02 17:09:37.958] [Bytes recibidos]: 186
[2026-10-02 17:09:37.958] [Bytes recibidos]: 143
[2026-10-02 17:09:37.958] [Bytes recibidos]: 145
[2026-10-02 17:09:37.958] [Bytes recibidos]: 154
[2026-10-02 17:09:37.958] [Bytes recibidos]: 187
[2026-10-02 17:09:37.958] [Bytes recibidos]: 189
[2026-10-02 17:09:37.958] [Bytes recibidos]: 147
[2026-10-02 17:09:37.958] [Bytes recibidos]: 128
[2026-10-02 17:09:37.958] [Bytes recibidos]: 223
[2026-10-02 17:09:37.958] [Bytes recibidos]: 159
[2026-10-02 17:09:37.958] [Bytes recibidos]: 143
[2026-10-02 17:09:37.959] [Bytes recibidos]: 151
[2026-10-02 17:09:37.959] [Bytes recibidos]: 153
[2026-10-02 17:09:37.959] [Bytes recibidos]: 186
[2026-10-02 17:09:37.959] [Bytes recibidos]: 189
[2026-10-02 17:09:37.959] [Bytes recibidos]: 147
[2026-10-02 17:09:37.959] [Bytes recibidos]: 128
[2026-10-02 17:09:37.959] [Bytes recibidos]: 223
[2026-10-02 17:09:37.959] [Bytes recibidos]: 146
[2026-10-02 17:09:37.959] [Bytes recibidos]: 143
[2026-10-02 17:09:37.959] [Bytes recibidos]: 190
[2026-10-02 17:09:37.959] [Bytes recibidos]: 152
[2026-10-02 17:09:37.959] [Bytes recibidos]: 186
[2026-10-02 17:09:37.959] [Bytes recibidos]: 189
[2026-10-02 17:09:37.959] [Bytes recibidos]: 147
[2026-10-02 17:09:37.960] [Bytes recibidos]: 128
[2026-10-02 17:09:37.960] [Bytes recibidos]: 223
[2026-10-02 17:09:37.960] [Bytes recibidos]: 184
[2026-10-02 17:09:37.960] [Bytes recibidos]: 142
[2026-10-02 17:09:37.960] [Bytes recibidos]: 150
[2026-10-02 17:09:37.960] [Bytes recibidos]: 152
[2026-10-02 17:09:37.960] [Bytes recibidos]: 185
[2026-10-02 17:09:37.960] [Bytes recibidos]: 189
[2026-10-02 17:09:37.960] [Bytes recibidos]: 147
[2026-10-02 17:09:37.960] [Bytes recibidos]: 128
[2026-10-02 17:09:37.960] [Bytes recibidos]: 223
[2026-10-02 17:09:37.960] [Bytes recibidos]: 151
[2026-10-02 17:09:37.960] [Bytes recibidos]: 142
[2026-10-02 17:09:37.960] [Bytes recibidos]: 175
[2026-10-02 17:09:37.961] [Bytes recibidos]: 151
[2026-10-02 17:09:37.961] [Bytes recibidos]: 183
[2026-10-02 17:09:37.961] [Bytes recibidos]: 189
[2026-10-02 17:09:37.961] [Bytes recibidos]: 147
[2026-10-02 17:09:37.961] [Bytes recibidos]: 128
[2026-10-02 17:09:37.961] [Bytes recibidos]: 223
[2026-10-02 17:09:37.961] [Bytes recibidos]: 131
[2026-10-02 17:09:37.961] [Bytes recibidos]: 142
[2026-10-02 17:09:37.961] [Bytes recibidos]: 161
[2026-10-02 17:09:37.961] [Bytes recibidos]: 151
[2026-10-02 17:09:37.961] [Bytes recibidos]: 182
[2026-10-02 17:09:37.961] [Bytes recibidos]: 189
[2026-10-02 17:09:37.961] [Bytes recibidos]: 145
[2026-10-02 17:09:37.961] [Bytes recibidos]: 128
[2026-10-02 17:09:37.961] [Bytes recibidos]: 223
[2026-10-02 17:09:37.962] [Bytes recibidos]: 179
[2026-10-02 17:09:37.962] [Bytes recibidos]: 141
[2026-10-02 17:09:37.962] [Bytes recibidos]: 154
[2026-10-02 17:09:37.962] [Bytes recibidos]: 151
[2026-10-02 17:09:37.962] [Bytes recibidos]: 181
[2026-10-02 17:09:37.962] [Bytes recibidos]: 189
[2026-10-02 17:09:37.962] [Bytes recibidos]: 145
[2026-10-02 17:09:37.962] [Bytes recibidos]: 128
[2026-10-02 17:09:37.962] [Bytes recibidos]: 223
[2026-10-02 17:09:37.962] [Bytes recibidos]: 164
[2026-10-02 17:09:37.962] [Bytes recibidos]: 141
[2026-10-02 17:09:37.962] [Bytes recibidos]: 151
[2026-10-02 17:09:37.962] [Bytes recibidos]: 151
[2026-10-02 17:09:37.962] [Bytes recibidos]: 181
[2026-10-02 17:09:37.963] [Bytes recibidos]: 189
[2026-10-02 17:09:37.963] [Bytes recibidos]: 143
[2026-10-02 17:09:37.963] [Bytes recibidos]: 128
[2026-10-02 17:09:37.963] [Bytes recibidos]: 223
[2026-10-02 17:09:37.963] [Bytes recibidos]: 157
[2026-10-02 17:09:37.963] [Bytes recibidos]: 141
[2026-10-02 17:09:37.963] [Bytes recibidos]: 151
[2026-10-02 17:09:37.963] [Bytes recibidos]: 151
[2026-10-02 17:09:37.963] [Bytes recibidos]: 181
[2026-10-02 17:09:37.963] [Bytes recibidos]: 189
[2026-10-02 17:09:37.963] [Bytes recibidos]: 143
[2026-10-02 17:09:37.963] [Bytes recibidos]: 128
[2026-10-02 17:09:37.963] [Bytes recibidos]: 223
[2026-10-02 17:09:37.963] [Bytes recibidos]: 139
[2026-10-02 17:09:37.964] [Bytes recibidos]: 141
[2026-10-02 17:09:37.964] [Bytes recibidos]: 155
[2026-10-02 17:09:37.964] [Bytes recibidos]: 151
[2026-10-02 17:09:37.964] [Bytes recibidos]: 179
[2026-10-02 17:09:37.964] [Bytes recibidos]: 189
[2026-10-02 17:09:37.964] [Bytes recibidos]: 143
[2026-10-02 17:09:37.964] [Bytes recibidos]: 128
[2026-10-02 17:09:37.964] [Bytes recibidos]: 223
[2026-10-02 17:09:37.964] [Bytes recibidos]: 129
[2026-10-02 17:09:37.964] [Bytes recibidos]: 141
[2026-10-02 17:09:37.964] [Bytes recibidos]: 158
[2026-10-02 17:09:37.964] [Bytes recibidos]: 151
[2026-10-02 17:09:37.964] [Bytes recibidos]: 177
[2026-10-02 17:09:37.964] [Bytes recibidos]: 189
[2026-10-02 17:09:37.964] [Bytes recibidos]: 143
[2026-10-02 17:09:37.964] [Bytes recibidos]: 128
[2026-10-02 17:09:37.965] [Bytes recibidos]: 223
[2026-10-02 17:09:37.965] [Bytes recibidos]: 184
[2026-10-02 17:09:37.965] [Bytes recibidos]: 140
[2026-10-02 17:09:37.965] [Bytes recibidos]: 162
[2026-10-02 17:09:37.965] [Bytes recibidos]: 151
[2026-10-02 17:09:37.965] [Bytes recibidos]: 177
[2026-10-02 17:09:37.965] [Bytes recibidos]: 189
[2026-10-02 17:09:37.965] [Bytes recibidos]: 143
[2026-10-02 17:09:37.965] [Bytes recibidos]: 128
[2026-10-02 17:09:37.965] [Bytes recibidos]: 223
[2026-10-02 17:09:37.965] [Bytes recibidos]: 176
[2026-10-02 17:09:37.965] [Bytes recibidos]: 140
[2026-10-02 17:09:37.965] [Bytes recibidos]: 166
[2026-10-02 17:09:37.965] [Bytes recibidos]: 151
[2026-10-02 17:09:37.965] [Bytes recibidos]: 177
[2026-10-02 17:09:37.966] [Bytes recibidos]: 189
[2026-10-02 17:09:37.966] [Bytes recibidos]: 143
[2026-10-02 17:09:37.966] [Bytes recibidos]: 128
[2026-10-02 17:09:37.966] [Bytes recibidos]: 223
[2026-10-02 17:09:37.966] [Bytes recibidos]: 172
[2026-10-02 17:09:37.966] [Bytes recibidos]: 140
[2026-10-02 17:09:37.966] [Bytes recibidos]: 168
[2026-10-02 17:09:37.966] [Bytes recibidos]: 151
[2026-10-02 17:09:37.966] [Bytes recibidos]: 177
[2026-10-02 17:09:37.966] [Bytes recibidos]: 189
[2026-10-02 17:09:37.966] [Bytes recibidos]: 143
[2026-10-02 17:09:37.966] [Bytes recibidos]: 128
[2026-10-02 17:09:37.966] [Bytes recibidos]: 223
[2026-10-02 17:09:37.966] [Bytes recibidos]: 161
[2026-10-02 17:09:37.966] [Bytes recibidos]: 140
[2026-10-02 17:09:37.967] [Bytes recibidos]: 175
[2026-10-02 17:09:37.967] [Bytes recibidos]: 151
[2026-10-02 17:09:37.967] [Bytes recibidos]: 177
[2026-10-02 17:09:37.967] [Bytes recibidos]: 189
[2026-10-02 17:09:37.967] [Bytes recibidos]: 143
[2026-10-02 17:09:37.967] [Bytes recibidos]: 128
[2026-10-02 17:09:37.967] [Bytes recibidos]: 223
[2026-10-02 17:09:37.967] [Bytes recibidos]: 154
[2026-10-02 17:09:37.967] [Bytes recibidos]: 140
[2026-10-02 17:09:37.967] [Bytes recibidos]: 180
[2026-10-02 17:09:37.967] [Bytes recibidos]: 151
[2026-10-02 17:09:37.967] [Bytes recibidos]: 177
[2026-10-02 17:09:37.967] [Bytes recibidos]: 189
[2026-10-02 17:09:37.967] [Bytes recibidos]: 143
[2026-10-02 17:09:37.967] [Bytes recibidos]: 128
[2026-10-02 17:09:37.968] [Bytes recibidos]: 223
[2026-10-02 17:09:37.968] [Bytes recibidos]: 147
[2026-10-02 17:09:37.968] [Bytes recibidos]: 140
[2026-10-02 17:09:37.968] [Bytes recibidos]: 185
[2026-10-02 17:09:37.968] [Bytes recibidos]: 151
[2026-10-02 17:09:37.968] [Bytes recibidos]: 177
[2026-10-02 17:09:37.968] [Bytes recibidos]: 189
[2026-10-02 17:09:37.968] [Bytes recibidos]: 143
[2026-10-02 17:09:37.968] [Bytes recibidos]: 128
[2026-10-02 17:09:37.968] [Bytes recibidos]: 223
[2026-10-02 17:09:37.968] [Bytes recibidos]: 144
[2026-10-02 17:09:37.968] [Bytes recibidos]: 140
[2026-10-02 17:09:37.968] [Bytes recibidos]: 188
[2026-10-02 17:09:37.969] [Bytes recibidos]: 151
[2026-10-02 17:09:37.969] [Bytes recibidos]: 177
[2026-10-02 17:09:37.969] [Bytes recibidos]: 189
[2026-10-02 17:09:37.969] [Bytes recibidos]: 143
[2026-10-02 17:09:37.969] [Bytes recibidos]: 128
[2026-10-02 17:09:37.969] [Bytes recibidos]: 223
[2026-10-02 17:09:37.969] [Bytes recibidos]: 135
[2026-10-02 17:09:37.969] [Bytes recibidos]: 140
[2026-10-02 17:09:37.969] [Bytes recibidos]: 132
[2026-10-02 17:09:37.969] [Bytes recibidos]: 152
[2026-10-02 17:09:37.969] [Bytes recibidos]: 177
[2026-10-02 17:09:37.969] [Bytes recibidos]: 189
[2026-10-02 17:09:37.969] [Bytes recibidos]: 145
[2026-10-02 17:09:37.970] [Bytes recibidos]: 128
[2026-10-02 17:09:37.970] [Bytes recibidos]: 223
[2026-10-02 17:09:37.970] [Bytes recibidos]: 129
[2026-10-02 17:09:37.970] [Bytes recibidos]: 140
[2026-10-02 17:09:37.970] [Bytes recibidos]: 139
[2026-10-02 17:09:37.970] [Bytes recibidos]: 152
[2026-10-02 17:09:37.970] [Bytes recibidos]: 176
[2026-10-02 17:09:37.970] [Bytes recibidos]: 189
[2026-10-02 17:09:37.970] [Bytes recibidos]: 145
[2026-10-02 17:09:37.970] [Bytes recibidos]: 128
[2026-10-02 17:09:37.971] [Bytes recibidos]: 223
[2026-10-02 17:09:37.971] [Bytes recibidos]: 187
[2026-10-02 17:09:37.971] [Bytes recibidos]: 139
[2026-10-02 17:09:37.971] [Bytes recibidos]: 146
[2026-10-02 17:09:37.971] [Bytes recibidos]: 152
[2026-10-02 17:09:37.971] [Bytes recibidos]: 176
[2026-10-02 17:09:37.971] [Bytes recibidos]: 189
[2026-10-02 17:09:37.971] [Bytes recibidos]: 147
[2026-10-02 17:09:37.971] [Bytes recibidos]: 128
[2026-10-02 17:09:37.971] [Bytes recibidos]: 223
[2026-10-02 17:09:37.971] [Bytes recibidos]: 181
[2026-10-02 17:09:37.972] [Bytes recibidos]: 139
[2026-10-02 17:09:37.972] [Bytes recibidos]: 156
[2026-10-02 17:09:37.972] [Bytes recibidos]: 152
[2026-10-02 17:09:37.972] [Bytes recibidos]: 176
[2026-10-02 17:09:37.972] [Bytes recibidos]: 189
[2026-10-02 17:09:37.972] [Bytes recibidos]: 147
[2026-10-02 17:09:37.972] [Bytes recibidos]: 128
[2026-10-02 17:09:37.972] [Bytes recibidos]: 223
[2026-10-02 17:09:37.972] [Bytes recibidos]: 178
[2026-10-02 17:09:37.972] [Bytes recibidos]: 139
[2026-10-02 17:09:37.972] [Bytes recibidos]: 161
[2026-10-02 17:09:37.973] [Bytes recibidos]: 152
[2026-10-02 17:09:37.973] [Bytes recibidos]: 176
[2026-10-02 17:09:37.973] [Bytes recibidos]: 189
[2026-10-02 17:09:37.973] [Bytes recibidos]: 147
[2026-10-02 17:09:37.973] [Bytes recibidos]: 128
[2026-10-02 17:09:37.973] [Bytes recibidos]: 223
[2026-10-02 17:09:37.973] [Bytes recibidos]: 173
[2026-10-02 17:09:37.973] [Bytes recibidos]: 139
[2026-10-02 17:09:37.973] [Bytes recibidos]: 175
[2026-10-02 17:09:37.973] [Bytes recibidos]: 152
[2026-10-02 17:09:37.973] [Bytes recibidos]: 176
[2026-10-02 17:09:37.974] [Bytes recibidos]: 189
[2026-10-02 17:09:37.974] [Bytes recibidos]: 147
[2026-10-02 17:09:37.974] [Bytes recibidos]: 128
[2026-10-02 17:09:37.974] [Bytes recibidos]: 223
[2026-10-02 17:09:37.974] [Bytes recibidos]: 165
[2026-10-02 17:09:37.974] [Bytes recibidos]: 139
[2026-10-02 17:09:37.974] [Bytes recibidos]: 136
[2026-10-02 17:09:37.974] [Bytes recibidos]: 153
[2026-10-02 17:09:37.974] [Bytes recibidos]: 176
[2026-10-02 17:09:37.974] [Bytes recibidos]: 189
[2026-10-02 17:09:37.974] [Bytes recibidos]: 147
[2026-10-02 17:09:37.975] [Bytes recibidos]: 128
[2026-10-02 17:09:37.975] [Bytes recibidos]: 223
[2026-10-02 17:09:37.975] [Bytes recibidos]: 160
[2026-10-02 17:09:37.975] [Bytes recibidos]: 139
[2026-10-02 17:09:37.975] [Bytes recibidos]: 156
[2026-10-02 17:09:37.975] [Bytes recibidos]: 153
[2026-10-02 17:09:37.975] [Bytes recibidos]: 176
[2026-10-02 17:09:37.975] [Bytes recibidos]: 189
[2026-10-02 17:09:37.975] [Bytes recibidos]: 147
[2026-10-02 17:09:37.975] [Bytes recibidos]: 128
[2026-10-02 17:09:37.975] [Bytes recibidos]: 223
[2026-10-02 17:09:37.975] [Bytes recibidos]: 155
[2026-10-02 17:09:37.976] [Bytes recibidos]: 139
[2026-10-02 17:09:37.976] [Bytes recibidos]: 179
[2026-10-02 17:09:37.976] [Bytes recibidos]: 153
[2026-10-02 17:09:37.976] [Bytes recibidos]: 176
[2026-10-02 17:09:37.976] [Bytes recibidos]: 189
[2026-10-02 17:09:37.976] [Bytes recibidos]: 147
[2026-10-02 17:09:37.976] [Bytes recibidos]: 128
[2026-10-02 17:09:37.976] [Bytes recibidos]: 223
[2026-10-02 17:09:37.976] [Bytes recibidos]: 153
[2026-10-02 17:09:37.976] [Bytes recibidos]: 139
[2026-10-02 17:09:37.976] [Bytes recibidos]: 191
[2026-10-02 17:09:37.977] [Bytes recibidos]: 153
[2026-10-02 17:09:37.977] [Bytes recibidos]: 176
[2026-10-02 17:09:37.977] [Bytes recibidos]: 189
[2026-10-02 17:09:37.977] [Bytes recibidos]: 147
[2026-10-02 17:09:37.977] [Bytes recibidos]: 128
[2026-10-02 17:09:37.977] [Bytes recibidos]: 223
[2026-10-02 17:09:37.977] [Bytes recibidos]: 149
[2026-10-02 17:09:37.977] [Bytes recibidos]: 139
[2026-10-02 17:09:37.977] [Bytes recibidos]: 153
[2026-10-02 17:09:37.977] [Bytes recibidos]: 154
[2026-10-02 17:09:37.978] [Bytes recibidos]: 176
[2026-10-02 17:09:37.978] [Bytes recibidos]: 189
[2026-10-02 17:09:37.978] [Bytes recibidos]: 147
[2026-10-02 17:09:37.978] [Bytes recibidos]: 128
[2026-10-02 17:09:37.978] [Bytes recibidos]: 223
[2026-10-02 17:09:37.978] [Bytes recibidos]: 145
[2026-10-02 17:09:37.978] [Bytes recibidos]: 139
[2026-10-02 17:09:37.978] [Bytes recibidos]: 128
[2026-10-02 17:09:37.978] [Bytes recibidos]: 155
[2026-10-02 17:09:37.978] [Bytes recibidos]: 176
[2026-10-02 17:09:37.978] [Bytes recibidos]: 189
[2026-10-02 17:09:37.979] [Bytes recibidos]: 147
[2026-10-02 17:09:37.979] [Bytes recibidos]: 128
[2026-10-02 17:09:37.979] [Bytes recibidos]: 223
[2026-10-02 17:09:37.979] [Bytes recibidos]: 142
[2026-10-02 17:09:37.979] [Bytes recibidos]: 139
[2026-10-02 17:09:37.979] [Bytes recibidos]: 155
[2026-10-02 17:09:37.979] [Bytes recibidos]: 155
[2026-10-02 17:09:37.979] [Bytes recibidos]: 176
[2026-10-02 17:09:37.979] [Bytes recibidos]: 189
[2026-10-02 17:09:37.979] [Bytes recibidos]: 147
[2026-10-02 17:09:37.979] [Bytes recibidos]: 128
[2026-10-02 17:09:37.980] [Bytes recibidos]: 223
[2026-10-02 17:09:37.980] [Bytes recibidos]: 140
[2026-10-02 17:09:37.980] [Bytes recibidos]: 139
[2026-10-02 17:09:37.980] [Bytes recibidos]: 180
[2026-10-02 17:09:37.980] [Bytes recibidos]: 155
[2026-10-02 17:09:37.980] [Bytes recibidos]: 175
[2026-10-02 17:09:37.980] [Bytes recibidos]: 189
[2026-10-02 17:09:37.980] [Bytes recibidos]: 145
[2026-10-02 17:09:37.980] [Bytes recibidos]: 128
[2026-10-02 17:09:37.980] [Bytes recibidos]: 223
[2026-10-02 17:09:37.980] [Bytes recibidos]: 139
[2026-10-02 17:09:37.981] [Bytes recibidos]: 139
[2026-10-02 17:09:37.981] [Bytes recibidos]: 129
[2026-10-02 17:09:37.981] [Bytes recibidos]: 156
[2026-10-02 17:09:37.981] [Bytes recibidos]: 175
[2026-10-02 17:09:37.981] [Bytes recibidos]: 189
[2026-10-02 17:09:37.981] [Bytes recibidos]: 145
[2026-10-02 17:09:37.981] [Bytes recibidos]: 128
[2026-10-02 17:09:37.981] [Bytes recibidos]: 223
[2026-10-02 17:09:37.981] [Bytes recibidos]: 137
[2026-10-02 17:09:37.981] [Bytes recibidos]: 139
[2026-10-02 17:09:37.981] [Bytes recibidos]: 155
[2026-10-02 17:09:37.982] [Bytes recibidos]: 156
[2026-10-02 17:09:37.982] [Bytes recibidos]: 175
[2026-10-02 17:09:37.982] [Bytes recibidos]: 189
[2026-10-02 17:09:37.982] [Bytes recibidos]: 145
[2026-10-02 17:09:37.982] [Bytes recibidos]: 128
[2026-10-02 17:09:37.982] [Bytes recibidos]: 223
[2026-10-02 17:09:37.982] [Bytes recibidos]: 135
[2026-10-02 17:09:37.982] [Bytes recibidos]: 139
[2026-10-02 17:09:37.982] [Bytes recibidos]: 129
[2026-10-02 17:09:37.982] [Bytes recibidos]: 157
[2026-10-02 17:09:37.982] [Bytes recibidos]: 175
[2026-10-02 17:09:37.983] [Bytes recibidos]: 189
[2026-10-02 17:09:37.983] [Bytes recibidos]: 145
[2026-10-02 17:09:37.983] [Bytes recibidos]: 128
[2026-10-02 17:09:37.983] [Bytes recibidos]: 223
[2026-10-02 17:09:37.983] [Bytes recibidos]: 133
[2026-10-02 17:09:37.983] [Bytes recibidos]: 139
[2026-10-02 17:09:37.983] [Bytes recibidos]: 154
[2026-10-02 17:09:37.983] [Bytes recibidos]: 157
[2026-10-02 17:09:37.983] [Bytes recibidos]: 175
[2026-10-02 17:09:37.983] [Bytes recibidos]: 189
[2026-10-02 17:09:37.983] [Bytes recibidos]: 145
[2026-10-02 17:09:37.984] [Bytes recibidos]: 128
[2026-10-02 17:09:37.984] [Bytes recibidos]: 223
[2026-10-02 17:09:37.984] [Bytes recibidos]: 132
[2026-10-02 17:09:37.984] [Bytes recibidos]: 139
[2026-10-02 17:09:37.984] [Bytes recibidos]: 179
[2026-10-02 17:09:37.984] [Bytes recibidos]: 157
[2026-10-02 17:09:37.984] [Bytes recibidos]: 174
[2026-10-02 17:09:37.984] [Bytes recibidos]: 189
[2026-10-02 17:09:37.984] [Bytes recibidos]: 145
[2026-10-02 17:09:37.984] [Bytes recibidos]: 128
[2026-10-02 17:09:37.985] [Bytes recibidos]: 223
[2026-10-02 17:09:37.985] [Bytes recibidos]: 131
[2026-10-02 17:09:37.985] [Bytes recibidos]: 139
[2026-10-02 17:09:37.985] [Bytes recibidos]: 191
[2026-10-02 17:09:37.985] [Bytes recibidos]: 157
[2026-10-02 17:09:37.985] [Bytes recibidos]: 174
[2026-10-02 17:09:37.985] [Bytes recibidos]: 189
[2026-10-02 17:09:37.985] [Bytes recibidos]: 145
[2026-10-02 17:09:37.985] [Bytes recibidos]: 128
[2026-10-02 17:09:37.985] [Bytes recibidos]: 223
[2026-10-02 17:09:37.985] [Bytes recibidos]: 130
[2026-10-02 17:09:37.985] [Bytes recibidos]: 139
[2026-10-02 17:09:37.986] [Bytes recibidos]: 149
[2026-10-02 17:09:37.986] [Bytes recibidos]: 158
[2026-10-02 17:09:37.986] [Bytes recibidos]: 174
[2026-10-02 17:09:37.986] [Bytes recibidos]: 189
[2026-10-02 17:09:37.986] [Bytes recibidos]: 145
[2026-10-02 17:09:37.986] [Bytes recibidos]: 128
[2026-10-02 17:09:37.986] [Bytes recibidos]: 223
[2026-10-02 17:09:37.986] [Bytes recibidos]: 129
[2026-10-02 17:09:37.986] [Bytes recibidos]: 139
[2026-10-02 17:09:37.986] [Bytes recibidos]: 177
[2026-10-02 17:09:37.986] [Bytes recibidos]: 158
[2026-10-02 17:09:37.987] [Bytes recibidos]: 173
[2026-10-02 17:09:37.987] [Bytes recibidos]: 189
[2026-10-02 17:09:37.987] [Bytes recibidos]: 143
[2026-10-02 17:09:37.987] [Bytes recibidos]: 128
[2026-10-02 17:09:37.987] [Bytes recibidos]: 223
[2026-10-02 17:09:37.987] [Bytes recibidos]: 129
[2026-10-02 17:09:37.987] [Bytes recibidos]: 139
[2026-10-02 17:09:37.987] [Bytes recibidos]: 129
[2026-10-02 17:09:37.987] [Bytes recibidos]: 159
[2026-10-02 17:09:37.987] [Bytes recibidos]: 173
[2026-10-02 17:09:37.987] [Bytes recibidos]: 189
[2026-10-02 17:09:37.987] [Bytes recibidos]: 143
[2026-10-02 17:09:37.988] [Bytes recibidos]: 128
[2026-10-02 17:09:37.988] [Bytes recibidos]: 223
[2026-10-02 17:09:37.988] [Bytes recibidos]: 128
[2026-10-02 17:09:37.988] [Bytes recibidos]: 139
[2026-10-02 17:09:37.988] [Bytes recibidos]: 142
[2026-10-02 17:09:37.988] [Bytes recibidos]: 159
[2026-10-02 17:09:37.988] [Bytes recibidos]: 173
[2026-10-02 17:09:37.988] [Bytes recibidos]: 189
[2026-10-02 17:09:37.988] [Bytes recibidos]: 143
[2026-10-02 17:09:37.988] [Bytes recibidos]: 128
[2026-10-02 17:09:37.988] [Bytes recibidos]: 223
[2026-10-02 17:09:37.989] [Bytes recibidos]: 128
[2026-10-02 17:09:37.989] [Bytes recibidos]: 139
[2026-10-02 17:09:37.989] [Bytes recibidos]: 147
[2026-10-02 17:09:37.989] [Bytes recibidos]: 159
[2026-10-02 17:09:37.989] [Bytes recibidos]: 173
[2026-10-02 17:09:37.989] [Bytes recibidos]: 189
[2026-10-02 17:09:37.989] [Bytes recibidos]: 143
[2026-10-02 17:09:37.989] [Bytes recibidos]: 128
[2026-10-02 17:09:37.989] [Bytes recibidos]: 223
[2026-10-02 17:09:37.989] [Bytes recibidos]: 128
[2026-10-02 17:09:37.989] [Bytes recibidos]: 139
[2026-10-02 17:09:37.990] [Bytes recibidos]: 157
[2026-10-02 17:09:37.990] [Bytes recibidos]: 159
[2026-10-02 17:09:37.990] [Bytes recibidos]: 173
[2026-10-02 17:09:37.990] [Bytes recibidos]: 189
[2026-10-02 17:09:37.990] [Bytes recibidos]: 143
[2026-10-02 17:09:37.990] [Bytes recibidos]: 128
[2026-10-02 17:09:37.990] [Data Recibida]: -20.34114774114774
[2026-10-02 17:09:37.990] [MIN]: -21
[2026-10-02 17:09:37.990] [MAX]: 121
[2026-10-02 17:09:37.990] [MAXBIN]: 4095
[2026-10-02 17:09:37.991] [Data Recibida]: -48.134065934065944
[2026-10-02 17:09:37.991] [MIN]: -181
[2026-10-02 17:09:37.991] [MAX]: 181
[2026-10-02 17:09:37.991] [MAXBIN]: 4095
[2026-10-02 17:09:37.991] [Data Recibida]: 20.757020757020758
[2026-10-02 17:09:37.991] [MIN]: 0
[2026-10-02 17:09:37.991] [MAX]: 100
[2026-10-02 17:09:37.991] [MAXBIN]: 4095
[2026-10-02 17:09:37.991] [Data Recibida]: 16.117216117216117
[2026-10-02 17:09:37.991] [MIN]: 0
[2026-10-02 17:09:37.992] [MAX]: 120
[2026-10-02 17:09:37.992] [MAXBIN]: 4095
[2026-10-02 17:09:37.992] [Data Recibida]: 5.616605616605616
[2026-10-02 17:09:37.992] [MIN]: 0
[2026-10-02 17:09:37.992] [MAX]: 20
[2026-10-02 17:09:37.992] [MAXBIN]: 4095
[2026-10-02 17:09:37.992] [Data Recibida]: 48.44932844932845
[2026-10-02 17:09:37.992] [MIN]: 0
[2026-10-02 17:09:37.992] [MAX]: 100
[2026-10-02 17:09:37.992] [MAXBIN]: 4095
[2026-10-02 17:09:37.992] [Data Recibida]: 5.743589743589744
[2026-10-02 17:09:37.993] [MIN]: 0
[2026-10-02 17:09:37.993] [MAX]: 20
[2026-10-02 17:09:37.993] [MAXBIN]: 4095
[2026-10-02 17:09:37.993] [Data Recibida]: 11.873015873015873
[2026-10-02 17:09:37.993] [MIN]: 0
[2026-10-02 17:09:37.993] [MAX]: 20
[2026-10-02 17:09:37.993] [MAXBIN]: 4095
[2026-10-02 17:09:40.003] Datos recibidos (671 bytes): DF BF 8A A8 9F AD BD 91 80 DF BF 8A AC 9F AD BD 91 80 DF BE 8A B0 9F AE BD 91 80 DF BE 8A B1 9F AE BD 91 80 DF BE 8A B4 9F AF BD 93 80 DF BE 8A B5 9F AF BD 93 80 DF BE 8A B7 9F AF BD 93 80 DF BE 8A B8 9F AF BD 93 80 DF BE 8A B8 9F AF BD 93 80 DF BD 8A B9 9F AF BD 93 80 DF BD 8A BA 9F AF BD 95 80 DF BD 8A BB 9F AF BD 95 80 DF BD 8A BB 9F AF BD 95 80 DF BD 8A BB 9F AF BD 93 80 DF BD 8A BB 9F AF BD 93 80 DF BD 8A BA 9F B0 BD 93 80 DF BD 8A BB 9F B0 BD 93 80 DF BD 8A BB 9F B0 BD 93 80 DF BC 8A BB 9F B0 BD 93 80 DF BC 8A BB 9F B0 BD 93 80 DF BC 8A BB 9F B0 BD 93 80 DF BC 8A BC 9F B0 BD 91 80 DF BC 8A BC 9F B0 BD 91 80 DF BC 8A BC 9F B0 BD 91 80 DF BC 8A BC 9F B0 BD 91 80 DF BB 8A BD 9F B0 BD 91 80 DF BB 8A BD 9F B0 BD 91 80 DF BB 8A BE 9F B0 BD 91 80 DF BB 8A BE 9F B0 BD 91 80 DF BB 8A BE 9F B1 BD 91 80 DF BB 8A BF 9F B1 BD 91 80 DF BB 8A BF 9F B1 BD 91 80 DF BB 8A BF 9F B2 BD 91 80 DF BB 8A BF 9F B2 BD 91 80 DF BB 8A BF 9F B2 BD 91 80 DF BB 8A 80 A0 B2 BD 91 80 DF BB 8A 80 A0 B2 BD 91 80 DF BB 8A 80 A0 B2 BD 91 80 DF BB 8A 80 A0 B2 BD 91 80 DF BB 8A 80 A0 B3 BD 93 80 DF BB 8A 80 A0 B3 BD 93 80 DF BA 8A 80 A0 B3 BD 93 80 DF BA 8A 80 A0 B3 BD 93 80 DF BA 8A 80 A0 B4 BD 93 80 DF BA 8A 80 A0 B4 BD 93 80 DF BA 8A 80 A0 B5 BD 95 80 DF BA 8A 80 A0 B5 BD 95 80 DF BA 8A 80 A0 B5 BD 93 80 DF BA 8A 80 A0 B6 BD 93 80 DF BA 8A BF 9F B6 BD 93 80 DF B9 8A BF 9F B6 BD 93 80 DF B9 8A BF 9F B7 BD 93 80 DF B9 8A BF 9F B8 BD 93 80 DF B9 8A BF 9F B8 BD 93 80 DF B9 8A BF 9F B8 BD 93 80 DF B9 8A BF 9F B9 BD 93 80 DF B8 8A BF 9F B9 BD 93 80 DF B8 8A BF 9F B9 BD 93 80 DF B8 8A BF 9F BA BD 93 80 DF B8 8A BF 9F BA BD 93 80 DF B8 8A BF 9F BA BD 93 80 DF B7 8A BF 9F BA BD 91 80 DF B7 8A BF 9F BB BD 91 80 DF B7 8A BF 9F BB BD 91 80 DF B7 8A 80 A0 BB BD 91 80 DF B7 8A 80 A0 BC BD 91 80 DF B7 8A 80 A0 BC BD 91 80 DF B7 8A 80 A0 BC BD 91 80 DF B7 8A 80 A0 BC BD 91 80 DF B6 8A 80 A0 BB BD 8F 80 DF B6 8A 80 A0 BB BD 8F 80 DF B6 8A 80 A0 BB BD 8F 80 DF B6 8A 80 A0 BB BD 8F 80 DF B6 8A 80 A0 BB BD 8F 80 1B 51 36 43 0D
[2026-10-02 17:09:40.003] [Bytes recibidos]: 223
[2026-10-02 17:09:40.003] [Bytes recibidos]: 191
[2026-10-02 17:09:40.003] [Bytes recibidos]: 138
[2026-10-02 17:09:40.003] [Bytes recibidos]: 168
[2026-10-02 17:09:40.003] [Bytes recibidos]: 159
[2026-10-02 17:09:40.003] [Bytes recibidos]: 173
[2026-10-02 17:09:40.004] [Bytes recibidos]: 189
[2026-10-02 17:09:40.004] [Bytes recibidos]: 145
[2026-10-02 17:09:40.004] [Bytes recibidos]: 128
[2026-10-02 17:09:40.004] [Bytes recibidos]: 223
[2026-10-02 17:09:40.004] [Bytes recibidos]: 191
[2026-10-02 17:09:40.004] [Bytes recibidos]: 138
[2026-10-02 17:09:40.004] [Bytes recibidos]: 172
[2026-10-02 17:09:40.004] [Bytes recibidos]: 159
[2026-10-02 17:09:40.004] [Bytes recibidos]: 173
[2026-10-02 17:09:40.004] [Bytes recibidos]: 189
[2026-10-02 17:09:40.004] [Bytes recibidos]: 145
[2026-10-02 17:09:40.004] [Bytes recibidos]: 128
[2026-10-02 17:09:40.004] [Bytes recibidos]: 223
[2026-10-02 17:09:40.004] [Bytes recibidos]: 190
[2026-10-02 17:09:40.004] [Bytes recibidos]: 138
[2026-10-02 17:09:40.004] [Bytes recibidos]: 176
[2026-10-02 17:09:40.004] [Bytes recibidos]: 159
[2026-10-02 17:09:40.005] [Bytes recibidos]: 174
[2026-10-02 17:09:40.005] [Bytes recibidos]: 189
[2026-10-02 17:09:40.005] [Bytes recibidos]: 145
[2026-10-02 17:09:40.005] [Bytes recibidos]: 128
[2026-10-02 17:09:40.005] [Bytes recibidos]: 223
[2026-10-02 17:09:40.005] [Bytes recibidos]: 190
[2026-10-02 17:09:40.005] [Bytes recibidos]: 138
[2026-10-02 17:09:40.005] [Bytes recibidos]: 177
[2026-10-02 17:09:40.005] [Bytes recibidos]: 159
[2026-10-02 17:09:40.005] [Bytes recibidos]: 174
[2026-10-02 17:09:40.005] [Bytes recibidos]: 189
[2026-10-02 17:09:40.005] [Bytes recibidos]: 145
[2026-10-02 17:09:40.005] [Bytes recibidos]: 128
[2026-10-02 17:09:40.005] [Bytes recibidos]: 223
[2026-10-02 17:09:40.005] [Bytes recibidos]: 190
[2026-10-02 17:09:40.005] [Bytes recibidos]: 138
[2026-10-02 17:09:40.005] [Bytes recibidos]: 180
[2026-10-02 17:09:40.006] [Bytes recibidos]: 159
[2026-10-02 17:09:40.006] [Bytes recibidos]: 175
[2026-10-02 17:09:40.006] [Bytes recibidos]: 189
[2026-10-02 17:09:40.006] [Bytes recibidos]: 147
[2026-10-02 17:09:40.006] [Bytes recibidos]: 128
[2026-10-02 17:09:40.006] [Bytes recibidos]: 223
[2026-10-02 17:09:40.006] [Bytes recibidos]: 190
[2026-10-02 17:09:40.006] [Bytes recibidos]: 138
[2026-10-02 17:09:40.006] [Bytes recibidos]: 181
[2026-10-02 17:09:40.006] [Bytes recibidos]: 159
[2026-10-02 17:09:40.006] [Bytes recibidos]: 175
[2026-10-02 17:09:40.006] [Bytes recibidos]: 189
[2026-10-02 17:09:40.006] [Bytes recibidos]: 147
[2026-10-02 17:09:40.006] [Bytes recibidos]: 128
[2026-10-02 17:09:40.006] [Bytes recibidos]: 223
[2026-10-02 17:09:40.006] [Bytes recibidos]: 190
[2026-10-02 17:09:40.007] [Bytes recibidos]: 138
[2026-10-02 17:09:40.007] [Bytes recibidos]: 183
[2026-10-02 17:09:40.007] [Bytes recibidos]: 159
[2026-10-02 17:09:40.007] [Bytes recibidos]: 175
[2026-10-02 17:09:40.007] [Bytes recibidos]: 189
[2026-10-02 17:09:40.007] [Bytes recibidos]: 147
[2026-10-02 17:09:40.007] [Bytes recibidos]: 128
[2026-10-02 17:09:40.007] [Bytes recibidos]: 223
[2026-10-02 17:09:40.007] [Bytes recibidos]: 190
[2026-10-02 17:09:40.007] [Bytes recibidos]: 138
[2026-10-02 17:09:40.007] [Bytes recibidos]: 184
[2026-10-02 17:09:40.007] [Bytes recibidos]: 159
[2026-10-02 17:09:40.007] [Bytes recibidos]: 175
[2026-10-02 17:09:40.007] [Bytes recibidos]: 189
[2026-10-02 17:09:40.008] [Bytes recibidos]: 147
[2026-10-02 17:09:40.008] [Bytes recibidos]: 128
[2026-10-02 17:09:40.008] [Bytes recibidos]: 223
[2026-10-02 17:09:40.008] [Bytes recibidos]: 190
[2026-10-02 17:09:40.008] [Bytes recibidos]: 138
[2026-10-02 17:09:40.008] [Bytes recibidos]: 184
[2026-10-02 17:09:40.008] [Bytes recibidos]: 159
[2026-10-02 17:09:40.008] [Bytes recibidos]: 175
[2026-10-02 17:09:40.008] [Bytes recibidos]: 189
[2026-10-02 17:09:40.008] [Bytes recibidos]: 147
[2026-10-02 17:09:40.008] [Bytes recibidos]: 128
[2026-10-02 17:09:40.008] [Bytes recibidos]: 223
[2026-10-02 17:09:40.009] [Bytes recibidos]: 189
[2026-10-02 17:09:40.009] [Bytes recibidos]: 138
[2026-10-02 17:09:40.009] [Bytes recibidos]: 185
[2026-10-02 17:09:40.009] [Bytes recibidos]: 159
[2026-10-02 17:09:40.009] [Bytes recibidos]: 175
[2026-10-02 17:09:40.009] [Bytes recibidos]: 189
[2026-10-02 17:09:40.009] [Bytes recibidos]: 147
[2026-10-02 17:09:40.009] [Bytes recibidos]: 128
[2026-10-02 17:09:40.009] [Bytes recibidos]: 223
[2026-10-02 17:09:40.009] [Bytes recibidos]: 189
[2026-10-02 17:09:40.009] [Bytes recibidos]: 138
[2026-10-02 17:09:40.009] [Bytes recibidos]: 186
[2026-10-02 17:09:40.009] [Bytes recibidos]: 159
[2026-10-02 17:09:40.009] [Bytes recibidos]: 175
[2026-10-02 17:09:40.009] [Bytes recibidos]: 189
[2026-10-02 17:09:40.010] [Bytes recibidos]: 149
[2026-10-02 17:09:40.010] [Bytes recibidos]: 128
[2026-10-02 17:09:40.010] [Bytes recibidos]: 223
[2026-10-02 17:09:40.010] [Bytes recibidos]: 189
[2026-10-02 17:09:40.010] [Bytes recibidos]: 138
[2026-10-02 17:09:40.010] [Bytes recibidos]: 187
[2026-10-02 17:09:40.010] [Bytes recibidos]: 159
[2026-10-02 17:09:40.010] [Bytes recibidos]: 175
[2026-10-02 17:09:40.010] [Bytes recibidos]: 189
[2026-10-02 17:09:40.010] [Bytes recibidos]: 149
[2026-10-02 17:09:40.010] [Bytes recibidos]: 128
[2026-10-02 17:09:40.010] [Bytes recibidos]: 223
[2026-10-02 17:09:40.010] [Bytes recibidos]: 189
[2026-10-02 17:09:40.010] [Bytes recibidos]: 138
[2026-10-02 17:09:40.010] [Bytes recibidos]: 187
[2026-10-02 17:09:40.010] [Bytes recibidos]: 159
[2026-10-02 17:09:40.011] [Bytes recibidos]: 175
[2026-10-02 17:09:40.011] [Bytes recibidos]: 189
[2026-10-02 17:09:40.011] [Bytes recibidos]: 149
[2026-10-02 17:09:40.011] [Bytes recibidos]: 128
[2026-10-02 17:09:40.011] [Bytes recibidos]: 223
[2026-10-02 17:09:40.011] [Bytes recibidos]: 189
[2026-10-02 17:09:40.011] [Bytes recibidos]: 138
[2026-10-02 17:09:40.011] [Bytes recibidos]: 187
[2026-10-02 17:09:40.011] [Bytes recibidos]: 159
[2026-10-02 17:09:40.011] [Bytes recibidos]: 175
[2026-10-02 17:09:40.011] [Bytes recibidos]: 189
[2026-10-02 17:09:40.011] [Bytes recibidos]: 147
[2026-10-02 17:09:40.011] [Bytes recibidos]: 128
[2026-10-02 17:09:40.011] [Bytes recibidos]: 223
[2026-10-02 17:09:40.011] [Bytes recibidos]: 189
[2026-10-02 17:09:40.011] [Bytes recibidos]: 138
[2026-10-02 17:09:40.012] [Bytes recibidos]: 187
[2026-10-02 17:09:40.012] [Bytes recibidos]: 159
[2026-10-02 17:09:40.012] [Bytes recibidos]: 175
[2026-10-02 17:09:40.012] [Bytes recibidos]: 189
[2026-10-02 17:09:40.012] [Bytes recibidos]: 147
[2026-10-02 17:09:40.012] [Bytes recibidos]: 128
[2026-10-02 17:09:40.012] [Bytes recibidos]: 223
[2026-10-02 17:09:40.012] [Bytes recibidos]: 189
[2026-10-02 17:09:40.012] [Bytes recibidos]: 138
[2026-10-02 17:09:40.012] [Bytes recibidos]: 186
[2026-10-02 17:09:40.012] [Bytes recibidos]: 159
[2026-10-02 17:09:40.012] [Bytes recibidos]: 176
[2026-10-02 17:09:40.013] [Bytes recibidos]: 189
[2026-10-02 17:09:40.013] [Bytes recibidos]: 147
[2026-10-02 17:09:40.013] [Bytes recibidos]: 128
[2026-10-02 17:09:40.013] [Bytes recibidos]: 223
[2026-10-02 17:09:40.013] [Bytes recibidos]: 189
[2026-10-02 17:09:40.013] [Bytes recibidos]: 138
[2026-10-02 17:09:40.013] [Bytes recibidos]: 187
[2026-10-02 17:09:40.013] [Bytes recibidos]: 159
[2026-10-02 17:09:40.013] [Bytes recibidos]: 176
[2026-10-02 17:09:40.013] [Bytes recibidos]: 189
[2026-10-02 17:09:40.013] [Bytes recibidos]: 147
[2026-10-02 17:09:40.013] [Bytes recibidos]: 128
[2026-10-02 17:09:40.013] [Bytes recibidos]: 223
[2026-10-02 17:09:40.013] [Bytes recibidos]: 189
[2026-10-02 17:09:40.013] [Bytes recibidos]: 138
[2026-10-02 17:09:40.014] [Bytes recibidos]: 187
[2026-10-02 17:09:40.014] [Bytes recibidos]: 159
[2026-10-02 17:09:40.014] [Bytes recibidos]: 176
[2026-10-02 17:09:40.014] [Bytes recibidos]: 189
[2026-10-02 17:09:40.014] [Bytes recibidos]: 147
[2026-10-02 17:09:40.014] [Bytes recibidos]: 128
[2026-10-02 17:09:40.014] [Bytes recibidos]: 223
[2026-10-02 17:09:40.014] [Bytes recibidos]: 188
[2026-10-02 17:09:40.014] [Bytes recibidos]: 138
[2026-10-02 17:09:40.014] [Bytes recibidos]: 187
[2026-10-02 17:09:40.014] [Bytes recibidos]: 159
[2026-10-02 17:09:40.014] [Bytes recibidos]: 176
[2026-10-02 17:09:40.014] [Bytes recibidos]: 189
[2026-10-02 17:09:40.014] [Bytes recibidos]: 147
[2026-10-02 17:09:40.014] [Bytes recibidos]: 128
[2026-10-02 17:09:40.014] [Bytes recibidos]: 223
[2026-10-02 17:09:40.014] [Bytes recibidos]: 188
[2026-10-02 17:09:40.015] [Bytes recibidos]: 138
[2026-10-02 17:09:40.015] [Bytes recibidos]: 187
[2026-10-02 17:09:40.015] [Bytes recibidos]: 159
[2026-10-02 17:09:40.015] [Bytes recibidos]: 176
[2026-10-02 17:09:40.015] [Bytes recibidos]: 189
[2026-10-02 17:09:40.015] [Bytes recibidos]: 147
[2026-10-02 17:09:40.015] [Bytes recibidos]: 128
[2026-10-02 17:09:40.015] [Bytes recibidos]: 223
[2026-10-02 17:09:40.015] [Bytes recibidos]: 188
[2026-10-02 17:09:40.015] [Bytes recibidos]: 138
[2026-10-02 17:09:40.015] [Bytes recibidos]: 187
[2026-10-02 17:09:40.016] [Bytes recibidos]: 159
[2026-10-02 17:09:40.016] [Bytes recibidos]: 176
[2026-10-02 17:09:40.016] [Bytes recibidos]: 189
[2026-10-02 17:09:40.016] [Bytes recibidos]: 147
[2026-10-02 17:09:40.016] [Bytes recibidos]: 128
[2026-10-02 17:09:40.016] [Bytes recibidos]: 223
[2026-10-02 17:09:40.016] [Bytes recibidos]: 188
[2026-10-02 17:09:40.016] [Bytes recibidos]: 138
[2026-10-02 17:09:40.016] [Bytes recibidos]: 188
[2026-10-02 17:09:40.016] [Bytes recibidos]: 159
[2026-10-02 17:09:40.016] [Bytes recibidos]: 176
[2026-10-02 17:09:40.016] [Bytes recibidos]: 189
[2026-10-02 17:09:40.016] [Bytes recibidos]: 145
[2026-10-02 17:09:40.016] [Bytes recibidos]: 128
[2026-10-02 17:09:40.017] [Bytes recibidos]: 223
[2026-10-02 17:09:40.017] [Bytes recibidos]: 188
[2026-10-02 17:09:40.017] [Bytes recibidos]: 138
[2026-10-02 17:09:40.017] [Bytes recibidos]: 188
[2026-10-02 17:09:40.017] [Bytes recibidos]: 159
[2026-10-02 17:09:40.017] [Bytes recibidos]: 176
[2026-10-02 17:09:40.017] [Bytes recibidos]: 189
[2026-10-02 17:09:40.017] [Bytes recibidos]: 145
[2026-10-02 17:09:40.017] [Bytes recibidos]: 128
[2026-10-02 17:09:40.017] [Bytes recibidos]: 223
[2026-10-02 17:09:40.017] [Bytes recibidos]: 188
[2026-10-02 17:09:40.017] [Bytes recibidos]: 138
[2026-10-02 17:09:40.017] [Bytes recibidos]: 188
[2026-10-02 17:09:40.017] [Bytes recibidos]: 159
[2026-10-02 17:09:40.017] [Bytes recibidos]: 176
[2026-10-02 17:09:40.017] [Bytes recibidos]: 189
[2026-10-02 17:09:40.018] [Bytes recibidos]: 145
[2026-10-02 17:09:40.018] [Bytes recibidos]: 128
[2026-10-02 17:09:40.018] [Bytes recibidos]: 223
[2026-10-02 17:09:40.018] [Bytes recibidos]: 188
[2026-10-02 17:09:40.018] [Bytes recibidos]: 138
[2026-10-02 17:09:40.018] [Bytes recibidos]: 188
[2026-10-02 17:09:40.018] [Bytes recibidos]: 159
[2026-10-02 17:09:40.018] [Bytes recibidos]: 176
[2026-10-02 17:09:40.018] [Bytes recibidos]: 189
[2026-10-02 17:09:40.018] [Bytes recibidos]: 145
[2026-10-02 17:09:40.018] [Bytes recibidos]: 128
[2026-10-02 17:09:40.018] [Bytes recibidos]: 223
[2026-10-02 17:09:40.018] [Bytes recibidos]: 187
[2026-10-02 17:09:40.018] [Bytes recibidos]: 138
[2026-10-02 17:09:40.018] [Bytes recibidos]: 189
[2026-10-02 17:09:40.018] [Bytes recibidos]: 159
[2026-10-02 17:09:40.019] [Bytes recibidos]: 176
[2026-10-02 17:09:40.019] [Bytes recibidos]: 189
[2026-10-02 17:09:40.019] [Bytes recibidos]: 145
[2026-10-02 17:09:40.019] [Bytes recibidos]: 128
[2026-10-02 17:09:40.019] [Bytes recibidos]: 223
[2026-10-02 17:09:40.019] [Bytes recibidos]: 187
[2026-10-02 17:09:40.019] [Bytes recibidos]: 138
[2026-10-02 17:09:40.019] [Bytes recibidos]: 189
[2026-10-02 17:09:40.019] [Bytes recibidos]: 159
[2026-10-02 17:09:40.019] [Bytes recibidos]: 176
[2026-10-02 17:09:40.019] [Bytes recibidos]: 189
[2026-10-02 17:09:40.019] [Bytes recibidos]: 145
[2026-10-02 17:09:40.019] [Bytes recibidos]: 128
[2026-10-02 17:09:40.019] [Bytes recibidos]: 223
[2026-10-02 17:09:40.019] [Bytes recibidos]: 187
[2026-10-02 17:09:40.019] [Bytes recibidos]: 138
[2026-10-02 17:09:40.020] [Bytes recibidos]: 190
[2026-10-02 17:09:40.020] [Bytes recibidos]: 159
[2026-10-02 17:09:40.020] [Bytes recibidos]: 176
[2026-10-02 17:09:40.020] [Bytes recibidos]: 189
[2026-10-02 17:09:40.020] [Bytes recibidos]: 145
[2026-10-02 17:09:40.020] [Bytes recibidos]: 128
[2026-10-02 17:09:40.020] [Bytes recibidos]: 223
[2026-10-02 17:09:40.020] [Bytes recibidos]: 187
[2026-10-02 17:09:40.020] [Bytes recibidos]: 138
[2026-10-02 17:09:40.020] [Bytes recibidos]: 190
[2026-10-02 17:09:40.020] [Bytes recibidos]: 159
[2026-10-02 17:09:40.020] [Bytes recibidos]: 176
[2026-10-02 17:09:40.020] [Bytes recibidos]: 189
[2026-10-02 17:09:40.020] [Bytes recibidos]: 145
[2026-10-02 17:09:40.020] [Bytes recibidos]: 128
[2026-10-02 17:09:40.021] [Bytes recibidos]: 223
[2026-10-02 17:09:40.021] [Bytes recibidos]: 187
[2026-10-02 17:09:40.021] [Bytes recibidos]: 138
[2026-10-02 17:09:40.021] [Bytes recibidos]: 190
[2026-10-02 17:09:40.021] [Bytes recibidos]: 159
[2026-10-02 17:09:40.021] [Bytes recibidos]: 177
[2026-10-02 17:09:40.021] [Bytes recibidos]: 189
[2026-10-02 17:09:40.021] [Bytes recibidos]: 145
[2026-10-02 17:09:40.021] [Bytes recibidos]: 128
[2026-10-02 17:09:40.021] [Bytes recibidos]: 223
[2026-10-02 17:09:40.021] [Bytes recibidos]: 187
[2026-10-02 17:09:40.021] [Bytes recibidos]: 138
[2026-10-02 17:09:40.021] [Bytes recibidos]: 191
[2026-10-02 17:09:40.021] [Bytes recibidos]: 159
[2026-10-02 17:09:40.021] [Bytes recibidos]: 177
[2026-10-02 17:09:40.021] [Bytes recibidos]: 189
[2026-10-02 17:09:40.022] [Bytes recibidos]: 145
[2026-10-02 17:09:40.022] [Bytes recibidos]: 128
[2026-10-02 17:09:40.022] [Bytes recibidos]: 223
[2026-10-02 17:09:40.022] [Bytes recibidos]: 187
[2026-10-02 17:09:40.022] [Bytes recibidos]: 138
[2026-10-02 17:09:40.022] [Bytes recibidos]: 191
[2026-10-02 17:09:40.022] [Bytes recibidos]: 159
[2026-10-02 17:09:40.022] [Bytes recibidos]: 177
[2026-10-02 17:09:40.022] [Bytes recibidos]: 189
[2026-10-02 17:09:40.022] [Bytes recibidos]: 145
[2026-10-02 17:09:40.022] [Bytes recibidos]: 128
[2026-10-02 17:09:40.022] [Bytes recibidos]: 223
[2026-10-02 17:09:40.022] [Bytes recibidos]: 187
[2026-10-02 17:09:40.022] [Bytes recibidos]: 138
[2026-10-02 17:09:40.022] [Bytes recibidos]: 191
[2026-10-02 17:09:40.022] [Bytes recibidos]: 159
[2026-10-02 17:09:40.022] [Bytes recibidos]: 178
[2026-10-02 17:09:40.023] [Bytes recibidos]: 189
[2026-10-02 17:09:40.023] [Bytes recibidos]: 145
[2026-10-02 17:09:40.023] [Bytes recibidos]: 128
[2026-10-02 17:09:40.023] [Bytes recibidos]: 223
[2026-10-02 17:09:40.023] [Bytes recibidos]: 187
[2026-10-02 17:09:40.023] [Bytes recibidos]: 138
[2026-10-02 17:09:40.023] [Bytes recibidos]: 191
[2026-10-02 17:09:40.023] [Bytes recibidos]: 159
[2026-10-02 17:09:40.023] [Bytes recibidos]: 178
[2026-10-02 17:09:40.023] [Bytes recibidos]: 189
[2026-10-02 17:09:40.023] [Bytes recibidos]: 145
[2026-10-02 17:09:40.023] [Bytes recibidos]: 128
[2026-10-02 17:09:40.023] [Bytes recibidos]: 223
[2026-10-02 17:09:40.023] [Bytes recibidos]: 187
[2026-10-02 17:09:40.023] [Bytes recibidos]: 138
[2026-10-02 17:09:40.023] [Bytes recibidos]: 191
[2026-10-02 17:09:40.024] [Bytes recibidos]: 159
[2026-10-02 17:09:40.024] [Bytes recibidos]: 178
[2026-10-02 17:09:40.024] [Bytes recibidos]: 189
[2026-10-02 17:09:40.024] [Bytes recibidos]: 145
[2026-10-02 17:09:40.024] [Bytes recibidos]: 128
[2026-10-02 17:09:40.024] [Bytes recibidos]: 223
[2026-10-02 17:09:40.024] [Bytes recibidos]: 187
[2026-10-02 17:09:40.024] [Bytes recibidos]: 138
[2026-10-02 17:09:40.024] [Bytes recibidos]: 128
[2026-10-02 17:09:40.024] [Bytes recibidos]: 160
[2026-10-02 17:09:40.024] [Bytes recibidos]: 178
[2026-10-02 17:09:40.024] [Bytes recibidos]: 189
[2026-10-02 17:09:40.024] [Bytes recibidos]: 145
[2026-10-02 17:09:40.024] [Bytes recibidos]: 128
[2026-10-02 17:09:40.024] [Bytes recibidos]: 223
[2026-10-02 17:09:40.024] [Bytes recibidos]: 187
[2026-10-02 17:09:40.025] [Bytes recibidos]: 138
[2026-10-02 17:09:40.025] [Bytes recibidos]: 128
[2026-10-02 17:09:40.025] [Bytes recibidos]: 160
[2026-10-02 17:09:40.025] [Bytes recibidos]: 178
[2026-10-02 17:09:40.025] [Bytes recibidos]: 189
[2026-10-02 17:09:40.025] [Bytes recibidos]: 145
[2026-10-02 17:09:40.025] [Bytes recibidos]: 128
[2026-10-02 17:09:40.025] [Bytes recibidos]: 223
[2026-10-02 17:09:40.025] [Bytes recibidos]: 187
[2026-10-02 17:09:40.025] [Bytes recibidos]: 138
[2026-10-02 17:09:40.025] [Bytes recibidos]: 128
[2026-10-02 17:09:40.025] [Bytes recibidos]: 160
[2026-10-02 17:09:40.025] [Bytes recibidos]: 178
[2026-10-02 17:09:40.025] [Bytes recibidos]: 189
[2026-10-02 17:09:40.025] [Bytes recibidos]: 145
[2026-10-02 17:09:40.026] [Bytes recibidos]: 128
[2026-10-02 17:09:40.026] [Bytes recibidos]: 223
[2026-10-02 17:09:40.026] [Bytes recibidos]: 187
[2026-10-02 17:09:40.026] [Bytes recibidos]: 138
[2026-10-02 17:09:40.026] [Bytes recibidos]: 128
[2026-10-02 17:09:40.026] [Bytes recibidos]: 160
[2026-10-02 17:09:40.026] [Bytes recibidos]: 178
[2026-10-02 17:09:40.026] [Bytes recibidos]: 189
[2026-10-02 17:09:40.026] [Bytes recibidos]: 145
[2026-10-02 17:09:40.026] [Bytes recibidos]: 128
[2026-10-02 17:09:40.026] [Bytes recibidos]: 223
[2026-10-02 17:09:40.026] [Bytes recibidos]: 187
[2026-10-02 17:09:40.026] [Bytes recibidos]: 138
[2026-10-02 17:09:40.026] [Bytes recibidos]: 128
[2026-10-02 17:09:40.026] [Bytes recibidos]: 160
[2026-10-02 17:09:40.026] [Bytes recibidos]: 179
[2026-10-02 17:09:40.026] [Bytes recibidos]: 189
[2026-10-02 17:09:40.026] [Bytes recibidos]: 147
[2026-10-02 17:09:40.027] [Bytes recibidos]: 128
[2026-10-02 17:09:40.027] [Bytes recibidos]: 223
[2026-10-02 17:09:40.027] [Bytes recibidos]: 187
[2026-10-02 17:09:40.027] [Bytes recibidos]: 138
[2026-10-02 17:09:40.027] [Bytes recibidos]: 128
[2026-10-02 17:09:40.027] [Bytes recibidos]: 160
[2026-10-02 17:09:40.027] [Bytes recibidos]: 179
[2026-10-02 17:09:40.027] [Bytes recibidos]: 189
[2026-10-02 17:09:40.027] [Bytes recibidos]: 147
[2026-10-02 17:09:40.027] [Bytes recibidos]: 128
[2026-10-02 17:09:40.027] [Bytes recibidos]: 223
[2026-10-02 17:09:40.027] [Bytes recibidos]: 186
[2026-10-02 17:09:40.027] [Bytes recibidos]: 138
[2026-10-02 17:09:40.027] [Bytes recibidos]: 128
[2026-10-02 17:09:40.027] [Bytes recibidos]: 160
[2026-10-02 17:09:40.027] [Bytes recibidos]: 179
[2026-10-02 17:09:40.027] [Bytes recibidos]: 189
[2026-10-02 17:09:40.027] [Bytes recibidos]: 147
[2026-10-02 17:09:40.027] [Bytes recibidos]: 128
[2026-10-02 17:09:40.027] [Bytes recibidos]: 223
[2026-10-02 17:09:40.028] [Bytes recibidos]: 186
[2026-10-02 17:09:40.028] [Bytes recibidos]: 138
[2026-10-02 17:09:40.028] [Bytes recibidos]: 128
[2026-10-02 17:09:40.028] [Bytes recibidos]: 160
[2026-10-02 17:09:40.028] [Bytes recibidos]: 179
[2026-10-02 17:09:40.028] [Bytes recibidos]: 189
[2026-10-02 17:09:40.028] [Bytes recibidos]: 147
[2026-10-02 17:09:40.028] [Bytes recibidos]: 128
[2026-10-02 17:09:40.028] [Bytes recibidos]: 223
[2026-10-02 17:09:40.028] [Bytes recibidos]: 186
[2026-10-02 17:09:40.028] [Bytes recibidos]: 138
[2026-10-02 17:09:40.028] [Bytes recibidos]: 128
[2026-10-02 17:09:40.028] [Bytes recibidos]: 160
[2026-10-02 17:09:40.028] [Bytes recibidos]: 180
[2026-10-02 17:09:40.028] [Bytes recibidos]: 189
[2026-10-02 17:09:40.029] [Bytes recibidos]: 147
[2026-10-02 17:09:40.029] [Bytes recibidos]: 128
[2026-10-02 17:09:40.029] [Bytes recibidos]: 223
[2026-10-02 17:09:40.029] [Bytes recibidos]: 186
[2026-10-02 17:09:40.029] [Bytes recibidos]: 138
[2026-10-02 17:09:40.029] [Bytes recibidos]: 128
[2026-10-02 17:09:40.029] [Bytes recibidos]: 160
[2026-10-02 17:09:40.029] [Bytes recibidos]: 180
[2026-10-02 17:09:40.029] [Bytes recibidos]: 189
[2026-10-02 17:09:40.029] [Bytes recibidos]: 147
[2026-10-02 17:09:40.029] [Bytes recibidos]: 128
[2026-10-02 17:09:40.029] [Bytes recibidos]: 223
[2026-10-02 17:09:40.029] [Bytes recibidos]: 186
[2026-10-02 17:09:40.029] [Bytes recibidos]: 138
[2026-10-02 17:09:40.030] [Bytes recibidos]: 128
[2026-10-02 17:09:40.030] [Bytes recibidos]: 160
[2026-10-02 17:09:40.030] [Bytes recibidos]: 181
[2026-10-02 17:09:40.030] [Bytes recibidos]: 189
[2026-10-02 17:09:40.030] [Bytes recibidos]: 149
[2026-10-02 17:09:40.030] [Bytes recibidos]: 128
[2026-10-02 17:09:40.030] [Bytes recibidos]: 223
[2026-10-02 17:09:40.030] [Bytes recibidos]: 186
[2026-10-02 17:09:40.030] [Bytes recibidos]: 138
[2026-10-02 17:09:40.030] [Bytes recibidos]: 128
[2026-10-02 17:09:40.030] [Bytes recibidos]: 160
[2026-10-02 17:09:40.030] [Bytes recibidos]: 181
[2026-10-02 17:09:40.030] [Bytes recibidos]: 189
[2026-10-02 17:09:40.030] [Bytes recibidos]: 149
[2026-10-02 17:09:40.031] [Bytes recibidos]: 128
[2026-10-02 17:09:40.031] [Bytes recibidos]: 223
[2026-10-02 17:09:40.031] [Bytes recibidos]: 186
[2026-10-02 17:09:40.031] [Bytes recibidos]: 138
[2026-10-02 17:09:40.031] [Bytes recibidos]: 128
[2026-10-02 17:09:40.031] [Bytes recibidos]: 160
[2026-10-02 17:09:40.031] [Bytes recibidos]: 181
[2026-10-02 17:09:40.031] [Bytes recibidos]: 189
[2026-10-02 17:09:40.031] [Bytes recibidos]: 147
[2026-10-02 17:09:40.031] [Bytes recibidos]: 128
[2026-10-02 17:09:40.031] [Bytes recibidos]: 223
[2026-10-02 17:09:40.031] [Bytes recibidos]: 186
[2026-10-02 17:09:40.031] [Bytes recibidos]: 138
[2026-10-02 17:09:40.032] [Bytes recibidos]: 128
[2026-10-02 17:09:40.032] [Bytes recibidos]: 160
[2026-10-02 17:09:40.032] [Bytes recibidos]: 182
[2026-10-02 17:09:40.032] [Bytes recibidos]: 189
[2026-10-02 17:09:40.032] [Bytes recibidos]: 147
[2026-10-02 17:09:40.032] [Bytes recibidos]: 128
[2026-10-02 17:09:40.032] [Bytes recibidos]: 223
[2026-10-02 17:09:40.032] [Bytes recibidos]: 186
[2026-10-02 17:09:40.032] [Bytes recibidos]: 138
[2026-10-02 17:09:40.032] [Bytes recibidos]: 191
[2026-10-02 17:09:40.032] [Bytes recibidos]: 159
[2026-10-02 17:09:40.032] [Bytes recibidos]: 182
[2026-10-02 17:09:40.032] [Bytes recibidos]: 189
[2026-10-02 17:09:40.032] [Bytes recibidos]: 147
[2026-10-02 17:09:40.032] [Bytes recibidos]: 128
[2026-10-02 17:09:40.032] [Bytes recibidos]: 223
[2026-10-02 17:09:40.033] [Bytes recibidos]: 185
[2026-10-02 17:09:40.033] [Bytes recibidos]: 138
[2026-10-02 17:09:40.033] [Bytes recibidos]: 191
[2026-10-02 17:09:40.033] [Bytes recibidos]: 159
[2026-10-02 17:09:40.033] [Bytes recibidos]: 182
[2026-10-02 17:09:40.033] [Bytes recibidos]: 189
[2026-10-02 17:09:40.033] [Bytes recibidos]: 147
[2026-10-02 17:09:40.033] [Bytes recibidos]: 128
[2026-10-02 17:09:40.033] [Bytes recibidos]: 223
[2026-10-02 17:09:40.033] [Bytes recibidos]: 185
[2026-10-02 17:09:40.033] [Bytes recibidos]: 138
[2026-10-02 17:09:40.033] [Bytes recibidos]: 191
[2026-10-02 17:09:40.033] [Bytes recibidos]: 159
[2026-10-02 17:09:40.033] [Bytes recibidos]: 183
[2026-10-02 17:09:40.033] [Bytes recibidos]: 189
[2026-10-02 17:09:40.034] [Bytes recibidos]: 147
[2026-10-02 17:09:40.034] [Bytes recibidos]: 128
[2026-10-02 17:09:40.034] [Bytes recibidos]: 223
[2026-10-02 17:09:40.034] [Bytes recibidos]: 185
[2026-10-02 17:09:40.034] [Bytes recibidos]: 138
[2026-10-02 17:09:40.034] [Bytes recibidos]: 191
[2026-10-02 17:09:40.034] [Bytes recibidos]: 159
[2026-10-02 17:09:40.034] [Bytes recibidos]: 184
[2026-10-02 17:09:40.034] [Bytes recibidos]: 189
[2026-10-02 17:09:40.034] [Bytes recibidos]: 147
[2026-10-02 17:09:40.034] [Bytes recibidos]: 128
[2026-10-02 17:09:40.034] [Bytes recibidos]: 223
[2026-10-02 17:09:40.034] [Bytes recibidos]: 185
[2026-10-02 17:09:40.034] [Bytes recibidos]: 138
[2026-10-02 17:09:40.034] [Bytes recibidos]: 191
[2026-10-02 17:09:40.035] [Bytes recibidos]: 159
[2026-10-02 17:09:40.035] [Bytes recibidos]: 184
[2026-10-02 17:09:40.035] [Bytes recibidos]: 189
[2026-10-02 17:09:40.035] [Bytes recibidos]: 147
[2026-10-02 17:09:40.035] [Bytes recibidos]: 128
[2026-10-02 17:09:40.035] [Bytes recibidos]: 223
[2026-10-02 17:09:40.035] [Bytes recibidos]: 185
[2026-10-02 17:09:40.035] [Bytes recibidos]: 138
[2026-10-02 17:09:40.035] [Bytes recibidos]: 191
[2026-10-02 17:09:40.035] [Bytes recibidos]: 159
[2026-10-02 17:09:40.035] [Bytes recibidos]: 184
[2026-10-02 17:09:40.035] [Bytes recibidos]: 189
[2026-10-02 17:09:40.035] [Bytes recibidos]: 147
[2026-10-02 17:09:40.035] [Bytes recibidos]: 128
[2026-10-02 17:09:40.035] [Bytes recibidos]: 223
[2026-10-02 17:09:40.036] [Bytes recibidos]: 185
[2026-10-02 17:09:40.036] [Bytes recibidos]: 138
[2026-10-02 17:09:40.036] [Bytes recibidos]: 191
[2026-10-02 17:09:40.036] [Bytes recibidos]: 159
[2026-10-02 17:09:40.036] [Bytes recibidos]: 185
[2026-10-02 17:09:40.036] [Bytes recibidos]: 189
[2026-10-02 17:09:40.036] [Bytes recibidos]: 147
[2026-10-02 17:09:40.036] [Bytes recibidos]: 128
[2026-10-02 17:09:40.036] [Bytes recibidos]: 223
[2026-10-02 17:09:40.036] [Bytes recibidos]: 184
[2026-10-02 17:09:40.036] [Bytes recibidos]: 138
[2026-10-02 17:09:40.036] [Bytes recibidos]: 191
[2026-10-02 17:09:40.036] [Bytes recibidos]: 159
[2026-10-02 17:09:40.036] [Bytes recibidos]: 185
[2026-10-02 17:09:40.036] [Bytes recibidos]: 189
[2026-10-02 17:09:40.037] [Bytes recibidos]: 147
[2026-10-02 17:09:40.037] [Bytes recibidos]: 128
[2026-10-02 17:09:40.037] [Bytes recibidos]: 223
[2026-10-02 17:09:40.037] [Bytes recibidos]: 184
[2026-10-02 17:09:40.037] [Bytes recibidos]: 138
[2026-10-02 17:09:40.037] [Bytes recibidos]: 191
[2026-10-02 17:09:40.037] [Bytes recibidos]: 159
[2026-10-02 17:09:40.037] [Bytes recibidos]: 185
[2026-10-02 17:09:40.037] [Bytes recibidos]: 189
[2026-10-02 17:09:40.037] [Bytes recibidos]: 147
[2026-10-02 17:09:40.037] [Bytes recibidos]: 128
[2026-10-02 17:09:40.037] [Bytes recibidos]: 223
[2026-10-02 17:09:40.037] [Bytes recibidos]: 184
[2026-10-02 17:09:40.037] [Bytes recibidos]: 138
[2026-10-02 17:09:40.037] [Bytes recibidos]: 191
[2026-10-02 17:09:40.037] [Bytes recibidos]: 159
[2026-10-02 17:09:40.038] [Bytes recibidos]: 186
[2026-10-02 17:09:40.038] [Bytes recibidos]: 189
[2026-10-02 17:09:40.038] [Bytes recibidos]: 147
[2026-10-02 17:09:40.038] [Bytes recibidos]: 128
[2026-10-02 17:09:40.038] [Bytes recibidos]: 223
[2026-10-02 17:09:40.038] [Bytes recibidos]: 184
[2026-10-02 17:09:40.038] [Bytes recibidos]: 138
[2026-10-02 17:09:40.038] [Bytes recibidos]: 191
[2026-10-02 17:09:40.038] [Bytes recibidos]: 159
[2026-10-02 17:09:40.038] [Bytes recibidos]: 186
[2026-10-02 17:09:40.038] [Bytes recibidos]: 189
[2026-10-02 17:09:40.038] [Bytes recibidos]: 147
[2026-10-02 17:09:40.038] [Bytes recibidos]: 128
[2026-10-02 17:09:40.038] [Bytes recibidos]: 223
[2026-10-02 17:09:40.038] [Bytes recibidos]: 184
[2026-10-02 17:09:40.038] [Bytes recibidos]: 138
[2026-10-02 17:09:40.039] [Bytes recibidos]: 191
[2026-10-02 17:09:40.039] [Bytes recibidos]: 159
[2026-10-02 17:09:40.039] [Bytes recibidos]: 186
[2026-10-02 17:09:40.039] [Bytes recibidos]: 189
[2026-10-02 17:09:40.039] [Bytes recibidos]: 147
[2026-10-02 17:09:40.039] [Bytes recibidos]: 128
[2026-10-02 17:09:40.039] [Bytes recibidos]: 223
[2026-10-02 17:09:40.039] [Bytes recibidos]: 183
[2026-10-02 17:09:40.039] [Bytes recibidos]: 138
[2026-10-02 17:09:40.039] [Bytes recibidos]: 191
[2026-10-02 17:09:40.039] [Bytes recibidos]: 159
[2026-10-02 17:09:40.039] [Bytes recibidos]: 186
[2026-10-02 17:09:40.039] [Bytes recibidos]: 189
[2026-10-02 17:09:40.039] [Bytes recibidos]: 145
[2026-10-02 17:09:40.039] [Bytes recibidos]: 128
[2026-10-02 17:09:40.039] [Bytes recibidos]: 223
[2026-10-02 17:09:40.040] [Bytes recibidos]: 183
[2026-10-02 17:09:40.040] [Bytes recibidos]: 138
[2026-10-02 17:09:40.040] [Bytes recibidos]: 191
[2026-10-02 17:09:40.040] [Bytes recibidos]: 159
[2026-10-02 17:09:40.040] [Bytes recibidos]: 187
[2026-10-02 17:09:40.040] [Bytes recibidos]: 189
[2026-10-02 17:09:40.040] [Bytes recibidos]: 145
[2026-10-02 17:09:40.040] [Bytes recibidos]: 128
[2026-10-02 17:09:40.040] [Bytes recibidos]: 223
[2026-10-02 17:09:40.040] [Bytes recibidos]: 183
[2026-10-02 17:09:40.040] [Bytes recibidos]: 138
[2026-10-02 17:09:40.040] [Bytes recibidos]: 191
[2026-10-02 17:09:40.040] [Bytes recibidos]: 159
[2026-10-02 17:09:40.040] [Bytes recibidos]: 187
[2026-10-02 17:09:40.040] [Bytes recibidos]: 189
[2026-10-02 17:09:40.040] [Bytes recibidos]: 145
[2026-10-02 17:09:40.041] [Bytes recibidos]: 128
[2026-10-02 17:09:40.041] [Bytes recibidos]: 223
[2026-10-02 17:09:40.041] [Bytes recibidos]: 183
[2026-10-02 17:09:40.041] [Bytes recibidos]: 138
[2026-10-02 17:09:40.041] [Bytes recibidos]: 128
[2026-10-02 17:09:40.041] [Bytes recibidos]: 160
[2026-10-02 17:09:40.041] [Bytes recibidos]: 187
[2026-10-02 17:09:40.041] [Bytes recibidos]: 189
[2026-10-02 17:09:40.041] [Bytes recibidos]: 145
[2026-10-02 17:09:40.041] [Bytes recibidos]: 128
[2026-10-02 17:09:40.041] [Bytes recibidos]: 223
[2026-10-02 17:09:40.041] [Bytes recibidos]: 183
[2026-10-02 17:09:40.041] [Bytes recibidos]: 138
[2026-10-02 17:09:40.041] [Bytes recibidos]: 128
[2026-10-02 17:09:40.041] [Bytes recibidos]: 160
[2026-10-02 17:09:40.041] [Bytes recibidos]: 188
[2026-10-02 17:09:40.041] [Bytes recibidos]: 189
[2026-10-02 17:09:40.041] [Bytes recibidos]: 145
[2026-10-02 17:09:40.042] [Bytes recibidos]: 128
[2026-10-02 17:09:40.042] [Bytes recibidos]: 223
[2026-10-02 17:09:40.042] [Bytes recibidos]: 183
[2026-10-02 17:09:40.042] [Bytes recibidos]: 138
[2026-10-02 17:09:40.042] [Bytes recibidos]: 128
[2026-10-02 17:09:40.042] [Bytes recibidos]: 160
[2026-10-02 17:09:40.042] [Bytes recibidos]: 188
[2026-10-02 17:09:40.042] [Bytes recibidos]: 189
[2026-10-02 17:09:40.042] [Bytes recibidos]: 145
[2026-10-02 17:09:40.042] [Bytes recibidos]: 128
[2026-10-02 17:09:40.042] [Bytes recibidos]: 223
[2026-10-02 17:09:40.042] [Bytes recibidos]: 183
[2026-10-02 17:09:40.042] [Bytes recibidos]: 138
[2026-10-02 17:09:40.042] [Bytes recibidos]: 128
[2026-10-02 17:09:40.042] [Bytes recibidos]: 160
[2026-10-02 17:09:40.042] [Bytes recibidos]: 188
[2026-10-02 17:09:40.043] [Bytes recibidos]: 189
[2026-10-02 17:09:40.043] [Bytes recibidos]: 145
[2026-10-02 17:09:40.043] [Bytes recibidos]: 128
[2026-10-02 17:09:40.043] [Bytes recibidos]: 223
[2026-10-02 17:09:40.043] [Bytes recibidos]: 183
[2026-10-02 17:09:40.043] [Bytes recibidos]: 138
[2026-10-02 17:09:40.043] [Bytes recibidos]: 128
[2026-10-02 17:09:40.043] [Bytes recibidos]: 160
[2026-10-02 17:09:40.043] [Bytes recibidos]: 188
[2026-10-02 17:09:40.043] [Bytes recibidos]: 189
[2026-10-02 17:09:40.043] [Bytes recibidos]: 145
[2026-10-02 17:09:40.043] [Bytes recibidos]: 128
[2026-10-02 17:09:40.043] [Bytes recibidos]: 223
[2026-10-02 17:09:40.043] [Bytes recibidos]: 182
[2026-10-02 17:09:40.043] [Bytes recibidos]: 138
[2026-10-02 17:09:40.043] [Bytes recibidos]: 128
[2026-10-02 17:09:40.044] [Bytes recibidos]: 160
[2026-10-02 17:09:40.044] [Bytes recibidos]: 187
[2026-10-02 17:09:40.044] [Bytes recibidos]: 189
[2026-10-02 17:09:40.044] [Bytes recibidos]: 143
[2026-10-02 17:09:40.044] [Bytes recibidos]: 128
[2026-10-02 17:09:40.044] [Bytes recibidos]: 223
[2026-10-02 17:09:40.044] [Bytes recibidos]: 182
[2026-10-02 17:09:40.044] [Bytes recibidos]: 138
[2026-10-02 17:09:40.044] [Bytes recibidos]: 128
[2026-10-02 17:09:40.044] [Bytes recibidos]: 160
[2026-10-02 17:09:40.044] [Bytes recibidos]: 187
[2026-10-02 17:09:40.044] [Bytes recibidos]: 189
[2026-10-02 17:09:40.044] [Bytes recibidos]: 143
[2026-10-02 17:09:40.044] [Bytes recibidos]: 128
[2026-10-02 17:09:40.044] [Bytes recibidos]: 223
[2026-10-02 17:09:40.044] [Bytes recibidos]: 182
[2026-10-02 17:09:40.044] [Bytes recibidos]: 138
[2026-10-02 17:09:40.045] [Bytes recibidos]: 128
[2026-10-02 17:09:40.045] [Bytes recibidos]: 160
[2026-10-02 17:09:40.045] [Bytes recibidos]: 187
[2026-10-02 17:09:40.045] [Bytes recibidos]: 189
[2026-10-02 17:09:40.045] [Bytes recibidos]: 143
[2026-10-02 17:09:40.045] [Bytes recibidos]: 128
[2026-10-02 17:09:40.045] [Bytes recibidos]: 223
[2026-10-02 17:09:40.045] [Bytes recibidos]: 182
[2026-10-02 17:09:40.045] [Bytes recibidos]: 138
[2026-10-02 17:09:40.045] [Bytes recibidos]: 128
[2026-10-02 17:09:40.045] [Bytes recibidos]: 160
[2026-10-02 17:09:40.045] [Bytes recibidos]: 187
[2026-10-02 17:09:40.045] [Bytes recibidos]: 189
[2026-10-02 17:09:40.045] [Bytes recibidos]: 143
[2026-10-02 17:09:40.045] [Bytes recibidos]: 128
[2026-10-02 17:09:40.046] [Bytes recibidos]: 223
[2026-10-02 17:09:40.046] [Bytes recibidos]: 182
[2026-10-02 17:09:40.046] [Bytes recibidos]: 138
[2026-10-02 17:09:40.046] [Bytes recibidos]: 128
[2026-10-02 17:09:40.046] [Bytes recibidos]: 160
[2026-10-02 17:09:40.046] [Bytes recibidos]: 187
[2026-10-02 17:09:40.046] [Bytes recibidos]: 189
[2026-10-02 17:09:40.046] [Bytes recibidos]: 143
[2026-10-02 17:09:40.046] [Bytes recibidos]: 128
[2026-10-02 17:09:40.046] [Bytes recibidos]: 27
[2026-10-02 17:09:40.046] [Bytes recibidos]: 81
[2026-10-02 17:09:40.046] [Bytes recibidos]: 54
[2026-10-02 17:09:40.046] [Bytes recibidos]: 67
[2026-10-02 17:09:40.046] [Bytes recibidos]: 13
[2026-10-02 17:09:40.047] [Data Recibida]: 119.8903540903541
[2026-10-02 17:09:40.047] [MIN]: -21
[2026-10-02 17:09:40.047] [MAX]: 121
[2026-10-02 17:09:40.047] [MAXBIN]: 4095
[2026-10-02 17:09:40.047] [Data Recibida]: 46.18925518925519
[2026-10-02 17:09:40.047] [MIN]: -181
[2026-10-02 17:09:40.047] [MAX]: 181
[2026-10-02 17:09:40.047] [MAXBIN]: 4095
[2026-10-02 17:09:40.047] [Data Recibida]: 71.08669108669109
[2026-10-02 17:09:40.047] [MIN]: 0
[2026-10-02 17:09:40.047] [MAX]: 100
[2026-10-02 17:09:40.047] [MAXBIN]: 4095
[2026-10-02 17:09:40.047] [Data Recibida]: 33.67032967032967
[2026-10-02 17:09:40.047] [MIN]: 0
[2026-10-02 17:09:40.048] [MAX]: 120
[2026-10-02 17:09:40.048] [MAXBIN]: 4095
[2026-10-02 17:09:40.048] [Data Recibida]: 9.68986568986569
[2026-10-02 17:09:40.048] [MIN]: 0
[2026-10-02 17:09:40.048] [MAX]: 20
[2026-10-02 17:09:40.048] [MAXBIN]: 4095
[2026-10-02 17:09:40.048] [Data Recibida]: 17.167277167277167
[2026-10-02 17:09:40.048] [MIN]: 0
[2026-10-02 17:09:40.048] [MAX]: 100
[2026-10-02 17:09:40.048] [MAXBIN]: 4095
[2026-10-02 17:09:40.048] [Data Recibida]: 9.904761904761905
[2026-10-02 17:09:40.048] [MIN]: 0
[2026-10-02 17:09:40.048] [MAX]: 20
[2026-10-02 17:09:40.048] [MAXBIN]: 4095
[2026-10-02 17:09:40.048] [Data Recibida]: 19.286935286935286
[2026-10-02 17:09:40.048] [MIN]: 0
[2026-10-02 17:09:40.048] [MAX]: 20
[2026-10-02 17:09:40.049] [MAXBIN]: 4095
[2026-10-02 17:09:42.960] Datos recibidos (3 bytes): 1B 51 36
[2026-10-02 17:09:42.961] Recibido ASCII: C<CR>
[2026-10-02 17:09:42.961] Recibido HEX: 43 0D
[2026-10-02 17:09:42.961] Enviado:  | HEX: 01 15 31 36 0D
[2026-10-02 17:09:43.063] Recibido ASCII: <ESC>Q6C<CR>
[2026-10-02 17:09:43.063] Recibido HEX: 1B 51 36 43 0D
[2026-10-02 17:09:45.064] Enviado: Q | HEX: 1B 51 36 43 0D
[2026-10-02 17:09:45.165] Recibido ASCII: <SOH>Q52<CR>
[2026-10-02 17:09:45.165] Recibido HEX: 01 51 35 32 0D
