[2026-10-02 17:17:47.420] Iniciando comunicación con Atlan A350 XL (8E1)...
[2026-10-02 17:17:47.430] Enviado: Q | HEX: 1B 51 36 43 0D
[2026-10-02 17:17:47.473] Recibido ASCII: <SOH>Q52<CR>
[2026-10-02 17:17:47.474] Recibido HEX: 01 51 35 32 0D
[2026-10-02 17:17:48.476] Enviado: R | HEX: 1B 52 36 44 0D
[2026-10-02 17:17:48.478] Recibido ASCII: <ESC>R6D<CR>
[2026-10-02 17:17:48.478] Recibido HEX: 1B 52 36 44 0D
[2026-10-02 17:17:49.480] Enviado: R | HEX: 01 52 35 33 0D
[2026-10-02 17:17:49.482] Recibido ASCII: <SOH>R5555'A3XX'02.11:06.00B9<CR>
[2026-10-02 17:17:49.483] Recibido HEX: 01 52 35 35 35 35 27 41 33 58 58 27 30 32 2E 31 31 3A 30 36 2E 30 30 42 39 0D
[2026-10-02 17:17:49.487] Enviado: S | HEX: 1B 53 36 45 0D
[2026-10-02 17:17:49.569] Recibido ASCII: <ESC>)44<CR>
[2026-10-02 17:17:49.569] Recibido HEX: 1B 29 34 34 0D
[2026-10-02 17:17:50.571] Sin registros de realtime configuration, se omite el paso <54H>
[2026-10-02 17:17:50.586] Datos recibidos (189 bytes): 01 53 30 30 20 20 20 32 30 30 30 30 2D 20 20 32 31 20 20 31 32 31 46 46 46 30 31 20 20 20 32 30 30 30 30 2D 20 31 38 31 20 20 31 38 31 46 46 46 30 35 20 20 20 32 30 30 30 30 20 20 20 20 30 20 20 31 30 30 46 46 46 30 36 20 20 20 32 30 30 30 30 20 20 20 20 30 20 20 31 32 30 46 46 46 30 37 20 20 20 32 30 30 30 30 20 20 20 20 30 20 20 20 32 30 46 46 46 30 38 20 20 20 32 30 30 30 30 20 20 20 20 30 20 20 31 30 30 46 46 46 30 41 20 20 20 32 30 30 30 30 20 20 20 20 30 20 20 20 32 30 46 46 46 32 41 20 20 20 32 30 30 30 30 20 20 20 20 30 20 20 20 32 30 46 46 46 46 33 0D
[2026-10-02 17:17:50.588] [Bytes recibidos]: 1
[2026-10-02 17:17:50.588] [Bytes recibidos]: 83
[2026-10-02 17:17:50.589] [Bytes recibidos]: 48
[2026-10-02 17:17:50.589] [Bytes recibidos]: 48
[2026-10-02 17:17:50.590] [Bytes recibidos]: 32
[2026-10-02 17:17:50.590] [Bytes recibidos]: 32
[2026-10-02 17:17:50.591] [Bytes recibidos]: 32
[2026-10-02 17:17:50.591] [Bytes recibidos]: 50
[2026-10-02 17:17:50.592] [Bytes recibidos]: 48
[2026-10-02 17:17:50.592] [Bytes recibidos]: 48
[2026-10-02 17:17:50.593] [Bytes recibidos]: 48
[2026-10-02 17:17:50.593] [Bytes recibidos]: 48
[2026-10-02 17:17:50.594] [Bytes recibidos]: 45
[2026-10-02 17:17:50.594] [Bytes recibidos]: 32
[2026-10-02 17:17:50.595] [Bytes recibidos]: 32
[2026-10-02 17:17:50.595] [Bytes recibidos]: 50
[2026-10-02 17:17:50.596] [Bytes recibidos]: 49
[2026-10-02 17:17:50.596] [Bytes recibidos]: 32
[2026-10-02 17:17:50.596] [Bytes recibidos]: 32
[2026-10-02 17:17:50.597] [Bytes recibidos]: 49
[2026-10-02 17:17:50.597] [Bytes recibidos]: 50
[2026-10-02 17:17:50.598] [Bytes recibidos]: 49
[2026-10-02 17:17:50.598] [Bytes recibidos]: 70
[2026-10-02 17:17:50.599] [Bytes recibidos]: 70
[2026-10-02 17:17:50.599] [Bytes recibidos]: 70
[2026-10-02 17:17:50.600] [Bytes recibidos]: 48
[2026-10-02 17:17:50.600] [Bytes recibidos]: 49
[2026-10-02 17:17:50.601] [Bytes recibidos]: 32
[2026-10-02 17:17:50.601] [Bytes recibidos]: 32
[2026-10-02 17:17:50.601] [Bytes recibidos]: 32
[2026-10-02 17:17:50.602] [Bytes recibidos]: 50
[2026-10-02 17:17:50.602] [Bytes recibidos]: 48
[2026-10-02 17:17:50.603] [Bytes recibidos]: 48
[2026-10-02 17:17:50.603] [Bytes recibidos]: 48
[2026-10-02 17:17:50.604] [Bytes recibidos]: 48
[2026-10-02 17:17:50.604] [Bytes recibidos]: 45
[2026-10-02 17:17:50.605] [Bytes recibidos]: 32
[2026-10-02 17:17:50.605] [Bytes recibidos]: 49
[2026-10-02 17:17:50.605] [Bytes recibidos]: 56
[2026-10-02 17:17:50.606] [Bytes recibidos]: 49
[2026-10-02 17:17:50.606] [Bytes recibidos]: 32
[2026-10-02 17:17:50.607] [Bytes recibidos]: 32
[2026-10-02 17:17:50.607] [Bytes recibidos]: 49
[2026-10-02 17:17:50.607] [Bytes recibidos]: 56
[2026-10-02 17:17:50.608] [Bytes recibidos]: 49
[2026-10-02 17:17:50.608] [Bytes recibidos]: 70
[2026-10-02 17:17:50.609] [Bytes recibidos]: 70
[2026-10-02 17:17:50.609] [Bytes recibidos]: 70
[2026-10-02 17:17:50.610] [Bytes recibidos]: 48
[2026-10-02 17:17:50.610] [Bytes recibidos]: 53
[2026-10-02 17:17:50.611] [Bytes recibidos]: 32
[2026-10-02 17:17:50.611] [Bytes recibidos]: 32
[2026-10-02 17:17:50.611] [Bytes recibidos]: 32
[2026-10-02 17:17:50.612] [Bytes recibidos]: 50
[2026-10-02 17:17:50.612] [Bytes recibidos]: 48
[2026-10-02 17:17:50.612] [Bytes recibidos]: 48
[2026-10-02 17:17:50.613] [Bytes recibidos]: 48
[2026-10-02 17:17:50.613] [Bytes recibidos]: 48
[2026-10-02 17:17:50.614] [Bytes recibidos]: 32
[2026-10-02 17:17:50.614] [Bytes recibidos]: 32
[2026-10-02 17:17:50.614] [Bytes recibidos]: 32
[2026-10-02 17:17:50.615] [Bytes recibidos]: 32
[2026-10-02 17:17:50.615] [Bytes recibidos]: 48
[2026-10-02 17:17:50.615] [Bytes recibidos]: 32
[2026-10-02 17:17:50.616] [Bytes recibidos]: 32
[2026-10-02 17:17:50.616] [Bytes recibidos]: 49
[2026-10-02 17:17:50.617] [Bytes recibidos]: 48
[2026-10-02 17:17:50.617] [Bytes recibidos]: 48
[2026-10-02 17:17:50.618] [Bytes recibidos]: 70
[2026-10-02 17:17:50.618] [Bytes recibidos]: 70
[2026-10-02 17:17:50.618] [Bytes recibidos]: 70
[2026-10-02 17:17:50.619] [Bytes recibidos]: 48
[2026-10-02 17:17:50.619] [Bytes recibidos]: 54
[2026-10-02 17:17:50.620] [Bytes recibidos]: 32
[2026-10-02 17:17:50.620] [Bytes recibidos]: 32
[2026-10-02 17:17:50.620] [Bytes recibidos]: 32
[2026-10-02 17:17:50.621] [Bytes recibidos]: 50
[2026-10-02 17:17:50.621] [Bytes recibidos]: 48
[2026-10-02 17:17:50.622] [Bytes recibidos]: 48
[2026-10-02 17:17:50.622] [Bytes recibidos]: 48
[2026-10-02 17:17:50.622] [Bytes recibidos]: 48
[2026-10-02 17:17:50.623] [Bytes recibidos]: 32
[2026-10-02 17:17:50.623] [Bytes recibidos]: 32
[2026-10-02 17:17:50.624] [Bytes recibidos]: 32
[2026-10-02 17:17:50.624] [Bytes recibidos]: 32
[2026-10-02 17:17:50.625] [Bytes recibidos]: 48
[2026-10-02 17:17:50.625] [Bytes recibidos]: 32
[2026-10-02 17:17:50.625] [Bytes recibidos]: 32
[2026-10-02 17:17:50.626] [Bytes recibidos]: 49
[2026-10-02 17:17:50.626] [Bytes recibidos]: 50
[2026-10-02 17:17:50.627] [Bytes recibidos]: 48
[2026-10-02 17:17:50.627] [Bytes recibidos]: 70
[2026-10-02 17:17:50.627] [Bytes recibidos]: 70
[2026-10-02 17:17:50.628] [Bytes recibidos]: 70
[2026-10-02 17:17:50.628] [Bytes recibidos]: 48
[2026-10-02 17:17:50.629] [Bytes recibidos]: 55
[2026-10-02 17:17:50.629] [Bytes recibidos]: 32
[2026-10-02 17:17:50.629] [Bytes recibidos]: 32
[2026-10-02 17:17:50.630] [Bytes recibidos]: 32
[2026-10-02 17:17:50.630] [Bytes recibidos]: 50
[2026-10-02 17:17:50.631] [Bytes recibidos]: 48
[2026-10-02 17:17:50.631] [Bytes recibidos]: 48
[2026-10-02 17:17:50.631] [Bytes recibidos]: 48
[2026-10-02 17:17:50.632] [Bytes recibidos]: 48
[2026-10-02 17:17:50.632] [Bytes recibidos]: 32
[2026-10-02 17:17:50.632] [Bytes recibidos]: 32
[2026-10-02 17:17:50.633] [Bytes recibidos]: 32
[2026-10-02 17:17:50.633] [Bytes recibidos]: 32
[2026-10-02 17:17:50.633] [Bytes recibidos]: 48
[2026-10-02 17:17:50.634] [Bytes recibidos]: 32
[2026-10-02 17:17:50.634] [Bytes recibidos]: 32
[2026-10-02 17:17:50.634] [Bytes recibidos]: 32
[2026-10-02 17:17:50.635] [Bytes recibidos]: 50
[2026-10-02 17:17:50.635] [Bytes recibidos]: 48
[2026-10-02 17:17:50.636] [Bytes recibidos]: 70
[2026-10-02 17:17:50.636] [Bytes recibidos]: 70
[2026-10-02 17:17:50.636] [Bytes recibidos]: 70
[2026-10-02 17:17:50.637] [Bytes recibidos]: 48
[2026-10-02 17:17:50.637] [Bytes recibidos]: 56
[2026-10-02 17:17:50.637] [Bytes recibidos]: 32
[2026-10-02 17:17:50.638] [Bytes recibidos]: 32
[2026-10-02 17:17:50.638] [Bytes recibidos]: 32
[2026-10-02 17:17:50.638] [Bytes recibidos]: 50
[2026-10-02 17:17:50.639] [Bytes recibidos]: 48
[2026-10-02 17:17:50.639] [Bytes recibidos]: 48
[2026-10-02 17:17:50.639] [Bytes recibidos]: 48
[2026-10-02 17:17:50.640] [Bytes recibidos]: 48
[2026-10-02 17:17:50.640] [Bytes recibidos]: 32
[2026-10-02 17:17:50.640] [Bytes recibidos]: 32
[2026-10-02 17:17:50.641] [Bytes recibidos]: 32
[2026-10-02 17:17:50.641] [Bytes recibidos]: 32
[2026-10-02 17:17:50.641] [Bytes recibidos]: 48
[2026-10-02 17:17:50.642] [Bytes recibidos]: 32
[2026-10-02 17:17:50.642] [Bytes recibidos]: 32
[2026-10-02 17:17:50.642] [Bytes recibidos]: 49
[2026-10-02 17:17:50.643] [Bytes recibidos]: 48
[2026-10-02 17:17:50.643] [Bytes recibidos]: 48
[2026-10-02 17:17:50.644] [Bytes recibidos]: 70
[2026-10-02 17:17:50.644] [Bytes recibidos]: 70
[2026-10-02 17:17:50.644] [Bytes recibidos]: 70
[2026-10-02 17:17:50.645] [Bytes recibidos]: 48
[2026-10-02 17:17:50.645] [Bytes recibidos]: 65
[2026-10-02 17:17:50.645] [Bytes recibidos]: 32
[2026-10-02 17:17:50.646] [Bytes recibidos]: 32
[2026-10-02 17:17:50.646] [Bytes recibidos]: 32
[2026-10-02 17:17:50.646] [Bytes recibidos]: 50
[2026-10-02 17:17:50.647] [Bytes recibidos]: 48
[2026-10-02 17:17:50.647] [Bytes recibidos]: 48
[2026-10-02 17:17:50.647] [Bytes recibidos]: 48
[2026-10-02 17:17:50.648] [Bytes recibidos]: 48
[2026-10-02 17:17:50.648] [Bytes recibidos]: 32
[2026-10-02 17:17:50.648] [Bytes recibidos]: 32
[2026-10-02 17:17:50.649] [Bytes recibidos]: 32
[2026-10-02 17:17:50.649] [Bytes recibidos]: 32
[2026-10-02 17:17:50.650] [Bytes recibidos]: 48
[2026-10-02 17:17:50.650] [Bytes recibidos]: 32
[2026-10-02 17:17:50.651] [Bytes recibidos]: 32
[2026-10-02 17:17:50.651] [Bytes recibidos]: 32
[2026-10-02 17:17:50.651] [Bytes recibidos]: 50
[2026-10-02 17:17:50.652] [Bytes recibidos]: 48
[2026-10-02 17:17:50.652] [Bytes recibidos]: 70
[2026-10-02 17:17:50.652] [Bytes recibidos]: 70
[2026-10-02 17:17:50.653] [Bytes recibidos]: 70
[2026-10-02 17:17:50.653] [Bytes recibidos]: 50
[2026-10-02 17:17:50.653] [Bytes recibidos]: 65
[2026-10-02 17:17:50.653] [Bytes recibidos]: 32
[2026-10-02 17:17:50.654] [Bytes recibidos]: 32
[2026-10-02 17:17:50.654] [Bytes recibidos]: 32
[2026-10-02 17:17:50.654] [Bytes recibidos]: 50
[2026-10-02 17:17:50.655] [Bytes recibidos]: 48
[2026-10-02 17:17:50.655] [Bytes recibidos]: 48
[2026-10-02 17:17:50.655] [Bytes recibidos]: 48
[2026-10-02 17:17:50.656] [Bytes recibidos]: 48
[2026-10-02 17:17:50.656] [Bytes recibidos]: 32
[2026-10-02 17:17:50.656] [Bytes recibidos]: 32
[2026-10-02 17:17:50.657] [Bytes recibidos]: 32
[2026-10-02 17:17:50.657] [Bytes recibidos]: 32
[2026-10-02 17:17:50.657] [Bytes recibidos]: 48
[2026-10-02 17:17:50.657] [Bytes recibidos]: 32
[2026-10-02 17:17:50.658] [Bytes recibidos]: 32
[2026-10-02 17:17:50.658] [Bytes recibidos]: 32
[2026-10-02 17:17:50.658] [Bytes recibidos]: 50
[2026-10-02 17:17:50.659] [Bytes recibidos]: 48
[2026-10-02 17:17:50.659] [Bytes recibidos]: 70
[2026-10-02 17:17:50.659] [Bytes recibidos]: 70
[2026-10-02 17:17:50.660] [Bytes recibidos]: 70
[2026-10-02 17:17:50.660] [Bytes recibidos]: 70
[2026-10-02 17:17:50.660] [Bytes recibidos]: 51
[2026-10-02 17:17:50.660] [Bytes recibidos]: 13
[2026-10-02 17:17:52.662] Enviado: S | HEX: 1B 53 36 45 0D
[2026-10-02 17:17:52.873] Recibido ASCII: <SOH>S00   20000-  21  121FFF01   20000- 181  181FFF05   20000    0  100FFF06   20000    0  120FFF07   20000    0   20FFF08   20000    0  100FFF0A   20000    0   20FFF2A   20000    0   20FFFF3<CR>
[2026-10-02 17:17:52.873] Recibido HEX: 01 53 30 30 20 20 20 32 30 30 30 30 2D 20 20 32 31 20 20 31 32 31 46 46 46 30 31 20 20 20 32 30 30 30 30 2D 20 31 38 31 20 20 31 38 31 46 46 46 30 35 20 20 20 32 30 30 30 30 20 20 20 20 30 20 20 31 30 30 46 46 46 30 36 20 20 20 32 30 30 30 30 20 20 20 20 30 20 20 31 32 30 46 46 46 30 37 20 20 20 32 30 30 30 30 20 20 20 20 30 20 20 20 32 30 46 46 46 30 38 20 20 20 32 30 30 30 30 20 20 20 20 30 20 20 31 30 30 46 46 46 30 41 20 20 20 32 30 30 30 30 20 20 20 20 30 20 20 20 32 30 46 46 46 32 41 20 20 20 32 30 30 30 30 20 20 20 20 30 20 20 20 32 30 46 46 46 46 33 0D
[2026-10-02 17:17:53.879] Enviado: T0001010105010601070108010A012A01 | HEX: 1B 54 30 30 30 31 30 31 30 31 30 35 30 31 30 36 30 31 30 37 30 31 30 38 30 31 30 41 30 31 32 41 30 31 42 36 0D
[2026-10-02 17:17:53.961] Recibido ASCII: <SOH>T55<CR>
[2026-10-02 17:17:53.962] Recibido HEX: 01 54 35 35 0D
[2026-10-02 17:17:55.975] Datos recibidos (400 bytes): DF B8 8A BF 9F B5 BF 80 80 DF B8 8A BF 9F B5 BF 80 80 DF B8 8A BF 9F B5 BF 80 80 DF B8 8A BF 9F B4 BF 80 80 DF B8 8A BF 9F B4 BF 80 80 DF B8 8A BF 9F B4 BF 80 80 DF B8 8A BF 9F B4 BF 80 80 DF B7 8A BF 9F B4 BF 80 80 DF B7 8A BF 9F B3 BF 80 80 DF B7 8A BF 9F B3 BF 80 80 DF B7 8A BF 9F B2 BF 80 80 DF B7 8A BF 9F B2 BF 80 80 DF B7 8A BF 9F B2 BF 80 80 DF B7 8A BF 9F B0 BF 80 80 DF B7 8A BF 9F B0 BF 80 80 DF B6 8A BF 9F AF BF 80 80 DF B6 8A BF 9F AF BF 80 80 DF B6 8A BF 9F AE BF 80 80 DF B6 8A BF 9F AD BF 80 80 DF B6 8A BF 9F AD BF 80 80 DF B6 8A 80 A0 AD BF 80 80 DF B6 8A 80 A0 AD BF 80 80 DF B6 8A 80 A0 AD BF 80 80 DF B6 8A 80 A0 AD BF 80 80 DF B5 8A 80 A0 AD BF 80 80 DF B5 8A 80 A0 AD BF 80 80 DF B5 8A 80 A0 AD BF 80 80 DF B5 8A 80 A0 AD BF 80 80 DF B5 8A 80 A0 AD BF 80 80 DF B5 8A 80 A0 AD BF 80 80 DF B5 8A 80 A0 AD BF 80 80 DF B5 8A 80 A0 AD BF 80 80 DF B4 8A 80 A0 AD BF 80 80 DF B4 8A 80 A0 AD BF 80 80 DF B4 8A 80 A0 AD BF 80 80 DF B4 8A 80 A0 AD BF 80 80 DF B4 8A 80 A0 AD BF 80 80 DF B4 8A 80 A0 AE BF 80 80 DF B4 8A 80 A0 AE BF 80 80 DF B3 8A 80 A0 AE BF 80 80 DF B3 8A 80 A0 AF BF 80 80 DF B3 8A 80 A0 AF BF 80 80 DF B3 8A 80 A0 AF BF 80 80 DF B3 8A 80 A0 AF BF 80 80 DF B3 8A 80
[2026-10-02 17:17:55.975] [Bytes recibidos]: 223
[2026-10-02 17:17:55.975] [Bytes recibidos]: 184
[2026-10-02 17:17:55.976] [Bytes recibidos]: 138
[2026-10-02 17:17:55.976] [Bytes recibidos]: 191
[2026-10-02 17:17:55.976] [Bytes recibidos]: 159
[2026-10-02 17:17:55.976] [Bytes recibidos]: 181
[2026-10-02 17:17:55.977] [Bytes recibidos]: 191
[2026-10-02 17:17:55.977] [Bytes recibidos]: 128
[2026-10-02 17:17:55.977] [Bytes recibidos]: 128
[2026-10-02 17:17:55.977] [Bytes recibidos]: 223
[2026-10-02 17:17:55.978] [Bytes recibidos]: 184
[2026-10-02 17:17:55.978] [Bytes recibidos]: 138
[2026-10-02 17:17:55.978] [Bytes recibidos]: 191
[2026-10-02 17:17:55.978] [Bytes recibidos]: 159
[2026-10-02 17:17:55.979] [Bytes recibidos]: 181
[2026-10-02 17:17:55.979] [Bytes recibidos]: 191
[2026-10-02 17:17:55.979] [Bytes recibidos]: 128
[2026-10-02 17:17:55.979] [Bytes recibidos]: 128
[2026-10-02 17:17:55.980] [Bytes recibidos]: 223
[2026-10-02 17:17:55.980] [Bytes recibidos]: 184
[2026-10-02 17:17:55.980] [Bytes recibidos]: 138
[2026-10-02 17:17:55.980] [Bytes recibidos]: 191
[2026-10-02 17:17:55.981] [Bytes recibidos]: 159
[2026-10-02 17:17:55.981] [Bytes recibidos]: 181
[2026-10-02 17:17:55.981] [Bytes recibidos]: 191
[2026-10-02 17:17:55.982] [Bytes recibidos]: 128
[2026-10-02 17:17:55.982] [Bytes recibidos]: 128
[2026-10-02 17:17:55.982] [Bytes recibidos]: 223
[2026-10-02 17:17:55.983] [Bytes recibidos]: 184
[2026-10-02 17:17:55.983] [Bytes recibidos]: 138
[2026-10-02 17:17:55.983] [Bytes recibidos]: 191
[2026-10-02 17:17:55.984] [Bytes recibidos]: 159
[2026-10-02 17:17:55.984] [Bytes recibidos]: 180
[2026-10-02 17:17:55.984] [Bytes recibidos]: 191
[2026-10-02 17:17:55.985] [Bytes recibidos]: 128
[2026-10-02 17:17:55.985] [Bytes recibidos]: 128
[2026-10-02 17:17:55.985] [Bytes recibidos]: 223
[2026-10-02 17:17:55.985] [Bytes recibidos]: 184
[2026-10-02 17:17:55.986] [Bytes recibidos]: 138
[2026-10-02 17:17:55.986] [Bytes recibidos]: 191
[2026-10-02 17:17:55.986] [Bytes recibidos]: 159
[2026-10-02 17:17:55.987] [Bytes recibidos]: 180
[2026-10-02 17:17:55.987] [Bytes recibidos]: 191
[2026-10-02 17:17:55.987] [Bytes recibidos]: 128
[2026-10-02 17:17:55.988] [Bytes recibidos]: 128
[2026-10-02 17:17:55.988] [Bytes recibidos]: 223
[2026-10-02 17:17:55.988] [Bytes recibidos]: 184
[2026-10-02 17:17:55.988] [Bytes recibidos]: 138
[2026-10-02 17:17:55.989] [Bytes recibidos]: 191
[2026-10-02 17:17:55.989] [Bytes recibidos]: 159
[2026-10-02 17:17:55.989] [Bytes recibidos]: 180
[2026-10-02 17:17:55.990] [Bytes recibidos]: 191
[2026-10-02 17:17:55.990] [Bytes recibidos]: 128
[2026-10-02 17:17:55.990] [Bytes recibidos]: 128
[2026-10-02 17:17:55.990] [Bytes recibidos]: 223
[2026-10-02 17:17:55.991] [Bytes recibidos]: 184
[2026-10-02 17:17:55.991] [Bytes recibidos]: 138
[2026-10-02 17:17:55.991] [Bytes recibidos]: 191
[2026-10-02 17:17:55.991] [Bytes recibidos]: 159
[2026-10-02 17:17:55.992] [Bytes recibidos]: 180
[2026-10-02 17:17:55.992] [Bytes recibidos]: 191
[2026-10-02 17:17:55.992] [Bytes recibidos]: 128
[2026-10-02 17:17:55.993] [Bytes recibidos]: 128
[2026-10-02 17:17:55.993] [Bytes recibidos]: 223
[2026-10-02 17:17:55.993] [Bytes recibidos]: 183
[2026-10-02 17:17:55.994] [Bytes recibidos]: 138
[2026-10-02 17:17:55.994] [Bytes recibidos]: 191
[2026-10-02 17:17:55.994] [Bytes recibidos]: 159
[2026-10-02 17:17:55.994] [Bytes recibidos]: 180
[2026-10-02 17:17:55.995] [Bytes recibidos]: 191
[2026-10-02 17:17:55.995] [Bytes recibidos]: 128
[2026-10-02 17:17:55.995] [Bytes recibidos]: 128
[2026-10-02 17:17:55.995] [Bytes recibidos]: 223
[2026-10-02 17:17:55.996] [Bytes recibidos]: 183
[2026-10-02 17:17:55.996] [Bytes recibidos]: 138
[2026-10-02 17:17:55.996] [Bytes recibidos]: 191
[2026-10-02 17:17:55.996] [Bytes recibidos]: 159
[2026-10-02 17:17:55.996] [Bytes recibidos]: 179
[2026-10-02 17:17:55.997] [Bytes recibidos]: 191
[2026-10-02 17:17:55.997] [Bytes recibidos]: 128
[2026-10-02 17:17:55.997] [Bytes recibidos]: 128
[2026-10-02 17:17:55.997] [Bytes recibidos]: 223
[2026-10-02 17:17:55.997] [Bytes recibidos]: 183
[2026-10-02 17:17:55.998] [Bytes recibidos]: 138
[2026-10-02 17:17:55.998] [Bytes recibidos]: 191
[2026-10-02 17:17:55.998] [Bytes recibidos]: 159
[2026-10-02 17:17:55.998] [Bytes recibidos]: 179
[2026-10-02 17:17:55.999] [Bytes recibidos]: 191
[2026-10-02 17:17:55.999] [Bytes recibidos]: 128
[2026-10-02 17:17:55.999] [Bytes recibidos]: 128
[2026-10-02 17:17:55.999] [Bytes recibidos]: 223
[2026-10-02 17:17:55.999] [Bytes recibidos]: 183
[2026-10-02 17:17:56.000] [Bytes recibidos]: 138
[2026-10-02 17:17:56.000] [Bytes recibidos]: 191
[2026-10-02 17:17:56.000] [Bytes recibidos]: 159
[2026-10-02 17:17:56.001] [Bytes recibidos]: 178
[2026-10-02 17:17:56.001] [Bytes recibidos]: 191
[2026-10-02 17:17:56.001] [Bytes recibidos]: 128
[2026-10-02 17:17:56.002] [Bytes recibidos]: 128
[2026-10-02 17:17:56.002] [Bytes recibidos]: 223
[2026-10-02 17:17:56.002] [Bytes recibidos]: 183
[2026-10-02 17:17:56.002] [Bytes recibidos]: 138
[2026-10-02 17:17:56.003] [Bytes recibidos]: 191
[2026-10-02 17:17:56.003] [Bytes recibidos]: 159
[2026-10-02 17:17:56.003] [Bytes recibidos]: 178
[2026-10-02 17:17:56.004] [Bytes recibidos]: 191
[2026-10-02 17:17:56.004] [Bytes recibidos]: 128
[2026-10-02 17:17:56.004] [Bytes recibidos]: 128
[2026-10-02 17:17:56.004] [Bytes recibidos]: 223
[2026-10-02 17:17:56.005] [Bytes recibidos]: 183
[2026-10-02 17:17:56.005] [Bytes recibidos]: 138
[2026-10-02 17:17:56.005] [Bytes recibidos]: 191
[2026-10-02 17:17:56.005] [Bytes recibidos]: 159
[2026-10-02 17:17:56.006] [Bytes recibidos]: 178
[2026-10-02 17:17:56.006] [Bytes recibidos]: 191
[2026-10-02 17:17:56.006] [Bytes recibidos]: 128
[2026-10-02 17:17:56.006] [Bytes recibidos]: 128
[2026-10-02 17:17:56.006] [Bytes recibidos]: 223
[2026-10-02 17:17:56.007] [Bytes recibidos]: 183
[2026-10-02 17:17:56.007] [Bytes recibidos]: 138
[2026-10-02 17:17:56.007] [Bytes recibidos]: 191
[2026-10-02 17:17:56.007] [Bytes recibidos]: 159
[2026-10-02 17:17:56.007] [Bytes recibidos]: 176
[2026-10-02 17:17:56.007] [Bytes recibidos]: 191
[2026-10-02 17:17:56.008] [Bytes recibidos]: 128
[2026-10-02 17:17:56.008] [Bytes recibidos]: 128
[2026-10-02 17:17:56.008] [Bytes recibidos]: 223
[2026-10-02 17:17:56.008] [Bytes recibidos]: 183
[2026-10-02 17:17:56.009] [Bytes recibidos]: 138
[2026-10-02 17:17:56.009] [Bytes recibidos]: 191
[2026-10-02 17:17:56.009] [Bytes recibidos]: 159
[2026-10-02 17:17:56.009] [Bytes recibidos]: 176
[2026-10-02 17:17:56.010] [Bytes recibidos]: 191
[2026-10-02 17:17:56.010] [Bytes recibidos]: 128
[2026-10-02 17:17:56.010] [Bytes recibidos]: 128
[2026-10-02 17:17:56.010] [Bytes recibidos]: 223
[2026-10-02 17:17:56.011] [Bytes recibidos]: 182
[2026-10-02 17:17:56.011] [Bytes recibidos]: 138
[2026-10-02 17:17:56.011] [Bytes recibidos]: 191
[2026-10-02 17:17:56.011] [Bytes recibidos]: 159
[2026-10-02 17:17:56.012] [Bytes recibidos]: 175
[2026-10-02 17:17:56.012] [Bytes recibidos]: 191
[2026-10-02 17:17:56.012] [Bytes recibidos]: 128
[2026-10-02 17:17:56.013] [Bytes recibidos]: 128
[2026-10-02 17:17:56.013] [Bytes recibidos]: 223
[2026-10-02 17:17:56.013] [Bytes recibidos]: 182
[2026-10-02 17:17:56.013] [Bytes recibidos]: 138
[2026-10-02 17:17:56.014] [Bytes recibidos]: 191
[2026-10-02 17:17:56.014] [Bytes recibidos]: 159
[2026-10-02 17:17:56.014] [Bytes recibidos]: 175
[2026-10-02 17:17:56.014] [Bytes recibidos]: 191
[2026-10-02 17:17:56.014] [Bytes recibidos]: 128
[2026-10-02 17:17:56.015] [Bytes recibidos]: 128
[2026-10-02 17:17:56.015] [Bytes recibidos]: 223
[2026-10-02 17:17:56.015] [Bytes recibidos]: 182
[2026-10-02 17:17:56.016] [Bytes recibidos]: 138
[2026-10-02 17:17:56.016] [Bytes recibidos]: 191
[2026-10-02 17:17:56.016] [Bytes recibidos]: 159
[2026-10-02 17:17:56.016] [Bytes recibidos]: 174
[2026-10-02 17:17:56.016] [Bytes recibidos]: 191
[2026-10-02 17:17:56.017] [Bytes recibidos]: 128
[2026-10-02 17:17:56.017] [Bytes recibidos]: 128
[2026-10-02 17:17:56.017] [Bytes recibidos]: 223
[2026-10-02 17:17:56.017] [Bytes recibidos]: 182
[2026-10-02 17:17:56.018] [Bytes recibidos]: 138
[2026-10-02 17:17:56.018] [Bytes recibidos]: 191
[2026-10-02 17:17:56.018] [Bytes recibidos]: 159
[2026-10-02 17:17:56.018] [Bytes recibidos]: 173
[2026-10-02 17:17:56.019] [Bytes recibidos]: 191
[2026-10-02 17:17:56.019] [Bytes recibidos]: 128
[2026-10-02 17:17:56.019] [Bytes recibidos]: 128
[2026-10-02 17:17:56.019] [Bytes recibidos]: 223
[2026-10-02 17:17:56.020] [Bytes recibidos]: 182
[2026-10-02 17:17:56.020] [Bytes recibidos]: 138
[2026-10-02 17:17:56.020] [Bytes recibidos]: 191
[2026-10-02 17:17:56.020] [Bytes recibidos]: 159
[2026-10-02 17:17:56.021] [Bytes recibidos]: 173
[2026-10-02 17:17:56.021] [Bytes recibidos]: 191
[2026-10-02 17:17:56.021] [Bytes recibidos]: 128
[2026-10-02 17:17:56.021] [Bytes recibidos]: 128
[2026-10-02 17:17:56.022] [Bytes recibidos]: 223
[2026-10-02 17:17:56.022] [Bytes recibidos]: 182
[2026-10-02 17:17:56.022] [Bytes recibidos]: 138
[2026-10-02 17:17:56.022] [Bytes recibidos]: 128
[2026-10-02 17:17:56.023] [Bytes recibidos]: 160
[2026-10-02 17:17:56.023] [Bytes recibidos]: 173
[2026-10-02 17:17:56.023] [Bytes recibidos]: 191
[2026-10-02 17:17:56.023] [Bytes recibidos]: 128
[2026-10-02 17:17:56.023] [Bytes recibidos]: 128
[2026-10-02 17:17:56.024] [Bytes recibidos]: 223
[2026-10-02 17:17:56.024] [Bytes recibidos]: 182
[2026-10-02 17:17:56.024] [Bytes recibidos]: 138
[2026-10-02 17:17:56.024] [Bytes recibidos]: 128
[2026-10-02 17:17:56.025] [Bytes recibidos]: 160
[2026-10-02 17:17:56.025] [Bytes recibidos]: 173
[2026-10-02 17:17:56.025] [Bytes recibidos]: 191
[2026-10-02 17:17:56.025] [Bytes recibidos]: 128
[2026-10-02 17:17:56.026] [Bytes recibidos]: 128
[2026-10-02 17:17:56.026] [Bytes recibidos]: 223
[2026-10-02 17:17:56.026] [Bytes recibidos]: 182
[2026-10-02 17:17:56.026] [Bytes recibidos]: 138
[2026-10-02 17:17:56.027] [Bytes recibidos]: 128
[2026-10-02 17:17:56.027] [Bytes recibidos]: 160
[2026-10-02 17:17:56.027] [Bytes recibidos]: 173
[2026-10-02 17:17:56.027] [Bytes recibidos]: 191
[2026-10-02 17:17:56.027] [Bytes recibidos]: 128
[2026-10-02 17:17:56.028] [Bytes recibidos]: 128
[2026-10-02 17:17:56.028] [Bytes recibidos]: 223
[2026-10-02 17:17:56.028] [Bytes recibidos]: 182
[2026-10-02 17:17:56.028] [Bytes recibidos]: 138
[2026-10-02 17:17:56.029] [Bytes recibidos]: 128
[2026-10-02 17:17:56.029] [Bytes recibidos]: 160
[2026-10-02 17:17:56.029] [Bytes recibidos]: 173
[2026-10-02 17:17:56.029] [Bytes recibidos]: 191
[2026-10-02 17:17:56.030] [Bytes recibidos]: 128
[2026-10-02 17:17:56.030] [Bytes recibidos]: 128
[2026-10-02 17:17:56.030] [Bytes recibidos]: 223
[2026-10-02 17:17:56.030] [Bytes recibidos]: 181
[2026-10-02 17:17:56.030] [Bytes recibidos]: 138
[2026-10-02 17:17:56.031] [Bytes recibidos]: 128
[2026-10-02 17:17:56.031] [Bytes recibidos]: 160
[2026-10-02 17:17:56.031] [Bytes recibidos]: 173
[2026-10-02 17:17:56.031] [Bytes recibidos]: 191
[2026-10-02 17:17:56.031] [Bytes recibidos]: 128
[2026-10-02 17:17:56.032] [Bytes recibidos]: 128
[2026-10-02 17:17:56.032] [Bytes recibidos]: 223
[2026-10-02 17:17:56.032] [Bytes recibidos]: 181
[2026-10-02 17:17:56.032] [Bytes recibidos]: 138
[2026-10-02 17:17:56.032] [Bytes recibidos]: 128
[2026-10-02 17:17:56.033] [Bytes recibidos]: 160
[2026-10-02 17:17:56.033] [Bytes recibidos]: 173
[2026-10-02 17:17:56.033] [Bytes recibidos]: 191
[2026-10-02 17:17:56.033] [Bytes recibidos]: 128
[2026-10-02 17:17:56.033] [Bytes recibidos]: 128
[2026-10-02 17:17:56.034] [Bytes recibidos]: 223
[2026-10-02 17:17:56.034] [Bytes recibidos]: 181
[2026-10-02 17:17:56.034] [Bytes recibidos]: 138
[2026-10-02 17:17:56.034] [Bytes recibidos]: 128
[2026-10-02 17:17:56.035] [Bytes recibidos]: 160
[2026-10-02 17:17:56.035] [Bytes recibidos]: 173
[2026-10-02 17:17:56.035] [Bytes recibidos]: 191
[2026-10-02 17:17:56.035] [Bytes recibidos]: 128
[2026-10-02 17:17:56.035] [Bytes recibidos]: 128
[2026-10-02 17:17:56.036] [Bytes recibidos]: 223
[2026-10-02 17:17:56.036] [Bytes recibidos]: 181
[2026-10-02 17:17:56.036] [Bytes recibidos]: 138
[2026-10-02 17:17:56.036] [Bytes recibidos]: 128
[2026-10-02 17:17:56.036] [Bytes recibidos]: 160
[2026-10-02 17:17:56.037] [Bytes recibidos]: 173
[2026-10-02 17:17:56.037] [Bytes recibidos]: 191
[2026-10-02 17:17:56.037] [Bytes recibidos]: 128
[2026-10-02 17:17:56.037] [Bytes recibidos]: 128
[2026-10-02 17:17:56.038] [Bytes recibidos]: 223
[2026-10-02 17:17:56.038] [Bytes recibidos]: 181
[2026-10-02 17:17:56.038] [Bytes recibidos]: 138
[2026-10-02 17:17:56.038] [Bytes recibidos]: 128
[2026-10-02 17:17:56.039] [Bytes recibidos]: 160
[2026-10-02 17:17:56.039] [Bytes recibidos]: 173
[2026-10-02 17:17:56.039] [Bytes recibidos]: 191
[2026-10-02 17:17:56.039] [Bytes recibidos]: 128
[2026-10-02 17:17:56.040] [Bytes recibidos]: 128
[2026-10-02 17:17:56.040] [Bytes recibidos]: 223
[2026-10-02 17:17:56.040] [Bytes recibidos]: 181
[2026-10-02 17:17:56.040] [Bytes recibidos]: 138
[2026-10-02 17:17:56.041] [Bytes recibidos]: 128
[2026-10-02 17:17:56.041] [Bytes recibidos]: 160
[2026-10-02 17:17:56.041] [Bytes recibidos]: 173
[2026-10-02 17:17:56.041] [Bytes recibidos]: 191
[2026-10-02 17:17:56.041] [Bytes recibidos]: 128
[2026-10-02 17:17:56.042] [Bytes recibidos]: 128
[2026-10-02 17:17:56.042] [Bytes recibidos]: 223
[2026-10-02 17:17:56.042] [Bytes recibidos]: 181
[2026-10-02 17:17:56.042] [Bytes recibidos]: 138
[2026-10-02 17:17:56.043] [Bytes recibidos]: 128
[2026-10-02 17:17:56.043] [Bytes recibidos]: 160
[2026-10-02 17:17:56.043] [Bytes recibidos]: 173
[2026-10-02 17:17:56.043] [Bytes recibidos]: 191
[2026-10-02 17:17:56.043] [Bytes recibidos]: 128
[2026-10-02 17:17:56.044] [Bytes recibidos]: 128
[2026-10-02 17:17:56.044] [Bytes recibidos]: 223
[2026-10-02 17:17:56.044] [Bytes recibidos]: 181
[2026-10-02 17:17:56.044] [Bytes recibidos]: 138
[2026-10-02 17:17:56.044] [Bytes recibidos]: 128
[2026-10-02 17:17:56.045] [Bytes recibidos]: 160
[2026-10-02 17:17:56.045] [Bytes recibidos]: 173
[2026-10-02 17:17:56.045] [Bytes recibidos]: 191
[2026-10-02 17:17:56.045] [Bytes recibidos]: 128
[2026-10-02 17:17:56.045] [Bytes recibidos]: 128
[2026-10-02 17:17:56.046] [Bytes recibidos]: 223
[2026-10-02 17:17:56.046] [Bytes recibidos]: 180
[2026-10-02 17:17:56.046] [Bytes recibidos]: 138
[2026-10-02 17:17:56.047] [Bytes recibidos]: 128
[2026-10-02 17:17:56.047] [Bytes recibidos]: 160
[2026-10-02 17:17:56.047] [Bytes recibidos]: 173
[2026-10-02 17:17:56.047] [Bytes recibidos]: 191
[2026-10-02 17:17:56.048] [Bytes recibidos]: 128
[2026-10-02 17:17:56.048] [Bytes recibidos]: 128
[2026-10-02 17:17:56.048] [Bytes recibidos]: 223
[2026-10-02 17:17:56.048] [Bytes recibidos]: 180
[2026-10-02 17:17:56.049] [Bytes recibidos]: 138
[2026-10-02 17:17:56.049] [Bytes recibidos]: 128
[2026-10-02 17:17:56.050] [Bytes recibidos]: 160
[2026-10-02 17:17:56.050] [Bytes recibidos]: 173
[2026-10-02 17:17:56.050] [Bytes recibidos]: 191
[2026-10-02 17:17:56.050] [Bytes recibidos]: 128
[2026-10-02 17:17:56.051] [Bytes recibidos]: 128
[2026-10-02 17:17:56.051] [Bytes recibidos]: 223
[2026-10-02 17:17:56.051] [Bytes recibidos]: 180
[2026-10-02 17:17:56.051] [Bytes recibidos]: 138
[2026-10-02 17:17:56.051] [Bytes recibidos]: 128
[2026-10-02 17:17:56.052] [Bytes recibidos]: 160
[2026-10-02 17:17:56.052] [Bytes recibidos]: 173
[2026-10-02 17:17:56.052] [Bytes recibidos]: 191
[2026-10-02 17:17:56.052] [Bytes recibidos]: 128
[2026-10-02 17:17:56.052] [Bytes recibidos]: 128
[2026-10-02 17:17:56.052] [Bytes recibidos]: 223
[2026-10-02 17:17:56.053] [Bytes recibidos]: 180
[2026-10-02 17:17:56.053] [Bytes recibidos]: 138
[2026-10-02 17:17:56.053] [Bytes recibidos]: 128
[2026-10-02 17:17:56.053] [Bytes recibidos]: 160
[2026-10-02 17:17:56.053] [Bytes recibidos]: 173
[2026-10-02 17:17:56.054] [Bytes recibidos]: 191
[2026-10-02 17:17:56.054] [Bytes recibidos]: 128
[2026-10-02 17:17:56.054] [Bytes recibidos]: 128
[2026-10-02 17:17:56.054] [Bytes recibidos]: 223
[2026-10-02 17:17:56.054] [Bytes recibidos]: 180
[2026-10-02 17:17:56.055] [Bytes recibidos]: 138
[2026-10-02 17:17:56.055] [Bytes recibidos]: 128
[2026-10-02 17:17:56.055] [Bytes recibidos]: 160
[2026-10-02 17:17:56.055] [Bytes recibidos]: 173
[2026-10-02 17:17:56.055] [Bytes recibidos]: 191
[2026-10-02 17:17:56.056] [Bytes recibidos]: 128
[2026-10-02 17:17:56.056] [Bytes recibidos]: 128
[2026-10-02 17:17:56.056] [Bytes recibidos]: 223
[2026-10-02 17:17:56.056] [Bytes recibidos]: 180
[2026-10-02 17:17:56.056] [Bytes recibidos]: 138
[2026-10-02 17:17:56.056] [Bytes recibidos]: 128
[2026-10-02 17:17:56.057] [Bytes recibidos]: 160
[2026-10-02 17:17:56.057] [Bytes recibidos]: 174
[2026-10-02 17:17:56.057] [Bytes recibidos]: 191
[2026-10-02 17:17:56.057] [Bytes recibidos]: 128
[2026-10-02 17:17:56.057] [Bytes recibidos]: 128
[2026-10-02 17:17:56.057] [Bytes recibidos]: 223
[2026-10-02 17:17:56.058] [Bytes recibidos]: 180
[2026-10-02 17:17:56.058] [Bytes recibidos]: 138
[2026-10-02 17:17:56.058] [Bytes recibidos]: 128
[2026-10-02 17:17:56.058] [Bytes recibidos]: 160
[2026-10-02 17:17:56.058] [Bytes recibidos]: 174
[2026-10-02 17:17:56.059] [Bytes recibidos]: 191
[2026-10-02 17:17:56.059] [Bytes recibidos]: 128
[2026-10-02 17:17:56.059] [Bytes recibidos]: 128
[2026-10-02 17:17:56.059] [Bytes recibidos]: 223
[2026-10-02 17:17:56.059] [Bytes recibidos]: 179
[2026-10-02 17:17:56.059] [Bytes recibidos]: 138
[2026-10-02 17:17:56.060] [Bytes recibidos]: 128
[2026-10-02 17:17:56.060] [Bytes recibidos]: 160
[2026-10-02 17:17:56.060] [Bytes recibidos]: 174
[2026-10-02 17:17:56.060] [Bytes recibidos]: 191
[2026-10-02 17:17:56.060] [Bytes recibidos]: 128
[2026-10-02 17:17:56.061] [Bytes recibidos]: 128
[2026-10-02 17:17:56.061] [Bytes recibidos]: 223
[2026-10-02 17:17:56.061] [Bytes recibidos]: 179
[2026-10-02 17:17:56.061] [Bytes recibidos]: 138
[2026-10-02 17:17:56.061] [Bytes recibidos]: 128
[2026-10-02 17:17:56.061] [Bytes recibidos]: 160
[2026-10-02 17:17:56.062] [Bytes recibidos]: 175
[2026-10-02 17:17:56.062] [Bytes recibidos]: 191
[2026-10-02 17:17:56.062] [Bytes recibidos]: 128
[2026-10-02 17:17:56.062] [Bytes recibidos]: 128
[2026-10-02 17:17:56.062] [Bytes recibidos]: 223
[2026-10-02 17:17:56.062] [Bytes recibidos]: 179
[2026-10-02 17:17:56.063] [Bytes recibidos]: 138
[2026-10-02 17:17:56.063] [Bytes recibidos]: 128
[2026-10-02 17:17:56.063] [Bytes recibidos]: 160
[2026-10-02 17:17:56.063] [Bytes recibidos]: 175
[2026-10-02 17:17:56.063] [Bytes recibidos]: 191
[2026-10-02 17:17:56.064] [Bytes recibidos]: 128
[2026-10-02 17:17:56.064] [Bytes recibidos]: 128
[2026-10-02 17:17:56.064] [Bytes recibidos]: 223
[2026-10-02 17:17:56.064] [Bytes recibidos]: 179
[2026-10-02 17:17:56.064] [Bytes recibidos]: 138
[2026-10-02 17:17:56.065] [Bytes recibidos]: 128
[2026-10-02 17:17:56.065] [Bytes recibidos]: 160
[2026-10-02 17:17:56.065] [Bytes recibidos]: 175
[2026-10-02 17:17:56.065] [Bytes recibidos]: 191
[2026-10-02 17:17:56.065] [Bytes recibidos]: 128
[2026-10-02 17:17:56.065] [Bytes recibidos]: 128
[2026-10-02 17:17:56.066] [Bytes recibidos]: 223
[2026-10-02 17:17:56.066] [Bytes recibidos]: 179
[2026-10-02 17:17:56.066] [Bytes recibidos]: 138
[2026-10-02 17:17:56.066] [Bytes recibidos]: 128
[2026-10-02 17:17:56.066] [Bytes recibidos]: 160
[2026-10-02 17:17:56.067] [Bytes recibidos]: 175
[2026-10-02 17:17:56.067] [Bytes recibidos]: 191
[2026-10-02 17:17:56.067] [Bytes recibidos]: 128
[2026-10-02 17:17:56.067] [Bytes recibidos]: 128
[2026-10-02 17:17:56.067] [Bytes recibidos]: 223
[2026-10-02 17:17:56.067] [Bytes recibidos]: 179
[2026-10-02 17:17:56.068] [Bytes recibidos]: 138
[2026-10-02 17:17:56.068] [Bytes recibidos]: 128
[2026-10-02 17:17:56.071] [Data Recibida]: 104.35531135531136
[2026-10-02 17:17:56.072] [MIN]: -21
[2026-10-02 17:17:56.072] [MAX]: 121
[2026-10-02 17:17:56.073] [MAXBIN]: 4095
[2026-10-02 17:17:56.073] [Data Recibida]: 176.31477411477414
[2026-10-02 17:17:56.073] [MIN]: -181
[2026-10-02 17:17:56.073] [MAX]: 181
[2026-10-02 17:17:56.073] [MAXBIN]: 4095
[2026-10-02 17:17:56.074] [Data Recibida]: 83.58974358974359
[2026-10-02 17:17:56.074] [MIN]: 0
[2026-10-02 17:17:56.074] [MAX]: 100
[2026-10-02 17:17:56.074] [MAXBIN]: 4095
[2026-10-02 17:17:56.075] [Data Recibida]: 1.8461538461538463
[2026-10-02 17:17:56.075] [MIN]: 0
[2026-10-02 17:17:56.075] [MAX]: 120
[2026-10-02 17:17:56.075] [MAXBIN]: 4095
[2026-10-02 17:17:56.075] [Data Recibida]: 9.68986568986569
[2026-10-02 17:17:56.075] [MIN]: 0
[2026-10-02 17:17:56.076] [MAX]: 20
[2026-10-02 17:17:56.076] [MAXBIN]: 4095
[2026-10-02 17:17:56.076] [Data Recibida]: 16.996336996336996
[2026-10-02 17:17:56.076] [MIN]: 0
[2026-10-02 17:17:56.076] [MAX]: 100
[2026-10-02 17:17:56.077] [MAXBIN]: 4095
[2026-10-02 17:17:56.077] [Data Recibida]: 9.997557997557998
[2026-10-02 17:17:56.077] [MIN]: 0
[2026-10-02 17:17:56.077] [MAX]: 20
[2026-10-02 17:17:56.078] [MAXBIN]: 4095
[2026-10-02 17:17:56.078] [Data Recibida]: 19.95115995115995
[2026-10-02 17:17:56.078] [MIN]: 0
[2026-10-02 17:17:56.078] [MAX]: 20
[2026-10-02 17:17:56.078] [MAXBIN]: 4095
[2026-10-02 17:17:58.093] Datos recibidos (961 bytes): A0 AF BF 80 80 DF B3 8A 80 A0 B0 BF 80 80 DF B3 8A 80 A0 B0 BF 80 80 DF B3 8A 80 A0 AF BF 80 80 DF B2 8A 80 A0 AF BF 80 80 DF B2 8A 80 A0 AF BF 80 80 DF B2 8A 80 A0 AE BF 80 80 DF B2 8A 80 A0 AD BF 80 80 DF B2 8A 80 A0 AD BF 80 80 DF B2 8A 80 A0 AD BF 80 80 DF B2 8A 80 A0 AD BF 80 80 DF B1 8A 80 A0 AC BF 80 80 DF B1 8A 80 A0 AC BF 80 80 DF B1 8A 80 A0 AC BF 80 80 DF B1 8A 80 A0 AB BF 80 80 DF B1 8A 80 A0 AB BF 80 80 DF B1 8A 80 A0 AB BF 80 80 DF B1 8A 80 A0 AB BF 80 80 DF B1 8A 80 A0 AB BF 80 80 DF B0 8A 80 A0 AA BF 80 80 DF B0 8A 80 A0 AA BF 80 80 DF B0 8A 80 A0 A9 BF 80 80 DF B0 8A 80 A0 A9 BF 80 80 DF C6 C0 B0 8A 80 A0 A8 BF 80 80 DF B0 8A 80 A0 A7 BF 80 80 DF B0 8A 81 A0 A7 BF 80 80 DF B2 8A 90 A0 A6 BF 80 80 DF B3 8A 9B A0 A6 BF 80 80 DF BA 8A B8 A0 A7 BF 80 80 DF 8A 8B AD A1 A7 BF 80 80 DF 98 8B 8C A2 A7 BF 80 80 DF A0 8B 9A A2 A7 BF 80 80 DF B0 8B AF A2 A7 BF 80 80 DF 80 8C BC A2 A7 BF 80 80 DF 98 8C 84 A3 A7 BF 80 80 DF A0 8C 85 A3 A7 BF 80 80 DF B6 8C 84 A3 A8 BF 80 80 DF BD 8C 84 A3 A8 BF 80 80 DF 8A 8D 83 A3 A9 BF 80 80 DF 9E 8D 82 A3 AA BF 80 80 DF AB 8D 82 A3 AA BF 80 80 DF B8 8D 82 A3 AB BF 80 80 DF BE 8D 82 A3 AB BF 80 80 DF 8B 8E 82 A3 AB BF 80 80 DF 9D 8E 83 A3 AC BF 80 80 DF A3 8E 84 A3 AC BF 80 80 DF B5 8E 85 A3 AD BF 80 80 DF BB 8E 86 A3 AD BF 80 80 DF 87 8F 86 A3 AD BF 80 80 DF 98 8F 87 A3 AD BF 80 80 DF 9E 8F 88 A3 AD BF 80 80 DF A9 8F 89 A3 AE BF 80 80 DF B3 8F 8B A3 AE BF 80 80 DF BD 8F 8D A3 AE BF 80 80 DF 8B 90 91 A3 AE BF 80 80 DF 8F 90 92 A3 AE BF 80 80 DF 9A 90 97 A3 AE BF 80 80 DF 9D 90 98 A3 AE BF 80 80 DF A3 90 9B A3 AE BF 80 80 DF AC 90 9E A3 AD BF 80 80 DF AF 90 A0 A3 AD BF 80 80 DF B7 90 A2 A3 AD BF 80 80 DF B9 90 A3 A3 AC BF 80 80 DF BE 90 A4 A3 AC BF 80 80 DF 86 91 A5 A3 AC BF 80 80 DF 88 91 A6 A3 AC BF 80 80 DF 90 91 A7 A3 AD BF 80 80 DF 93 91 A7 A3 AD BF 80 80 DF 98 91 A8 A3 AD BF 80 80 DF A0 91 A8 A3 AE BF 80 80 DF A6 91 A8 A3 AE BF 80 80 DF A8 91 A8 A3 AE BF 80 80 DF AE 91 A9 A3 AE BF 80 80 DF B3 91 A9 A3 AE BF 80 80 DF BB 91 A9 A3 AE BF 80 80 DF BE 91 A9 A3 AE BF 80 80 DF 86 92 A9 A3 AE BF 80 80 DF 88 92 A9 A3 AE BF 80 80 DF 8E 92 A9 A3 AE BF 80 80 DF 96 92 A9 A3 AF BF 80 80 DF 9C 92 A9 A3 AF BF 80 80 DF A1 92 AA A3 AF BF 80 80 DF A4 92 AA A3 AF BF 80 80 DF A9 92 AA A3 AF BF 80 80 DF B1 92 AA A3 AE BF 80 80 DF B4 92 AA A3 AE BF 80 80 DF BC 92 AA A3 AE BF 80 80 DF BE 92 AA A3 AE BF 80 80 DF 83 93 AB A3 AE BF 80 80 DF 8A 93 AC A3 AD BF 80 80 DF 8F 93 AC A3 AD BF 80 80 DF 93 93 AD A3 AD BF 80 80 DF 95 93 AE A3 AC BF 80 80 DF 98 93 AF A3 AC BF 80 80 DF 9D 93 B1 A3 AB BF 80 80 DF 9D 93 B3 A3 AB BF 80 80 DF 9E 93 B7 A3 AB BF 80 80 DF 9D 93 B9 A3 AB BF 80 80 DF 9A 93 B7 A3 AC BF 80 80 DF 93 93 9C A3 AC BF 80 80 DF 8F 93 8B A3 AC BF 80 80 DF 81 93 8C A2 AC BF 80 80 DF BD 92 B6 A1 AC BF 80 80 DF B4 92 8E A1 AC BF 80 80 DF AA 92 A1 A0 AC BF 80 80 DF A8 92 97 A0 AC BF 80 80 DF A3 92 85 A0 AC BF 80 80
[2026-10-02 17:17:58.094] [Bytes recibidos]: 160
[2026-10-02 17:17:58.094] [Bytes recibidos]: 175
[2026-10-02 17:17:58.094] [Bytes recibidos]: 191
[2026-10-02 17:17:58.094] [Bytes recibidos]: 128
[2026-10-02 17:17:58.094] [Bytes recibidos]: 128
[2026-10-02 17:17:58.094] [Bytes recibidos]: 223
[2026-10-02 17:17:58.094] [Bytes recibidos]: 179
[2026-10-02 17:17:58.095] [Bytes recibidos]: 138
[2026-10-02 17:17:58.095] [Bytes recibidos]: 128
[2026-10-02 17:17:58.095] [Bytes recibidos]: 160
[2026-10-02 17:17:58.095] [Bytes recibidos]: 176
[2026-10-02 17:17:58.095] [Bytes recibidos]: 191
[2026-10-02 17:17:58.095] [Bytes recibidos]: 128
[2026-10-02 17:17:58.096] [Bytes recibidos]: 128
[2026-10-02 17:17:58.096] [Bytes recibidos]: 223
[2026-10-02 17:17:58.096] [Bytes recibidos]: 179
[2026-10-02 17:17:58.096] [Bytes recibidos]: 138
[2026-10-02 17:17:58.096] [Bytes recibidos]: 128
[2026-10-02 17:17:58.096] [Bytes recibidos]: 160
[2026-10-02 17:17:58.096] [Bytes recibidos]: 176
[2026-10-02 17:17:58.097] [Bytes recibidos]: 191
[2026-10-02 17:17:58.097] [Bytes recibidos]: 128
[2026-10-02 17:17:58.097] [Bytes recibidos]: 128
[2026-10-02 17:17:58.097] [Bytes recibidos]: 223
[2026-10-02 17:17:58.097] [Bytes recibidos]: 179
[2026-10-02 17:17:58.097] [Bytes recibidos]: 138
[2026-10-02 17:17:58.098] [Bytes recibidos]: 128
[2026-10-02 17:17:58.098] [Bytes recibidos]: 160
[2026-10-02 17:17:58.098] [Bytes recibidos]: 175
[2026-10-02 17:17:58.098] [Bytes recibidos]: 191
[2026-10-02 17:17:58.098] [Bytes recibidos]: 128
[2026-10-02 17:17:58.098] [Bytes recibidos]: 128
[2026-10-02 17:17:58.099] [Bytes recibidos]: 223
[2026-10-02 17:17:58.099] [Bytes recibidos]: 178
[2026-10-02 17:17:58.099] [Bytes recibidos]: 138
[2026-10-02 17:17:58.099] [Bytes recibidos]: 128
[2026-10-02 17:17:58.099] [Bytes recibidos]: 160
[2026-10-02 17:17:58.099] [Bytes recibidos]: 175
[2026-10-02 17:17:58.100] [Bytes recibidos]: 191
[2026-10-02 17:17:58.100] [Bytes recibidos]: 128
[2026-10-02 17:17:58.100] [Bytes recibidos]: 128
[2026-10-02 17:17:58.100] [Bytes recibidos]: 223
[2026-10-02 17:17:58.100] [Bytes recibidos]: 178
[2026-10-02 17:17:58.100] [Bytes recibidos]: 138
[2026-10-02 17:17:58.101] [Bytes recibidos]: 128
[2026-10-02 17:17:58.101] [Bytes recibidos]: 160
[2026-10-02 17:17:58.101] [Bytes recibidos]: 175
[2026-10-02 17:17:58.101] [Bytes recibidos]: 191
[2026-10-02 17:17:58.101] [Bytes recibidos]: 128
[2026-10-02 17:17:58.101] [Bytes recibidos]: 128
[2026-10-02 17:17:58.102] [Bytes recibidos]: 223
[2026-10-02 17:17:58.102] [Bytes recibidos]: 178
[2026-10-02 17:17:58.102] [Bytes recibidos]: 138
[2026-10-02 17:17:58.102] [Bytes recibidos]: 128
[2026-10-02 17:17:58.102] [Bytes recibidos]: 160
[2026-10-02 17:17:58.102] [Bytes recibidos]: 174
[2026-10-02 17:17:58.102] [Bytes recibidos]: 191
[2026-10-02 17:17:58.103] [Bytes recibidos]: 128
[2026-10-02 17:17:58.103] [Bytes recibidos]: 128
[2026-10-02 17:17:58.103] [Bytes recibidos]: 223
[2026-10-02 17:17:58.103] [Bytes recibidos]: 178
[2026-10-02 17:17:58.103] [Bytes recibidos]: 138
[2026-10-02 17:17:58.103] [Bytes recibidos]: 128
[2026-10-02 17:17:58.103] [Bytes recibidos]: 160
[2026-10-02 17:17:58.104] [Bytes recibidos]: 173
[2026-10-02 17:17:58.104] [Bytes recibidos]: 191
[2026-10-02 17:17:58.104] [Bytes recibidos]: 128
[2026-10-02 17:17:58.104] [Bytes recibidos]: 128
[2026-10-02 17:17:58.104] [Bytes recibidos]: 223
[2026-10-02 17:17:58.104] [Bytes recibidos]: 178
[2026-10-02 17:17:58.104] [Bytes recibidos]: 138
[2026-10-02 17:17:58.104] [Bytes recibidos]: 128
[2026-10-02 17:17:58.105] [Bytes recibidos]: 160
[2026-10-02 17:17:58.105] [Bytes recibidos]: 173
[2026-10-02 17:17:58.105] [Bytes recibidos]: 191
[2026-10-02 17:17:58.105] [Bytes recibidos]: 128
[2026-10-02 17:17:58.105] [Bytes recibidos]: 128
[2026-10-02 17:17:58.105] [Bytes recibidos]: 223
[2026-10-02 17:17:58.106] [Bytes recibidos]: 178
[2026-10-02 17:17:58.106] [Bytes recibidos]: 138
[2026-10-02 17:17:58.106] [Bytes recibidos]: 128
[2026-10-02 17:17:58.106] [Bytes recibidos]: 160
[2026-10-02 17:17:58.106] [Bytes recibidos]: 173
[2026-10-02 17:17:58.106] [Bytes recibidos]: 191
[2026-10-02 17:17:58.106] [Bytes recibidos]: 128
[2026-10-02 17:17:58.107] [Bytes recibidos]: 128
[2026-10-02 17:17:58.107] [Bytes recibidos]: 223
[2026-10-02 17:17:58.107] [Bytes recibidos]: 178
[2026-10-02 17:17:58.107] [Bytes recibidos]: 138
[2026-10-02 17:17:58.107] [Bytes recibidos]: 128
[2026-10-02 17:17:58.107] [Bytes recibidos]: 160
[2026-10-02 17:17:58.107] [Bytes recibidos]: 173
[2026-10-02 17:17:58.108] [Bytes recibidos]: 191
[2026-10-02 17:17:58.108] [Bytes recibidos]: 128
[2026-10-02 17:17:58.108] [Bytes recibidos]: 128
[2026-10-02 17:17:58.108] [Bytes recibidos]: 223
[2026-10-02 17:17:58.108] [Bytes recibidos]: 177
[2026-10-02 17:17:58.108] [Bytes recibidos]: 138
[2026-10-02 17:17:58.108] [Bytes recibidos]: 128
[2026-10-02 17:17:58.109] [Bytes recibidos]: 160
[2026-10-02 17:17:58.109] [Bytes recibidos]: 172
[2026-10-02 17:17:58.109] [Bytes recibidos]: 191
[2026-10-02 17:17:58.109] [Bytes recibidos]: 128
[2026-10-02 17:17:58.109] [Bytes recibidos]: 128
[2026-10-02 17:17:58.109] [Bytes recibidos]: 223
[2026-10-02 17:17:58.109] [Bytes recibidos]: 177
[2026-10-02 17:17:58.109] [Bytes recibidos]: 138
[2026-10-02 17:17:58.110] [Bytes recibidos]: 128
[2026-10-02 17:17:58.110] [Bytes recibidos]: 160
[2026-10-02 17:17:58.110] [Bytes recibidos]: 172
[2026-10-02 17:17:58.110] [Bytes recibidos]: 191
[2026-10-02 17:17:58.110] [Bytes recibidos]: 128
[2026-10-02 17:17:58.110] [Bytes recibidos]: 128
[2026-10-02 17:17:58.110] [Bytes recibidos]: 223
[2026-10-02 17:17:58.110] [Bytes recibidos]: 177
[2026-10-02 17:17:58.110] [Bytes recibidos]: 138
[2026-10-02 17:17:58.111] [Bytes recibidos]: 128
[2026-10-02 17:17:58.111] [Bytes recibidos]: 160
[2026-10-02 17:17:58.111] [Bytes recibidos]: 172
[2026-10-02 17:17:58.111] [Bytes recibidos]: 191
[2026-10-02 17:17:58.111] [Bytes recibidos]: 128
[2026-10-02 17:17:58.111] [Bytes recibidos]: 128
[2026-10-02 17:17:58.111] [Bytes recibidos]: 223
[2026-10-02 17:17:58.112] [Bytes recibidos]: 177
[2026-10-02 17:17:58.112] [Bytes recibidos]: 138
[2026-10-02 17:17:58.112] [Bytes recibidos]: 128
[2026-10-02 17:17:58.112] [Bytes recibidos]: 160
[2026-10-02 17:17:58.112] [Bytes recibidos]: 171
[2026-10-02 17:17:58.112] [Bytes recibidos]: 191
[2026-10-02 17:17:58.112] [Bytes recibidos]: 128
[2026-10-02 17:17:58.113] [Bytes recibidos]: 128
[2026-10-02 17:17:58.113] [Bytes recibidos]: 223
[2026-10-02 17:17:58.113] [Bytes recibidos]: 177
[2026-10-02 17:17:58.113] [Bytes recibidos]: 138
[2026-10-02 17:17:58.113] [Bytes recibidos]: 128
[2026-10-02 17:17:58.113] [Bytes recibidos]: 160
[2026-10-02 17:17:58.114] [Bytes recibidos]: 171
[2026-10-02 17:17:58.114] [Bytes recibidos]: 191
[2026-10-02 17:17:58.114] [Bytes recibidos]: 128
[2026-10-02 17:17:58.114] [Bytes recibidos]: 128
[2026-10-02 17:17:58.114] [Bytes recibidos]: 223
[2026-10-02 17:17:58.114] [Bytes recibidos]: 177
[2026-10-02 17:17:58.114] [Bytes recibidos]: 138
[2026-10-02 17:17:58.115] [Bytes recibidos]: 128
[2026-10-02 17:17:58.115] [Bytes recibidos]: 160
[2026-10-02 17:17:58.115] [Bytes recibidos]: 171
[2026-10-02 17:17:58.115] [Bytes recibidos]: 191
[2026-10-02 17:17:58.115] [Bytes recibidos]: 128
[2026-10-02 17:17:58.115] [Bytes recibidos]: 128
[2026-10-02 17:17:58.115] [Bytes recibidos]: 223
[2026-10-02 17:17:58.116] [Bytes recibidos]: 177
[2026-10-02 17:17:58.116] [Bytes recibidos]: 138
[2026-10-02 17:17:58.116] [Bytes recibidos]: 128
[2026-10-02 17:17:58.116] [Bytes recibidos]: 160
[2026-10-02 17:17:58.116] [Bytes recibidos]: 171
[2026-10-02 17:17:58.116] [Bytes recibidos]: 191
[2026-10-02 17:17:58.116] [Bytes recibidos]: 128
[2026-10-02 17:17:58.116] [Bytes recibidos]: 128
[2026-10-02 17:17:58.117] [Bytes recibidos]: 223
[2026-10-02 17:17:58.117] [Bytes recibidos]: 177
[2026-10-02 17:17:58.117] [Bytes recibidos]: 138
[2026-10-02 17:17:58.117] [Bytes recibidos]: 128
[2026-10-02 17:17:58.117] [Bytes recibidos]: 160
[2026-10-02 17:17:58.117] [Bytes recibidos]: 171
[2026-10-02 17:17:58.117] [Bytes recibidos]: 191
[2026-10-02 17:17:58.118] [Bytes recibidos]: 128
[2026-10-02 17:17:58.118] [Bytes recibidos]: 128
[2026-10-02 17:17:58.118] [Bytes recibidos]: 223
[2026-10-02 17:17:58.118] [Bytes recibidos]: 176
[2026-10-02 17:17:58.118] [Bytes recibidos]: 138
[2026-10-02 17:17:58.118] [Bytes recibidos]: 128
[2026-10-02 17:17:58.118] [Bytes recibidos]: 160
[2026-10-02 17:17:58.119] [Bytes recibidos]: 170
[2026-10-02 17:17:58.119] [Bytes recibidos]: 191
[2026-10-02 17:17:58.119] [Bytes recibidos]: 128
[2026-10-02 17:17:58.119] [Bytes recibidos]: 128
[2026-10-02 17:17:58.119] [Bytes recibidos]: 223
[2026-10-02 17:17:58.119] [Bytes recibidos]: 176
[2026-10-02 17:17:58.120] [Bytes recibidos]: 138
[2026-10-02 17:17:58.120] [Bytes recibidos]: 128
[2026-10-02 17:17:58.120] [Bytes recibidos]: 160
[2026-10-02 17:17:58.120] [Bytes recibidos]: 170
[2026-10-02 17:17:58.120] [Bytes recibidos]: 191
[2026-10-02 17:17:58.120] [Bytes recibidos]: 128
[2026-10-02 17:17:58.120] [Bytes recibidos]: 128
[2026-10-02 17:17:58.120] [Bytes recibidos]: 223
[2026-10-02 17:17:58.121] [Bytes recibidos]: 176
[2026-10-02 17:17:58.121] [Bytes recibidos]: 138
[2026-10-02 17:17:58.121] [Bytes recibidos]: 128
[2026-10-02 17:17:58.121] [Bytes recibidos]: 160
[2026-10-02 17:17:58.121] [Bytes recibidos]: 169
[2026-10-02 17:17:58.121] [Bytes recibidos]: 191
[2026-10-02 17:17:58.121] [Bytes recibidos]: 128
[2026-10-02 17:17:58.122] [Bytes recibidos]: 128
[2026-10-02 17:17:58.122] [Bytes recibidos]: 223
[2026-10-02 17:17:58.122] [Bytes recibidos]: 176
[2026-10-02 17:17:58.122] [Bytes recibidos]: 138
[2026-10-02 17:17:58.122] [Bytes recibidos]: 128
[2026-10-02 17:17:58.122] [Bytes recibidos]: 160
[2026-10-02 17:17:58.122] [Bytes recibidos]: 169
[2026-10-02 17:17:58.122] [Bytes recibidos]: 191
[2026-10-02 17:17:58.123] [Bytes recibidos]: 128
[2026-10-02 17:17:58.123] [Bytes recibidos]: 128
[2026-10-02 17:17:58.123] [Bytes recibidos]: 223
[2026-10-02 17:17:58.123] [Bytes recibidos]: 198
[2026-10-02 17:17:58.123] [Bytes recibidos]: 192
[2026-10-02 17:17:58.123] [Bytes recibidos]: 176
[2026-10-02 17:17:58.123] [Bytes recibidos]: 138
[2026-10-02 17:17:58.124] [Bytes recibidos]: 128
[2026-10-02 17:17:58.124] [Bytes recibidos]: 160
[2026-10-02 17:17:58.124] [Bytes recibidos]: 168
[2026-10-02 17:17:58.124] [Bytes recibidos]: 191
[2026-10-02 17:17:58.124] [Bytes recibidos]: 128
[2026-10-02 17:17:58.124] [Bytes recibidos]: 128
[2026-10-02 17:17:58.124] [Bytes recibidos]: 223
[2026-10-02 17:17:58.125] [Bytes recibidos]: 176
[2026-10-02 17:17:58.125] [Bytes recibidos]: 138
[2026-10-02 17:17:58.125] [Bytes recibidos]: 128
[2026-10-02 17:17:58.125] [Bytes recibidos]: 160
[2026-10-02 17:17:58.125] [Bytes recibidos]: 167
[2026-10-02 17:17:58.125] [Bytes recibidos]: 191
[2026-10-02 17:17:58.125] [Bytes recibidos]: 128
[2026-10-02 17:17:58.125] [Bytes recibidos]: 128
[2026-10-02 17:17:58.126] [Bytes recibidos]: 223
[2026-10-02 17:17:58.126] [Bytes recibidos]: 176
[2026-10-02 17:17:58.126] [Bytes recibidos]: 138
[2026-10-02 17:17:58.126] [Bytes recibidos]: 129
[2026-10-02 17:17:58.126] [Bytes recibidos]: 160
[2026-10-02 17:17:58.126] [Bytes recibidos]: 167
[2026-10-02 17:17:58.127] [Bytes recibidos]: 191
[2026-10-02 17:17:58.127] [Bytes recibidos]: 128
[2026-10-02 17:17:58.127] [Bytes recibidos]: 128
[2026-10-02 17:17:58.127] [Bytes recibidos]: 223
[2026-10-02 17:17:58.127] [Bytes recibidos]: 178
[2026-10-02 17:17:58.127] [Bytes recibidos]: 138
[2026-10-02 17:17:58.127] [Bytes recibidos]: 144
[2026-10-02 17:17:58.127] [Bytes recibidos]: 160
[2026-10-02 17:17:58.127] [Bytes recibidos]: 166
[2026-10-02 17:17:58.128] [Bytes recibidos]: 191
[2026-10-02 17:17:58.128] [Bytes recibidos]: 128
[2026-10-02 17:17:58.128] [Bytes recibidos]: 128
[2026-10-02 17:17:58.128] [Bytes recibidos]: 223
[2026-10-02 17:17:58.128] [Bytes recibidos]: 179
[2026-10-02 17:17:58.128] [Bytes recibidos]: 138
[2026-10-02 17:17:58.128] [Bytes recibidos]: 155
[2026-10-02 17:17:58.128] [Bytes recibidos]: 160
[2026-10-02 17:17:58.128] [Bytes recibidos]: 166
[2026-10-02 17:17:58.129] [Bytes recibidos]: 191
[2026-10-02 17:17:58.129] [Bytes recibidos]: 128
[2026-10-02 17:17:58.129] [Bytes recibidos]: 128
[2026-10-02 17:17:58.129] [Bytes recibidos]: 223
[2026-10-02 17:17:58.129] [Bytes recibidos]: 186
[2026-10-02 17:17:58.129] [Bytes recibidos]: 138
[2026-10-02 17:17:58.130] [Bytes recibidos]: 184
[2026-10-02 17:17:58.130] [Bytes recibidos]: 160
[2026-10-02 17:17:58.130] [Bytes recibidos]: 167
[2026-10-02 17:17:58.130] [Bytes recibidos]: 191
[2026-10-02 17:17:58.130] [Bytes recibidos]: 128
[2026-10-02 17:17:58.130] [Bytes recibidos]: 128
[2026-10-02 17:17:58.130] [Bytes recibidos]: 223
[2026-10-02 17:17:58.130] [Bytes recibidos]: 138
[2026-10-02 17:17:58.130] [Bytes recibidos]: 139
[2026-10-02 17:17:58.131] [Bytes recibidos]: 173
[2026-10-02 17:17:58.131] [Bytes recibidos]: 161
[2026-10-02 17:17:58.131] [Bytes recibidos]: 167
[2026-10-02 17:17:58.131] [Bytes recibidos]: 191
[2026-10-02 17:17:58.131] [Bytes recibidos]: 128
[2026-10-02 17:17:58.131] [Bytes recibidos]: 128
[2026-10-02 17:17:58.131] [Bytes recibidos]: 223
[2026-10-02 17:17:58.131] [Bytes recibidos]: 152
[2026-10-02 17:17:58.132] [Bytes recibidos]: 139
[2026-10-02 17:17:58.132] [Bytes recibidos]: 140
[2026-10-02 17:17:58.132] [Bytes recibidos]: 162
[2026-10-02 17:17:58.132] [Bytes recibidos]: 167
[2026-10-02 17:17:58.132] [Bytes recibidos]: 191
[2026-10-02 17:17:58.132] [Bytes recibidos]: 128
[2026-10-02 17:17:58.132] [Bytes recibidos]: 128
[2026-10-02 17:17:58.132] [Bytes recibidos]: 223
[2026-10-02 17:17:58.132] [Bytes recibidos]: 160
[2026-10-02 17:17:58.133] [Bytes recibidos]: 139
[2026-10-02 17:17:58.133] [Bytes recibidos]: 154
[2026-10-02 17:17:58.133] [Bytes recibidos]: 162
[2026-10-02 17:17:58.133] [Bytes recibidos]: 167
[2026-10-02 17:17:58.133] [Bytes recibidos]: 191
[2026-10-02 17:17:58.133] [Bytes recibidos]: 128
[2026-10-02 17:17:58.133] [Bytes recibidos]: 128
[2026-10-02 17:17:58.133] [Bytes recibidos]: 223
[2026-10-02 17:17:58.134] [Bytes recibidos]: 176
[2026-10-02 17:17:58.134] [Bytes recibidos]: 139
[2026-10-02 17:17:58.134] [Bytes recibidos]: 175
[2026-10-02 17:17:58.134] [Bytes recibidos]: 162
[2026-10-02 17:17:58.134] [Bytes recibidos]: 167
[2026-10-02 17:17:58.134] [Bytes recibidos]: 191
[2026-10-02 17:17:58.134] [Bytes recibidos]: 128
[2026-10-02 17:17:58.134] [Bytes recibidos]: 128
[2026-10-02 17:17:58.134] [Bytes recibidos]: 223
[2026-10-02 17:17:58.135] [Bytes recibidos]: 128
[2026-10-02 17:17:58.135] [Bytes recibidos]: 140
[2026-10-02 17:17:58.135] [Bytes recibidos]: 188
[2026-10-02 17:17:58.135] [Bytes recibidos]: 162
[2026-10-02 17:17:58.135] [Bytes recibidos]: 167
[2026-10-02 17:17:58.135] [Bytes recibidos]: 191
[2026-10-02 17:17:58.135] [Bytes recibidos]: 128
[2026-10-02 17:17:58.135] [Bytes recibidos]: 128
[2026-10-02 17:17:58.135] [Bytes recibidos]: 223
[2026-10-02 17:17:58.136] [Bytes recibidos]: 152
[2026-10-02 17:17:58.136] [Bytes recibidos]: 140
[2026-10-02 17:17:58.136] [Bytes recibidos]: 132
[2026-10-02 17:17:58.136] [Bytes recibidos]: 163
[2026-10-02 17:17:58.136] [Bytes recibidos]: 167
[2026-10-02 17:17:58.136] [Bytes recibidos]: 191
[2026-10-02 17:17:58.136] [Bytes recibidos]: 128
[2026-10-02 17:17:58.136] [Bytes recibidos]: 128
[2026-10-02 17:17:58.136] [Bytes recibidos]: 223
[2026-10-02 17:17:58.137] [Bytes recibidos]: 160
[2026-10-02 17:17:58.137] [Bytes recibidos]: 140
[2026-10-02 17:17:58.137] [Bytes recibidos]: 133
[2026-10-02 17:17:58.137] [Bytes recibidos]: 163
[2026-10-02 17:17:58.137] [Bytes recibidos]: 167
[2026-10-02 17:17:58.137] [Bytes recibidos]: 191
[2026-10-02 17:17:58.137] [Bytes recibidos]: 128
[2026-10-02 17:17:58.137] [Bytes recibidos]: 128
[2026-10-02 17:17:58.137] [Bytes recibidos]: 223
[2026-10-02 17:17:58.137] [Bytes recibidos]: 182
[2026-10-02 17:17:58.138] [Bytes recibidos]: 140
[2026-10-02 17:17:58.138] [Bytes recibidos]: 132
[2026-10-02 17:17:58.138] [Bytes recibidos]: 163
[2026-10-02 17:17:58.138] [Bytes recibidos]: 168
[2026-10-02 17:17:58.138] [Bytes recibidos]: 191
[2026-10-02 17:17:58.138] [Bytes recibidos]: 128
[2026-10-02 17:17:58.138] [Bytes recibidos]: 128
[2026-10-02 17:17:58.138] [Bytes recibidos]: 223
[2026-10-02 17:17:58.139] [Bytes recibidos]: 189
[2026-10-02 17:17:58.139] [Bytes recibidos]: 140
[2026-10-02 17:17:58.139] [Bytes recibidos]: 132
[2026-10-02 17:17:58.139] [Bytes recibidos]: 163
[2026-10-02 17:17:58.139] [Bytes recibidos]: 168
[2026-10-02 17:17:58.139] [Bytes recibidos]: 191
[2026-10-02 17:17:58.139] [Bytes recibidos]: 128
[2026-10-02 17:17:58.139] [Bytes recibidos]: 128
[2026-10-02 17:17:58.139] [Bytes recibidos]: 223
[2026-10-02 17:17:58.140] [Bytes recibidos]: 138
[2026-10-02 17:17:58.140] [Bytes recibidos]: 141
[2026-10-02 17:17:58.140] [Bytes recibidos]: 131
[2026-10-02 17:17:58.140] [Bytes recibidos]: 163
[2026-10-02 17:17:58.140] [Bytes recibidos]: 169
[2026-10-02 17:17:58.140] [Bytes recibidos]: 191
[2026-10-02 17:17:58.140] [Bytes recibidos]: 128
[2026-10-02 17:17:58.140] [Bytes recibidos]: 128
[2026-10-02 17:17:58.140] [Bytes recibidos]: 223
[2026-10-02 17:17:58.141] [Bytes recibidos]: 158
[2026-10-02 17:17:58.141] [Bytes recibidos]: 141
[2026-10-02 17:17:58.141] [Bytes recibidos]: 130
[2026-10-02 17:17:58.141] [Bytes recibidos]: 163
[2026-10-02 17:17:58.141] [Bytes recibidos]: 170
[2026-10-02 17:17:58.141] [Bytes recibidos]: 191
[2026-10-02 17:17:58.141] [Bytes recibidos]: 128
[2026-10-02 17:17:58.142] [Bytes recibidos]: 128
[2026-10-02 17:17:58.142] [Bytes recibidos]: 223
[2026-10-02 17:17:58.142] [Bytes recibidos]: 171
[2026-10-02 17:17:58.142] [Bytes recibidos]: 141
[2026-10-02 17:17:58.142] [Bytes recibidos]: 130
[2026-10-02 17:17:58.142] [Bytes recibidos]: 163
[2026-10-02 17:17:58.142] [Bytes recibidos]: 170
[2026-10-02 17:17:58.142] [Bytes recibidos]: 191
[2026-10-02 17:17:58.143] [Bytes recibidos]: 128
[2026-10-02 17:17:58.143] [Bytes recibidos]: 128
[2026-10-02 17:17:58.143] [Bytes recibidos]: 223
[2026-10-02 17:17:58.143] [Bytes recibidos]: 184
[2026-10-02 17:17:58.143] [Bytes recibidos]: 141
[2026-10-02 17:17:58.143] [Bytes recibidos]: 130
[2026-10-02 17:17:58.143] [Bytes recibidos]: 163
[2026-10-02 17:17:58.143] [Bytes recibidos]: 171
[2026-10-02 17:17:58.143] [Bytes recibidos]: 191
[2026-10-02 17:17:58.143] [Bytes recibidos]: 128
[2026-10-02 17:17:58.143] [Bytes recibidos]: 128
[2026-10-02 17:17:58.144] [Bytes recibidos]: 223
[2026-10-02 17:17:58.144] [Bytes recibidos]: 190
[2026-10-02 17:17:58.144] [Bytes recibidos]: 141
[2026-10-02 17:17:58.144] [Bytes recibidos]: 130
[2026-10-02 17:17:58.144] [Bytes recibidos]: 163
[2026-10-02 17:17:58.144] [Bytes recibidos]: 171
[2026-10-02 17:17:58.144] [Bytes recibidos]: 191
[2026-10-02 17:17:58.144] [Bytes recibidos]: 128
[2026-10-02 17:17:58.144] [Bytes recibidos]: 128
[2026-10-02 17:17:58.145] [Bytes recibidos]: 223
[2026-10-02 17:17:58.145] [Bytes recibidos]: 139
[2026-10-02 17:17:58.145] [Bytes recibidos]: 142
[2026-10-02 17:17:58.145] [Bytes recibidos]: 130
[2026-10-02 17:17:58.145] [Bytes recibidos]: 163
[2026-10-02 17:17:58.145] [Bytes recibidos]: 171
[2026-10-02 17:17:58.145] [Bytes recibidos]: 191
[2026-10-02 17:17:58.145] [Bytes recibidos]: 128
[2026-10-02 17:17:58.145] [Bytes recibidos]: 128
[2026-10-02 17:17:58.145] [Bytes recibidos]: 223
[2026-10-02 17:17:58.145] [Bytes recibidos]: 157
[2026-10-02 17:17:58.146] [Bytes recibidos]: 142
[2026-10-02 17:17:58.146] [Bytes recibidos]: 131
[2026-10-02 17:17:58.146] [Bytes recibidos]: 163
[2026-10-02 17:17:58.146] [Bytes recibidos]: 172
[2026-10-02 17:17:58.146] [Bytes recibidos]: 191
[2026-10-02 17:17:58.146] [Bytes recibidos]: 128
[2026-10-02 17:17:58.146] [Bytes recibidos]: 128
[2026-10-02 17:17:58.146] [Bytes recibidos]: 223
[2026-10-02 17:17:58.147] [Bytes recibidos]: 163
[2026-10-02 17:17:58.147] [Bytes recibidos]: 142
[2026-10-02 17:17:58.147] [Bytes recibidos]: 132
[2026-10-02 17:17:58.147] [Bytes recibidos]: 163
[2026-10-02 17:17:58.147] [Bytes recibidos]: 172
[2026-10-02 17:17:58.147] [Bytes recibidos]: 191
[2026-10-02 17:17:58.147] [Bytes recibidos]: 128
[2026-10-02 17:17:58.147] [Bytes recibidos]: 128
[2026-10-02 17:17:58.147] [Bytes recibidos]: 223
[2026-10-02 17:17:58.148] [Bytes recibidos]: 181
[2026-10-02 17:17:58.148] [Bytes recibidos]: 142
[2026-10-02 17:17:58.148] [Bytes recibidos]: 133
[2026-10-02 17:17:58.148] [Bytes recibidos]: 163
[2026-10-02 17:17:58.148] [Bytes recibidos]: 173
[2026-10-02 17:17:58.148] [Bytes recibidos]: 191
[2026-10-02 17:17:58.148] [Bytes recibidos]: 128
[2026-10-02 17:17:58.148] [Bytes recibidos]: 128
[2026-10-02 17:17:58.148] [Bytes recibidos]: 223
[2026-10-02 17:17:58.148] [Bytes recibidos]: 187
[2026-10-02 17:17:58.149] [Bytes recibidos]: 142
[2026-10-02 17:17:58.149] [Bytes recibidos]: 134
[2026-10-02 17:17:58.149] [Bytes recibidos]: 163
[2026-10-02 17:17:58.149] [Bytes recibidos]: 173
[2026-10-02 17:17:58.149] [Bytes recibidos]: 191
[2026-10-02 17:17:58.149] [Bytes recibidos]: 128
[2026-10-02 17:17:58.149] [Bytes recibidos]: 128
[2026-10-02 17:17:58.149] [Bytes recibidos]: 223
[2026-10-02 17:17:58.149] [Bytes recibidos]: 135
[2026-10-02 17:17:58.149] [Bytes recibidos]: 143
[2026-10-02 17:17:58.149] [Bytes recibidos]: 134
[2026-10-02 17:17:58.150] [Bytes recibidos]: 163
[2026-10-02 17:17:58.150] [Bytes recibidos]: 173
[2026-10-02 17:17:58.150] [Bytes recibidos]: 191
[2026-10-02 17:17:58.150] [Bytes recibidos]: 128
[2026-10-02 17:17:58.150] [Bytes recibidos]: 128
[2026-10-02 17:17:58.150] [Bytes recibidos]: 223
[2026-10-02 17:17:58.150] [Bytes recibidos]: 152
[2026-10-02 17:17:58.150] [Bytes recibidos]: 143
[2026-10-02 17:17:58.150] [Bytes recibidos]: 135
[2026-10-02 17:17:58.150] [Bytes recibidos]: 163
[2026-10-02 17:17:58.151] [Bytes recibidos]: 173
[2026-10-02 17:17:58.151] [Bytes recibidos]: 191
[2026-10-02 17:17:58.151] [Bytes recibidos]: 128
[2026-10-02 17:17:58.151] [Bytes recibidos]: 128
[2026-10-02 17:17:58.151] [Bytes recibidos]: 223
[2026-10-02 17:17:58.151] [Bytes recibidos]: 158
[2026-10-02 17:17:58.151] [Bytes recibidos]: 143
[2026-10-02 17:17:58.151] [Bytes recibidos]: 136
[2026-10-02 17:17:58.151] [Bytes recibidos]: 163
[2026-10-02 17:17:58.151] [Bytes recibidos]: 173
[2026-10-02 17:17:58.151] [Bytes recibidos]: 191
[2026-10-02 17:17:58.152] [Bytes recibidos]: 128
[2026-10-02 17:17:58.152] [Bytes recibidos]: 128
[2026-10-02 17:17:58.152] [Bytes recibidos]: 223
[2026-10-02 17:17:58.152] [Bytes recibidos]: 169
[2026-10-02 17:17:58.152] [Bytes recibidos]: 143
[2026-10-02 17:17:58.152] [Bytes recibidos]: 137
[2026-10-02 17:17:58.152] [Bytes recibidos]: 163
[2026-10-02 17:17:58.152] [Bytes recibidos]: 174
[2026-10-02 17:17:58.152] [Bytes recibidos]: 191
[2026-10-02 17:17:58.152] [Bytes recibidos]: 128
[2026-10-02 17:17:58.153] [Bytes recibidos]: 128
[2026-10-02 17:17:58.153] [Bytes recibidos]: 223
[2026-10-02 17:17:58.153] [Bytes recibidos]: 179
[2026-10-02 17:17:58.153] [Bytes recibidos]: 143
[2026-10-02 17:17:58.153] [Bytes recibidos]: 139
[2026-10-02 17:17:58.153] [Bytes recibidos]: 163
[2026-10-02 17:17:58.153] [Bytes recibidos]: 174
[2026-10-02 17:17:58.153] [Bytes recibidos]: 191
[2026-10-02 17:17:58.153] [Bytes recibidos]: 128
[2026-10-02 17:17:58.153] [Bytes recibidos]: 128
[2026-10-02 17:17:58.153] [Bytes recibidos]: 223
[2026-10-02 17:17:58.154] [Bytes recibidos]: 189
[2026-10-02 17:17:58.154] [Bytes recibidos]: 143
[2026-10-02 17:17:58.154] [Bytes recibidos]: 141
[2026-10-02 17:17:58.154] [Bytes recibidos]: 163
[2026-10-02 17:17:58.154] [Bytes recibidos]: 174
[2026-10-02 17:17:58.154] [Bytes recibidos]: 191
[2026-10-02 17:17:58.154] [Bytes recibidos]: 128
[2026-10-02 17:17:58.154] [Bytes recibidos]: 128
[2026-10-02 17:17:58.154] [Bytes recibidos]: 223
[2026-10-02 17:17:58.154] [Bytes recibidos]: 139
[2026-10-02 17:17:58.154] [Bytes recibidos]: 144
[2026-10-02 17:17:58.154] [Bytes recibidos]: 145
[2026-10-02 17:17:58.155] [Bytes recibidos]: 163
[2026-10-02 17:17:58.155] [Bytes recibidos]: 174
[2026-10-02 17:17:58.155] [Bytes recibidos]: 191
[2026-10-02 17:17:58.155] [Bytes recibidos]: 128
[2026-10-02 17:17:58.155] [Bytes recibidos]: 128
[2026-10-02 17:17:58.155] [Bytes recibidos]: 223
[2026-10-02 17:17:58.155] [Bytes recibidos]: 143
[2026-10-02 17:17:58.155] [Bytes recibidos]: 144
[2026-10-02 17:17:58.155] [Bytes recibidos]: 146
[2026-10-02 17:17:58.155] [Bytes recibidos]: 163
[2026-10-02 17:17:58.155] [Bytes recibidos]: 174
[2026-10-02 17:17:58.156] [Bytes recibidos]: 191
[2026-10-02 17:17:58.156] [Bytes recibidos]: 128
[2026-10-02 17:17:58.156] [Bytes recibidos]: 128
[2026-10-02 17:17:58.156] [Bytes recibidos]: 223
[2026-10-02 17:17:58.156] [Bytes recibidos]: 154
[2026-10-02 17:17:58.156] [Bytes recibidos]: 144
[2026-10-02 17:17:58.156] [Bytes recibidos]: 151
[2026-10-02 17:17:58.156] [Bytes recibidos]: 163
[2026-10-02 17:17:58.156] [Bytes recibidos]: 174
[2026-10-02 17:17:58.156] [Bytes recibidos]: 191
[2026-10-02 17:17:58.157] [Bytes recibidos]: 128
[2026-10-02 17:17:58.157] [Bytes recibidos]: 128
[2026-10-02 17:17:58.157] [Bytes recibidos]: 223
[2026-10-02 17:17:58.157] [Bytes recibidos]: 157
[2026-10-02 17:17:58.157] [Bytes recibidos]: 144
[2026-10-02 17:17:58.157] [Bytes recibidos]: 152
[2026-10-02 17:17:58.157] [Bytes recibidos]: 163
[2026-10-02 17:17:58.157] [Bytes recibidos]: 174
[2026-10-02 17:17:58.157] [Bytes recibidos]: 191
[2026-10-02 17:17:58.157] [Bytes recibidos]: 128
[2026-10-02 17:17:58.158] [Bytes recibidos]: 128
[2026-10-02 17:17:58.158] [Bytes recibidos]: 223
[2026-10-02 17:17:58.158] [Bytes recibidos]: 163
[2026-10-02 17:17:58.158] [Bytes recibidos]: 144
[2026-10-02 17:17:58.158] [Bytes recibidos]: 155
[2026-10-02 17:17:58.158] [Bytes recibidos]: 163
[2026-10-02 17:17:58.158] [Bytes recibidos]: 174
[2026-10-02 17:17:58.158] [Bytes recibidos]: 191
[2026-10-02 17:17:58.158] [Bytes recibidos]: 128
[2026-10-02 17:17:58.158] [Bytes recibidos]: 128
[2026-10-02 17:17:58.158] [Bytes recibidos]: 223
[2026-10-02 17:17:58.159] [Bytes recibidos]: 172
[2026-10-02 17:17:58.159] [Bytes recibidos]: 144
[2026-10-02 17:17:58.159] [Bytes recibidos]: 158
[2026-10-02 17:17:58.159] [Bytes recibidos]: 163
[2026-10-02 17:17:58.159] [Bytes recibidos]: 173
[2026-10-02 17:17:58.159] [Bytes recibidos]: 191
[2026-10-02 17:17:58.159] [Bytes recibidos]: 128
[2026-10-02 17:17:58.159] [Bytes recibidos]: 128
[2026-10-02 17:17:58.159] [Bytes recibidos]: 223
[2026-10-02 17:17:58.159] [Bytes recibidos]: 175
[2026-10-02 17:17:58.160] [Bytes recibidos]: 144
[2026-10-02 17:17:58.160] [Bytes recibidos]: 160
[2026-10-02 17:17:58.160] [Bytes recibidos]: 163
[2026-10-02 17:17:58.160] [Bytes recibidos]: 173
[2026-10-02 17:17:58.160] [Bytes recibidos]: 191
[2026-10-02 17:17:58.160] [Bytes recibidos]: 128
[2026-10-02 17:17:58.160] [Bytes recibidos]: 128
[2026-10-02 17:17:58.160] [Bytes recibidos]: 223
[2026-10-02 17:17:58.160] [Bytes recibidos]: 183
[2026-10-02 17:17:58.160] [Bytes recibidos]: 144
[2026-10-02 17:17:58.160] [Bytes recibidos]: 162
[2026-10-02 17:17:58.161] [Bytes recibidos]: 163
[2026-10-02 17:17:58.161] [Bytes recibidos]: 173
[2026-10-02 17:17:58.161] [Bytes recibidos]: 191
[2026-10-02 17:17:58.161] [Bytes recibidos]: 128
[2026-10-02 17:17:58.161] [Bytes recibidos]: 128
[2026-10-02 17:17:58.161] [Bytes recibidos]: 223
[2026-10-02 17:17:58.161] [Bytes recibidos]: 185
[2026-10-02 17:17:58.161] [Bytes recibidos]: 144
[2026-10-02 17:17:58.161] [Bytes recibidos]: 163
[2026-10-02 17:17:58.161] [Bytes recibidos]: 163
[2026-10-02 17:17:58.161] [Bytes recibidos]: 172
[2026-10-02 17:17:58.162] [Bytes recibidos]: 191
[2026-10-02 17:17:58.162] [Bytes recibidos]: 128
[2026-10-02 17:17:58.162] [Bytes recibidos]: 128
[2026-10-02 17:17:58.162] [Bytes recibidos]: 223
[2026-10-02 17:17:58.162] [Bytes recibidos]: 190
[2026-10-02 17:17:58.162] [Bytes recibidos]: 144
[2026-10-02 17:17:58.162] [Bytes recibidos]: 164
[2026-10-02 17:17:58.162] [Bytes recibidos]: 163
[2026-10-02 17:17:58.162] [Bytes recibidos]: 172
[2026-10-02 17:17:58.162] [Bytes recibidos]: 191
[2026-10-02 17:17:58.162] [Bytes recibidos]: 128
[2026-10-02 17:17:58.163] [Bytes recibidos]: 128
[2026-10-02 17:17:58.163] [Bytes recibidos]: 223
[2026-10-02 17:17:58.163] [Bytes recibidos]: 134
[2026-10-02 17:17:58.163] [Bytes recibidos]: 145
[2026-10-02 17:17:58.163] [Bytes recibidos]: 165
[2026-10-02 17:17:58.163] [Bytes recibidos]: 163
[2026-10-02 17:17:58.163] [Bytes recibidos]: 172
[2026-10-02 17:17:58.163] [Bytes recibidos]: 191
[2026-10-02 17:17:58.163] [Bytes recibidos]: 128
[2026-10-02 17:17:58.163] [Bytes recibidos]: 128
[2026-10-02 17:17:58.163] [Bytes recibidos]: 223
[2026-10-02 17:17:58.164] [Bytes recibidos]: 136
[2026-10-02 17:17:58.164] [Bytes recibidos]: 145
[2026-10-02 17:17:58.164] [Bytes recibidos]: 166
[2026-10-02 17:17:58.164] [Bytes recibidos]: 163
[2026-10-02 17:17:58.164] [Bytes recibidos]: 172
[2026-10-02 17:17:58.164] [Bytes recibidos]: 191
[2026-10-02 17:17:58.164] [Bytes recibidos]: 128
[2026-10-02 17:17:58.164] [Bytes recibidos]: 128
[2026-10-02 17:17:58.164] [Bytes recibidos]: 223
[2026-10-02 17:17:58.164] [Bytes recibidos]: 144
[2026-10-02 17:17:58.164] [Bytes recibidos]: 145
[2026-10-02 17:17:58.165] [Bytes recibidos]: 167
[2026-10-02 17:17:58.165] [Bytes recibidos]: 163
[2026-10-02 17:17:58.165] [Bytes recibidos]: 173
[2026-10-02 17:17:58.165] [Bytes recibidos]: 191
[2026-10-02 17:17:58.165] [Bytes recibidos]: 128
[2026-10-02 17:17:58.165] [Bytes recibidos]: 128
[2026-10-02 17:17:58.165] [Bytes recibidos]: 223
[2026-10-02 17:17:58.165] [Bytes recibidos]: 147
[2026-10-02 17:17:58.165] [Bytes recibidos]: 145
[2026-10-02 17:17:58.165] [Bytes recibidos]: 167
[2026-10-02 17:17:58.165] [Bytes recibidos]: 163
[2026-10-02 17:17:58.166] [Bytes recibidos]: 173
[2026-10-02 17:17:58.166] [Bytes recibidos]: 191
[2026-10-02 17:17:58.166] [Bytes recibidos]: 128
[2026-10-02 17:17:58.166] [Bytes recibidos]: 128
[2026-10-02 17:17:58.166] [Bytes recibidos]: 223
[2026-10-02 17:17:58.166] [Bytes recibidos]: 152
[2026-10-02 17:17:58.166] [Bytes recibidos]: 145
[2026-10-02 17:17:58.166] [Bytes recibidos]: 168
[2026-10-02 17:17:58.166] [Bytes recibidos]: 163
[2026-10-02 17:17:58.166] [Bytes recibidos]: 173
[2026-10-02 17:17:58.166] [Bytes recibidos]: 191
[2026-10-02 17:17:58.167] [Bytes recibidos]: 128
[2026-10-02 17:17:58.167] [Bytes recibidos]: 128
[2026-10-02 17:17:58.167] [Bytes recibidos]: 223
[2026-10-02 17:17:58.167] [Bytes recibidos]: 160
[2026-10-02 17:17:58.167] [Bytes recibidos]: 145
[2026-10-02 17:17:58.167] [Bytes recibidos]: 168
[2026-10-02 17:17:58.167] [Bytes recibidos]: 163
[2026-10-02 17:17:58.167] [Bytes recibidos]: 174
[2026-10-02 17:17:58.167] [Bytes recibidos]: 191
[2026-10-02 17:17:58.167] [Bytes recibidos]: 128
[2026-10-02 17:17:58.167] [Bytes recibidos]: 128
[2026-10-02 17:17:58.168] [Bytes recibidos]: 223
[2026-10-02 17:17:58.168] [Bytes recibidos]: 166
[2026-10-02 17:17:58.168] [Bytes recibidos]: 145
[2026-10-02 17:17:58.168] [Bytes recibidos]: 168
[2026-10-02 17:17:58.168] [Bytes recibidos]: 163
[2026-10-02 17:17:58.168] [Bytes recibidos]: 174
[2026-10-02 17:17:58.168] [Bytes recibidos]: 191
[2026-10-02 17:17:58.168] [Bytes recibidos]: 128
[2026-10-02 17:17:58.168] [Bytes recibidos]: 128
[2026-10-02 17:17:58.168] [Bytes recibidos]: 223
[2026-10-02 17:17:58.168] [Bytes recibidos]: 168
[2026-10-02 17:17:58.169] [Bytes recibidos]: 145
[2026-10-02 17:17:58.169] [Bytes recibidos]: 168
[2026-10-02 17:17:58.169] [Bytes recibidos]: 163
[2026-10-02 17:17:58.169] [Bytes recibidos]: 174
[2026-10-02 17:17:58.169] [Bytes recibidos]: 191
[2026-10-02 17:17:58.169] [Bytes recibidos]: 128
[2026-10-02 17:17:58.169] [Bytes recibidos]: 128
[2026-10-02 17:17:58.169] [Bytes recibidos]: 223
[2026-10-02 17:17:58.169] [Bytes recibidos]: 174
[2026-10-02 17:17:58.169] [Bytes recibidos]: 145
[2026-10-02 17:17:58.170] [Bytes recibidos]: 169
[2026-10-02 17:17:58.170] [Bytes recibidos]: 163
[2026-10-02 17:17:58.170] [Bytes recibidos]: 174
[2026-10-02 17:17:58.170] [Bytes recibidos]: 191
[2026-10-02 17:17:58.170] [Bytes recibidos]: 128
[2026-10-02 17:17:58.170] [Bytes recibidos]: 128
[2026-10-02 17:17:58.170] [Bytes recibidos]: 223
[2026-10-02 17:17:58.170] [Bytes recibidos]: 179
[2026-10-02 17:17:58.170] [Bytes recibidos]: 145
[2026-10-02 17:17:58.170] [Bytes recibidos]: 169
[2026-10-02 17:17:58.171] [Bytes recibidos]: 163
[2026-10-02 17:17:58.171] [Bytes recibidos]: 174
[2026-10-02 17:17:58.171] [Bytes recibidos]: 191
[2026-10-02 17:17:58.171] [Bytes recibidos]: 128
[2026-10-02 17:17:58.171] [Bytes recibidos]: 128
[2026-10-02 17:17:58.171] [Bytes recibidos]: 223
[2026-10-02 17:17:58.171] [Bytes recibidos]: 187
[2026-10-02 17:17:58.171] [Bytes recibidos]: 145
[2026-10-02 17:17:58.171] [Bytes recibidos]: 169
[2026-10-02 17:17:58.171] [Bytes recibidos]: 163
[2026-10-02 17:17:58.171] [Bytes recibidos]: 174
[2026-10-02 17:17:58.172] [Bytes recibidos]: 191
[2026-10-02 17:17:58.172] [Bytes recibidos]: 128
[2026-10-02 17:17:58.172] [Bytes recibidos]: 128
[2026-10-02 17:17:58.172] [Bytes recibidos]: 223
[2026-10-02 17:17:58.172] [Bytes recibidos]: 190
[2026-10-02 17:17:58.172] [Bytes recibidos]: 145
[2026-10-02 17:17:58.172] [Bytes recibidos]: 169
[2026-10-02 17:17:58.172] [Bytes recibidos]: 163
[2026-10-02 17:17:58.172] [Bytes recibidos]: 174
[2026-10-02 17:17:58.172] [Bytes recibidos]: 191
[2026-10-02 17:17:58.172] [Bytes recibidos]: 128
[2026-10-02 17:17:58.173] [Bytes recibidos]: 128
[2026-10-02 17:17:58.173] [Bytes recibidos]: 223
[2026-10-02 17:17:58.173] [Bytes recibidos]: 134
[2026-10-02 17:17:58.173] [Bytes recibidos]: 146
[2026-10-02 17:17:58.173] [Bytes recibidos]: 169
[2026-10-02 17:17:58.173] [Bytes recibidos]: 163
[2026-10-02 17:17:58.173] [Bytes recibidos]: 174
[2026-10-02 17:17:58.173] [Bytes recibidos]: 191
[2026-10-02 17:17:58.173] [Bytes recibidos]: 128
[2026-10-02 17:17:58.173] [Bytes recibidos]: 128
[2026-10-02 17:17:58.173] [Bytes recibidos]: 223
[2026-10-02 17:17:58.174] [Bytes recibidos]: 136
[2026-10-02 17:17:58.174] [Bytes recibidos]: 146
[2026-10-02 17:17:58.174] [Bytes recibidos]: 169
[2026-10-02 17:17:58.174] [Bytes recibidos]: 163
[2026-10-02 17:17:58.174] [Bytes recibidos]: 174
[2026-10-02 17:17:58.174] [Bytes recibidos]: 191
[2026-10-02 17:17:58.174] [Bytes recibidos]: 128
[2026-10-02 17:17:58.174] [Bytes recibidos]: 128
[2026-10-02 17:17:58.174] [Bytes recibidos]: 223
[2026-10-02 17:17:58.174] [Bytes recibidos]: 142
[2026-10-02 17:17:58.174] [Bytes recibidos]: 146
[2026-10-02 17:17:58.175] [Bytes recibidos]: 169
[2026-10-02 17:17:58.175] [Bytes recibidos]: 163
[2026-10-02 17:17:58.175] [Bytes recibidos]: 174
[2026-10-02 17:17:58.175] [Bytes recibidos]: 191
[2026-10-02 17:17:58.175] [Bytes recibidos]: 128
[2026-10-02 17:17:58.175] [Bytes recibidos]: 128
[2026-10-02 17:17:58.175] [Bytes recibidos]: 223
[2026-10-02 17:17:58.175] [Bytes recibidos]: 150
[2026-10-02 17:17:58.175] [Bytes recibidos]: 146
[2026-10-02 17:17:58.175] [Bytes recibidos]: 169
[2026-10-02 17:17:58.176] [Bytes recibidos]: 163
[2026-10-02 17:17:58.176] [Bytes recibidos]: 175
[2026-10-02 17:17:58.176] [Bytes recibidos]: 191
[2026-10-02 17:17:58.176] [Bytes recibidos]: 128
[2026-10-02 17:17:58.176] [Bytes recibidos]: 128
[2026-10-02 17:17:58.176] [Bytes recibidos]: 223
[2026-10-02 17:17:58.176] [Bytes recibidos]: 156
[2026-10-02 17:17:58.176] [Bytes recibidos]: 146
[2026-10-02 17:17:58.176] [Bytes recibidos]: 169
[2026-10-02 17:17:58.176] [Bytes recibidos]: 163
[2026-10-02 17:17:58.176] [Bytes recibidos]: 175
[2026-10-02 17:17:58.177] [Bytes recibidos]: 191
[2026-10-02 17:17:58.177] [Bytes recibidos]: 128
[2026-10-02 17:17:58.177] [Bytes recibidos]: 128
[2026-10-02 17:17:58.177] [Bytes recibidos]: 223
[2026-10-02 17:17:58.177] [Bytes recibidos]: 161
[2026-10-02 17:17:58.177] [Bytes recibidos]: 146
[2026-10-02 17:17:58.177] [Bytes recibidos]: 170
[2026-10-02 17:17:58.177] [Bytes recibidos]: 163
[2026-10-02 17:17:58.177] [Bytes recibidos]: 175
[2026-10-02 17:17:58.177] [Bytes recibidos]: 191
[2026-10-02 17:17:58.177] [Bytes recibidos]: 128
[2026-10-02 17:17:58.177] [Bytes recibidos]: 128
[2026-10-02 17:17:58.177] [Bytes recibidos]: 223
[2026-10-02 17:17:58.178] [Bytes recibidos]: 164
[2026-10-02 17:17:58.178] [Bytes recibidos]: 146
[2026-10-02 17:17:58.178] [Bytes recibidos]: 170
[2026-10-02 17:17:58.178] [Bytes recibidos]: 163
[2026-10-02 17:17:58.178] [Bytes recibidos]: 175
[2026-10-02 17:17:58.178] [Bytes recibidos]: 191
[2026-10-02 17:17:58.178] [Bytes recibidos]: 128
[2026-10-02 17:17:58.178] [Bytes recibidos]: 128
[2026-10-02 17:17:58.178] [Bytes recibidos]: 223
[2026-10-02 17:17:58.178] [Bytes recibidos]: 169
[2026-10-02 17:17:58.178] [Bytes recibidos]: 146
[2026-10-02 17:17:58.179] [Bytes recibidos]: 170
[2026-10-02 17:17:58.179] [Bytes recibidos]: 163
[2026-10-02 17:17:58.179] [Bytes recibidos]: 175
[2026-10-02 17:17:58.179] [Bytes recibidos]: 191
[2026-10-02 17:17:58.179] [Bytes recibidos]: 128
[2026-10-02 17:17:58.179] [Bytes recibidos]: 128
[2026-10-02 17:17:58.179] [Bytes recibidos]: 223
[2026-10-02 17:17:58.179] [Bytes recibidos]: 177
[2026-10-02 17:17:58.180] [Bytes recibidos]: 146
[2026-10-02 17:17:58.180] [Bytes recibidos]: 170
[2026-10-02 17:17:58.180] [Bytes recibidos]: 163
[2026-10-02 17:17:58.180] [Bytes recibidos]: 174
[2026-10-02 17:17:58.180] [Bytes recibidos]: 191
[2026-10-02 17:17:58.180] [Bytes recibidos]: 128
[2026-10-02 17:17:58.180] [Bytes recibidos]: 128
[2026-10-02 17:17:58.180] [Bytes recibidos]: 223
[2026-10-02 17:17:58.180] [Bytes recibidos]: 180
[2026-10-02 17:17:58.181] [Bytes recibidos]: 146
[2026-10-02 17:17:58.181] [Bytes recibidos]: 170
[2026-10-02 17:17:58.181] [Bytes recibidos]: 163
[2026-10-02 17:17:58.181] [Bytes recibidos]: 174
[2026-10-02 17:17:58.181] [Bytes recibidos]: 191
[2026-10-02 17:17:58.181] [Bytes recibidos]: 128
[2026-10-02 17:17:58.181] [Bytes recibidos]: 128
[2026-10-02 17:17:58.181] [Bytes recibidos]: 223
[2026-10-02 17:17:58.181] [Bytes recibidos]: 188
[2026-10-02 17:17:58.182] [Bytes recibidos]: 146
[2026-10-02 17:17:58.182] [Bytes recibidos]: 170
[2026-10-02 17:17:58.182] [Bytes recibidos]: 163
[2026-10-02 17:17:58.182] [Bytes recibidos]: 174
[2026-10-02 17:17:58.182] [Bytes recibidos]: 191
[2026-10-02 17:17:58.182] [Bytes recibidos]: 128
[2026-10-02 17:17:58.182] [Bytes recibidos]: 128
[2026-10-02 17:17:58.182] [Bytes recibidos]: 223
[2026-10-02 17:17:58.182] [Bytes recibidos]: 190
[2026-10-02 17:17:58.183] [Bytes recibidos]: 146
[2026-10-02 17:17:58.183] [Bytes recibidos]: 170
[2026-10-02 17:17:58.183] [Bytes recibidos]: 163
[2026-10-02 17:17:58.183] [Bytes recibidos]: 174
[2026-10-02 17:17:58.183] [Bytes recibidos]: 191
[2026-10-02 17:17:58.183] [Bytes recibidos]: 128
[2026-10-02 17:17:58.183] [Bytes recibidos]: 128
[2026-10-02 17:17:58.183] [Bytes recibidos]: 223
[2026-10-02 17:17:58.183] [Bytes recibidos]: 131
[2026-10-02 17:17:58.183] [Bytes recibidos]: 147
[2026-10-02 17:17:58.184] [Bytes recibidos]: 171
[2026-10-02 17:17:58.184] [Bytes recibidos]: 163
[2026-10-02 17:17:58.184] [Bytes recibidos]: 174
[2026-10-02 17:17:58.184] [Bytes recibidos]: 191
[2026-10-02 17:17:58.184] [Bytes recibidos]: 128
[2026-10-02 17:17:58.184] [Bytes recibidos]: 128
[2026-10-02 17:17:58.184] [Bytes recibidos]: 223
[2026-10-02 17:17:58.184] [Bytes recibidos]: 138
[2026-10-02 17:17:58.184] [Bytes recibidos]: 147
[2026-10-02 17:17:58.185] [Bytes recibidos]: 172
[2026-10-02 17:17:58.185] [Bytes recibidos]: 163
[2026-10-02 17:17:58.185] [Bytes recibidos]: 173
[2026-10-02 17:17:58.185] [Bytes recibidos]: 191
[2026-10-02 17:17:58.185] [Bytes recibidos]: 128
[2026-10-02 17:17:58.185] [Bytes recibidos]: 128
[2026-10-02 17:17:58.185] [Bytes recibidos]: 223
[2026-10-02 17:17:58.185] [Bytes recibidos]: 143
[2026-10-02 17:17:58.185] [Bytes recibidos]: 147
[2026-10-02 17:17:58.186] [Bytes recibidos]: 172
[2026-10-02 17:17:58.186] [Bytes recibidos]: 163
[2026-10-02 17:17:58.186] [Bytes recibidos]: 173
[2026-10-02 17:17:58.186] [Bytes recibidos]: 191
[2026-10-02 17:17:58.186] [Bytes recibidos]: 128
[2026-10-02 17:17:58.186] [Bytes recibidos]: 128
[2026-10-02 17:17:58.186] [Bytes recibidos]: 223
[2026-10-02 17:17:58.186] [Bytes recibidos]: 147
[2026-10-02 17:17:58.186] [Bytes recibidos]: 147
[2026-10-02 17:17:58.186] [Bytes recibidos]: 173
[2026-10-02 17:17:58.186] [Bytes recibidos]: 163
[2026-10-02 17:17:58.187] [Bytes recibidos]: 173
[2026-10-02 17:17:58.187] [Bytes recibidos]: 191
[2026-10-02 17:17:58.187] [Bytes recibidos]: 128
[2026-10-02 17:17:58.187] [Bytes recibidos]: 128
[2026-10-02 17:17:58.187] [Bytes recibidos]: 223
[2026-10-02 17:17:58.187] [Bytes recibidos]: 149
[2026-10-02 17:17:58.187] [Bytes recibidos]: 147
[2026-10-02 17:17:58.187] [Bytes recibidos]: 174
[2026-10-02 17:17:58.187] [Bytes recibidos]: 163
[2026-10-02 17:17:58.187] [Bytes recibidos]: 172
[2026-10-02 17:17:58.187] [Bytes recibidos]: 191
[2026-10-02 17:17:58.187] [Bytes recibidos]: 128
[2026-10-02 17:17:58.188] [Bytes recibidos]: 128
[2026-10-02 17:17:58.188] [Bytes recibidos]: 223
[2026-10-02 17:17:58.188] [Bytes recibidos]: 152
[2026-10-02 17:17:58.188] [Bytes recibidos]: 147
[2026-10-02 17:17:58.188] [Bytes recibidos]: 175
[2026-10-02 17:17:58.188] [Bytes recibidos]: 163
[2026-10-02 17:17:58.188] [Bytes recibidos]: 172
[2026-10-02 17:17:58.188] [Bytes recibidos]: 191
[2026-10-02 17:17:58.188] [Bytes recibidos]: 128
[2026-10-02 17:17:58.188] [Bytes recibidos]: 128
[2026-10-02 17:17:58.189] [Bytes recibidos]: 223
[2026-10-02 17:17:58.189] [Bytes recibidos]: 157
[2026-10-02 17:17:58.189] [Bytes recibidos]: 147
[2026-10-02 17:17:58.189] [Bytes recibidos]: 177
[2026-10-02 17:17:58.189] [Bytes recibidos]: 163
[2026-10-02 17:17:58.189] [Bytes recibidos]: 171
[2026-10-02 17:17:58.189] [Bytes recibidos]: 191
[2026-10-02 17:17:58.189] [Bytes recibidos]: 128
[2026-10-02 17:17:58.189] [Bytes recibidos]: 128
[2026-10-02 17:17:58.189] [Bytes recibidos]: 223
[2026-10-02 17:17:58.190] [Bytes recibidos]: 157
[2026-10-02 17:17:58.190] [Bytes recibidos]: 147
[2026-10-02 17:17:58.190] [Bytes recibidos]: 179
[2026-10-02 17:17:58.190] [Bytes recibidos]: 163
[2026-10-02 17:17:58.190] [Bytes recibidos]: 171
[2026-10-02 17:17:58.190] [Bytes recibidos]: 191
[2026-10-02 17:17:58.190] [Bytes recibidos]: 128
[2026-10-02 17:17:58.190] [Bytes recibidos]: 128
[2026-10-02 17:17:58.190] [Bytes recibidos]: 223
[2026-10-02 17:17:58.190] [Bytes recibidos]: 158
[2026-10-02 17:17:58.190] [Bytes recibidos]: 147
[2026-10-02 17:17:58.191] [Bytes recibidos]: 183
[2026-10-02 17:17:58.191] [Bytes recibidos]: 163
[2026-10-02 17:17:58.191] [Bytes recibidos]: 171
[2026-10-02 17:17:58.191] [Bytes recibidos]: 191
[2026-10-02 17:17:58.191] [Bytes recibidos]: 128
[2026-10-02 17:17:58.191] [Bytes recibidos]: 128
[2026-10-02 17:17:58.191] [Bytes recibidos]: 223
[2026-10-02 17:17:58.191] [Bytes recibidos]: 157
[2026-10-02 17:17:58.191] [Bytes recibidos]: 147
[2026-10-02 17:17:58.191] [Bytes recibidos]: 185
[2026-10-02 17:17:58.191] [Bytes recibidos]: 163
[2026-10-02 17:17:58.192] [Bytes recibidos]: 171
[2026-10-02 17:17:58.192] [Bytes recibidos]: 191
[2026-10-02 17:17:58.192] [Bytes recibidos]: 128
[2026-10-02 17:17:58.192] [Bytes recibidos]: 128
[2026-10-02 17:17:58.192] [Bytes recibidos]: 223
[2026-10-02 17:17:58.192] [Bytes recibidos]: 154
[2026-10-02 17:17:58.192] [Bytes recibidos]: 147
[2026-10-02 17:17:58.192] [Bytes recibidos]: 183
[2026-10-02 17:17:58.192] [Bytes recibidos]: 163
[2026-10-02 17:17:58.192] [Bytes recibidos]: 172
[2026-10-02 17:17:58.192] [Bytes recibidos]: 191
[2026-10-02 17:17:58.193] [Bytes recibidos]: 128
[2026-10-02 17:17:58.193] [Bytes recibidos]: 128
[2026-10-02 17:17:58.193] [Bytes recibidos]: 223
[2026-10-02 17:17:58.193] [Bytes recibidos]: 147
[2026-10-02 17:17:58.193] [Bytes recibidos]: 147
[2026-10-02 17:17:58.193] [Bytes recibidos]: 156
[2026-10-02 17:17:58.193] [Bytes recibidos]: 163
[2026-10-02 17:17:58.193] [Bytes recibidos]: 172
[2026-10-02 17:17:58.193] [Bytes recibidos]: 191
[2026-10-02 17:17:58.193] [Bytes recibidos]: 128
[2026-10-02 17:17:58.193] [Bytes recibidos]: 128
[2026-10-02 17:17:58.194] [Bytes recibidos]: 223
[2026-10-02 17:17:58.194] [Bytes recibidos]: 143
[2026-10-02 17:17:58.194] [Bytes recibidos]: 147
[2026-10-02 17:17:58.194] [Bytes recibidos]: 139
[2026-10-02 17:17:58.194] [Bytes recibidos]: 163
[2026-10-02 17:17:58.194] [Bytes recibidos]: 172
[2026-10-02 17:17:58.194] [Bytes recibidos]: 191
[2026-10-02 17:17:58.194] [Bytes recibidos]: 128
[2026-10-02 17:17:58.194] [Bytes recibidos]: 128
[2026-10-02 17:17:58.194] [Bytes recibidos]: 223
[2026-10-02 17:17:58.194] [Bytes recibidos]: 129
[2026-10-02 17:17:58.195] [Bytes recibidos]: 147
[2026-10-02 17:17:58.195] [Bytes recibidos]: 140
[2026-10-02 17:17:58.195] [Bytes recibidos]: 162
[2026-10-02 17:17:58.195] [Bytes recibidos]: 172
[2026-10-02 17:17:58.195] [Bytes recibidos]: 191
[2026-10-02 17:17:58.195] [Bytes recibidos]: 128
[2026-10-02 17:17:58.195] [Bytes recibidos]: 128
[2026-10-02 17:17:58.195] [Bytes recibidos]: 223
[2026-10-02 17:17:58.195] [Bytes recibidos]: 189
[2026-10-02 17:17:58.195] [Bytes recibidos]: 146
[2026-10-02 17:17:58.196] [Bytes recibidos]: 182
[2026-10-02 17:17:58.196] [Bytes recibidos]: 161
[2026-10-02 17:17:58.196] [Bytes recibidos]: 172
[2026-10-02 17:17:58.196] [Bytes recibidos]: 191
[2026-10-02 17:17:58.196] [Bytes recibidos]: 128
[2026-10-02 17:17:58.196] [Bytes recibidos]: 128
[2026-10-02 17:17:58.196] [Bytes recibidos]: 223
[2026-10-02 17:17:58.196] [Bytes recibidos]: 180
[2026-10-02 17:17:58.196] [Bytes recibidos]: 146
[2026-10-02 17:17:58.196] [Bytes recibidos]: 142
[2026-10-02 17:17:58.196] [Bytes recibidos]: 161
[2026-10-02 17:17:58.197] [Bytes recibidos]: 172
[2026-10-02 17:17:58.197] [Bytes recibidos]: 191
[2026-10-02 17:17:58.197] [Bytes recibidos]: 128
[2026-10-02 17:17:58.197] [Bytes recibidos]: 128
[2026-10-02 17:17:58.197] [Bytes recibidos]: 223
[2026-10-02 17:17:58.197] [Bytes recibidos]: 170
[2026-10-02 17:17:58.197] [Bytes recibidos]: 146
[2026-10-02 17:17:58.197] [Bytes recibidos]: 161
[2026-10-02 17:17:58.197] [Bytes recibidos]: 160
[2026-10-02 17:17:58.197] [Bytes recibidos]: 172
[2026-10-02 17:17:58.197] [Bytes recibidos]: 191
[2026-10-02 17:17:58.198] [Bytes recibidos]: 128
[2026-10-02 17:17:58.198] [Bytes recibidos]: 128
[2026-10-02 17:17:58.198] [Bytes recibidos]: 223
[2026-10-02 17:17:58.198] [Bytes recibidos]: 168
[2026-10-02 17:17:58.198] [Bytes recibidos]: 146
[2026-10-02 17:17:58.198] [Bytes recibidos]: 151
[2026-10-02 17:17:58.198] [Bytes recibidos]: 160
[2026-10-02 17:17:58.198] [Bytes recibidos]: 172
[2026-10-02 17:17:58.198] [Bytes recibidos]: 191
[2026-10-02 17:17:58.198] [Bytes recibidos]: 128
[2026-10-02 17:17:58.198] [Bytes recibidos]: 128
[2026-10-02 17:17:58.198] [Bytes recibidos]: 223
[2026-10-02 17:17:58.199] [Bytes recibidos]: 163
[2026-10-02 17:17:58.199] [Bytes recibidos]: 146
[2026-10-02 17:17:58.199] [Bytes recibidos]: 133
[2026-10-02 17:17:58.199] [Bytes recibidos]: 160
[2026-10-02 17:17:58.199] [Bytes recibidos]: 172
[2026-10-02 17:17:58.199] [Bytes recibidos]: 191
[2026-10-02 17:17:58.199] [Bytes recibidos]: 128
[2026-10-02 17:17:58.199] [Bytes recibidos]: 128
[2026-10-02 17:17:58.199] [Data Recibida]: 84.41636141636141
[2026-10-02 17:17:58.199] [MIN]: -21
[2026-10-02 17:17:58.199] [MAX]: 121
[2026-10-02 17:17:58.200] [MAXBIN]: 4095
[2026-10-02 17:17:58.200] [Data Recibida]: -175.43076923076924
[2026-10-02 17:17:58.200] [MIN]: -181
[2026-10-02 17:17:58.200] [MAX]: 181
[2026-10-02 17:17:58.200] [MAXBIN]: 4095
[2026-10-02 17:17:58.200] [Data Recibida]: 48.44932844932845
[2026-10-02 17:17:58.200] [MIN]: 0
[2026-10-02 17:17:58.200] [MAX]: 100
[2026-10-02 17:17:58.200] [MAXBIN]: 4095
[2026-10-02 17:17:58.201] [Data Recibida]: 20.249084249084248
[2026-10-02 17:17:58.201] [MIN]: 0
[2026-10-02 17:17:58.201] [MAX]: 120
[2026-10-02 17:17:58.201] [MAXBIN]: 4095
[2026-10-02 17:17:58.201] [Data Recibida]: 10.002442002442002
[2026-10-02 17:17:58.201] [MIN]: 0
[2026-10-02 17:17:58.201] [MAX]: 20
[2026-10-02 17:17:58.201] [MAXBIN]: 4095
[2026-10-02 17:17:58.201] [Data Recibida]: 99.63369963369964
[2026-10-02 17:17:58.202] [MIN]: 0
[2026-10-02 17:17:58.202] [MAX]: 100
[2026-10-02 17:17:58.202] [MAXBIN]: 4095
[2026-10-02 17:17:58.202] [Data Recibida]: 0.0
[2026-10-02 17:17:58.202] [MIN]: 0
[2026-10-02 17:17:58.202] [MAX]: 20
[2026-10-02 17:17:58.202] [MAXBIN]: 4095
[2026-10-02 17:17:58.202] [Data Recibida]: 16.092796092796092
[2026-10-02 17:17:58.202] [MIN]: 0
[2026-10-02 17:17:58.203] [MAX]: 20
[2026-10-02 17:17:58.203] [MAXBIN]: 4095
[2026-10-02 17:18:00.215] Datos recibidos (806 bytes): DF A2 92 82 A0 AC BF 80 80 DF A1 92 BE 9F AC BF 80 80 DF 9F 92 BE 9F AD BF 80 80 DF 9C 92 BB 9F AD BF 80 80 DF 95 92 AD 9F AD BF 80 80 DF 90 92 A0 9F AD BF 80 80 DF 81 92 B9 9E AD BF 80 80 DF A0 91 A5 9D AE BF 80 80 DF 92 91 86 9D AE BF 80 80 DF A5 90 AF 9B AE BF 80 80 DF 95 90 96 9B AF BF 80 80 DF B7 8F AC 9A AF BF 80 80 DF 90 8F BD 99 B0 BF 80 80 DF 84 8F B0 99 B0 BF 80 80 DF A6 8E 8A 99 B0 BF 80 80 DF 9C 8E BF 98 B0 BF 80 80 DF 8B 8E AB 98 B0 BF 80 80 DF B2 8D 95 98 B0 BF 80 80 DF AB 8D 91 98 B0 BF 80 80 DF 96 8D 8A 98 B0 BF 80 80 DF 91 8D 8A 98 B0 BF 80 80 DF 86 8D 8A 98 B0 BF 80 80 DF B7 8C 8C 98 AF BF 80 80 DF B3 8C 8D 98 AF BF 80 80 DF AB 8C 8F 98 AE BF 80 80 DF A4 8C 92 98 AD BF 80 80 DF 9D 8C 94 98 AD BF 80 80 DF 94 8C 9A 98 AB BF 80 80 DF 91 8C 9C 98 AB BF 80 80 DF 89 8C A3 98 AB BF 80 80 DF 86 8C A6 98 AA BF 80 80 DF 81 8C AC 98 A9 BF 80 80 DF B9 8B B7 98 A8 BF 80 80 DF B4 8B 81 99 A8 BF 80 80 DF B1 8B 87 99 A7 BF 80 80 DF AC 8B 95 99 A7 BF 80 80 DF A7 8B A8 99 A6 BF 80 80 DF A1 8B 88 9A A6 BF 80 80 DF 9F 8B 95 9A A6 BF 80 80 DF 9B 8B BB 9A A6 BF 80 80 DF 9B 8B 88 9B A6 BF 80 80 DF 99 8B A2 9B A6 BF 80 80 DF 97 8B 88 9C A7 BF 80 80 DF 96 8B A1 9C A7 BF 80 80 DF 95 8B AC 9C A7 BF 80 80 DF 93 8B 83 9D A8 BF 80 80 DF 91 8B 98 9D A8 BF 80 80 DF 8E 8B B5 9D A9 BF 80 80 DF 8D 8B BE 9D A9 BF 80 80 DF 8B 8B 8E 9E AA BF 80 80 DF 89 8B 9D 9E AB BF 80 80 DF 87 8B AB 9E AB BF 80 80 DF 84 8B BD 9E AC BF 80 80 DF 83 8B 88 9F AC BF 80 80 DF 83 8B 8D 9F AC BF 80 80 DF 82 8B 96 9F AC BF 80 80 DF 81 8B 9D 9F AC BF 80 80 DF 80 8B A7 9F AB BF 80 80 DF BF 8A A9 9F AB BF 80 80 DF BF 8A AF 9F AB BF 80 80 DF BE 8A B1 9F AB BF 80 80 DF BE 8A B3 9F AB BF 80 80 DF BE 8A B5 9F AB BF 80 80 DF BD 8A B6 9F AB BF 80 80 DF BD 8A B6 9F AB BF 80 80 DF BD 8A B7 9F AA BF 80 80 DF BD 8A B7 9F AA BF 80 80 DF BD 8A B8 9F AA BF 80 80 DF BD 8A B9 9F AA BF 80 80 DF BC 8A B9 9F AA BF 80 80 DF BC 8A BA 9F AA BF 80 80 DF BC 8A BA 9F AA BF 80 80 DF BC 8A BB 9F AA BF 80 80 DF BC 8A BB 9F AA BF 80 80 DF BC 8A BC 9F AB BF 80 80 DF BC 8A BC 9F AB BF 80 80 DF BC 8A BC 9F AB BF 80 80 DF BC 8A BD 9F AC BF 80 80 DF BC 8A BD 9F AC BF 80 80 DF BC 8A BD 9F AC BF 80 80 DF BB 8A BD 9F AD BF 80 80 DF BB 8A BE 9F AD BF 80 80 DF BB 8A BE 9F AD BF 80 80 DF BB 8A BE 9F AD BF 80 80 DF BB 8A BE 9F AE BF 80 80 DF BB 8A BE 9F AE BF 80 80 DF BB 8A BF 9F AE BF 80 80 DF BB 8A BF 9F AE BF 80 80 DF BB 8A BF 9F AE BF 80 80 1B 51 36 43 0D
[2026-10-02 17:18:00.216] [Bytes recibidos]: 223
[2026-10-02 17:18:00.216] [Bytes recibidos]: 162
[2026-10-02 17:18:00.216] [Bytes recibidos]: 146
[2026-10-02 17:18:00.216] [Bytes recibidos]: 130
[2026-10-02 17:18:00.216] [Bytes recibidos]: 160
[2026-10-02 17:18:00.216] [Bytes recibidos]: 172
[2026-10-02 17:18:00.216] [Bytes recibidos]: 191
[2026-10-02 17:18:00.217] [Bytes recibidos]: 128
[2026-10-02 17:18:00.217] [Bytes recibidos]: 128
[2026-10-02 17:18:00.217] [Bytes recibidos]: 223
[2026-10-02 17:18:00.217] [Bytes recibidos]: 161
[2026-10-02 17:18:00.217] [Bytes recibidos]: 146
[2026-10-02 17:18:00.217] [Bytes recibidos]: 190
[2026-10-02 17:18:00.217] [Bytes recibidos]: 159
[2026-10-02 17:18:00.217] [Bytes recibidos]: 172
[2026-10-02 17:18:00.217] [Bytes recibidos]: 191
[2026-10-02 17:18:00.217] [Bytes recibidos]: 128
[2026-10-02 17:18:00.217] [Bytes recibidos]: 128
[2026-10-02 17:18:00.218] [Bytes recibidos]: 223
[2026-10-02 17:18:00.218] [Bytes recibidos]: 159
[2026-10-02 17:18:00.218] [Bytes recibidos]: 146
[2026-10-02 17:18:00.218] [Bytes recibidos]: 190
[2026-10-02 17:18:00.218] [Bytes recibidos]: 159
[2026-10-02 17:18:00.218] [Bytes recibidos]: 173
[2026-10-02 17:18:00.218] [Bytes recibidos]: 191
[2026-10-02 17:18:00.218] [Bytes recibidos]: 128
[2026-10-02 17:18:00.218] [Bytes recibidos]: 128
[2026-10-02 17:18:00.218] [Bytes recibidos]: 223
[2026-10-02 17:18:00.218] [Bytes recibidos]: 156
[2026-10-02 17:18:00.218] [Bytes recibidos]: 146
[2026-10-02 17:18:00.219] [Bytes recibidos]: 187
[2026-10-02 17:18:00.219] [Bytes recibidos]: 159
[2026-10-02 17:18:00.219] [Bytes recibidos]: 173
[2026-10-02 17:18:00.219] [Bytes recibidos]: 191
[2026-10-02 17:18:00.219] [Bytes recibidos]: 128
[2026-10-02 17:18:00.219] [Bytes recibidos]: 128
[2026-10-02 17:18:00.219] [Bytes recibidos]: 223
[2026-10-02 17:18:00.219] [Bytes recibidos]: 149
[2026-10-02 17:18:00.219] [Bytes recibidos]: 146
[2026-10-02 17:18:00.219] [Bytes recibidos]: 173
[2026-10-02 17:18:00.219] [Bytes recibidos]: 159
[2026-10-02 17:18:00.219] [Bytes recibidos]: 173
[2026-10-02 17:18:00.220] [Bytes recibidos]: 191
[2026-10-02 17:18:00.220] [Bytes recibidos]: 128
[2026-10-02 17:18:00.220] [Bytes recibidos]: 128
[2026-10-02 17:18:00.220] [Bytes recibidos]: 223
[2026-10-02 17:18:00.220] [Bytes recibidos]: 144
[2026-10-02 17:18:00.220] [Bytes recibidos]: 146
[2026-10-02 17:18:00.220] [Bytes recibidos]: 160
[2026-10-02 17:18:00.220] [Bytes recibidos]: 159
[2026-10-02 17:18:00.220] [Bytes recibidos]: 173
[2026-10-02 17:18:00.220] [Bytes recibidos]: 191
[2026-10-02 17:18:00.220] [Bytes recibidos]: 128
[2026-10-02 17:18:00.220] [Bytes recibidos]: 128
[2026-10-02 17:18:00.221] [Bytes recibidos]: 223
[2026-10-02 17:18:00.221] [Bytes recibidos]: 129
[2026-10-02 17:18:00.221] [Bytes recibidos]: 146
[2026-10-02 17:18:00.221] [Bytes recibidos]: 185
[2026-10-02 17:18:00.221] [Bytes recibidos]: 158
[2026-10-02 17:18:00.221] [Bytes recibidos]: 173
[2026-10-02 17:18:00.221] [Bytes recibidos]: 191
[2026-10-02 17:18:00.221] [Bytes recibidos]: 128
[2026-10-02 17:18:00.221] [Bytes recibidos]: 128
[2026-10-02 17:18:00.221] [Bytes recibidos]: 223
[2026-10-02 17:18:00.221] [Bytes recibidos]: 160
[2026-10-02 17:18:00.222] [Bytes recibidos]: 145
[2026-10-02 17:18:00.222] [Bytes recibidos]: 165
[2026-10-02 17:18:00.222] [Bytes recibidos]: 157
[2026-10-02 17:18:00.222] [Bytes recibidos]: 174
[2026-10-02 17:18:00.222] [Bytes recibidos]: 191
[2026-10-02 17:18:00.222] [Bytes recibidos]: 128
[2026-10-02 17:18:00.222] [Bytes recibidos]: 128
[2026-10-02 17:18:00.222] [Bytes recibidos]: 223
[2026-10-02 17:18:00.223] [Bytes recibidos]: 146
[2026-10-02 17:18:00.223] [Bytes recibidos]: 145
[2026-10-02 17:18:00.223] [Bytes recibidos]: 134
[2026-10-02 17:18:00.223] [Bytes recibidos]: 157
[2026-10-02 17:18:00.223] [Bytes recibidos]: 174
[2026-10-02 17:18:00.223] [Bytes recibidos]: 191
[2026-10-02 17:18:00.223] [Bytes recibidos]: 128
[2026-10-02 17:18:00.223] [Bytes recibidos]: 128
[2026-10-02 17:18:00.223] [Bytes recibidos]: 223
[2026-10-02 17:18:00.223] [Bytes recibidos]: 165
[2026-10-02 17:18:00.224] [Bytes recibidos]: 144
[2026-10-02 17:18:00.224] [Bytes recibidos]: 175
[2026-10-02 17:18:00.224] [Bytes recibidos]: 155
[2026-10-02 17:18:00.224] [Bytes recibidos]: 174
[2026-10-02 17:18:00.224] [Bytes recibidos]: 191
[2026-10-02 17:18:00.224] [Bytes recibidos]: 128
[2026-10-02 17:18:00.224] [Bytes recibidos]: 128
[2026-10-02 17:18:00.224] [Bytes recibidos]: 223
[2026-10-02 17:18:00.224] [Bytes recibidos]: 149
[2026-10-02 17:18:00.224] [Bytes recibidos]: 144
[2026-10-02 17:18:00.224] [Bytes recibidos]: 150
[2026-10-02 17:18:00.224] [Bytes recibidos]: 155
[2026-10-02 17:18:00.225] [Bytes recibidos]: 175
[2026-10-02 17:18:00.225] [Bytes recibidos]: 191
[2026-10-02 17:18:00.225] [Bytes recibidos]: 128
[2026-10-02 17:18:00.225] [Bytes recibidos]: 128
[2026-10-02 17:18:00.225] [Bytes recibidos]: 223
[2026-10-02 17:18:00.225] [Bytes recibidos]: 183
[2026-10-02 17:18:00.225] [Bytes recibidos]: 143
[2026-10-02 17:18:00.225] [Bytes recibidos]: 172
[2026-10-02 17:18:00.225] [Bytes recibidos]: 154
[2026-10-02 17:18:00.225] [Bytes recibidos]: 175
[2026-10-02 17:18:00.225] [Bytes recibidos]: 191
[2026-10-02 17:18:00.226] [Bytes recibidos]: 128
[2026-10-02 17:18:00.226] [Bytes recibidos]: 128
[2026-10-02 17:18:00.226] [Bytes recibidos]: 223
[2026-10-02 17:18:00.226] [Bytes recibidos]: 144
[2026-10-02 17:18:00.226] [Bytes recibidos]: 143
[2026-10-02 17:18:00.226] [Bytes recibidos]: 189
[2026-10-02 17:18:00.226] [Bytes recibidos]: 153
[2026-10-02 17:18:00.226] [Bytes recibidos]: 176
[2026-10-02 17:18:00.226] [Bytes recibidos]: 191
[2026-10-02 17:18:00.226] [Bytes recibidos]: 128
[2026-10-02 17:18:00.227] [Bytes recibidos]: 128
[2026-10-02 17:18:00.227] [Bytes recibidos]: 223
[2026-10-02 17:18:00.227] [Bytes recibidos]: 132
[2026-10-02 17:18:00.227] [Bytes recibidos]: 143
[2026-10-02 17:18:00.227] [Bytes recibidos]: 176
[2026-10-02 17:18:00.227] [Bytes recibidos]: 153
[2026-10-02 17:18:00.227] [Bytes recibidos]: 176
[2026-10-02 17:18:00.227] [Bytes recibidos]: 191
[2026-10-02 17:18:00.227] [Bytes recibidos]: 128
[2026-10-02 17:18:00.227] [Bytes recibidos]: 128
[2026-10-02 17:18:00.227] [Bytes recibidos]: 223
[2026-10-02 17:18:00.227] [Bytes recibidos]: 166
[2026-10-02 17:18:00.228] [Bytes recibidos]: 142
[2026-10-02 17:18:00.228] [Bytes recibidos]: 138
[2026-10-02 17:18:00.228] [Bytes recibidos]: 153
[2026-10-02 17:18:00.228] [Bytes recibidos]: 176
[2026-10-02 17:18:00.228] [Bytes recibidos]: 191
[2026-10-02 17:18:00.228] [Bytes recibidos]: 128
[2026-10-02 17:18:00.228] [Bytes recibidos]: 128
[2026-10-02 17:18:00.228] [Bytes recibidos]: 223
[2026-10-02 17:18:00.228] [Bytes recibidos]: 156
[2026-10-02 17:18:00.228] [Bytes recibidos]: 142
[2026-10-02 17:18:00.228] [Bytes recibidos]: 191
[2026-10-02 17:18:00.228] [Bytes recibidos]: 152
[2026-10-02 17:18:00.229] [Bytes recibidos]: 176
[2026-10-02 17:18:00.229] [Bytes recibidos]: 191
[2026-10-02 17:18:00.229] [Bytes recibidos]: 128
[2026-10-02 17:18:00.229] [Bytes recibidos]: 128
[2026-10-02 17:18:00.229] [Bytes recibidos]: 223
[2026-10-02 17:18:00.229] [Bytes recibidos]: 139
[2026-10-02 17:18:00.229] [Bytes recibidos]: 142
[2026-10-02 17:18:00.229] [Bytes recibidos]: 171
[2026-10-02 17:18:00.229] [Bytes recibidos]: 152
[2026-10-02 17:18:00.229] [Bytes recibidos]: 176
[2026-10-02 17:18:00.229] [Bytes recibidos]: 191
[2026-10-02 17:18:00.230] [Bytes recibidos]: 128
[2026-10-02 17:18:00.230] [Bytes recibidos]: 128
[2026-10-02 17:18:00.230] [Bytes recibidos]: 223
[2026-10-02 17:18:00.230] [Bytes recibidos]: 178
[2026-10-02 17:18:00.230] [Bytes recibidos]: 141
[2026-10-02 17:18:00.230] [Bytes recibidos]: 149
[2026-10-02 17:18:00.230] [Bytes recibidos]: 152
[2026-10-02 17:18:00.230] [Bytes recibidos]: 176
[2026-10-02 17:18:00.230] [Bytes recibidos]: 191
[2026-10-02 17:18:00.230] [Bytes recibidos]: 128
[2026-10-02 17:18:00.230] [Bytes recibidos]: 128
[2026-10-02 17:18:00.230] [Bytes recibidos]: 223
[2026-10-02 17:18:00.231] [Bytes recibidos]: 171
[2026-10-02 17:18:00.231] [Bytes recibidos]: 141
[2026-10-02 17:18:00.231] [Bytes recibidos]: 145
[2026-10-02 17:18:00.231] [Bytes recibidos]: 152
[2026-10-02 17:18:00.231] [Bytes recibidos]: 176
[2026-10-02 17:18:00.231] [Bytes recibidos]: 191
[2026-10-02 17:18:00.231] [Bytes recibidos]: 128
[2026-10-02 17:18:00.231] [Bytes recibidos]: 128
[2026-10-02 17:18:00.231] [Bytes recibidos]: 223
[2026-10-02 17:18:00.231] [Bytes recibidos]: 150
[2026-10-02 17:18:00.231] [Bytes recibidos]: 141
[2026-10-02 17:18:00.231] [Bytes recibidos]: 138
[2026-10-02 17:18:00.231] [Bytes recibidos]: 152
[2026-10-02 17:18:00.232] [Bytes recibidos]: 176
[2026-10-02 17:18:00.232] [Bytes recibidos]: 191
[2026-10-02 17:18:00.232] [Bytes recibidos]: 128
[2026-10-02 17:18:00.232] [Bytes recibidos]: 128
[2026-10-02 17:18:00.232] [Bytes recibidos]: 223
[2026-10-02 17:18:00.232] [Bytes recibidos]: 145
[2026-10-02 17:18:00.232] [Bytes recibidos]: 141
[2026-10-02 17:18:00.232] [Bytes recibidos]: 138
[2026-10-02 17:18:00.232] [Bytes recibidos]: 152
[2026-10-02 17:18:00.232] [Bytes recibidos]: 176
[2026-10-02 17:18:00.232] [Bytes recibidos]: 191
[2026-10-02 17:18:00.232] [Bytes recibidos]: 128
[2026-10-02 17:18:00.232] [Bytes recibidos]: 128
[2026-10-02 17:18:00.233] [Bytes recibidos]: 223
[2026-10-02 17:18:00.233] [Bytes recibidos]: 134
[2026-10-02 17:18:00.233] [Bytes recibidos]: 141
[2026-10-02 17:18:00.233] [Bytes recibidos]: 138
[2026-10-02 17:18:00.233] [Bytes recibidos]: 152
[2026-10-02 17:18:00.233] [Bytes recibidos]: 176
[2026-10-02 17:18:00.233] [Bytes recibidos]: 191
[2026-10-02 17:18:00.233] [Bytes recibidos]: 128
[2026-10-02 17:18:00.233] [Bytes recibidos]: 128
[2026-10-02 17:18:00.233] [Bytes recibidos]: 223
[2026-10-02 17:18:00.233] [Bytes recibidos]: 183
[2026-10-02 17:18:00.233] [Bytes recibidos]: 140
[2026-10-02 17:18:00.234] [Bytes recibidos]: 140
[2026-10-02 17:18:00.234] [Bytes recibidos]: 152
[2026-10-02 17:18:00.234] [Bytes recibidos]: 175
[2026-10-02 17:18:00.234] [Bytes recibidos]: 191
[2026-10-02 17:18:00.234] [Bytes recibidos]: 128
[2026-10-02 17:18:00.234] [Bytes recibidos]: 128
[2026-10-02 17:18:00.234] [Bytes recibidos]: 223
[2026-10-02 17:18:00.234] [Bytes recibidos]: 179
[2026-10-02 17:18:00.234] [Bytes recibidos]: 140
[2026-10-02 17:18:00.234] [Bytes recibidos]: 141
[2026-10-02 17:18:00.234] [Bytes recibidos]: 152
[2026-10-02 17:18:00.235] [Bytes recibidos]: 175
[2026-10-02 17:18:00.235] [Bytes recibidos]: 191
[2026-10-02 17:18:00.235] [Bytes recibidos]: 128
[2026-10-02 17:18:00.235] [Bytes recibidos]: 128
[2026-10-02 17:18:00.235] [Bytes recibidos]: 223
[2026-10-02 17:18:00.235] [Bytes recibidos]: 171
[2026-10-02 17:18:00.235] [Bytes recibidos]: 140
[2026-10-02 17:18:00.235] [Bytes recibidos]: 143
[2026-10-02 17:18:00.235] [Bytes recibidos]: 152
[2026-10-02 17:18:00.235] [Bytes recibidos]: 174
[2026-10-02 17:18:00.235] [Bytes recibidos]: 191
[2026-10-02 17:18:00.235] [Bytes recibidos]: 128
[2026-10-02 17:18:00.235] [Bytes recibidos]: 128
[2026-10-02 17:18:00.235] [Bytes recibidos]: 223
[2026-10-02 17:18:00.236] [Bytes recibidos]: 164
[2026-10-02 17:18:00.236] [Bytes recibidos]: 140
[2026-10-02 17:18:00.236] [Bytes recibidos]: 146
[2026-10-02 17:18:00.236] [Bytes recibidos]: 152
[2026-10-02 17:18:00.236] [Bytes recibidos]: 173
[2026-10-02 17:18:00.236] [Bytes recibidos]: 191
[2026-10-02 17:18:00.236] [Bytes recibidos]: 128
[2026-10-02 17:18:00.236] [Bytes recibidos]: 128
[2026-10-02 17:18:00.236] [Bytes recibidos]: 223
[2026-10-02 17:18:00.236] [Bytes recibidos]: 157
[2026-10-02 17:18:00.236] [Bytes recibidos]: 140
[2026-10-02 17:18:00.237] [Bytes recibidos]: 148
[2026-10-02 17:18:00.237] [Bytes recibidos]: 152
[2026-10-02 17:18:00.237] [Bytes recibidos]: 173
[2026-10-02 17:18:00.237] [Bytes recibidos]: 191
[2026-10-02 17:18:00.237] [Bytes recibidos]: 128
[2026-10-02 17:18:00.237] [Bytes recibidos]: 128
[2026-10-02 17:18:00.237] [Bytes recibidos]: 223
[2026-10-02 17:18:00.237] [Bytes recibidos]: 148
[2026-10-02 17:18:00.237] [Bytes recibidos]: 140
[2026-10-02 17:18:00.237] [Bytes recibidos]: 154
[2026-10-02 17:18:00.237] [Bytes recibidos]: 152
[2026-10-02 17:18:00.238] [Bytes recibidos]: 171
[2026-10-02 17:18:00.238] [Bytes recibidos]: 191
[2026-10-02 17:18:00.238] [Bytes recibidos]: 128
[2026-10-02 17:18:00.238] [Bytes recibidos]: 128
[2026-10-02 17:18:00.238] [Bytes recibidos]: 223
[2026-10-02 17:18:00.238] [Bytes recibidos]: 145
[2026-10-02 17:18:00.238] [Bytes recibidos]: 140
[2026-10-02 17:18:00.238] [Bytes recibidos]: 156
[2026-10-02 17:18:00.238] [Bytes recibidos]: 152
[2026-10-02 17:18:00.238] [Bytes recibidos]: 171
[2026-10-02 17:18:00.238] [Bytes recibidos]: 191
[2026-10-02 17:18:00.239] [Bytes recibidos]: 128
[2026-10-02 17:18:00.239] [Bytes recibidos]: 128
[2026-10-02 17:18:00.239] [Bytes recibidos]: 223
[2026-10-02 17:18:00.239] [Bytes recibidos]: 137
[2026-10-02 17:18:00.239] [Bytes recibidos]: 140
[2026-10-02 17:18:00.239] [Bytes recibidos]: 163
[2026-10-02 17:18:00.239] [Bytes recibidos]: 152
[2026-10-02 17:18:00.239] [Bytes recibidos]: 171
[2026-10-02 17:18:00.239] [Bytes recibidos]: 191
[2026-10-02 17:18:00.239] [Bytes recibidos]: 128
[2026-10-02 17:18:00.239] [Bytes recibidos]: 128
[2026-10-02 17:18:00.240] [Bytes recibidos]: 223
[2026-10-02 17:18:00.240] [Bytes recibidos]: 134
[2026-10-02 17:18:00.240] [Bytes recibidos]: 140
[2026-10-02 17:18:00.240] [Bytes recibidos]: 166
[2026-10-02 17:18:00.240] [Bytes recibidos]: 152
[2026-10-02 17:18:00.240] [Bytes recibidos]: 170
[2026-10-02 17:18:00.240] [Bytes recibidos]: 191
[2026-10-02 17:18:00.240] [Bytes recibidos]: 128
[2026-10-02 17:18:00.240] [Bytes recibidos]: 128
[2026-10-02 17:18:00.241] [Bytes recibidos]: 223
[2026-10-02 17:18:00.241] [Bytes recibidos]: 129
[2026-10-02 17:18:00.241] [Bytes recibidos]: 140
[2026-10-02 17:18:00.241] [Bytes recibidos]: 172
[2026-10-02 17:18:00.241] [Bytes recibidos]: 152
[2026-10-02 17:18:00.241] [Bytes recibidos]: 169
[2026-10-02 17:18:00.241] [Bytes recibidos]: 191
[2026-10-02 17:18:00.241] [Bytes recibidos]: 128
[2026-10-02 17:18:00.241] [Bytes recibidos]: 128
[2026-10-02 17:18:00.241] [Bytes recibidos]: 223
[2026-10-02 17:18:00.242] [Bytes recibidos]: 185
[2026-10-02 17:18:00.242] [Bytes recibidos]: 139
[2026-10-02 17:18:00.242] [Bytes recibidos]: 183
[2026-10-02 17:18:00.242] [Bytes recibidos]: 152
[2026-10-02 17:18:00.242] [Bytes recibidos]: 168
[2026-10-02 17:18:00.242] [Bytes recibidos]: 191
[2026-10-02 17:18:00.242] [Bytes recibidos]: 128
[2026-10-02 17:18:00.242] [Bytes recibidos]: 128
[2026-10-02 17:18:00.242] [Bytes recibidos]: 223
[2026-10-02 17:18:00.243] [Bytes recibidos]: 180
[2026-10-02 17:18:00.243] [Bytes recibidos]: 139
[2026-10-02 17:18:00.243] [Bytes recibidos]: 129
[2026-10-02 17:18:00.243] [Bytes recibidos]: 153
[2026-10-02 17:18:00.243] [Bytes recibidos]: 168
[2026-10-02 17:18:00.243] [Bytes recibidos]: 191
[2026-10-02 17:18:00.243] [Bytes recibidos]: 128
[2026-10-02 17:18:00.243] [Bytes recibidos]: 128
[2026-10-02 17:18:00.243] [Bytes recibidos]: 223
[2026-10-02 17:18:00.244] [Bytes recibidos]: 177
[2026-10-02 17:18:00.244] [Bytes recibidos]: 139
[2026-10-02 17:18:00.244] [Bytes recibidos]: 135
[2026-10-02 17:18:00.244] [Bytes recibidos]: 153
[2026-10-02 17:18:00.244] [Bytes recibidos]: 167
[2026-10-02 17:18:00.244] [Bytes recibidos]: 191
[2026-10-02 17:18:00.245] [Bytes recibidos]: 128
[2026-10-02 17:18:00.245] [Bytes recibidos]: 128
[2026-10-02 17:18:00.245] [Bytes recibidos]: 223
[2026-10-02 17:18:00.245] [Bytes recibidos]: 172
[2026-10-02 17:18:00.245] [Bytes recibidos]: 139
[2026-10-02 17:18:00.245] [Bytes recibidos]: 149
[2026-10-02 17:18:00.245] [Bytes recibidos]: 153
[2026-10-02 17:18:00.245] [Bytes recibidos]: 167
[2026-10-02 17:18:00.245] [Bytes recibidos]: 191
[2026-10-02 17:18:00.245] [Bytes recibidos]: 128
[2026-10-02 17:18:00.246] [Bytes recibidos]: 128
[2026-10-02 17:18:00.246] [Bytes recibidos]: 223
[2026-10-02 17:18:00.246] [Bytes recibidos]: 167
[2026-10-02 17:18:00.246] [Bytes recibidos]: 139
[2026-10-02 17:18:00.246] [Bytes recibidos]: 168
[2026-10-02 17:18:00.246] [Bytes recibidos]: 153
[2026-10-02 17:18:00.246] [Bytes recibidos]: 166
[2026-10-02 17:18:00.246] [Bytes recibidos]: 191
[2026-10-02 17:18:00.246] [Bytes recibidos]: 128
[2026-10-02 17:18:00.246] [Bytes recibidos]: 128
[2026-10-02 17:18:00.247] [Bytes recibidos]: 223
[2026-10-02 17:18:00.247] [Bytes recibidos]: 161
[2026-10-02 17:18:00.247] [Bytes recibidos]: 139
[2026-10-02 17:18:00.247] [Bytes recibidos]: 136
[2026-10-02 17:18:00.247] [Bytes recibidos]: 154
[2026-10-02 17:18:00.247] [Bytes recibidos]: 166
[2026-10-02 17:18:00.247] [Bytes recibidos]: 191
[2026-10-02 17:18:00.247] [Bytes recibidos]: 128
[2026-10-02 17:18:00.247] [Bytes recibidos]: 128
[2026-10-02 17:18:00.248] [Bytes recibidos]: 223
[2026-10-02 17:18:00.248] [Bytes recibidos]: 159
[2026-10-02 17:18:00.248] [Bytes recibidos]: 139
[2026-10-02 17:18:00.248] [Bytes recibidos]: 149
[2026-10-02 17:18:00.248] [Bytes recibidos]: 154
[2026-10-02 17:18:00.248] [Bytes recibidos]: 166
[2026-10-02 17:18:00.248] [Bytes recibidos]: 191
[2026-10-02 17:18:00.248] [Bytes recibidos]: 128
[2026-10-02 17:18:00.248] [Bytes recibidos]: 128
[2026-10-02 17:18:00.248] [Bytes recibidos]: 223
[2026-10-02 17:18:00.248] [Bytes recibidos]: 155
[2026-10-02 17:18:00.248] [Bytes recibidos]: 139
[2026-10-02 17:18:00.249] [Bytes recibidos]: 187
[2026-10-02 17:18:00.249] [Bytes recibidos]: 154
[2026-10-02 17:18:00.249] [Bytes recibidos]: 166
[2026-10-02 17:18:00.249] [Bytes recibidos]: 191
[2026-10-02 17:18:00.249] [Bytes recibidos]: 128
[2026-10-02 17:18:00.249] [Bytes recibidos]: 128
[2026-10-02 17:18:00.249] [Bytes recibidos]: 223
[2026-10-02 17:18:00.249] [Bytes recibidos]: 155
[2026-10-02 17:18:00.249] [Bytes recibidos]: 139
[2026-10-02 17:18:00.249] [Bytes recibidos]: 136
[2026-10-02 17:18:00.249] [Bytes recibidos]: 155
[2026-10-02 17:18:00.249] [Bytes recibidos]: 166
[2026-10-02 17:18:00.249] [Bytes recibidos]: 191
[2026-10-02 17:18:00.249] [Bytes recibidos]: 128
[2026-10-02 17:18:00.250] [Bytes recibidos]: 128
[2026-10-02 17:18:00.250] [Bytes recibidos]: 223
[2026-10-02 17:18:00.250] [Bytes recibidos]: 153
[2026-10-02 17:18:00.250] [Bytes recibidos]: 139
[2026-10-02 17:18:00.250] [Bytes recibidos]: 162
[2026-10-02 17:18:00.250] [Bytes recibidos]: 155
[2026-10-02 17:18:00.250] [Bytes recibidos]: 166
[2026-10-02 17:18:00.250] [Bytes recibidos]: 191
[2026-10-02 17:18:00.250] [Bytes recibidos]: 128
[2026-10-02 17:18:00.250] [Bytes recibidos]: 128
[2026-10-02 17:18:00.250] [Bytes recibidos]: 223
[2026-10-02 17:18:00.251] [Bytes recibidos]: 151
[2026-10-02 17:18:00.251] [Bytes recibidos]: 139
[2026-10-02 17:18:00.251] [Bytes recibidos]: 136
[2026-10-02 17:18:00.251] [Bytes recibidos]: 156
[2026-10-02 17:18:00.251] [Bytes recibidos]: 167
[2026-10-02 17:18:00.251] [Bytes recibidos]: 191
[2026-10-02 17:18:00.251] [Bytes recibidos]: 128
[2026-10-02 17:18:00.251] [Bytes recibidos]: 128
[2026-10-02 17:18:00.251] [Bytes recibidos]: 223
[2026-10-02 17:18:00.251] [Bytes recibidos]: 150
[2026-10-02 17:18:00.252] [Bytes recibidos]: 139
[2026-10-02 17:18:00.252] [Bytes recibidos]: 161
[2026-10-02 17:18:00.252] [Bytes recibidos]: 156
[2026-10-02 17:18:00.252] [Bytes recibidos]: 167
[2026-10-02 17:18:00.252] [Bytes recibidos]: 191
[2026-10-02 17:18:00.252] [Bytes recibidos]: 128
[2026-10-02 17:18:00.252] [Bytes recibidos]: 128
[2026-10-02 17:18:00.252] [Bytes recibidos]: 223
[2026-10-02 17:18:00.252] [Bytes recibidos]: 149
[2026-10-02 17:18:00.252] [Bytes recibidos]: 139
[2026-10-02 17:18:00.252] [Bytes recibidos]: 172
[2026-10-02 17:18:00.252] [Bytes recibidos]: 156
[2026-10-02 17:18:00.252] [Bytes recibidos]: 167
[2026-10-02 17:18:00.252] [Bytes recibidos]: 191
[2026-10-02 17:18:00.253] [Bytes recibidos]: 128
[2026-10-02 17:18:00.253] [Bytes recibidos]: 128
[2026-10-02 17:18:00.253] [Bytes recibidos]: 223
[2026-10-02 17:18:00.253] [Bytes recibidos]: 147
[2026-10-02 17:18:00.253] [Bytes recibidos]: 139
[2026-10-02 17:18:00.253] [Bytes recibidos]: 131
[2026-10-02 17:18:00.253] [Bytes recibidos]: 157
[2026-10-02 17:18:00.253] [Bytes recibidos]: 168
[2026-10-02 17:18:00.253] [Bytes recibidos]: 191
[2026-10-02 17:18:00.253] [Bytes recibidos]: 128
[2026-10-02 17:18:00.253] [Bytes recibidos]: 128
[2026-10-02 17:18:00.253] [Bytes recibidos]: 223
[2026-10-02 17:18:00.253] [Bytes recibidos]: 145
[2026-10-02 17:18:00.253] [Bytes recibidos]: 139
[2026-10-02 17:18:00.254] [Bytes recibidos]: 152
[2026-10-02 17:18:00.254] [Bytes recibidos]: 157
[2026-10-02 17:18:00.254] [Bytes recibidos]: 168
[2026-10-02 17:18:00.254] [Bytes recibidos]: 191
[2026-10-02 17:18:00.254] [Bytes recibidos]: 128
[2026-10-02 17:18:00.254] [Bytes recibidos]: 128
[2026-10-02 17:18:00.254] [Bytes recibidos]: 223
[2026-10-02 17:18:00.254] [Bytes recibidos]: 142
[2026-10-02 17:18:00.254] [Bytes recibidos]: 139
[2026-10-02 17:18:00.254] [Bytes recibidos]: 181
[2026-10-02 17:18:00.254] [Bytes recibidos]: 157
[2026-10-02 17:18:00.254] [Bytes recibidos]: 169
[2026-10-02 17:18:00.254] [Bytes recibidos]: 191
[2026-10-02 17:18:00.254] [Bytes recibidos]: 128
[2026-10-02 17:18:00.255] [Bytes recibidos]: 128
[2026-10-02 17:18:00.255] [Bytes recibidos]: 223
[2026-10-02 17:18:00.255] [Bytes recibidos]: 141
[2026-10-02 17:18:00.255] [Bytes recibidos]: 139
[2026-10-02 17:18:00.255] [Bytes recibidos]: 190
[2026-10-02 17:18:00.255] [Bytes recibidos]: 157
[2026-10-02 17:18:00.255] [Bytes recibidos]: 169
[2026-10-02 17:18:00.255] [Bytes recibidos]: 191
[2026-10-02 17:18:00.255] [Bytes recibidos]: 128
[2026-10-02 17:18:00.255] [Bytes recibidos]: 128
[2026-10-02 17:18:00.255] [Bytes recibidos]: 223
[2026-10-02 17:18:00.255] [Bytes recibidos]: 139
[2026-10-02 17:18:00.256] [Bytes recibidos]: 139
[2026-10-02 17:18:00.256] [Bytes recibidos]: 142
[2026-10-02 17:18:00.256] [Bytes recibidos]: 158
[2026-10-02 17:18:00.256] [Bytes recibidos]: 170
[2026-10-02 17:18:00.256] [Bytes recibidos]: 191
[2026-10-02 17:18:00.256] [Bytes recibidos]: 128
[2026-10-02 17:18:00.256] [Bytes recibidos]: 128
[2026-10-02 17:18:00.256] [Bytes recibidos]: 223
[2026-10-02 17:18:00.256] [Bytes recibidos]: 137
[2026-10-02 17:18:00.256] [Bytes recibidos]: 139
[2026-10-02 17:18:00.256] [Bytes recibidos]: 157
[2026-10-02 17:18:00.256] [Bytes recibidos]: 158
[2026-10-02 17:18:00.256] [Bytes recibidos]: 171
[2026-10-02 17:18:00.257] [Bytes recibidos]: 191
[2026-10-02 17:18:00.257] [Bytes recibidos]: 128
[2026-10-02 17:18:00.257] [Bytes recibidos]: 128
[2026-10-02 17:18:00.257] [Bytes recibidos]: 223
[2026-10-02 17:18:00.257] [Bytes recibidos]: 135
[2026-10-02 17:18:00.257] [Bytes recibidos]: 139
[2026-10-02 17:18:00.257] [Bytes recibidos]: 171
[2026-10-02 17:18:00.257] [Bytes recibidos]: 158
[2026-10-02 17:18:00.257] [Bytes recibidos]: 171
[2026-10-02 17:18:00.257] [Bytes recibidos]: 191
[2026-10-02 17:18:00.257] [Bytes recibidos]: 128
[2026-10-02 17:18:00.257] [Bytes recibidos]: 128
[2026-10-02 17:18:00.258] [Bytes recibidos]: 223
[2026-10-02 17:18:00.258] [Bytes recibidos]: 132
[2026-10-02 17:18:00.258] [Bytes recibidos]: 139
[2026-10-02 17:18:00.258] [Bytes recibidos]: 189
[2026-10-02 17:18:00.258] [Bytes recibidos]: 158
[2026-10-02 17:18:00.258] [Bytes recibidos]: 172
[2026-10-02 17:18:00.258] [Bytes recibidos]: 191
[2026-10-02 17:18:00.258] [Bytes recibidos]: 128
[2026-10-02 17:18:00.258] [Bytes recibidos]: 128
[2026-10-02 17:18:00.258] [Bytes recibidos]: 223
[2026-10-02 17:18:00.258] [Bytes recibidos]: 131
[2026-10-02 17:18:00.258] [Bytes recibidos]: 139
[2026-10-02 17:18:00.259] [Bytes recibidos]: 136
[2026-10-02 17:18:00.259] [Bytes recibidos]: 159
[2026-10-02 17:18:00.259] [Bytes recibidos]: 172
[2026-10-02 17:18:00.259] [Bytes recibidos]: 191
[2026-10-02 17:18:00.259] [Bytes recibidos]: 128
[2026-10-02 17:18:00.259] [Bytes recibidos]: 128
[2026-10-02 17:18:00.259] [Bytes recibidos]: 223
[2026-10-02 17:18:00.259] [Bytes recibidos]: 131
[2026-10-02 17:18:00.259] [Bytes recibidos]: 139
[2026-10-02 17:18:00.259] [Bytes recibidos]: 141
[2026-10-02 17:18:00.259] [Bytes recibidos]: 159
[2026-10-02 17:18:00.259] [Bytes recibidos]: 172
[2026-10-02 17:18:00.259] [Bytes recibidos]: 191
[2026-10-02 17:18:00.260] [Bytes recibidos]: 128
[2026-10-02 17:18:00.260] [Bytes recibidos]: 128
[2026-10-02 17:18:00.260] [Bytes recibidos]: 223
[2026-10-02 17:18:00.260] [Bytes recibidos]: 130
[2026-10-02 17:18:00.260] [Bytes recibidos]: 139
[2026-10-02 17:18:00.260] [Bytes recibidos]: 150
[2026-10-02 17:18:00.260] [Bytes recibidos]: 159
[2026-10-02 17:18:00.260] [Bytes recibidos]: 172
[2026-10-02 17:18:00.260] [Bytes recibidos]: 191
[2026-10-02 17:18:00.260] [Bytes recibidos]: 128
[2026-10-02 17:18:00.260] [Bytes recibidos]: 128
[2026-10-02 17:18:00.260] [Bytes recibidos]: 223
[2026-10-02 17:18:00.261] [Bytes recibidos]: 129
[2026-10-02 17:18:00.261] [Bytes recibidos]: 139
[2026-10-02 17:18:00.261] [Bytes recibidos]: 157
[2026-10-02 17:18:00.261] [Bytes recibidos]: 159
[2026-10-02 17:18:00.261] [Bytes recibidos]: 172
[2026-10-02 17:18:00.261] [Bytes recibidos]: 191
[2026-10-02 17:18:00.261] [Bytes recibidos]: 128
[2026-10-02 17:18:00.261] [Bytes recibidos]: 128
[2026-10-02 17:18:00.261] [Bytes recibidos]: 223
[2026-10-02 17:18:00.261] [Bytes recibidos]: 128
[2026-10-02 17:18:00.261] [Bytes recibidos]: 139
[2026-10-02 17:18:00.261] [Bytes recibidos]: 167
[2026-10-02 17:18:00.261] [Bytes recibidos]: 159
[2026-10-02 17:18:00.262] [Bytes recibidos]: 171
[2026-10-02 17:18:00.262] [Bytes recibidos]: 191
[2026-10-02 17:18:00.262] [Bytes recibidos]: 128
[2026-10-02 17:18:00.262] [Bytes recibidos]: 128
[2026-10-02 17:18:00.262] [Bytes recibidos]: 223
[2026-10-02 17:18:00.262] [Bytes recibidos]: 191
[2026-10-02 17:18:00.262] [Bytes recibidos]: 138
[2026-10-02 17:18:00.262] [Bytes recibidos]: 169
[2026-10-02 17:18:00.262] [Bytes recibidos]: 159
[2026-10-02 17:18:00.262] [Bytes recibidos]: 171
[2026-10-02 17:18:00.262] [Bytes recibidos]: 191
[2026-10-02 17:18:00.262] [Bytes recibidos]: 128
[2026-10-02 17:18:00.262] [Bytes recibidos]: 128
[2026-10-02 17:18:00.263] [Bytes recibidos]: 223
[2026-10-02 17:18:00.263] [Bytes recibidos]: 191
[2026-10-02 17:18:00.263] [Bytes recibidos]: 138
[2026-10-02 17:18:00.263] [Bytes recibidos]: 175
[2026-10-02 17:18:00.263] [Bytes recibidos]: 159
[2026-10-02 17:18:00.263] [Bytes recibidos]: 171
[2026-10-02 17:18:00.263] [Bytes recibidos]: 191
[2026-10-02 17:18:00.263] [Bytes recibidos]: 128
[2026-10-02 17:18:00.263] [Bytes recibidos]: 128
[2026-10-02 17:18:00.263] [Bytes recibidos]: 223
[2026-10-02 17:18:00.263] [Bytes recibidos]: 190
[2026-10-02 17:18:00.263] [Bytes recibidos]: 138
[2026-10-02 17:18:00.263] [Bytes recibidos]: 177
[2026-10-02 17:18:00.264] [Bytes recibidos]: 159
[2026-10-02 17:18:00.264] [Bytes recibidos]: 171
[2026-10-02 17:18:00.264] [Bytes recibidos]: 191
[2026-10-02 17:18:00.264] [Bytes recibidos]: 128
[2026-10-02 17:18:00.264] [Bytes recibidos]: 128
[2026-10-02 17:18:00.264] [Bytes recibidos]: 223
[2026-10-02 17:18:00.264] [Bytes recibidos]: 190
[2026-10-02 17:18:00.264] [Bytes recibidos]: 138
[2026-10-02 17:18:00.264] [Bytes recibidos]: 179
[2026-10-02 17:18:00.264] [Bytes recibidos]: 159
[2026-10-02 17:18:00.264] [Bytes recibidos]: 171
[2026-10-02 17:18:00.264] [Bytes recibidos]: 191
[2026-10-02 17:18:00.265] [Bytes recibidos]: 128
[2026-10-02 17:18:00.265] [Bytes recibidos]: 128
[2026-10-02 17:18:00.265] [Bytes recibidos]: 223
[2026-10-02 17:18:00.265] [Bytes recibidos]: 190
[2026-10-02 17:18:00.265] [Bytes recibidos]: 138
[2026-10-02 17:18:00.265] [Bytes recibidos]: 181
[2026-10-02 17:18:00.265] [Bytes recibidos]: 159
[2026-10-02 17:18:00.265] [Bytes recibidos]: 171
[2026-10-02 17:18:00.265] [Bytes recibidos]: 191
[2026-10-02 17:18:00.265] [Bytes recibidos]: 128
[2026-10-02 17:18:00.265] [Bytes recibidos]: 128
[2026-10-02 17:18:00.265] [Bytes recibidos]: 223
[2026-10-02 17:18:00.265] [Bytes recibidos]: 189
[2026-10-02 17:18:00.265] [Bytes recibidos]: 138
[2026-10-02 17:18:00.266] [Bytes recibidos]: 182
[2026-10-02 17:18:00.266] [Bytes recibidos]: 159
[2026-10-02 17:18:00.266] [Bytes recibidos]: 171
[2026-10-02 17:18:00.266] [Bytes recibidos]: 191
[2026-10-02 17:18:00.266] [Bytes recibidos]: 128
[2026-10-02 17:18:00.266] [Bytes recibidos]: 128
[2026-10-02 17:18:00.266] [Bytes recibidos]: 223
[2026-10-02 17:18:00.266] [Bytes recibidos]: 189
[2026-10-02 17:18:00.266] [Bytes recibidos]: 138
[2026-10-02 17:18:00.266] [Bytes recibidos]: 182
[2026-10-02 17:18:00.266] [Bytes recibidos]: 159
[2026-10-02 17:18:00.266] [Bytes recibidos]: 171
[2026-10-02 17:18:00.266] [Bytes recibidos]: 191
[2026-10-02 17:18:00.266] [Bytes recibidos]: 128
[2026-10-02 17:18:00.267] [Bytes recibidos]: 128
[2026-10-02 17:18:00.267] [Bytes recibidos]: 223
[2026-10-02 17:18:00.267] [Bytes recibidos]: 189
[2026-10-02 17:18:00.267] [Bytes recibidos]: 138
[2026-10-02 17:18:00.267] [Bytes recibidos]: 183
[2026-10-02 17:18:00.267] [Bytes recibidos]: 159
[2026-10-02 17:18:00.267] [Bytes recibidos]: 170
[2026-10-02 17:18:00.267] [Bytes recibidos]: 191
[2026-10-02 17:18:00.267] [Bytes recibidos]: 128
[2026-10-02 17:18:00.267] [Bytes recibidos]: 128
[2026-10-02 17:18:00.267] [Bytes recibidos]: 223
[2026-10-02 17:18:00.267] [Bytes recibidos]: 189
[2026-10-02 17:18:00.267] [Bytes recibidos]: 138
[2026-10-02 17:18:00.268] [Bytes recibidos]: 183
[2026-10-02 17:18:00.268] [Bytes recibidos]: 159
[2026-10-02 17:18:00.268] [Bytes recibidos]: 170
[2026-10-02 17:18:00.268] [Bytes recibidos]: 191
[2026-10-02 17:18:00.268] [Bytes recibidos]: 128
[2026-10-02 17:18:00.268] [Bytes recibidos]: 128
[2026-10-02 17:18:00.268] [Bytes recibidos]: 223
[2026-10-02 17:18:00.268] [Bytes recibidos]: 189
[2026-10-02 17:18:00.268] [Bytes recibidos]: 138
[2026-10-02 17:18:00.268] [Bytes recibidos]: 184
[2026-10-02 17:18:00.268] [Bytes recibidos]: 159
[2026-10-02 17:18:00.268] [Bytes recibidos]: 170
[2026-10-02 17:18:00.268] [Bytes recibidos]: 191
[2026-10-02 17:18:00.268] [Bytes recibidos]: 128
[2026-10-02 17:18:00.269] [Bytes recibidos]: 128
[2026-10-02 17:18:00.269] [Bytes recibidos]: 223
[2026-10-02 17:18:00.269] [Bytes recibidos]: 189
[2026-10-02 17:18:00.269] [Bytes recibidos]: 138
[2026-10-02 17:18:00.269] [Bytes recibidos]: 185
[2026-10-02 17:18:00.269] [Bytes recibidos]: 159
[2026-10-02 17:18:00.269] [Bytes recibidos]: 170
[2026-10-02 17:18:00.269] [Bytes recibidos]: 191
[2026-10-02 17:18:00.269] [Bytes recibidos]: 128
[2026-10-02 17:18:00.269] [Bytes recibidos]: 128
[2026-10-02 17:18:00.269] [Bytes recibidos]: 223
[2026-10-02 17:18:00.269] [Bytes recibidos]: 188
[2026-10-02 17:18:00.269] [Bytes recibidos]: 138
[2026-10-02 17:18:00.269] [Bytes recibidos]: 185
[2026-10-02 17:18:00.270] [Bytes recibidos]: 159
[2026-10-02 17:18:00.270] [Bytes recibidos]: 170
[2026-10-02 17:18:00.270] [Bytes recibidos]: 191
[2026-10-02 17:18:00.270] [Bytes recibidos]: 128
[2026-10-02 17:18:00.270] [Bytes recibidos]: 128
[2026-10-02 17:18:00.270] [Bytes recibidos]: 223
[2026-10-02 17:18:00.270] [Bytes recibidos]: 188
[2026-10-02 17:18:00.270] [Bytes recibidos]: 138
[2026-10-02 17:18:00.270] [Bytes recibidos]: 186
[2026-10-02 17:18:00.270] [Bytes recibidos]: 159
[2026-10-02 17:18:00.270] [Bytes recibidos]: 170
[2026-10-02 17:18:00.270] [Bytes recibidos]: 191
[2026-10-02 17:18:00.270] [Bytes recibidos]: 128
[2026-10-02 17:18:00.271] [Bytes recibidos]: 128
[2026-10-02 17:18:00.271] [Bytes recibidos]: 223
[2026-10-02 17:18:00.271] [Bytes recibidos]: 188
[2026-10-02 17:18:00.271] [Bytes recibidos]: 138
[2026-10-02 17:18:00.271] [Bytes recibidos]: 186
[2026-10-02 17:18:00.271] [Bytes recibidos]: 159
[2026-10-02 17:18:00.271] [Bytes recibidos]: 170
[2026-10-02 17:18:00.271] [Bytes recibidos]: 191
[2026-10-02 17:18:00.271] [Bytes recibidos]: 128
[2026-10-02 17:18:00.271] [Bytes recibidos]: 128
[2026-10-02 17:18:00.271] [Bytes recibidos]: 223
[2026-10-02 17:18:00.271] [Bytes recibidos]: 188
[2026-10-02 17:18:00.272] [Bytes recibidos]: 138
[2026-10-02 17:18:00.272] [Bytes recibidos]: 187
[2026-10-02 17:18:00.272] [Bytes recibidos]: 159
[2026-10-02 17:18:00.272] [Bytes recibidos]: 170
[2026-10-02 17:18:00.272] [Bytes recibidos]: 191
[2026-10-02 17:18:00.272] [Bytes recibidos]: 128
[2026-10-02 17:18:00.272] [Bytes recibidos]: 128
[2026-10-02 17:18:00.272] [Bytes recibidos]: 223
[2026-10-02 17:18:00.272] [Bytes recibidos]: 188
[2026-10-02 17:18:00.272] [Bytes recibidos]: 138
[2026-10-02 17:18:00.272] [Bytes recibidos]: 187
[2026-10-02 17:18:00.272] [Bytes recibidos]: 159
[2026-10-02 17:18:00.272] [Bytes recibidos]: 170
[2026-10-02 17:18:00.272] [Bytes recibidos]: 191
[2026-10-02 17:18:00.273] [Bytes recibidos]: 128
[2026-10-02 17:18:00.273] [Bytes recibidos]: 128
[2026-10-02 17:18:00.273] [Bytes recibidos]: 223
[2026-10-02 17:18:00.273] [Bytes recibidos]: 188
[2026-10-02 17:18:00.273] [Bytes recibidos]: 138
[2026-10-02 17:18:00.273] [Bytes recibidos]: 188
[2026-10-02 17:18:00.273] [Bytes recibidos]: 159
[2026-10-02 17:18:00.273] [Bytes recibidos]: 171
[2026-10-02 17:18:00.273] [Bytes recibidos]: 191
[2026-10-02 17:18:00.273] [Bytes recibidos]: 128
[2026-10-02 17:18:00.273] [Bytes recibidos]: 128
[2026-10-02 17:18:00.273] [Bytes recibidos]: 223
[2026-10-02 17:18:00.273] [Bytes recibidos]: 188
[2026-10-02 17:18:00.274] [Bytes recibidos]: 138
[2026-10-02 17:18:00.274] [Bytes recibidos]: 188
[2026-10-02 17:18:00.274] [Bytes recibidos]: 159
[2026-10-02 17:18:00.274] [Bytes recibidos]: 171
[2026-10-02 17:18:00.274] [Bytes recibidos]: 191
[2026-10-02 17:18:00.274] [Bytes recibidos]: 128
[2026-10-02 17:18:00.274] [Bytes recibidos]: 128
[2026-10-02 17:18:00.274] [Bytes recibidos]: 223
[2026-10-02 17:18:00.274] [Bytes recibidos]: 188
[2026-10-02 17:18:00.274] [Bytes recibidos]: 138
[2026-10-02 17:18:00.274] [Bytes recibidos]: 188
[2026-10-02 17:18:00.274] [Bytes recibidos]: 159
[2026-10-02 17:18:00.275] [Bytes recibidos]: 171
[2026-10-02 17:18:00.275] [Bytes recibidos]: 191
[2026-10-02 17:18:00.275] [Bytes recibidos]: 128
[2026-10-02 17:18:00.275] [Bytes recibidos]: 128
[2026-10-02 17:18:00.275] [Bytes recibidos]: 223
[2026-10-02 17:18:00.275] [Bytes recibidos]: 188
[2026-10-02 17:18:00.275] [Bytes recibidos]: 138
[2026-10-02 17:18:00.275] [Bytes recibidos]: 189
[2026-10-02 17:18:00.275] [Bytes recibidos]: 159
[2026-10-02 17:18:00.275] [Bytes recibidos]: 172
[2026-10-02 17:18:00.275] [Bytes recibidos]: 191
[2026-10-02 17:18:00.275] [Bytes recibidos]: 128
[2026-10-02 17:18:00.276] [Bytes recibidos]: 128
[2026-10-02 17:18:00.276] [Bytes recibidos]: 223
[2026-10-02 17:18:00.276] [Bytes recibidos]: 188
[2026-10-02 17:18:00.276] [Bytes recibidos]: 138
[2026-10-02 17:18:00.276] [Bytes recibidos]: 189
[2026-10-02 17:18:00.276] [Bytes recibidos]: 159
[2026-10-02 17:18:00.276] [Bytes recibidos]: 172
[2026-10-02 17:18:00.276] [Bytes recibidos]: 191
[2026-10-02 17:18:00.276] [Bytes recibidos]: 128
[2026-10-02 17:18:00.276] [Bytes recibidos]: 128
[2026-10-02 17:18:00.276] [Bytes recibidos]: 223
[2026-10-02 17:18:00.276] [Bytes recibidos]: 188
[2026-10-02 17:18:00.277] [Bytes recibidos]: 138
[2026-10-02 17:18:00.277] [Bytes recibidos]: 189
[2026-10-02 17:18:00.277] [Bytes recibidos]: 159
[2026-10-02 17:18:00.277] [Bytes recibidos]: 172
[2026-10-02 17:18:00.277] [Bytes recibidos]: 191
[2026-10-02 17:18:00.277] [Bytes recibidos]: 128
[2026-10-02 17:18:00.277] [Bytes recibidos]: 128
[2026-10-02 17:18:00.277] [Bytes recibidos]: 223
[2026-10-02 17:18:00.277] [Bytes recibidos]: 187
[2026-10-02 17:18:00.277] [Bytes recibidos]: 138
[2026-10-02 17:18:00.277] [Bytes recibidos]: 189
[2026-10-02 17:18:00.277] [Bytes recibidos]: 159
[2026-10-02 17:18:00.277] [Bytes recibidos]: 173
[2026-10-02 17:18:00.278] [Bytes recibidos]: 191
[2026-10-02 17:18:00.278] [Bytes recibidos]: 128
[2026-10-02 17:18:00.278] [Bytes recibidos]: 128
[2026-10-02 17:18:00.278] [Bytes recibidos]: 223
[2026-10-02 17:18:00.278] [Bytes recibidos]: 187
[2026-10-02 17:18:00.278] [Bytes recibidos]: 138
[2026-10-02 17:18:00.278] [Bytes recibidos]: 190
[2026-10-02 17:18:00.278] [Bytes recibidos]: 159
[2026-10-02 17:18:00.278] [Bytes recibidos]: 173
[2026-10-02 17:18:00.278] [Bytes recibidos]: 191
[2026-10-02 17:18:00.278] [Bytes recibidos]: 128
[2026-10-02 17:18:00.278] [Bytes recibidos]: 128
[2026-10-02 17:18:00.278] [Bytes recibidos]: 223
[2026-10-02 17:18:00.278] [Bytes recibidos]: 187
[2026-10-02 17:18:00.279] [Bytes recibidos]: 138
[2026-10-02 17:18:00.279] [Bytes recibidos]: 190
[2026-10-02 17:18:00.279] [Bytes recibidos]: 159
[2026-10-02 17:18:00.279] [Bytes recibidos]: 173
[2026-10-02 17:18:00.279] [Bytes recibidos]: 191
[2026-10-02 17:18:00.279] [Bytes recibidos]: 128
[2026-10-02 17:18:00.279] [Bytes recibidos]: 128
[2026-10-02 17:18:00.279] [Bytes recibidos]: 223
[2026-10-02 17:18:00.279] [Bytes recibidos]: 187
[2026-10-02 17:18:00.279] [Bytes recibidos]: 138
[2026-10-02 17:18:00.279] [Bytes recibidos]: 190
[2026-10-02 17:18:00.279] [Bytes recibidos]: 159
[2026-10-02 17:18:00.279] [Bytes recibidos]: 173
[2026-10-02 17:18:00.280] [Bytes recibidos]: 191
[2026-10-02 17:18:00.280] [Bytes recibidos]: 128
[2026-10-02 17:18:00.280] [Bytes recibidos]: 128
[2026-10-02 17:18:00.280] [Bytes recibidos]: 223
[2026-10-02 17:18:00.280] [Bytes recibidos]: 187
[2026-10-02 17:18:00.280] [Bytes recibidos]: 138
[2026-10-02 17:18:00.280] [Bytes recibidos]: 190
[2026-10-02 17:18:00.280] [Bytes recibidos]: 159
[2026-10-02 17:18:00.280] [Bytes recibidos]: 174
[2026-10-02 17:18:00.280] [Bytes recibidos]: 191
[2026-10-02 17:18:00.280] [Bytes recibidos]: 128
[2026-10-02 17:18:00.280] [Bytes recibidos]: 128
[2026-10-02 17:18:00.280] [Bytes recibidos]: 223
[2026-10-02 17:18:00.280] [Bytes recibidos]: 187
[2026-10-02 17:18:00.281] [Bytes recibidos]: 138
[2026-10-02 17:18:00.281] [Bytes recibidos]: 190
[2026-10-02 17:18:00.281] [Bytes recibidos]: 159
[2026-10-02 17:18:00.281] [Bytes recibidos]: 174
[2026-10-02 17:18:00.281] [Bytes recibidos]: 191
[2026-10-02 17:18:00.281] [Bytes recibidos]: 128
[2026-10-02 17:18:00.281] [Bytes recibidos]: 128
[2026-10-02 17:18:00.281] [Bytes recibidos]: 223
[2026-10-02 17:18:00.281] [Bytes recibidos]: 187
[2026-10-02 17:18:00.281] [Bytes recibidos]: 138
[2026-10-02 17:18:00.281] [Bytes recibidos]: 191
[2026-10-02 17:18:00.281] [Bytes recibidos]: 159
[2026-10-02 17:18:00.281] [Bytes recibidos]: 174
[2026-10-02 17:18:00.281] [Bytes recibidos]: 191
[2026-10-02 17:18:00.281] [Bytes recibidos]: 128
[2026-10-02 17:18:00.282] [Bytes recibidos]: 128
[2026-10-02 17:18:00.282] [Bytes recibidos]: 223
[2026-10-02 17:18:00.282] [Bytes recibidos]: 187
[2026-10-02 17:18:00.282] [Bytes recibidos]: 138
[2026-10-02 17:18:00.282] [Bytes recibidos]: 191
[2026-10-02 17:18:00.282] [Bytes recibidos]: 159
[2026-10-02 17:18:00.282] [Bytes recibidos]: 174
[2026-10-02 17:18:00.282] [Bytes recibidos]: 191
[2026-10-02 17:18:00.282] [Bytes recibidos]: 128
[2026-10-02 17:18:00.282] [Bytes recibidos]: 128
[2026-10-02 17:18:00.282] [Bytes recibidos]: 223
[2026-10-02 17:18:00.282] [Bytes recibidos]: 187
[2026-10-02 17:18:00.282] [Bytes recibidos]: 138
[2026-10-02 17:18:00.282] [Bytes recibidos]: 191
[2026-10-02 17:18:00.282] [Bytes recibidos]: 159
[2026-10-02 17:18:00.283] [Bytes recibidos]: 174
[2026-10-02 17:18:00.283] [Bytes recibidos]: 191
[2026-10-02 17:18:00.283] [Bytes recibidos]: 128
[2026-10-02 17:18:00.283] [Bytes recibidos]: 128
[2026-10-02 17:18:00.283] [Bytes recibidos]: 27
[2026-10-02 17:18:00.283] [Bytes recibidos]: 81
[2026-10-02 17:18:00.283] [Bytes recibidos]: 54
[2026-10-02 17:18:00.283] [Bytes recibidos]: 67
[2026-10-02 17:18:00.283] [Bytes recibidos]: 13
[2026-10-02 17:18:00.283] [Data Recibida]: 55.530891330891336
[2026-10-02 17:18:00.283] [MIN]: -21
[2026-10-02 17:18:00.283] [MAX]: 121
[2026-10-02 17:18:00.284] [MAXBIN]: 4095
[2026-10-02 17:18:00.284] [Data Recibida]: -168.0935286935287
[2026-10-02 17:18:00.284] [MIN]: -181
[2026-10-02 17:18:00.284] [MAX]: 181
[2026-10-02 17:18:00.284] [MAXBIN]: 4095
[2026-10-02 17:18:00.284] [Data Recibida]: 69.54822954822954
[2026-10-02 17:18:00.284] [MIN]: 0
[2026-10-02 17:18:00.284] [MAX]: 100
[2026-10-02 17:18:00.284] [MAXBIN]: 4095
[2026-10-02 17:18:00.284] [Data Recibida]: 1.8461538461538463
[2026-10-02 17:18:00.284] [MIN]: 0
[2026-10-02 17:18:00.284] [MAX]: 120
[2026-10-02 17:18:00.285] [MAXBIN]: 4095
[2026-10-02 17:18:00.285] [Data Recibida]: 9.68986568986569
[2026-10-02 17:18:00.285] [MIN]: 0
[2026-10-02 17:18:00.285] [MAX]: 20
[2026-10-02 17:18:00.285] [MAXBIN]: 4095
[2026-10-02 17:18:00.285] [Data Recibida]: 28.937728937728938
[2026-10-02 17:18:00.285] [MIN]: 0
[2026-10-02 17:18:00.285] [MAX]: 100
[2026-10-02 17:18:00.285] [MAXBIN]: 4095
[2026-10-02 17:18:00.285] [Data Recibida]: 9.992673992673993
[2026-10-02 17:18:00.285] [MIN]: 0
[2026-10-02 17:18:00.285] [MAX]: 20
[2026-10-02 17:18:00.286] [MAXBIN]: 4095
[2026-10-02 17:18:00.286] [Data Recibida]: 19.907203907203908
[2026-10-02 17:18:00.286] [MIN]: 0
[2026-10-02 17:18:00.286] [MAX]: 20
[2026-10-02 17:18:00.286] [MAXBIN]: 4095
[2026-10-02 17:18:03.459] Datos recibidos (1 bytes): 1B
[2026-10-02 17:18:03.480] Recibido ASCII: Q6C<CR>
[2026-10-02 17:18:03.480] Recibido HEX: 51 36 43 0D
[2026-10-02 17:18:03.481] Enviado:  | HEX: 01 15 31 36 0D
[2026-10-02 17:18:03.562] Recibido ASCII: <ESC>Q6C<CR>
[2026-10-02 17:18:03.562] Recibido HEX: 1B 51 36 43 0D
[2026-10-02 17:18:05.563] Enviado: Q | HEX: 1B 51 36 43 0D
[2026-10-02 17:18:05.665] Recibido ASCII: <SOH>Q52<CR>
[2026-10-02 17:18:05.665] Recibido HEX: 01 51 35 32 0D
[2026-10-02 17:18:06.665] Enviado: R | HEX: 1B 52 36 44 0D
[2026-10-02 17:18:06.666] Recibido ASCII: <ESC>R6D<CR>
[2026-10-02 17:18:06.666] Recibido HEX: 1B 52 36 44 0D
[2026-10-02 17:18:07.667] Enviado: R | HEX: 01 52 35 33 0D
[2026-10-02 17:18:07.667] Recibido ASCII: <SOH>R5555'A3XX'02.11:06.00B9<CR>
[2026-10-02 17:18:07.667] Recibido HEX: 01 52 35 35 35 35 27 41 33 58 58 27 30 32 2E 31 31 3A 30 36 2E 30 30 42 39 0D
[2026-10-02 17:18:07.668] Enviado: 0161'OpenICE'02.11:06.00 | HEX: 01 30 31 36 31 27 4F 70 65 6E 49 43 45 27 30 32 2E 31 31 3A 30 36 2E 30 30 39 41 0D
[2026-10-02 17:18:07.769] Recibido ASCII: <ESC>)44<CR>
[2026-10-02 17:18:07.770] Recibido HEX: 1B 29 34 34 0D
[2026-10-02 17:18:07.770] Datos recibidos (5 bytes): 1B 29 34 34 0D
