[2026-08-21 12:23:12.398] Iniciando comunicación con Atlan A350 XL (8E1)...
[2026-08-21 12:34:33.860] Iniciando comunicación con Atlan A350 XL (8E1)...
[2026-08-21 12:34:33.868] Enviado: [B@55f96302 | HEX: 1B 00 00 00 00 00 00 00 00 00 00 00 00 00 00 00 00 00 00 00 00 00 00 00 00 00 00 00 00 00 00 00 00 00 00 00 00 00 00 00 00 00 00 00 00 00 00 00 00 00 00 00 00 00 00 00 00 00 00 00 00 00 00 00 00 00 00 00 00 00 00 00 00 00 00 00 00 00 00 00 00 00 31 42 0D
[2026-08-21 12:34:47.010] Iniciando comunicación con Atlan A350 XL (8E1)...
[2026-08-21 12:34:47.017] Enviado: [B@55f96302 | HEX: 1B 00 00 00 00 00 00 00 00 00 00 00 00 00 00 00 00 00 00 00 00 00 00 00 00 00 00 00 00 00 00 00 00 00 00 00 00 00 00 00 00 00 00 00 00 00 00 00 00 00 00 00 00 00 00 00 00 00 00 00 00 00 00 00 00 00 00 00 00 00 00 00 00 00 00 00 00 00 00 00 00 00 31 42 0D
[2026-08-21 12:34:47.178] Recibido ASCII: <SOH>.16<CR>
[2026-08-21 12:34:47.178] Recibido HEX: 01 15 31 36 0D
[2026-08-21 12:34:48.180] Enviado: [B@4aa298b7 | HEX: 1B 00 31 42 0D
[2026-08-21 12:34:48.278] Recibido ASCII: <SOH>.16<CR>
[2026-08-21 12:34:48.278] Recibido HEX: 01 15 31 36 0D
[2026-08-21 12:34:49.280] Enviado: [B@4aa298b7 | HEX: 1B 00 31 42 0D
[2026-08-21 12:34:49.365] Recibido ASCII: <SOH>.16<CR>
[2026-08-21 12:34:49.365] Recibido HEX: 01 15 31 36 0D
[2026-08-21 12:34:50.367] Enviado: [B@4aa298b7 | HEX: 1B 00 31 42 0D
[2026-08-21 12:34:50.468] Recibido ASCII: <SOH>.16<CR>
[2026-08-21 12:34:50.469] Recibido HEX: 01 15 31 36 0D
[2026-08-21 12:34:51.470] Enviado: [B@4aa298b7 | HEX: 1B 00 31 42 0D
[2026-08-21 12:34:51.571] Recibido ASCII: <SOH>.16<CR>
[2026-08-21 12:34:51.571] Recibido HEX: 01 15 31 36 0D
[2026-08-21 12:34:52.572] Enviado: [B@4aa298b7 | HEX: 1B 00 31 42 0D
[2026-08-21 12:34:52.674] Recibido ASCII: <SOH>.16<CR>
[2026-08-21 12:34:52.675] Recibido HEX: 01 15 31 36 0D
[2026-08-21 12:34:53.675] Enviado: [B@4aa298b7 | HEX: 1B 00 31 42 0D
[2026-08-21 12:34:53.777] Recibido ASCII: <SOH>.16<CR>
[2026-08-21 12:34:53.778] Recibido HEX: 01 15 31 36 0D
[2026-08-21 12:34:54.779] Enviado: [B@4aa298b7 | HEX: 1B 00 31 42 0D
[2026-08-21 12:34:54.880] Recibido ASCII: <SOH>.16<CR>
[2026-08-21 12:34:54.881] Recibido HEX: 01 15 31 36 0D
[2026-08-21 12:34:55.882] Enviado: [B@4aa298b7 | HEX: 1B 00 31 42 0D
[2026-08-21 12:34:55.882] Recibido ASCII: <ESC>Q6C<CR>
[2026-08-21 12:34:55.883] Recibido HEX: 1B 51 36 43 0D
[2026-08-21 12:34:56.884] Enviado: [B@4aa298b7 | HEX: 1B 00 31 42 0D
[2026-08-21 12:34:56.885] Recibido ASCII: <SOH>.16<CR>
[2026-08-21 12:34:56.885] Recibido HEX: 01 15 31 36 0D
[2026-08-21 12:34:57.886] Enviado: [B@4aa298b7 | HEX: 1B 00 31 42 0D
[2026-08-21 12:34:57.887] Recibido ASCII: <SOH>.16<CR>
[2026-08-21 12:34:57.887] Recibido HEX: 01 15 31 36 0D
[2026-08-21 12:34:58.888] Enviado: [B@4aa298b7 | HEX: 1B 00 31 42 0D
[2026-08-21 12:34:58.889] Recibido ASCII: <SOH>.16<CR>
[2026-08-21 12:34:58.889] Recibido HEX: 01 15 31 36 0D
[2026-08-21 12:39:47.614] Iniciando comunicación con Atlan A350 XL (8E1)...
[2026-08-21 12:39:47.626] Enviado: [I@55f96302 | HEX: 1B 00 00 00 00 00 00 00 00 00 00 00 00 00 00 00 00 00 00 00 00 00 00 00 00 00 00 00 00 00 00 00 00 00 00 00 00 00 00 00 00 00 00 00 00 00 00 00 00 00 00 00 00 00 00 00 00 00 00 00 00 00 00 00 00 00 00 00 00 00 00 00 00 00 00 00 00 00 00 00 00 00 00 00 00 00 00 00 00 00 00 00 00 00 00 00 00 00 00 00 00 00 00 00 00 00 00 00 00 00 00 00 00 00 00 00 00 00 00 00 00 00 00 00 00 00 00 00 00 00 00 00 00 00 00 00 00 00 00 00 00 00 00 00 00 00 00 00 00 00 00 00 00 00 00 00 00 00 00 00 00 00 00 00 00 00 00 00 00 00 00 00 00 00 00 00 00 00 00 00 00 00 00 00 00 00 00 00 00 00 00 00 00 00 00 00 00 00 00 00 00 00 00 00 00 00 00 00 00 00 00 00 00 00 00 00 00 00 00 00 00 00 00 00 00 00 00 00 00 00 00 00 00 00 00 00 00 00 00 00 00 00 00 00 00 00 00 00 00 00 00 00 00 00 00 00 00 00 00 00 00 00 00 00 00 00 00 00 00 00 00 00 00 00 00 00 00 00 00 00 00 00 00 00 00 00 00 00 00 00 00 00 00 00 00 00 00 00 00 00 00 00 00 00 00 00 00 00 00 00 00 00 00 00 00 00 00 00 00 00 00 00 00 00 00 31 42 0D
[2026-08-21 12:39:47.629] Recibido ASCII: <CR>
[2026-08-21 12:39:47.630] Recibido HEX: 0D
[2026-08-21 12:39:48.631] Enviado: [I@4aa298b7 | HEX: 1B 00 00 00 00 31 42 0D
[2026-08-21 12:39:48.632] Recibido ASCII: <SOH>.16<CR>
[2026-08-21 12:39:48.632] Recibido HEX: 01 15 31 36 0D
[2026-08-21 12:39:49.633] Enviado: [I@4aa298b7 | HEX: 1B 00 00 00 00 31 42 0D
[2026-08-21 12:39:49.634] Recibido ASCII: <SOH>.16<CR>
[2026-08-21 12:39:49.634] Recibido HEX: 01 15 31 36 0D
[2026-08-21 12:39:50.636] Enviado: [I@4aa298b7 | HEX: 1B 00 00 00 00 31 42 0D
[2026-08-21 12:39:50.636] Recibido ASCII: <SOH>.16<CR>
[2026-08-21 12:39:50.637] Recibido HEX: 01 15 31 36 0D
[2026-08-21 12:39:51.638] Enviado: [I@4aa298b7 | HEX: 1B 00 00 00 00 31 42 0D
[2026-08-21 12:39:51.638] Recibido ASCII: <SOH>.16<CR>
[2026-08-21 12:39:51.639] Recibido HEX: 01 15 31 36 0D
[2026-08-21 12:39:52.640] Enviado: [I@4aa298b7 | HEX: 1B 00 00 00 00 31 42 0D
[2026-08-21 12:39:52.640] Recibido ASCII: <SOH>.16<CR>
[2026-08-21 12:39:52.641] Recibido HEX: 01 15 31 36 0D
[2026-08-21 12:39:53.642] Enviado: [I@4aa298b7 | HEX: 1B 00 00 00 00 31 42 0D
[2026-08-21 12:39:53.643] Recibido ASCII: <SOH>.16<CR>
[2026-08-21 12:39:53.643] Recibido HEX: 01 15 31 36 0D
[2026-08-21 12:39:54.644] Enviado: [I@4aa298b7 | HEX: 1B 00 00 00 00 31 42 0D
[2026-08-21 12:39:54.644] Recibido ASCII: <SOH>.16<CR>
[2026-08-21 12:39:54.645] Recibido HEX: 01 15 31 36 0D
[2026-08-21 12:39:55.645] Enviado: [I@4aa298b7 | HEX: 1B 00 00 00 00 31 42 0D
[2026-08-21 12:39:55.646] Recibido ASCII: <SOH>.16<CR>
[2026-08-21 12:39:55.647] Recibido HEX: 01 15 31 36 0D
[2026-08-21 12:39:56.648] Enviado: [I@4aa298b7 | HEX: 1B 00 00 00 00 31 42 0D
[2026-08-21 12:39:56.648] Recibido ASCII: <SOH>.16<CR>
[2026-08-21 12:39:56.648] Recibido HEX: 01 15 31 36 0D
[2026-08-21 12:39:57.649] Enviado: [I@4aa298b7 | HEX: 1B 00 00 00 00 31 42 0D
[2026-08-21 12:39:57.650] Recibido ASCII: <SOH>.16<CR>
[2026-08-21 12:39:57.651] Recibido HEX: 01 15 31 36 0D
[2026-08-21 12:39:58.652] Enviado: [I@4aa298b7 | HEX: 1B 00 00 00 00 31 42 0D
[2026-08-21 12:39:58.652] Recibido ASCII: <SOH>.16<CR>
[2026-08-21 12:39:58.653] Recibido HEX: 01 15 31 36 0D
[2026-08-21 12:39:59.653] Enviado: [I@4aa298b7 | HEX: 1B 00 00 00 00 31 42 0D
[2026-08-21 12:39:59.654] Recibido ASCII: <ESC>Q6C<CR>
[2026-08-21 12:39:59.655] Recibido HEX: 1B 51 36 43 0D
[2026-08-21 12:40:00.656] Enviado: [I@4aa298b7 | HEX: 1B 00 00 00 00 31 42 0D
[2026-08-21 12:40:00.656] Recibido ASCII: <SOH>.16<CR>
[2026-08-21 12:40:00.657] Recibido HEX: 01 15 31 36 0D
[2026-08-21 12:40:01.658] Enviado: [I@4aa298b7 | HEX: 1B 00 00 00 00 31 42 0D
[2026-08-21 12:40:01.658] Recibido ASCII: <SOH>.16<CR>
[2026-08-21 12:40:01.659] Recibido HEX: 01 15 31 36 0D
[2026-08-21 12:40:02.659] Enviado: [I@4aa298b7 | HEX: 1B 00 00 00 00 31 42 0D
[2026-08-21 12:40:02.660] Recibido ASCII: <SOH>.16<CR>
[2026-08-21 12:40:02.660] Recibido HEX: 01 15 31 36 0D
[2026-08-21 12:40:03.661] Enviado: [I@4aa298b7 | HEX: 1B 00 00 00 00 31 42 0D
[2026-08-21 12:40:03.662] Recibido ASCII: <SOH>.16<CR>
[2026-08-21 12:40:03.662] Recibido HEX: 01 15 31 36 0D
[2026-08-21 12:40:04.663] Enviado: [I@4aa298b7 | HEX: 1B 00 00 00 00 31 42 0D
[2026-08-21 12:40:04.663] Recibido ASCII: <SOH>.16<CR>
[2026-08-21 12:40:04.663] Recibido HEX: 01 15 31 36 0D
[2026-08-21 12:40:05.664] Enviado: [I@4aa298b7 | HEX: 1B 00 00 00 00 31 42 0D
[2026-08-21 12:40:05.665] Recibido ASCII: <SOH>.16<CR>
[2026-08-21 12:40:05.665] Recibido HEX: 01 15 31 36 0D
[2026-08-21 12:41:43.842] Iniciando comunicación con Atlan A350 XL (8E1)...
[2026-08-21 12:42:51.060] Iniciando comunicación con Atlan A350 XL (8E1)...
[2026-08-21 12:42:51.068] Enviado: [I@55f96302 | HEX: 1B 00 00 00 00 00 00 00 00 00 00 00 00 00 00 00 00 00 00 00 00 00 00 00 00 00 00 00 00 00 00 00 00 00 00 00 00 00 00 00 00 00 00 00 00 00 00 00 00 00 00 00 00 00 00 00 00 00 00 00 00 00 00 00 00 00 00 00 00 00 00 00 00 00 00 00 00 00 00 00 00 00 31 42 0D
[2026-08-21 12:42:51.193] Recibido ASCII: <SOH>.16<CR>
[2026-08-21 12:42:51.194] Recibido HEX: 01 15 31 36 0D
[2026-08-21 12:42:52.195] Enviado: [I@4aa298b7 | HEX: 1B 00 31 42 0D
[2026-08-21 12:42:52.293] Recibido ASCII: <SOH>.16<CR>
[2026-08-21 12:42:52.293] Recibido HEX: 01 15 31 36 0D
[2026-08-21 12:42:53.295] Enviado: [I@4aa298b7 | HEX: 1B 00 31 42 0D
[2026-08-21 12:42:53.396] Recibido ASCII: <SOH>.16<CR>
[2026-08-21 12:42:53.396] Recibido HEX: 01 15 31 36 0D
[2026-08-21 12:42:54.397] Enviado: [I@4aa298b7 | HEX: 1B 00 31 42 0D
[2026-08-21 12:42:54.499] Recibido ASCII: <SOH>.16<CR>
[2026-08-21 12:42:54.499] Recibido HEX: 01 15 31 36 0D
[2026-08-21 12:42:55.500] Enviado: [I@4aa298b7 | HEX: 1B 00 31 42 0D
[2026-08-21 12:42:55.602] Recibido ASCII: <SOH>.16<CR>
[2026-08-21 12:42:55.602] Recibido HEX: 01 15 31 36 0D
[2026-08-21 12:42:56.603] Enviado: [I@4aa298b7 | HEX: 1B 00 31 42 0D
[2026-08-21 12:42:56.705] Recibido ASCII: <SOH>.16<CR>
[2026-08-21 12:42:56.705] Recibido HEX: 01 15 31 36 0D
[2026-08-21 12:42:57.706] Enviado: [I@4aa298b7 | HEX: 1B 00 31 42 0D
[2026-08-21 12:42:57.792] Recibido ASCII: <SOH>.16<CR>
[2026-08-21 12:42:57.793] Recibido HEX: 01 15 31 36 0D
[2026-08-21 12:43:58.742] Iniciando comunicación con Atlan A350 XL (8E1)...
[2026-08-21 12:43:58.750] Enviado: [I@55f96302 | HEX: 1B 00 00 00 00 00 00 00 00 00 00 00 00 00 00 00 00 00 00 00 00 00 00 00 00 00 00 00 00 00 00 00 00 00 00 00 00 00 00 00 00 00 00 00 00 00 00 00 00 00 00 00 00 00 00 00 00 00 00 00 00 00 00 00 00 00 00 00 00 00 00 00 00 00 00 00 00 00 00 00 00 00 31 42 0D
[2026-08-21 12:43:58.908] Recibido ASCII: <SOH>.16<CR>
[2026-08-21 12:43:58.909] Recibido HEX: 01 15 31 36 0D
[2026-08-21 12:46:00.746] Iniciando comunicación con Atlan A350 XL (8E1)...
[2026-08-21 12:46:00.754] Enviado: [I@55f96302 | HEX: 1B 00 00 00 00 00 00 00 00 00 00 00 00 00 00 00 00 00 00 00 00 00 00 00 00 00 00 00 00 00 00 00 00 00 00 00 00 00 00 00 00 00 00 00 00 00 00 00 00 00 00 00 00 00 00 00 00 00 00 00 00 00 00 00 00 00 00 00 00 00 00 00 00 00 00 00 00 00 00 00 00 00 31 42 0D
[2026-08-21 12:46:00.913] Recibido ASCII: <SOH>.16<CR>
[2026-08-21 12:46:00.914] Recibido HEX: 01 15 31 36 0D
[2026-08-21 12:46:01.915] Enviado: [I@4aa298b7 | HEX: 1B 00 00 00 00 31 42 0D
[2026-08-21 12:46:02.014] Recibido ASCII: <SOH>.16<CR>
[2026-08-21 12:46:02.014] Recibido HEX: 01 15 31 36 0D
[2026-08-21 12:46:03.016] Enviado: [I@4aa298b7 | HEX: 1B 00 00 00 00 31 42 0D
[2026-08-21 12:46:03.101] Recibido ASCII: <SOH>.16<CR>
[2026-08-21 12:46:03.101] Recibido HEX: 01 15 31 36 0D
[2026-08-21 12:46:04.103] Enviado: [I@4aa298b7 | HEX: 1B 00 00 00 00 31 42 0D
[2026-08-21 12:46:04.204] Recibido ASCII: <SOH>.16<CR>
[2026-08-21 12:46:04.205] Recibido HEX: 01 15 31 36 0D
[2026-08-21 12:55:24.336] Iniciando comunicación con Atlan A350 XL (8E1)...
[2026-08-21 12:55:24.342] Enviado: Q | HEX: 1B 51 36 43 0D
[2026-08-21 12:55:24.345] Recibido ASCII: <CR>
[2026-08-21 12:55:24.345] Recibido HEX: 0D
[2026-08-21 12:55:25.347] Enviado: ' | HEX: 1B 27 34 32 0D
[2026-08-21 12:55:25.348] Recibido ASCII: <SOH>Q52<CR>
[2026-08-21 12:55:25.348] Recibido HEX: 01 51 35 32 0D
[2026-08-21 12:55:26.350] Enviado: ' | HEX: 1B 27 34 32 0D
[2026-08-21 12:55:26.350] Recibido ASCII: <ESC>R6D<CR>
[2026-08-21 12:55:26.351] Recibido HEX: 1B 52 36 44 0D
[2026-08-21 12:55:27.352] Enviado: ' | HEX: 1B 27 34 32 0D
[2026-08-21 12:55:27.352] Recibido ASCII: <SOH>'28<CR>
[2026-08-21 12:55:27.353] Recibido HEX: 01 27 32 38 0D
[2026-08-21 12:55:28.354] Enviado: ' | HEX: 1B 27 34 32 0D
[2026-08-21 12:55:28.354] Recibido ASCII: <SOH>'28<CR>
[2026-08-21 12:55:28.355] Recibido HEX: 01 27 32 38 0D
[2026-08-21 12:55:29.356] Enviado: ' | HEX: 1B 27 34 32 0D
[2026-08-21 12:55:29.357] Recibido ASCII: <SOH>'28<CR>
[2026-08-21 12:55:29.357] Recibido HEX: 01 27 32 38 0D
[2026-08-21 12:55:30.358] Enviado: ' | HEX: 1B 27 34 32 0D
[2026-08-21 12:55:30.359] Recibido ASCII: <SOH>'28<CR>
[2026-08-21 12:55:30.359] Recibido HEX: 01 27 32 38 0D
[2026-08-21 12:55:31.360] Enviado: ' | HEX: 1B 27 34 32 0D
[2026-08-21 12:55:31.361] Recibido ASCII: <SOH>'28<CR>
[2026-08-21 12:55:31.361] Recibido HEX: 01 27 32 38 0D
[2026-08-21 12:55:32.362] Enviado: ' | HEX: 1B 27 34 32 0D
[2026-08-21 12:55:32.363] Recibido ASCII: <SOH>'28<CR>
[2026-08-21 12:55:32.363] Recibido HEX: 01 27 32 38 0D
[2026-08-21 12:55:33.364] Enviado: ' | HEX: 1B 27 34 32 0D
[2026-08-21 12:55:33.365] Recibido ASCII: <SOH>'28<CR>
[2026-08-21 12:55:33.365] Recibido HEX: 01 27 32 38 0D
[2026-08-21 12:55:34.366] Enviado: ' | HEX: 1B 27 34 32 0D
[2026-08-21 12:55:34.367] Recibido ASCII: <SOH>'28<CR>
[2026-08-21 12:55:34.367] Recibido HEX: 01 27 32 38 0D
[2026-08-21 12:55:35.369] Enviado: ' | HEX: 1B 27 34 32 0D
[2026-08-21 12:55:35.370] Recibido ASCII: <SOH>'28<CR>
[2026-08-21 12:55:35.370] Recibido HEX: 01 27 32 38 0D
[2026-08-21 12:55:36.371] Enviado: ' | HEX: 1B 27 34 32 0D
[2026-08-21 12:55:36.371] Recibido ASCII: <SOH>'28<CR>
[2026-08-21 12:55:36.372] Recibido HEX: 01 27 32 38 0D
[2026-08-21 12:55:37.372] Enviado: ' | HEX: 1B 27 34 32 0D
[2026-08-21 12:55:37.373] Recibido ASCII: <SOH>'28<CR>
[2026-08-21 12:55:37.373] Recibido HEX: 01 27 32 38 0D
[2026-08-21 12:55:38.374] Enviado: ' | HEX: 1B 27 34 32 0D
[2026-08-21 12:55:38.374] Recibido ASCII: <ESC>R6D<CR>
[2026-08-21 12:55:38.375] Recibido HEX: 1B 52 36 44 0D
[2026-08-21 12:55:39.376] Enviado: ' | HEX: 1B 27 34 32 0D
[2026-08-21 12:55:39.376] Recibido ASCII: <SOH>'28<CR>
[2026-08-21 12:55:39.376] Recibido HEX: 01 27 32 38 0D
[2026-08-21 12:55:40.378] Enviado: ' | HEX: 1B 27 34 32 0D
[2026-08-21 12:55:40.378] Recibido ASCII: <SOH>'28<CR>
[2026-08-21 12:55:40.379] Recibido HEX: 01 27 32 38 0D
[2026-08-21 12:55:41.379] Enviado: ' | HEX: 1B 27 34 32 0D
[2026-08-21 12:55:41.380] Recibido ASCII: <SOH>'28<CR>
[2026-08-21 12:55:41.380] Recibido HEX: 01 27 32 38 0D
[2026-08-21 12:55:42.381] Enviado: ' | HEX: 1B 27 34 32 0D
[2026-08-21 12:55:42.382] Recibido ASCII: <SOH>'28<CR>
[2026-08-21 12:55:42.382] Recibido HEX: 01 27 32 38 0D
[2026-08-21 12:55:43.383] Enviado: ' | HEX: 1B 27 34 32 0D
[2026-08-21 12:55:43.383] Recibido ASCII: <SOH>'28<CR>
[2026-08-21 12:55:43.384] Recibido HEX: 01 27 32 38 0D
[2026-08-21 12:55:44.385] Enviado: ' | HEX: 1B 27 34 32 0D
[2026-08-21 12:55:44.385] Recibido ASCII: <SOH>'28<CR>
[2026-08-21 12:55:44.385] Recibido HEX: 01 27 32 38 0D
[2026-08-21 12:55:45.387] Enviado: ' | HEX: 1B 27 34 32 0D
[2026-08-21 12:55:45.387] Recibido ASCII: <SOH>'28<CR>
[2026-08-21 12:55:45.388] Recibido HEX: 01 27 32 38 0D
[2026-08-21 12:55:46.389] Enviado: ' | HEX: 1B 27 34 32 0D
[2026-08-21 12:55:46.389] Recibido ASCII: <SOH>'28<CR>
[2026-08-21 12:55:46.390] Recibido HEX: 01 27 32 38 0D
[2026-08-21 12:55:47.390] Enviado: ' | HEX: 1B 27 34 32 0D
[2026-08-21 12:55:47.391] Recibido ASCII: <SOH>'28<CR>
[2026-08-21 12:55:47.391] Recibido HEX: 01 27 32 38 0D
[2026-08-21 12:55:48.392] Enviado: ' | HEX: 1B 27 34 32 0D
[2026-08-21 12:55:48.393] Recibido ASCII: <SOH>'28<CR>
[2026-08-21 12:55:48.394] Recibido HEX: 01 27 32 38 0D
[2026-08-21 12:55:49.394] Enviado: ' | HEX: 1B 27 34 32 0D
[2026-08-21 12:55:49.394] Recibido ASCII: <ESC>R6D<CR>
[2026-08-21 12:55:49.395] Recibido HEX: 1B 52 36 44 0D
[2026-08-21 12:55:50.396] Enviado: ' | HEX: 1B 27 34 32 0D
[2026-08-21 12:55:50.397] Recibido ASCII: <SOH>'28<CR>
[2026-08-21 12:55:50.397] Recibido HEX: 01 27 32 38 0D
[2026-08-21 12:55:51.398] Enviado: ' | HEX: 1B 27 34 32 0D
[2026-08-21 12:55:51.399] Recibido ASCII: <SOH>'28<CR>
[2026-08-21 12:55:51.399] Recibido HEX: 01 27 32 38 0D
[2026-08-21 12:56:12.510] Iniciando comunicación con Atlan A350 XL (8E1)...
[2026-08-21 12:56:12.516] Enviado: Q | HEX: 1B 51 36 43 0D
[2026-08-21 12:56:12.539] Recibido ASCII: <SOH>Q52<CR>
[2026-08-21 12:56:12.540] Recibido HEX: 01 51 35 32 0D
[2026-08-21 12:56:13.541] Enviado: ) | HEX: 1B 29 34 34 0D
[2026-08-21 12:56:13.542] Recibido ASCII: <ESC>R6D<CR>
[2026-08-21 12:56:13.543] Recibido HEX: 1B 52 36 44 0D
[2026-08-21 12:56:14.544] Enviado: ) | HEX: 1B 29 34 34 0D
[2026-08-21 12:56:14.544] Recibido ASCII: <SOH>)2A<CR>
[2026-08-21 12:56:14.544] Recibido HEX: 01 29 32 41 0D
[2026-08-21 12:56:15.545] Enviado: ) | HEX: 1B 29 34 34 0D
[2026-08-21 12:56:15.546] Recibido ASCII: <SOH>)2A<CR>
[2026-08-21 12:56:15.546] Recibido HEX: 01 29 32 41 0D
[2026-08-21 12:56:16.547] Enviado: ) | HEX: 1B 29 34 34 0D
[2026-08-21 12:56:16.547] Recibido ASCII: <SOH>)2A<CR>
[2026-08-21 12:56:16.547] Recibido HEX: 01 29 32 41 0D
[2026-08-21 12:56:17.548] Enviado: ) | HEX: 1B 29 34 34 0D
[2026-08-21 12:56:17.548] Recibido ASCII: <SOH>)2A<CR>
[2026-08-21 12:56:17.549] Recibido HEX: 01 29 32 41 0D
[2026-08-21 12:56:18.550] Enviado: ) | HEX: 1B 29 34 34 0D
[2026-08-21 12:56:18.550] Recibido ASCII: <SOH>)2A<CR>
[2026-08-21 12:56:18.551] Recibido HEX: 01 29 32 41 0D
[2026-08-21 12:56:19.552] Enviado: ) | HEX: 1B 29 34 34 0D
[2026-08-21 12:56:19.553] Recibido ASCII: <SOH>)2A<CR>
[2026-08-21 12:56:19.553] Recibido HEX: 01 29 32 41 0D
[2026-08-21 12:56:20.554] Enviado: ) | HEX: 1B 29 34 34 0D
[2026-08-21 12:56:20.555] Recibido ASCII: <SOH>)2A<CR>
[2026-08-21 12:56:20.555] Recibido HEX: 01 29 32 41 0D
[2026-08-21 12:56:21.556] Enviado: ) | HEX: 1B 29 34 34 0D
[2026-08-21 12:56:21.556] Recibido ASCII: <SOH>)2A<CR>
[2026-08-21 12:56:21.557] Recibido HEX: 01 29 32 41 0D
[2026-08-21 12:56:22.557] Enviado: ) | HEX: 1B 29 34 34 0D
[2026-08-21 12:56:22.558] Recibido ASCII: <SOH>)2A<CR>
[2026-08-21 12:56:22.558] Recibido HEX: 01 29 32 41 0D
[2026-08-21 12:56:23.559] Enviado: ) | HEX: 1B 29 34 34 0D
[2026-08-21 12:56:23.559] Recibido ASCII: <SOH>)2A<CR>
[2026-08-21 12:56:23.561] Recibido HEX: 01 29 32 41 0D
[2026-08-21 12:56:24.562] Enviado: ) | HEX: 1B 29 34 34 0D
[2026-08-21 12:56:24.562] Recibido ASCII: <SOH>)2A<CR>
[2026-08-21 12:56:24.563] Recibido HEX: 01 29 32 41 0D
[2026-08-21 12:56:25.563] Enviado: ) | HEX: 1B 29 34 34 0D
[2026-08-21 12:56:25.564] Recibido ASCII: <ESC>R6D<CR>
[2026-08-21 12:56:25.565] Recibido HEX: 1B 52 36 44 0D
[2026-08-21 12:56:26.565] Enviado: ) | HEX: 1B 29 34 34 0D
[2026-08-21 12:56:26.565] Recibido ASCII: <SOH>)2A<CR>
[2026-08-21 12:56:26.566] Recibido HEX: 01 29 32 41 0D
[2026-08-21 12:56:27.566] Enviado: ) | HEX: 1B 29 34 34 0D
[2026-08-21 12:56:27.567] Recibido ASCII: <SOH>)2A<CR>
[2026-08-21 12:56:27.567] Recibido HEX: 01 29 32 41 0D
[2026-08-21 12:56:28.568] Enviado: ) | HEX: 1B 29 34 34 0D
[2026-08-21 12:56:28.568] Recibido ASCII: <SOH>)2A<CR>
[2026-08-21 12:56:28.570] Recibido HEX: 01 29 32 41 0D
[2026-08-21 12:56:29.571] Enviado: ) | HEX: 1B 29 34 34 0D
[2026-08-21 12:56:29.571] Recibido ASCII: <SOH>)2A<CR>
[2026-08-21 12:56:29.571] Recibido HEX: 01 29 32 41 0D
[2026-08-21 12:56:30.572] Enviado: ) | HEX: 1B 29 34 34 0D
[2026-08-21 12:56:30.573] Recibido ASCII: <SOH>)2A<CR>
[2026-08-21 12:56:30.573] Recibido HEX: 01 29 32 41 0D
[2026-08-21 12:56:31.574] Enviado: ) | HEX: 1B 29 34 34 0D
[2026-08-21 12:56:31.575] Recibido ASCII: <SOH>)2A<CR>
[2026-08-21 12:56:31.575] Recibido HEX: 01 29 32 41 0D
[2026-08-21 12:56:32.576] Enviado: ) | HEX: 1B 29 34 34 0D
[2026-08-21 12:56:32.576] Recibido ASCII: <SOH>)2A<CR>
[2026-08-21 12:56:32.576] Recibido HEX: 01 29 32 41 0D
[2026-08-21 12:56:33.577] Enviado: ) | HEX: 1B 29 34 34 0D
[2026-08-21 12:56:33.578] Recibido ASCII: <SOH>)2A<CR>
[2026-08-21 12:56:33.578] Recibido HEX: 01 29 32 41 0D
[2026-08-21 12:56:34.579] Enviado: ) | HEX: 1B 29 34 34 0D
[2026-08-21 12:56:34.579] Recibido ASCII: <SOH>)2A<CR>
[2026-08-21 12:56:34.580] Recibido HEX: 01 29 32 41 0D
[2026-08-21 12:56:35.581] Enviado: ) | HEX: 1B 29 34 34 0D
[2026-08-21 12:56:35.581] Recibido ASCII: <SOH>)2A<CR>
[2026-08-21 12:56:35.581] Recibido HEX: 01 29 32 41 0D
[2026-08-21 12:56:36.582] Enviado: ) | HEX: 1B 29 34 34 0D
[2026-08-21 12:56:36.583] Recibido ASCII: <ESC>R6D<CR>
[2026-08-21 12:56:36.583] Recibido HEX: 1B 52 36 44 0D
[2026-08-21 12:56:37.584] Enviado: ) | HEX: 1B 29 34 34 0D
[2026-08-21 12:56:37.585] Recibido ASCII: <SOH>)2A<CR>
[2026-08-21 12:56:37.585] Recibido HEX: 01 29 32 41 0D
[2026-08-21 12:56:38.586] Enviado: ) | HEX: 1B 29 34 34 0D
[2026-08-21 12:56:38.587] Recibido ASCII: <SOH>)2A<CR>
[2026-08-21 12:56:38.587] Recibido HEX: 01 29 32 41 0D
[2026-08-21 12:56:39.588] Enviado: ) | HEX: 1B 29 34 34 0D
[2026-08-21 12:56:39.589] Recibido ASCII: <SOH>)2A<CR>
[2026-08-21 12:56:39.589] Recibido HEX: 01 29 32 41 0D
[2026-08-21 12:56:40.590] Enviado: ) | HEX: 1B 29 34 34 0D
[2026-08-21 12:56:40.591] Recibido ASCII: <SOH>)2A<CR>
[2026-08-21 12:56:40.591] Recibido HEX: 01 29 32 41 0D
[2026-08-21 12:56:41.592] Enviado: ) | HEX: 1B 29 34 34 0D
[2026-08-21 12:56:41.592] Recibido ASCII: <SOH>)2A<CR>
[2026-08-21 12:56:41.593] Recibido HEX: 01 29 32 41 0D
[2026-08-21 12:56:42.594] Enviado: ) | HEX: 1B 29 34 34 0D
[2026-08-21 12:56:42.594] Recibido ASCII: <SOH>)2A<CR>
[2026-08-21 12:56:42.595] Recibido HEX: 01 29 32 41 0D
[2026-08-21 12:56:43.596] Enviado: ) | HEX: 1B 29 34 34 0D
[2026-08-21 12:56:43.596] Recibido ASCII: <SOH>)2A<CR>
[2026-08-21 12:56:43.597] Recibido HEX: 01 29 32 41 0D
[2026-08-21 12:56:44.598] Enviado: ) | HEX: 1B 29 34 34 0D
[2026-08-21 12:56:44.598] Recibido ASCII: <SOH>)2A<CR>
[2026-08-21 12:56:44.598] Recibido HEX: 01 29 32 41 0D
[2026-08-21 12:56:45.599] Enviado: ) | HEX: 1B 29 34 34 0D
[2026-08-21 12:56:45.600] Recibido ASCII: <SOH>)2A<CR>
[2026-08-21 12:56:45.602] Recibido HEX: 01 29 32 41 0D
[2026-08-21 12:56:46.603] Enviado: ) | HEX: 1B 29 34 34 0D
[2026-08-21 12:56:46.603] Recibido ASCII: <SOH>)2A<CR>
[2026-08-21 12:56:46.604] Recibido HEX: 01 29 32 41 0D
[2026-08-21 12:56:47.605] Enviado: ) | HEX: 1B 29 34 34 0D
[2026-08-21 12:56:47.605] Recibido ASCII: <SOH>)2A<CR>
[2026-08-21 12:56:47.606] Recibido HEX: 01 29 32 41 0D
[2026-08-21 12:56:48.607] Enviado: ) | HEX: 1B 29 34 34 0D
[2026-08-21 12:56:48.607] Recibido ASCII: <ESC>Q6C<CR>
[2026-08-21 12:56:48.608] Recibido HEX: 1B 51 36 43 0D
[2026-08-21 12:56:49.609] Enviado: ) | HEX: 1B 29 34 34 0D
[2026-08-21 12:56:49.609] Recibido ASCII: <SOH>.16<CR>
[2026-08-21 12:56:49.609] Recibido HEX: 01 15 31 36 0D
[2026-08-21 12:56:50.610] Enviado: ) | HEX: 1B 29 34 34 0D
[2026-08-21 12:56:50.611] Recibido ASCII: <SOH>.16<CR>
[2026-08-21 12:56:50.613] Recibido HEX: 01 15 31 36 0D
[2026-08-21 12:56:51.614] Enviado: ) | HEX: 1B 29 34 34 0D
[2026-08-21 12:56:51.614] Recibido ASCII: <SOH>.16<CR>
[2026-08-21 12:56:51.615] Recibido HEX: 01 15 31 36 0D
[2026-08-21 12:56:52.616] Enviado: ) | HEX: 1B 29 34 34 0D
[2026-08-21 12:56:52.616] Recibido ASCII: <SOH>.16<CR>
[2026-08-21 12:56:52.616] Recibido HEX: 01 15 31 36 0D
[2026-08-21 12:56:53.617] Enviado: ) | HEX: 1B 29 34 34 0D
[2026-08-21 12:56:53.618] Recibido ASCII: <SOH>.16<CR>
[2026-08-21 12:56:53.618] Recibido HEX: 01 15 31 36 0D
[2026-08-21 12:56:54.619] Enviado: ) | HEX: 1B 29 34 34 0D
[2026-08-21 12:56:54.620] Recibido ASCII: <SOH>.16<CR>
[2026-08-21 12:56:54.620] Recibido HEX: 01 15 31 36 0D
[2026-08-21 12:56:55.621] Enviado: ) | HEX: 1B 29 34 34 0D
[2026-08-21 12:56:55.622] Recibido ASCII: <SOH>.16<CR>
[2026-08-21 12:56:55.623] Recibido HEX: 01 15 31 36 0D
[2026-08-21 12:56:56.624] Enviado: ) | HEX: 1B 29 34 34 0D
[2026-08-21 12:56:56.625] Recibido ASCII: <SOH>.16<CR>
[2026-08-21 12:56:56.625] Recibido HEX: 01 15 31 36 0D
[2026-08-21 12:56:57.626] Enviado: ) | HEX: 1B 29 34 34 0D
[2026-08-21 12:56:57.627] Recibido ASCII: <SOH>.16<CR>
[2026-08-21 12:56:57.627] Recibido HEX: 01 15 31 36 0D
[2026-08-21 12:56:58.628] Enviado: ) | HEX: 1B 29 34 34 0D
[2026-08-21 12:56:58.629] Recibido ASCII: <SOH>.16<CR>
[2026-08-21 12:56:58.629] Recibido HEX: 01 15 31 36 0D
[2026-08-21 12:56:59.630] Enviado: ) | HEX: 1B 29 34 34 0D
[2026-08-21 12:56:59.630] Recibido ASCII: <ESC>Q6C<CR>
[2026-08-21 12:56:59.631] Recibido HEX: 1B 51 36 43 0D
[2026-08-21 12:57:00.632] Enviado: ) | HEX: 1B 29 34 34 0D
[2026-08-21 12:57:00.632] Recibido ASCII: <SOH>.16<CR>
[2026-08-21 12:57:00.633] Recibido HEX: 01 15 31 36 0D
[2026-08-21 12:57:01.634] Enviado: ) | HEX: 1B 29 34 34 0D
[2026-08-21 12:57:01.635] Recibido ASCII: <SOH>.16<CR>
[2026-08-21 12:57:01.635] Recibido HEX: 01 15 31 36 0D
[2026-08-21 12:57:02.636] Enviado: ) | HEX: 1B 29 34 34 0D
[2026-08-21 12:57:02.636] Recibido ASCII: <SOH>.16<CR>
[2026-08-21 12:57:02.637] Recibido HEX: 01 15 31 36 0D
[2026-08-21 12:57:03.637] Enviado: ) | HEX: 1B 29 34 34 0D
[2026-08-21 12:57:03.638] Recibido ASCII: <SOH>.16<CR>
[2026-08-21 12:57:03.638] Recibido HEX: 01 15 31 36 0D
[2026-08-21 12:57:04.639] Enviado: ) | HEX: 1B 29 34 34 0D
[2026-08-21 12:57:04.640] Recibido ASCII: <SOH>.16<CR>
[2026-08-21 12:57:04.640] Recibido HEX: 01 15 31 36 0D
[2026-08-21 12:57:05.641] Enviado: ) | HEX: 1B 29 34 34 0D
[2026-08-21 12:57:05.641] Recibido ASCII: <SOH>.16<CR>
[2026-08-21 12:57:05.642] Recibido HEX: 01 15 31 36 0D
[2026-08-21 12:57:06.643] Enviado: ) | HEX: 1B 29 34 34 0D
[2026-08-21 12:57:06.644] Recibido ASCII: <SOH>.16<CR>
[2026-08-21 12:57:06.644] Recibido HEX: 01 15 31 36 0D
[2026-08-21 12:57:07.645] Enviado: ) | HEX: 1B 29 34 34 0D
[2026-08-21 12:57:07.646] Recibido ASCII: <SOH>.16<CR>
[2026-08-21 12:57:07.646] Recibido HEX: 01 15 31 36 0D
[2026-08-21 12:57:08.647] Enviado: ) | HEX: 1B 29 34 34 0D
[2026-08-21 12:57:08.647] Recibido ASCII: <SOH>.16<CR>
[2026-08-21 12:57:08.648] Recibido HEX: 01 15 31 36 0D
[2026-08-21 12:57:09.648] Enviado: ) | HEX: 1B 29 34 34 0D
[2026-08-21 12:57:09.649] Recibido ASCII: <SOH>.16<CR>
[2026-08-21 12:57:09.649] Recibido HEX: 01 15 31 36 0D
[2026-08-21 12:57:10.650] Enviado: ) | HEX: 1B 29 34 34 0D
[2026-08-21 12:57:10.651] Recibido ASCII: <ESC>Q6C<CR>
[2026-08-21 12:57:10.651] Recibido HEX: 1B 51 36 43 0D
[2026-08-21 12:57:11.652] Enviado: ) | HEX: 1B 29 34 34 0D
[2026-08-21 12:57:11.652] Recibido ASCII: <SOH>.16<CR>
[2026-08-21 12:57:11.652] Recibido HEX: 01 15 31 36 0D
[2026-08-21 12:57:12.653] Enviado: ) | HEX: 1B 29 34 34 0D
[2026-08-21 12:57:12.654] Recibido ASCII: <SOH>.16<CR>
[2026-08-21 12:57:12.654] Recibido HEX: 01 15 31 36 0D
[2026-08-21 12:57:13.655] Enviado: ) | HEX: 1B 29 34 34 0D
[2026-08-21 12:57:13.655] Recibido ASCII: <SOH>.16<CR>
[2026-08-21 12:57:13.656] Recibido HEX: 01 15 31 36 0D
[2026-08-21 12:57:14.656] Enviado: ) | HEX: 1B 29 34 34 0D
[2026-08-21 12:57:14.657] Recibido ASCII: <SOH>.16<CR>
[2026-08-21 12:57:14.657] Recibido HEX: 01 15 31 36 0D
[2026-08-21 12:57:15.658] Enviado: ) | HEX: 1B 29 34 34 0D
[2026-08-21 12:57:15.658] Recibido ASCII: <SOH>.16<CR>
[2026-08-21 12:57:15.659] Recibido HEX: 01 15 31 36 0D
[2026-08-21 12:57:16.659] Enviado: ) | HEX: 1B 29 34 34 0D
[2026-08-21 12:57:16.660] Recibido ASCII: <SOH>.16<CR>
[2026-08-21 12:57:16.661] Recibido HEX: 01 15 31 36 0D
[2026-08-21 12:57:17.662] Enviado: ) | HEX: 1B 29 34 34 0D
[2026-08-21 12:57:17.663] Recibido ASCII: <SOH>.16<CR>
[2026-08-21 12:57:17.663] Recibido HEX: 01 15 31 36 0D
[2026-08-21 12:57:18.663] Enviado: ) | HEX: 1B 29 34 34 0D
[2026-08-21 12:57:18.664] Recibido ASCII: <SOH>.16<CR>
[2026-08-21 12:57:18.664] Recibido HEX: 01 15 31 36 0D
[2026-08-21 12:57:19.665] Enviado: ) | HEX: 1B 29 34 34 0D
[2026-08-21 12:57:19.665] Recibido ASCII: <SOH>.16<CR>
[2026-08-21 12:57:19.666] Recibido HEX: 01 15 31 36 0D
[2026-08-21 12:57:20.666] Enviado: ) | HEX: 1B 29 34 34 0D
[2026-08-21 12:57:20.667] Recibido ASCII: <SOH>.16<CR>
[2026-08-21 12:57:20.667] Recibido HEX: 01 15 31 36 0D
[2026-08-21 12:57:21.668] Enviado: ) | HEX: 1B 29 34 34 0D
[2026-08-21 12:57:21.668] Recibido ASCII: <SOH>.16<CR>
[2026-08-21 12:57:21.670] Recibido HEX: 01 15 31 36 0D
[2026-08-21 12:57:22.671] Enviado: ) | HEX: 1B 29 34 34 0D
[2026-08-21 12:57:22.671] Recibido ASCII: <ESC>Q6C<CR>
[2026-08-21 12:57:22.671] Recibido HEX: 1B 51 36 43 0D
[2026-08-21 12:57:23.672] Enviado: ) | HEX: 1B 29 34 34 0D
[2026-08-21 12:57:23.673] Recibido ASCII: <SOH>.16<CR>
[2026-08-21 12:57:23.673] Recibido HEX: 01 15 31 36 0D
[2026-08-21 12:57:24.674] Enviado: ) | HEX: 1B 29 34 34 0D
[2026-08-21 12:57:24.674] Recibido ASCII: <SOH>.16<CR>
[2026-08-21 12:57:24.674] Recibido HEX: 01 15 31 36 0D
[2026-08-21 12:57:25.675] Enviado: ) | HEX: 1B 29 34 34 0D
[2026-08-21 12:57:25.675] Recibido ASCII: <SOH>.16<CR>
[2026-08-21 12:57:25.676] Recibido HEX: 01 15 31 36 0D
[2026-08-21 12:57:26.677] Enviado: ) | HEX: 1B 29 34 34 0D
[2026-08-21 12:57:26.677] Recibido ASCII: <SOH>.16<CR>
[2026-08-21 12:57:26.679] Recibido HEX: 01 15 31 36 0D
[2026-08-21 12:57:27.680] Enviado: ) | HEX: 1B 29 34 34 0D
[2026-08-21 12:57:27.680] Recibido ASCII: <SOH>.16<CR>
[2026-08-21 12:57:27.680] Recibido HEX: 01 15 31 36 0D
[2026-08-21 12:57:28.681] Enviado: ) | HEX: 1B 29 34 34 0D
[2026-08-21 12:57:28.681] Recibido ASCII: <SOH>.16<CR>
[2026-08-21 12:57:28.681] Recibido HEX: 01 15 31 36 0D
[2026-08-21 12:57:29.682] Enviado: ) | HEX: 1B 29 34 34 0D
[2026-08-21 12:57:29.683] Recibido ASCII: <SOH>.16<CR>
[2026-08-21 12:57:29.683] Recibido HEX: 01 15 31 36 0D
[2026-08-21 12:57:30.684] Enviado: ) | HEX: 1B 29 34 34 0D
[2026-08-21 12:57:30.684] Recibido ASCII: <SOH>.16<CR>
[2026-08-21 12:57:30.684] Recibido HEX: 01 15 31 36 0D
[2026-08-21 12:57:31.685] Enviado: ) | HEX: 1B 29 34 34 0D
[2026-08-21 12:57:31.686] Recibido ASCII: <SOH>.16<CR>
[2026-08-21 12:57:31.686] Recibido HEX: 01 15 31 36 0D
[2026-08-21 12:57:32.687] Enviado: ) | HEX: 1B 29 34 34 0D
[2026-08-21 12:57:32.687] Recibido ASCII: <SOH>.16<CR>
[2026-08-21 12:57:32.687] Recibido HEX: 01 15 31 36 0D
[2026-08-21 12:57:33.688] Enviado: ) | HEX: 1B 29 34 34 0D
[2026-08-21 12:57:33.688] Recibido ASCII: <ESC>Q6C<CR>
[2026-08-21 12:57:33.689] Recibido HEX: 1B 51 36 43 0D
[2026-08-21 12:57:34.690] Enviado: ) | HEX: 1B 29 34 34 0D
[2026-08-21 12:57:34.690] Recibido ASCII: <SOH>.16<CR>
[2026-08-21 12:57:34.690] Recibido HEX: 01 15 31 36 0D
[2026-08-21 12:57:35.691] Enviado: ) | HEX: 1B 29 34 34 0D
[2026-08-21 12:57:35.691] Recibido ASCII: <SOH>.16<CR>
[2026-08-21 12:57:35.692] Recibido HEX: 01 15 31 36 0D
[2026-08-21 12:57:36.692] Enviado: ) | HEX: 1B 29 34 34 0D
[2026-08-21 12:57:36.693] Recibido ASCII: <SOH>.16<CR>
[2026-08-21 12:57:36.693] Recibido HEX: 01 15 31 36 0D
[2026-08-21 12:57:37.694] Enviado: ) | HEX: 1B 29 34 34 0D
[2026-08-21 12:57:37.695] Recibido ASCII: <SOH>.16<CR>
[2026-08-21 12:57:37.695] Recibido HEX: 01 15 31 36 0D
[2026-08-21 12:57:38.696] Enviado: ) | HEX: 1B 29 34 34 0D
[2026-08-21 12:57:38.696] Recibido ASCII: <SOH>.16<CR>
[2026-08-21 12:57:38.696] Recibido HEX: 01 15 31 36 0D
[2026-08-21 12:57:39.697] Enviado: ) | HEX: 1B 29 34 34 0D
[2026-08-21 12:57:39.697] Recibido ASCII: <SOH>.16<CR>
[2026-08-21 12:57:39.697] Recibido HEX: 01 15 31 36 0D
[2026-08-21 12:57:40.698] Enviado: ) | HEX: 1B 29 34 34 0D
[2026-08-21 12:57:40.699] Recibido ASCII: <SOH>.16<CR>
[2026-08-21 12:57:40.699] Recibido HEX: 01 15 31 36 0D
[2026-08-21 12:57:41.699] Enviado: ) | HEX: 1B 29 34 34 0D
[2026-08-21 12:57:41.700] Recibido ASCII: <SOH>.16<CR>
[2026-08-21 12:57:41.700] Recibido HEX: 01 15 31 36 0D
[2026-08-21 12:57:42.701] Enviado: ) | HEX: 1B 29 34 34 0D
[2026-08-21 12:57:42.701] Recibido ASCII: <SOH>.16<CR>
[2026-08-21 12:57:42.701] Recibido HEX: 01 15 31 36 0D
[2026-08-21 12:57:43.702] Enviado: ) | HEX: 1B 29 34 34 0D
[2026-08-21 12:57:43.703] Recibido ASCII: <SOH>.16<CR>
[2026-08-21 12:57:43.703] Recibido HEX: 01 15 31 36 0D
[2026-08-21 12:57:44.703] Enviado: ) | HEX: 1B 29 34 34 0D
[2026-08-21 12:57:44.704] Recibido ASCII: <SOH>.16<CR>
[2026-08-21 12:57:44.704] Recibido HEX: 01 15 31 36 0D
[2026-08-21 12:57:45.705] Enviado: ) | HEX: 1B 29 34 34 0D
[2026-08-21 12:57:45.705] Recibido ASCII: <ESC>Q6C<CR>
[2026-08-21 12:57:45.706] Recibido HEX: 1B 51 36 43 0D
[2026-08-21 12:57:46.706] Enviado: ) | HEX: 1B 29 34 34 0D
[2026-08-21 12:57:46.706] Recibido ASCII: <SOH>.16<CR>
[2026-08-21 12:57:46.707] Recibido HEX: 01 15 31 36 0D
[2026-08-21 12:57:47.707] Enviado: ) | HEX: 1B 29 34 34 0D
[2026-08-21 12:57:47.708] Recibido ASCII: <SOH>.16<CR>
[2026-08-21 12:57:47.708] Recibido HEX: 01 15 31 36 0D
[2026-08-21 12:57:48.709] Enviado: ) | HEX: 1B 29 34 34 0D
[2026-08-21 12:57:48.709] Recibido ASCII: <SOH>.16<CR>
[2026-08-21 12:57:48.709] Recibido HEX: 01 15 31 36 0D
[2026-08-21 12:57:49.710] Enviado: ) | HEX: 1B 29 34 34 0D
[2026-08-21 12:57:49.711] Recibido ASCII: <SOH>.16<CR>
[2026-08-21 12:57:49.712] Recibido HEX: 01 15 31 36 0D
[2026-08-21 12:57:50.713] Enviado: ) | HEX: 1B 29 34 34 0D
[2026-08-21 12:57:50.714] Recibido ASCII: <SOH>.16<CR>
[2026-08-21 12:57:50.714] Recibido HEX: 01 15 31 36 0D
[2026-08-21 12:59:59.503] Iniciando comunicación con Atlan A350 XL (8E1)...
[2026-08-21 12:59:59.510] Enviado: Q | HEX: 1B 51 36 43 0D
[2026-08-21 12:59:59.555] Recibido ASCII: <SOH>Q52<CR>
[2026-08-21 12:59:59.556] Recibido HEX: 01 51 35 32 0D
[2026-08-21 12:59:59.557] Enviado: V | HEX: 1B 56 37 31 0D
[2026-08-21 12:59:59.647] Recibido ASCII: <SOH>V57<CR>
[2026-08-21 12:59:59.648] Recibido HEX: 01 56 35 37 0D
[2026-08-21 13:00:00.650] Enviado: ) | HEX: 1B 29 34 34 0D
[2026-08-21 13:00:00.650] Recibido ASCII: <ESC>R6D<CR>
[2026-08-21 13:00:00.651] Recibido HEX: 1B 52 36 44 0D
[2026-08-21 13:00:01.651] Enviado: ) | HEX: 1B 29 34 34 0D
[2026-08-21 13:00:01.652] Recibido ASCII: <SOH>)2A<CR>
[2026-08-21 13:00:01.653] Recibido HEX: 01 29 32 41 0D
[2026-08-21 13:00:02.654] Enviado: ) | HEX: 1B 29 34 34 0D
[2026-08-21 13:00:02.654] Recibido ASCII: <SOH>)2A<CR>
[2026-08-21 13:00:02.655] Recibido HEX: 01 29 32 41 0D
[2026-08-21 13:00:03.655] Enviado: ) | HEX: 1B 29 34 34 0D
[2026-08-21 13:00:03.656] Recibido ASCII: <SOH>)2A<CR>
[2026-08-21 13:00:03.656] Recibido HEX: 01 29 32 41 0D
[2026-08-21 13:00:04.657] Enviado: ) | HEX: 1B 29 34 34 0D
[2026-08-21 13:00:04.658] Recibido ASCII: <SOH>)2A<CR>
[2026-08-21 13:00:04.659] Recibido HEX: 01 29 32 41 0D
[2026-08-21 13:00:05.660] Enviado: ) | HEX: 1B 29 34 34 0D
[2026-08-21 13:00:05.660] Recibido ASCII: <SOH>)2A<CR>
[2026-08-21 13:00:05.660] Recibido HEX: 01 29 32 41 0D
[2026-08-21 13:00:06.661] Enviado: ) | HEX: 1B 29 34 34 0D
[2026-08-21 13:00:06.662] Recibido ASCII: <SOH>)2A<CR>
[2026-08-21 13:00:06.662] Recibido HEX: 01 29 32 41 0D
[2026-08-21 13:00:07.664] Enviado: ) | HEX: 1B 29 34 34 0D
[2026-08-21 13:00:07.664] Recibido ASCII: <SOH>)2A<CR>
[2026-08-21 13:00:07.665] Recibido HEX: 01 29 32 41 0D
[2026-08-21 13:00:08.666] Enviado: ) | HEX: 1B 29 34 34 0D
[2026-08-21 13:00:08.667] Recibido ASCII: <SOH>)2A<CR>
[2026-08-21 13:00:08.667] Recibido HEX: 01 29 32 41 0D
[2026-08-21 13:00:09.668] Enviado: ) | HEX: 1B 29 34 34 0D
[2026-08-21 13:00:09.668] Recibido ASCII: <SOH>)2A<CR>
[2026-08-21 13:00:09.669] Recibido HEX: 01 29 32 41 0D
[2026-08-21 13:00:10.670] Enviado: ) | HEX: 1B 29 34 34 0D
[2026-08-21 13:00:10.670] Recibido ASCII: <SOH>)2A<CR>
[2026-08-21 13:00:10.671] Recibido HEX: 01 29 32 41 0D
[2026-08-21 13:00:11.672] Enviado: ) | HEX: 1B 29 34 34 0D
[2026-08-21 13:00:11.672] Recibido ASCII: <ESC>R6D<CR>
[2026-08-21 13:00:11.673] Recibido HEX: 1B 52 36 44 0D
[2026-08-21 13:00:12.675] Enviado: ) | HEX: 1B 29 34 34 0D
[2026-08-21 13:00:12.675] Recibido ASCII: <SOH>)2A<CR>
[2026-08-21 13:00:12.676] Recibido HEX: 01 29 32 41 0D
[2026-08-21 13:00:13.676] Enviado: ) | HEX: 1B 29 34 34 0D
[2026-08-21 13:00:13.677] Recibido ASCII: <SOH>)2A<CR>
[2026-08-21 13:00:13.677] Recibido HEX: 01 29 32 41 0D
[2026-08-21 13:00:14.678] Enviado: ) | HEX: 1B 29 34 34 0D
[2026-08-21 13:00:14.679] Recibido ASCII: <SOH>)2A<CR>
[2026-08-21 13:00:14.679] Recibido HEX: 01 29 32 41 0D
[2026-08-21 13:00:15.680] Enviado: ) | HEX: 1B 29 34 34 0D
[2026-08-21 13:00:15.681] Recibido ASCII: <SOH>)2A<CR>
[2026-08-21 13:00:15.681] Recibido HEX: 01 29 32 41 0D
[2026-08-21 13:00:16.682] Enviado: ) | HEX: 1B 29 34 34 0D
[2026-08-21 13:00:16.682] Recibido ASCII: <SOH>)2A<CR>
[2026-08-21 13:00:16.685] Recibido HEX: 01 29 32 41 0D
[2026-08-21 13:00:17.686] Enviado: ) | HEX: 1B 29 34 34 0D
[2026-08-21 13:00:17.686] Recibido ASCII: <SOH>)2A<CR>
[2026-08-21 13:00:17.686] Recibido HEX: 01 29 32 41 0D
[2026-08-21 13:00:18.687] Enviado: ) | HEX: 1B 29 34 34 0D
[2026-08-21 13:00:18.688] Recibido ASCII: <SOH>)2A<CR>
[2026-08-21 13:00:18.688] Recibido HEX: 01 29 32 41 0D
[2026-08-21 13:00:19.689] Enviado: ) | HEX: 1B 29 34 34 0D
[2026-08-21 13:00:19.690] Recibido ASCII: <SOH>)2A<CR>
[2026-08-21 13:00:19.690] Recibido HEX: 01 29 32 41 0D
[2026-08-21 13:00:20.691] Enviado: ) | HEX: 1B 29 34 34 0D
[2026-08-21 13:00:20.692] Recibido ASCII: <SOH>)2A<CR>
[2026-08-21 13:00:20.692] Recibido HEX: 01 29 32 41 0D
[2026-08-21 13:00:21.693] Enviado: ) | HEX: 1B 29 34 34 0D
[2026-08-21 13:00:21.693] Recibido ASCII: <SOH>)2A<CR>
[2026-08-21 13:00:21.695] Recibido HEX: 01 29 32 41 0D
[2026-08-21 13:00:22.695] Enviado: ) | HEX: 1B 29 34 34 0D
[2026-08-21 13:00:22.696] Recibido ASCII: <ESC>R6D<CR>
[2026-08-21 13:00:22.696] Recibido HEX: 1B 52 36 44 0D
[2026-08-21 13:00:23.697] Enviado: ) | HEX: 1B 29 34 34 0D
[2026-08-21 13:00:23.698] Recibido ASCII: <SOH>)2A<CR>
[2026-08-21 13:00:23.699] Recibido HEX: 01 29 32 41 0D
[2026-08-21 13:00:24.700] Enviado: ) | HEX: 1B 29 34 34 0D
[2026-08-21 13:00:24.700] Recibido ASCII: <SOH>)2A<CR>
[2026-08-21 13:00:24.701] Recibido HEX: 01 29 32 41 0D
[2026-08-21 13:00:25.702] Enviado: ) | HEX: 1B 29 34 34 0D
[2026-08-21 13:00:25.702] Recibido ASCII: <SOH>)2A<CR>
[2026-08-21 13:00:25.702] Recibido HEX: 01 29 32 41 0D
[2026-08-21 13:00:26.704] Enviado: ) | HEX: 1B 29 34 34 0D
[2026-08-21 13:00:26.705] Recibido ASCII: <SOH>)2A<CR>
[2026-08-21 13:00:26.706] Recibido HEX: 01 29 32 41 0D
[2026-08-21 13:00:27.707] Enviado: ) | HEX: 1B 29 34 34 0D
[2026-08-21 13:00:27.708] Recibido ASCII: <SOH>)2A<CR>
[2026-08-21 13:00:27.708] Recibido HEX: 01 29 32 41 0D
[2026-08-21 13:00:28.709] Enviado: ) | HEX: 1B 29 34 34 0D
[2026-08-21 13:00:28.710] Recibido ASCII: <SOH>)2A<CR>
[2026-08-21 13:00:28.710] Recibido HEX: 01 29 32 41 0D
[2026-08-21 13:00:29.711] Enviado: ) | HEX: 1B 29 34 34 0D
[2026-08-21 13:00:29.712] Recibido ASCII: <SOH>)2A<CR>
[2026-08-21 13:00:29.712] Recibido HEX: 01 29 32 41 0D
[2026-08-21 13:00:30.713] Enviado: ) | HEX: 1B 29 34 34 0D
[2026-08-21 13:00:30.714] Recibido ASCII: <SOH>)2A<CR>
[2026-08-21 13:00:30.714] Recibido HEX: 01 29 32 41 0D
[2026-08-21 13:00:31.715] Enviado: ) | HEX: 1B 29 34 34 0D
[2026-08-21 13:00:31.716] Recibido ASCII: <SOH>)2A<CR>
[2026-08-21 13:00:31.719] Recibido HEX: 01 29 32 41 0D
[2026-08-21 13:00:32.720] Enviado: ) | HEX: 1B 29 34 34 0D
[2026-08-21 13:00:32.721] Recibido ASCII: <SOH>)2A<CR>
[2026-08-21 13:00:32.721] Recibido HEX: 01 29 32 41 0D
[2026-08-21 13:00:33.722] Enviado: ) | HEX: 1B 29 34 34 0D
[2026-08-21 13:00:33.722] Recibido ASCII: <SOH>)2A<CR>
[2026-08-21 13:00:33.722] Recibido HEX: 01 29 32 41 0D
[2026-08-21 13:00:34.723] Enviado: ) | HEX: 1B 29 34 34 0D
[2026-08-21 13:00:34.724] Recibido ASCII: <ESC>Q6C<CR>
[2026-08-21 13:00:34.724] Recibido HEX: 1B 51 36 43 0D
[2026-08-21 13:00:35.725] Enviado: ) | HEX: 1B 29 34 34 0D
[2026-08-21 13:00:35.725] Recibido ASCII: <SOH>.16<CR>
[2026-08-21 13:00:35.726] Recibido HEX: 01 15 31 36 0D
[2026-08-21 13:00:36.726] Enviado: ) | HEX: 1B 29 34 34 0D
[2026-08-21 13:00:36.727] Recibido ASCII: <SOH>.16<CR>
[2026-08-21 13:00:36.728] Recibido HEX: 01 15 31 36 0D
[2026-08-21 13:00:37.729] Enviado: ) | HEX: 1B 29 34 34 0D
[2026-08-21 13:00:37.730] Recibido ASCII: <SOH>.16<CR>
[2026-08-21 13:00:37.730] Recibido HEX: 01 15 31 36 0D
[2026-08-21 13:00:38.731] Enviado: ) | HEX: 1B 29 34 34 0D
[2026-08-21 13:00:38.732] Recibido ASCII: <SOH>.16<CR>
[2026-08-21 13:00:38.732] Recibido HEX: 01 15 31 36 0D
[2026-08-21 13:00:39.733] Enviado: ) | HEX: 1B 29 34 34 0D
[2026-08-21 13:00:39.733] Recibido ASCII: <SOH>.16<CR>
[2026-08-21 13:00:39.733] Recibido HEX: 01 15 31 36 0D
[2026-08-21 13:00:40.735] Enviado: ) | HEX: 1B 29 34 34 0D
[2026-08-21 13:00:40.735] Recibido ASCII: <SOH>.16<CR>
[2026-08-21 13:00:40.735] Recibido HEX: 01 15 31 36 0D
[2026-08-21 13:00:41.736] Enviado: ) | HEX: 1B 29 34 34 0D
[2026-08-21 13:00:41.737] Recibido ASCII: <SOH>.16<CR>
[2026-08-21 13:00:41.739] Recibido HEX: 01 15 31 36 0D
[2026-08-21 13:00:42.740] Enviado: ) | HEX: 1B 29 34 34 0D
[2026-08-21 13:00:42.741] Recibido ASCII: <SOH>.16<CR>
[2026-08-21 13:00:42.741] Recibido HEX: 01 15 31 36 0D
[2026-08-21 13:00:43.742] Enviado: ) | HEX: 1B 29 34 34 0D
[2026-08-21 13:00:43.742] Recibido ASCII: <SOH>.16<CR>
[2026-08-21 13:00:43.743] Recibido HEX: 01 15 31 36 0D
[2026-08-21 13:00:44.744] Enviado: ) | HEX: 1B 29 34 34 0D
[2026-08-21 13:00:44.745] Recibido ASCII: <SOH>.16<CR>
[2026-08-21 13:00:44.745] Recibido HEX: 01 15 31 36 0D
[2026-08-21 13:00:45.746] Enviado: ) | HEX: 1B 29 34 34 0D
[2026-08-21 13:00:45.746] Recibido ASCII: <ESC>Q6C<CR>
[2026-08-21 13:00:45.746] Recibido HEX: 1B 51 36 43 0D
[2026-08-21 13:00:46.747] Enviado: ) | HEX: 1B 29 34 34 0D
[2026-08-21 13:00:46.748] Recibido ASCII: <SOH>.16<CR>
[2026-08-21 13:00:46.750] Recibido HEX: 01 15 31 36 0D
[2026-08-21 13:00:47.751] Enviado: ) | HEX: 1B 29 34 34 0D
[2026-08-21 13:00:47.751] Recibido ASCII: <SOH>.16<CR>
[2026-08-21 13:00:47.751] Recibido HEX: 01 15 31 36 0D
[2026-08-21 13:00:48.752] Enviado: ) | HEX: 1B 29 34 34 0D
[2026-08-21 13:00:48.753] Recibido ASCII: <SOH>.16<CR>
[2026-08-21 13:00:48.753] Recibido HEX: 01 15 31 36 0D
[2026-08-21 13:00:49.754] Enviado: ) | HEX: 1B 29 34 34 0D
[2026-08-21 13:00:49.754] Recibido ASCII: <SOH>.16<CR>
[2026-08-21 13:00:49.755] Recibido HEX: 01 15 31 36 0D
[2026-08-21 13:00:50.755] Enviado: ) | HEX: 1B 29 34 34 0D
[2026-08-21 13:00:50.756] Recibido ASCII: <SOH>.16<CR>
[2026-08-21 13:00:50.756] Recibido HEX: 01 15 31 36 0D
[2026-08-21 13:00:51.757] Enviado: ) | HEX: 1B 29 34 34 0D
[2026-08-21 13:00:51.758] Recibido ASCII: <SOH>.16<CR>
[2026-08-21 13:00:51.758] Recibido HEX: 01 15 31 36 0D
[2026-08-21 13:00:52.759] Enviado: ) | HEX: 1B 29 34 34 0D
[2026-08-21 13:00:52.759] Recibido ASCII: <SOH>.16<CR>
[2026-08-21 13:00:52.760] Recibido HEX: 01 15 31 36 0D
[2026-08-21 13:00:53.761] Enviado: ) | HEX: 1B 29 34 34 0D
[2026-08-21 13:00:53.761] Recibido ASCII: <SOH>.16<CR>
[2026-08-21 13:00:53.761] Recibido HEX: 01 15 31 36 0D
[2026-08-21 13:00:54.762] Enviado: ) | HEX: 1B 29 34 34 0D
[2026-08-21 13:00:54.763] Recibido ASCII: <SOH>.16<CR>
[2026-08-21 13:00:54.763] Recibido HEX: 01 15 31 36 0D
[2026-08-21 13:00:55.764] Enviado: ) | HEX: 1B 29 34 34 0D
[2026-08-21 13:00:55.764] Recibido ASCII: <SOH>.16<CR>
[2026-08-21 13:00:55.764] Recibido HEX: 01 15 31 36 0D
[2026-08-21 13:00:56.765] Enviado: ) | HEX: 1B 29 34 34 0D
[2026-08-21 13:00:56.766] Recibido ASCII: <ESC>Q6C<CR>
[2026-08-21 13:00:56.766] Recibido HEX: 1B 51 36 43 0D
[2026-08-21 13:00:57.767] Enviado: ) | HEX: 1B 29 34 34 0D
[2026-08-21 13:00:57.767] Recibido ASCII: <SOH>.16<CR>
[2026-08-21 13:00:57.768] Recibido HEX: 01 15 31 36 0D
[2026-08-21 13:00:58.769] Enviado: ) | HEX: 1B 29 34 34 0D
[2026-08-21 13:00:58.770] Recibido ASCII: <SOH>.16<CR>
[2026-08-21 13:00:58.770] Recibido HEX: 01 15 31 36 0D
[2026-08-21 13:00:59.770] Enviado: ) | HEX: 1B 29 34 34 0D
[2026-08-21 13:00:59.771] Recibido ASCII: <SOH>.16<CR>
[2026-08-21 13:00:59.771] Recibido HEX: 01 15 31 36 0D
[2026-08-21 13:01:00.772] Enviado: ) | HEX: 1B 29 34 34 0D
[2026-08-21 13:01:00.772] Recibido ASCII: <SOH>.16<CR>
[2026-08-21 13:01:00.772] Recibido HEX: 01 15 31 36 0D
[2026-08-21 13:01:01.773] Enviado: ) | HEX: 1B 29 34 34 0D
[2026-08-21 13:01:01.774] Recibido ASCII: <SOH>.16<CR>
[2026-08-21 13:01:01.774] Recibido HEX: 01 15 31 36 0D
[2026-08-21 13:01:02.775] Enviado: ) | HEX: 1B 29 34 34 0D
[2026-08-21 13:01:02.775] Recibido ASCII: <SOH>.16<CR>
[2026-08-21 13:01:02.776] Recibido HEX: 01 15 31 36 0D
[2026-08-21 13:01:03.777] Enviado: ) | HEX: 1B 29 34 34 0D
[2026-08-21 13:01:03.778] Recibido ASCII: <SOH>.16<CR>
[2026-08-21 13:01:03.778] Recibido HEX: 01 15 31 36 0D
[2026-08-21 13:01:04.778] Enviado: ) | HEX: 1B 29 34 34 0D
[2026-08-21 13:01:04.779] Recibido ASCII: <SOH>.16<CR>
[2026-08-21 13:01:04.779] Recibido HEX: 01 15 31 36 0D
[2026-08-21 13:01:05.780] Enviado: ) | HEX: 1B 29 34 34 0D
[2026-08-21 13:01:05.780] Recibido ASCII: <SOH>.16<CR>
[2026-08-21 13:01:05.780] Recibido HEX: 01 15 31 36 0D
[2026-08-21 13:01:06.781] Enviado: ) | HEX: 1B 29 34 34 0D
[2026-08-21 13:01:06.781] Recibido ASCII: <SOH>.16<CR>
[2026-08-21 13:01:06.781] Recibido HEX: 01 15 31 36 0D
[2026-08-21 13:01:07.782] Enviado: ) | HEX: 1B 29 34 34 0D
[2026-08-21 13:01:07.783] Recibido ASCII: <SOH>.16<CR>
[2026-08-21 13:01:07.785] Recibido HEX: 01 15 31 36 0D
[2026-08-21 13:01:08.786] Enviado: ) | HEX: 1B 29 34 34 0D
[2026-08-21 13:01:08.786] Recibido ASCII: <ESC>Q6C<CR>
[2026-08-21 13:01:08.786] Recibido HEX: 1B 51 36 43 0D
[2026-08-21 13:01:09.787] Enviado: ) | HEX: 1B 29 34 34 0D
[2026-08-21 13:01:09.788] Recibido ASCII: <SOH>.16<CR>
[2026-08-21 13:01:09.788] Recibido HEX: 01 15 31 36 0D
[2026-08-21 13:01:10.788] Enviado: ) | HEX: 1B 29 34 34 0D
[2026-08-21 13:01:10.789] Recibido ASCII: <SOH>.16<CR>
[2026-08-21 13:01:10.789] Recibido HEX: 01 15 31 36 0D
[2026-08-21 13:01:11.790] Enviado: ) | HEX: 1B 29 34 34 0D
[2026-08-21 13:01:11.790] Recibido ASCII: <SOH>.16<CR>
[2026-08-21 13:01:11.790] Recibido HEX: 01 15 31 36 0D
[2026-08-21 13:01:12.791] Enviado: ) | HEX: 1B 29 34 34 0D
[2026-08-21 13:01:12.791] Recibido ASCII: <SOH>.16<CR>
[2026-08-21 13:01:12.792] Recibido HEX: 01 15 31 36 0D
[2026-08-21 13:01:13.793] Enviado: ) | HEX: 1B 29 34 34 0D
[2026-08-21 13:01:13.793] Recibido ASCII: <SOH>.16<CR>
[2026-08-21 13:01:13.793] Recibido HEX: 01 15 31 36 0D
[2026-08-21 13:01:14.794] Enviado: ) | HEX: 1B 29 34 34 0D
[2026-08-21 13:01:14.794] Recibido ASCII: <SOH>.16<CR>
[2026-08-21 13:01:14.794] Recibido HEX: 01 15 31 36 0D
[2026-08-21 13:01:15.795] Enviado: ) | HEX: 1B 29 34 34 0D
[2026-08-21 13:01:15.795] Recibido ASCII: <SOH>.16<CR>
[2026-08-21 13:01:15.795] Recibido HEX: 01 15 31 36 0D
[2026-08-21 13:01:16.796] Enviado: ) | HEX: 1B 29 34 34 0D
[2026-08-21 13:01:16.796] Recibido ASCII: <SOH>.16<CR>
[2026-08-21 13:01:16.797] Recibido HEX: 01 15 31 36 0D
[2026-08-21 13:01:17.797] Enviado: ) | HEX: 1B 29 34 34 0D
[2026-08-21 13:01:17.798] Recibido ASCII: <SOH>.16<CR>
[2026-08-21 13:01:17.798] Recibido HEX: 01 15 31 36 0D
[2026-08-21 13:01:18.798] Enviado: ) | HEX: 1B 29 34 34 0D
[2026-08-21 13:01:18.799] Recibido ASCII: <SOH>.16<CR>
[2026-08-21 13:01:18.799] Recibido HEX: 01 15 31 36 0D
[2026-08-21 13:01:19.800] Enviado: ) | HEX: 1B 29 34 34 0D
[2026-08-21 13:01:19.800] Recibido ASCII: <ESC>Q6C<CR>
[2026-08-21 13:01:19.801] Recibido HEX: 1B 51 36 43 0D
[2026-08-21 13:01:20.801] Enviado: ) | HEX: 1B 29 34 34 0D
[2026-08-21 13:01:20.802] Recibido ASCII: <SOH>.16<CR>
[2026-08-21 13:01:20.802] Recibido HEX: 01 15 31 36 0D
[2026-08-21 13:01:21.802] Enviado: ) | HEX: 1B 29 34 34 0D
[2026-08-21 13:01:21.803] Recibido ASCII: <SOH>.16<CR>
[2026-08-21 13:01:21.803] Recibido HEX: 01 15 31 36 0D
[2026-08-21 13:01:22.804] Enviado: ) | HEX: 1B 29 34 34 0D
[2026-08-21 13:01:22.804] Recibido ASCII: <SOH>.16<CR>
[2026-08-21 13:01:22.804] Recibido HEX: 01 15 31 36 0D
[2026-08-21 13:01:23.805] Enviado: ) | HEX: 1B 29 34 34 0D
[2026-08-21 13:01:23.805] Recibido ASCII: <SOH>.16<CR>
[2026-08-21 13:01:23.806] Recibido HEX: 01 15 31 36 0D
[2026-08-21 13:01:24.807] Enviado: ) | HEX: 1B 29 34 34 0D
[2026-08-21 13:01:24.807] Recibido ASCII: <SOH>.16<CR>
[2026-08-21 13:01:24.807] Recibido HEX: 01 15 31 36 0D
[2026-08-21 13:01:25.808] Enviado: ) | HEX: 1B 29 34 34 0D
[2026-08-21 13:01:25.808] Recibido ASCII: <SOH>.16<CR>
[2026-08-21 13:01:25.808] Recibido HEX: 01 15 31 36 0D
[2026-08-21 13:01:26.809] Enviado: ) | HEX: 1B 29 34 34 0D
[2026-08-21 13:01:26.809] Recibido ASCII: <SOH>.16<CR>
[2026-08-21 13:01:26.810] Recibido HEX: 01 15 31 36 0D
[2026-08-21 13:33:47.253] Iniciando comunicación con Atlan A350 XL (8E1)...
[2026-08-21 13:33:47.258] Enviado: Q | HEX: 1B 51 36 43 0D
[2026-08-21 13:33:47.260] Recibido ASCII: <CR>
[2026-08-21 13:33:47.261] Recibido HEX: 0D
[2026-08-21 13:50:28.673] Iniciando comunicación con Atlan A350 XL (8E1)...
[2026-08-21 13:50:28.678] Enviado: Q | HEX: 1B 51 36 43 0D
[2026-08-21 13:50:28.680] Recibido ASCII: <CR>
[2026-08-21 13:50:28.680] Recibido HEX: 0D
[2026-08-21 13:51:03.292] Iniciando comunicación con Atlan A350 XL (8E1)...
[2026-08-21 13:51:03.297] Enviado: Q | HEX: 1B 51 36 43 0D
[2026-08-21 13:51:03.336] Recibido ASCII: <SOH>Q52<CR>
[2026-08-21 13:51:03.336] Recibido HEX: 01 51 35 32 0D
[2026-08-21 13:51:03.341] Enviado: 5C
 | HEX: 1B 35 43 0D 41 30 0D
[2026-08-21 13:51:03.430] Recibido ASCII: <SOH>.16<CR>
[2026-08-21 13:51:03.430] Recibido HEX: 01 15 31 36 0D
[2026-08-21 13:51:04.432] Enviado: ) | HEX: 1B 29 34 34 0D
[2026-08-21 13:51:04.432] Recibido ASCII: <ESC>R6D<CR>
[2026-08-21 13:51:04.432] Recibido HEX: 1B 52 36 44 0D
[2026-08-21 13:51:05.433] Enviado: ) | HEX: 1B 29 34 34 0D
[2026-08-21 13:51:05.434] Recibido ASCII: <ESC>R6D<CR>
[2026-08-21 13:51:05.434] Recibido HEX: 1B 52 36 44 0D
[2026-08-21 13:51:06.435] Enviado: ) | HEX: 1B 29 34 34 0D
[2026-08-21 13:51:06.435] Recibido ASCII: <SOH>)2A<CR>
[2026-08-21 13:51:06.435] Recibido HEX: 01 29 32 41 0D
[2026-08-21 13:51:07.436] Enviado: ) | HEX: 1B 29 34 34 0D
[2026-08-21 13:51:07.436] Recibido ASCII: <SOH>)2A<CR>
[2026-08-21 13:51:07.437] Recibido HEX: 01 29 32 41 0D
[2026-08-21 13:51:08.437] Enviado: ) | HEX: 1B 29 34 34 0D
[2026-08-21 13:51:08.438] Recibido ASCII: <SOH>)2A<CR>
[2026-08-21 13:51:08.438] Recibido HEX: 01 29 32 41 0D
[2026-08-21 13:51:09.439] Enviado: ) | HEX: 1B 29 34 34 0D
[2026-08-21 13:51:09.440] Recibido ASCII: <SOH>)2A<CR>
[2026-08-21 13:51:09.440] Recibido HEX: 01 29 32 41 0D
[2026-08-21 13:51:10.441] Enviado: ) | HEX: 1B 29 34 34 0D
[2026-08-21 13:51:10.441] Recibido ASCII: <SOH>)2A<CR>
[2026-08-21 13:51:10.442] Recibido HEX: 01 29 32 41 0D
[2026-08-21 13:51:11.442] Enviado: ) | HEX: 1B 29 34 34 0D
[2026-08-21 13:51:11.443] Recibido ASCII: <SOH>)2A<CR>
[2026-08-21 13:51:11.443] Recibido HEX: 01 29 32 41 0D
[2026-08-21 13:51:12.444] Enviado: ) | HEX: 1B 29 34 34 0D
[2026-08-21 13:51:12.444] Recibido ASCII: <SOH>)2A<CR>
[2026-08-21 13:51:12.445] Recibido HEX: 01 29 32 41 0D
[2026-08-21 13:51:13.445] Enviado: ) | HEX: 1B 29 34 34 0D
[2026-08-21 13:51:13.446] Recibido ASCII: <SOH>)2A<CR>
[2026-08-21 13:51:13.446] Recibido HEX: 01 29 32 41 0D
[2026-08-21 13:51:14.447] Enviado: ) | HEX: 1B 29 34 34 0D
[2026-08-21 13:51:14.448] Recibido ASCII: <SOH>)2A<CR>
[2026-08-21 13:51:14.448] Recibido HEX: 01 29 32 41 0D
[2026-08-21 13:51:15.449] Enviado: ) | HEX: 1B 29 34 34 0D
[2026-08-21 13:51:15.449] Recibido ASCII: <SOH>)2A<CR>
[2026-08-21 13:51:15.449] Recibido HEX: 01 29 32 41 0D
[2026-08-21 13:51:16.450] Enviado: ) | HEX: 1B 29 34 34 0D
[2026-08-21 13:51:16.451] Recibido ASCII: <ESC>R6D<CR>
[2026-08-21 13:51:16.451] Recibido HEX: 1B 52 36 44 0D
[2026-08-21 13:51:17.452] Enviado: ) | HEX: 1B 29 34 34 0D
[2026-08-21 13:51:17.452] Recibido ASCII: <SOH>)2A<CR>
[2026-08-21 13:51:17.452] Recibido HEX: 01 29 32 41 0D
[2026-08-21 13:51:18.453] Enviado: ) | HEX: 1B 29 34 34 0D
[2026-08-21 13:51:18.454] Recibido ASCII: <SOH>)2A<CR>
[2026-08-21 13:51:18.454] Recibido HEX: 01 29 32 41 0D
[2026-08-21 13:51:19.455] Enviado: ) | HEX: 1B 29 34 34 0D
[2026-08-21 13:51:19.455] Recibido ASCII: <SOH>)2A<CR>
[2026-08-21 13:51:19.456] Recibido HEX: 01 29 32 41 0D
[2026-08-21 13:51:20.456] Enviado: ) | HEX: 1B 29 34 34 0D
[2026-08-21 13:51:20.457] Recibido ASCII: <SOH>)2A<CR>
[2026-08-21 13:51:20.457] Recibido HEX: 01 29 32 41 0D
[2026-08-21 13:51:21.458] Enviado: ) | HEX: 1B 29 34 34 0D
[2026-08-21 13:51:21.458] Recibido ASCII: <SOH>)2A<CR>
[2026-08-21 13:51:21.458] Recibido HEX: 01 29 32 41 0D
[2026-08-21 13:51:22.459] Enviado: ) | HEX: 1B 29 34 34 0D
[2026-08-21 13:51:22.459] Recibido ASCII: <SOH>)2A<CR>
[2026-08-21 13:51:22.460] Recibido HEX: 01 29 32 41 0D
[2026-08-21 13:51:23.461] Enviado: ) | HEX: 1B 29 34 34 0D
[2026-08-21 13:51:23.461] Recibido ASCII: <SOH>)2A<CR>
[2026-08-21 13:51:23.461] Recibido HEX: 01 29 32 41 0D
[2026-08-21 13:51:24.462] Enviado: ) | HEX: 1B 29 34 34 0D
[2026-08-21 13:51:24.462] Recibido ASCII: <SOH>)2A<CR>
[2026-08-21 13:51:24.463] Recibido HEX: 01 29 32 41 0D
[2026-08-21 13:51:25.464] Enviado: ) | HEX: 1B 29 34 34 0D
[2026-08-21 13:51:25.464] Recibido ASCII: <SOH>)2A<CR>
[2026-08-21 13:51:25.464] Recibido HEX: 01 29 32 41 0D
[2026-08-21 13:51:26.465] Enviado: ) | HEX: 1B 29 34 34 0D
[2026-08-21 13:51:26.466] Recibido ASCII: <SOH>)2A<CR>
[2026-08-21 13:51:26.466] Recibido HEX: 01 29 32 41 0D
[2026-08-21 13:51:27.467] Enviado: ) | HEX: 1B 29 34 34 0D
[2026-08-21 13:51:27.467] Recibido ASCII: <SOH>)2A<CR>
[2026-08-21 13:51:27.467] Recibido HEX: 01 29 32 41 0D
[2026-08-21 13:51:28.468] Enviado: ) | HEX: 1B 29 34 34 0D
[2026-08-21 13:51:28.468] Recibido ASCII: <ESC>Q6C<CR>
[2026-08-21 13:51:28.468] Recibido HEX: 1B 51 36 43 0D
[2026-08-21 13:51:29.469] Enviado: ) | HEX: 1B 29 34 34 0D
[2026-08-21 13:51:29.469] Recibido ASCII: <SOH>.16<CR>
[2026-08-21 13:51:29.470] Recibido HEX: 01 15 31 36 0D
[2026-08-21 13:51:30.470] Enviado: ) | HEX: 1B 29 34 34 0D
[2026-08-21 13:51:30.471] Recibido ASCII: <SOH>.16<CR>
[2026-08-21 13:51:30.471] Recibido HEX: 01 15 31 36 0D
[2026-08-21 13:51:31.472] Enviado: ) | HEX: 1B 29 34 34 0D
[2026-08-21 13:51:31.473] Recibido ASCII: <SOH>.16<CR>
[2026-08-21 13:51:31.473] Recibido HEX: 01 15 31 36 0D
[2026-08-21 13:51:32.473] Enviado: ) | HEX: 1B 29 34 34 0D
[2026-08-21 13:51:32.474] Recibido ASCII: <SOH>.16<CR>
[2026-08-21 13:51:32.474] Recibido HEX: 01 15 31 36 0D
[2026-08-21 13:51:33.475] Enviado: ) | HEX: 1B 29 34 34 0D
[2026-08-21 13:51:33.475] Recibido ASCII: <SOH>.16<CR>
[2026-08-21 13:51:33.475] Recibido HEX: 01 15 31 36 0D
[2026-08-21 13:51:34.476] Enviado: ) | HEX: 1B 29 34 34 0D
[2026-08-21 13:51:34.476] Recibido ASCII: <SOH>.16<CR>
[2026-08-21 13:51:34.477] Recibido HEX: 01 15 31 36 0D
[2026-08-21 13:51:35.477] Enviado: ) | HEX: 1B 29 34 34 0D
[2026-08-21 13:51:35.478] Recibido ASCII: <SOH>.16<CR>
[2026-08-21 13:51:35.478] Recibido HEX: 01 15 31 36 0D
[2026-08-21 13:51:36.479] Enviado: ) | HEX: 1B 29 34 34 0D
[2026-08-21 13:51:36.479] Recibido ASCII: <SOH>.16<CR>
[2026-08-21 13:51:36.479] Recibido HEX: 01 15 31 36 0D
[2026-08-21 13:51:37.480] Enviado: ) | HEX: 1B 29 34 34 0D
[2026-08-21 13:51:37.480] Recibido ASCII: <SOH>.16<CR>
[2026-08-21 13:51:37.481] Recibido HEX: 01 15 31 36 0D
[2026-08-21 13:51:38.481] Enviado: ) | HEX: 1B 29 34 34 0D
[2026-08-21 13:51:38.482] Recibido ASCII: <SOH>.16<CR>
[2026-08-21 13:51:38.482] Recibido HEX: 01 15 31 36 0D
[2026-08-21 13:51:39.483] Enviado: ) | HEX: 1B 29 34 34 0D
[2026-08-21 13:51:39.483] Recibido ASCII: <ESC>Q6C<CR>
[2026-08-21 13:51:39.483] Recibido HEX: 1B 51 36 43 0D
[2026-08-21 13:51:40.484] Enviado: ) | HEX: 1B 29 34 34 0D
[2026-08-21 13:51:40.484] Recibido ASCII: <SOH>.16<CR>
[2026-08-21 13:51:40.484] Recibido HEX: 01 15 31 36 0D
[2026-08-21 13:51:41.484] Enviado: ) | HEX: 1B 29 34 34 0D
[2026-08-21 13:51:41.485] Recibido ASCII: <SOH>.16<CR>
[2026-08-21 13:51:41.486] Recibido HEX: 01 15 31 36 0D
[2026-08-21 13:51:42.487] Enviado: ) | HEX: 1B 29 34 34 0D
[2026-08-21 13:51:42.487] Recibido ASCII: <SOH>.16<CR>
[2026-08-21 13:51:42.487] Recibido HEX: 01 15 31 36 0D
[2026-08-21 13:51:43.488] Enviado: ) | HEX: 1B 29 34 34 0D
[2026-08-21 13:51:43.488] Recibido ASCII: <SOH>.16<CR>
[2026-08-21 13:51:43.489] Recibido HEX: 01 15 31 36 0D
[2026-08-21 13:51:44.489] Enviado: ) | HEX: 1B 29 34 34 0D
[2026-08-21 13:51:44.490] Recibido ASCII: <SOH>.16<CR>
[2026-08-21 13:51:44.490] Recibido HEX: 01 15 31 36 0D
[2026-08-21 13:51:45.490] Enviado: ) | HEX: 1B 29 34 34 0D
[2026-08-21 13:51:45.491] Recibido ASCII: <SOH>.16<CR>
[2026-08-21 13:51:45.491] Recibido HEX: 01 15 31 36 0D
[2026-08-21 13:51:46.492] Enviado: ) | HEX: 1B 29 34 34 0D
[2026-08-21 13:51:46.492] Recibido ASCII: <SOH>.16<CR>
[2026-08-21 13:51:46.492] Recibido HEX: 01 15 31 36 0D
[2026-08-21 13:51:47.493] Enviado: ) | HEX: 1B 29 34 34 0D
[2026-08-21 13:51:47.493] Recibido ASCII: <SOH>.16<CR>
[2026-08-21 13:51:47.493] Recibido HEX: 01 15 31 36 0D
[2026-08-21 13:51:48.494] Enviado: ) | HEX: 1B 29 34 34 0D
[2026-08-21 13:51:48.495] Recibido ASCII: <SOH>.16<CR>
[2026-08-21 13:51:48.495] Recibido HEX: 01 15 31 36 0D
[2026-08-21 13:51:49.496] Enviado: ) | HEX: 1B 29 34 34 0D
[2026-08-21 13:51:49.496] Recibido ASCII: <SOH>.16<CR>
[2026-08-21 13:51:49.496] Recibido HEX: 01 15 31 36 0D
[2026-08-21 13:51:50.497] Enviado: ) | HEX: 1B 29 34 34 0D
[2026-08-21 13:51:50.497] Recibido ASCII: <ESC>Q6C<CR>
[2026-08-21 13:51:50.497] Recibido HEX: 1B 51 36 43 0D
[2026-08-21 13:51:51.498] Enviado: ) | HEX: 1B 29 34 34 0D
[2026-08-21 13:51:51.499] Recibido ASCII: <SOH>.16<CR>
[2026-08-21 13:51:51.499] Recibido HEX: 01 15 31 36 0D
[2026-08-21 13:51:52.499] Enviado: ) | HEX: 1B 29 34 34 0D
[2026-08-21 13:51:52.500] Recibido ASCII: <SOH>.16<CR>
[2026-08-21 13:51:52.501] Recibido HEX: 01 15 31 36 0D
[2026-08-21 13:51:55.444] Iniciando comunicación con Atlan A350 XL (8E1)...
[2026-08-21 13:51:55.449] Enviado: Q | HEX: 1B 51 36 43 0D
[2026-08-21 13:51:55.538] Recibido ASCII: <SOH>Q52<CR>
[2026-08-21 13:51:55.539] Recibido HEX: 01 51 35 32 0D
[2026-08-21 13:51:55.543] Enviado: 5C
 | HEX: 1B 35 43 0D 41 30 0D
[2026-08-21 13:51:55.632] Recibido ASCII: <SOH>.16<CR>
[2026-08-21 13:51:55.632] Recibido HEX: 01 15 31 36 0D
[2026-08-21 13:51:56.634] Enviado: ) | HEX: 1B 29 34 34 0D
[2026-08-21 13:51:56.634] Recibido ASCII: <ESC>R6D<CR>
[2026-08-21 13:51:56.635] Recibido HEX: 1B 52 36 44 0D
[2026-08-21 13:51:57.635] Enviado: ) | HEX: 1B 29 34 34 0D
[2026-08-21 13:51:57.635] Recibido ASCII: <ESC>R6D<CR>
[2026-08-21 13:51:57.636] Recibido HEX: 1B 52 36 44 0D
[2026-08-21 14:02:47.392] Iniciando comunicación con Atlan A350 XL (8E1)...
[2026-08-21 14:02:47.397] Enviado: Q | HEX: 1B 51 36 43 0D
[2026-08-21 14:02:47.399] Recibido ASCII: <CR>
[2026-08-21 14:02:47.399] Recibido HEX: 0D
[2026-08-21 14:02:47.404] Enviado: V | HEX: 1B 56 37 31 0D
[2026-08-21 14:02:47.467] Recibido ASCII: <SOH>Q52<CR>
[2026-08-21 14:02:47.468] Recibido HEX: 01 51 35 32 0D
[2026-08-21 14:02:48.469] Enviado: ) | HEX: 1B 29 34 34 0D
[2026-08-21 14:02:48.469] Recibido ASCII: <SOH>V57<CR>
[2026-08-21 14:02:48.470] Recibido HEX: 01 56 35 37 0D
[2026-08-21 14:02:49.470] Enviado: ) | HEX: 1B 29 34 34 0D
[2026-08-21 14:02:49.471] Recibido ASCII: <ESC>R6D<CR>
[2026-08-21 14:02:49.471] Recibido HEX: 1B 52 36 44 0D
[2026-08-21 14:03:08.241] Iniciando comunicación con Atlan A350 XL (8E1)...
[2026-08-21 14:03:08.246] Enviado: Q | HEX: 1B 51 36 43 0D
[2026-08-21 14:03:08.271] Recibido ASCII: <SOH>Q52<CR>
[2026-08-21 14:03:08.271] Recibido HEX: 01 51 35 32 0D
[2026-08-21 14:03:08.275] Enviado: V | HEX: 1B 56 37 31 0D
[2026-08-21 14:03:08.364] Recibido ASCII: <SOH>V57<CR>
[2026-08-21 14:03:08.365] Recibido HEX: 01 56 35 37 0D
[2026-08-21 14:03:09.366] Enviado: ) | HEX: 1B 29 34 34 0D
[2026-08-21 14:03:09.367] Recibido ASCII: <ESC>R6D<CR>
[2026-08-21 14:03:09.367] Recibido HEX: 1B 52 36 44 0D
[2026-08-21 14:03:09.367] Enviado: 5C | HEX: 1B 35 43 0E 41 31 0D
[2026-08-21 14:03:10.368] Enviado: ) | HEX: 1B 29 34 34 0D
[2026-08-21 14:03:10.368] Recibido ASCII: <SOH>)2A<CR>
[2026-08-21 14:03:10.369] Recibido HEX: 01 29 32 41 0D
[2026-08-21 14:03:11.370] Enviado: ) | HEX: 1B 29 34 34 0D
[2026-08-21 14:03:11.371] Recibido ASCII: <SOH>536<CR>
[2026-08-21 14:03:11.371] Recibido HEX: 01 35 33 36 0D
[2026-08-21 14:03:12.372] Enviado: ) | HEX: 1B 29 34 34 0D
[2026-08-21 14:03:12.372] Recibido ASCII: <SOH>)2A<CR>
[2026-08-21 14:03:12.373] Recibido HEX: 01 29 32 41 0D
[2026-08-21 14:03:13.373] Enviado: ) | HEX: 1B 29 34 34 0D
[2026-08-21 14:03:13.374] Recibido ASCII: <SOH>)2A<CR>
[2026-08-21 14:03:13.374] Recibido HEX: 01 29 32 41 0D
[2026-08-21 14:03:14.375] Enviado: ) | HEX: 1B 29 34 34 0D
[2026-08-21 14:03:14.376] Recibido ASCII: <SOH>)2A<CR>
[2026-08-21 14:03:14.377] Recibido HEX: 01 29 32 41 0D
[2026-08-21 14:03:15.378] Enviado: ) | HEX: 1B 29 34 34 0D
[2026-08-21 14:03:15.378] Recibido ASCII: <SOH>)2A<CR>
[2026-08-21 14:03:15.379] Recibido HEX: 01 29 32 41 0D
[2026-08-21 14:03:16.380] Enviado: ) | HEX: 1B 29 34 34 0D
[2026-08-21 14:03:16.380] Recibido ASCII: <SOH>)2A<CR>
[2026-08-21 14:03:16.381] Recibido HEX: 01 29 32 41 0D
[2026-08-21 14:03:17.382] Enviado: ) | HEX: 1B 29 34 34 0D
[2026-08-21 14:03:17.382] Recibido ASCII: <SOH>)2A<CR>
[2026-08-21 14:03:17.383] Recibido HEX: 01 29 32 41 0D
[2026-08-21 14:03:18.383] Enviado: ) | HEX: 1B 29 34 34 0D
[2026-08-21 14:03:18.384] Recibido ASCII: <SOH>)2A<CR>
[2026-08-21 14:03:18.384] Recibido HEX: 01 29 32 41 0D
[2026-08-21 14:03:19.385] Enviado: ) | HEX: 1B 29 34 34 0D
[2026-08-21 14:03:19.385] Recibido ASCII: <SOH>)2A<CR>
[2026-08-21 14:03:19.386] Recibido HEX: 01 29 32 41 0D
[2026-08-21 14:03:20.387] Enviado: ) | HEX: 1B 29 34 34 0D
[2026-08-21 14:03:20.387] Recibido ASCII: <SOH>)2A<CR>
[2026-08-21 14:03:20.388] Recibido HEX: 01 29 32 41 0D
[2026-08-21 14:03:21.388] Enviado: ) | HEX: 1B 29 34 34 0D
[2026-08-21 14:03:21.389] Recibido ASCII: <ESC>R6D<CR>
[2026-08-21 14:03:21.390] Recibido HEX: 1B 52 36 44 0D
[2026-08-21 14:03:21.390] Enviado: 5C | HEX: 1B 35 43 0E 41 31 0D
[2026-08-21 14:03:22.391] Enviado: ) | HEX: 1B 29 34 34 0D
[2026-08-21 14:03:22.392] Recibido ASCII: <SOH>)2A<CR>
[2026-08-21 14:03:22.392] Recibido HEX: 01 29 32 41 0D
[2026-08-21 14:03:23.393] Enviado: ) | HEX: 1B 29 34 34 0D
[2026-08-21 14:03:23.393] Recibido ASCII: <SOH>)2A<CR>
[2026-08-21 14:03:23.394] Recibido HEX: 01 29 32 41 0D
[2026-08-21 14:03:24.394] Enviado: ) | HEX: 1B 29 34 34 0D
[2026-08-21 14:03:24.395] Recibido ASCII: <SOH>)2A<CR>
[2026-08-21 14:03:24.395] Recibido HEX: 01 29 32 41 0D
[2026-08-21 14:03:25.396] Enviado: ) | HEX: 1B 29 34 34 0D
[2026-08-21 14:03:25.396] Recibido ASCII: <SOH>536<CR>
[2026-08-21 14:03:25.397] Recibido HEX: 01 35 33 36 0D
[2026-08-21 14:03:26.397] Enviado: ) | HEX: 1B 29 34 34 0D
[2026-08-21 14:03:26.398] Recibido ASCII: <SOH>)2A<CR>
[2026-08-21 14:03:26.398] Recibido HEX: 01 29 32 41 0D
[2026-08-21 14:03:27.400] Enviado: ) | HEX: 1B 29 34 34 0D
[2026-08-21 14:03:27.400] Recibido ASCII: <SOH>)2A<CR>
[2026-08-21 14:03:27.401] Recibido HEX: 01 29 32 41 0D
[2026-08-21 14:03:28.402] Enviado: ) | HEX: 1B 29 34 34 0D
[2026-08-21 14:03:28.402] Recibido ASCII: <SOH>)2A<CR>
[2026-08-21 14:03:28.402] Recibido HEX: 01 29 32 41 0D
[2026-08-21 14:03:29.403] Enviado: ) | HEX: 1B 29 34 34 0D
[2026-08-21 14:03:29.403] Recibido ASCII: <SOH>)2A<CR>
[2026-08-21 14:03:29.404] Recibido HEX: 01 29 32 41 0D
[2026-08-21 14:03:30.404] Enviado: ) | HEX: 1B 29 34 34 0D
[2026-08-21 14:03:30.404] Recibido ASCII: <SOH>)2A<CR>
[2026-08-21 14:03:30.405] Recibido HEX: 01 29 32 41 0D
[2026-08-21 14:03:31.405] Enviado: ) | HEX: 1B 29 34 34 0D
[2026-08-21 14:03:31.406] Recibido ASCII: <SOH>)2A<CR>
[2026-08-21 14:03:31.406] Recibido HEX: 01 29 32 41 0D
[2026-08-21 14:03:32.408] Enviado: ) | HEX: 1B 29 34 34 0D
[2026-08-21 14:03:32.408] Recibido ASCII: <SOH>)2A<CR>
[2026-08-21 14:03:32.409] Recibido HEX: 01 29 32 41 0D
[2026-08-21 14:03:33.409] Enviado: ) | HEX: 1B 29 34 34 0D
[2026-08-21 14:03:33.410] Recibido ASCII: <ESC>R6D<CR>
[2026-08-21 14:03:33.410] Recibido HEX: 1B 52 36 44 0D
[2026-08-21 14:03:33.411] Enviado: 5C | HEX: 1B 35 43 0E 41 31 0D
[2026-08-21 14:03:34.411] Enviado: ) | HEX: 1B 29 34 34 0D
[2026-08-21 14:03:34.411] Recibido ASCII: <SOH>)2A<CR>
[2026-08-21 14:03:34.412] Recibido HEX: 01 29 32 41 0D
[2026-08-21 14:03:35.412] Enviado: ) | HEX: 1B 29 34 34 0D
[2026-08-21 14:03:35.413] Recibido ASCII: <SOH>)2A<CR>
[2026-08-21 14:03:35.413] Recibido HEX: 01 29 32 41 0D
[2026-08-21 14:03:36.414] Enviado: ) | HEX: 1B 29 34 34 0D
[2026-08-21 14:03:36.414] Recibido ASCII: <SOH>)2A<CR>
[2026-08-21 14:03:36.414] Recibido HEX: 01 29 32 41 0D
[2026-08-21 14:03:37.416] Enviado: ) | HEX: 1B 29 34 34 0D
[2026-08-21 14:03:37.416] Recibido ASCII: <SOH>)2A<CR>
[2026-08-21 14:03:37.416] Recibido HEX: 01 29 32 41 0D
[2026-08-21 14:03:38.417] Enviado: ) | HEX: 1B 29 34 34 0D
[2026-08-21 14:03:38.418] Recibido ASCII: <SOH>)2A<CR>
[2026-08-21 14:03:38.418] Recibido HEX: 01 29 32 41 0D
[2026-08-21 14:03:39.419] Enviado: ) | HEX: 1B 29 34 34 0D
[2026-08-21 14:03:39.419] Recibido ASCII: <SOH>536<CR>
[2026-08-21 14:03:39.419] Recibido HEX: 01 35 33 36 0D
[2026-08-21 14:03:40.420] Enviado: ) | HEX: 1B 29 34 34 0D
[2026-08-21 14:03:40.420] Recibido ASCII: <SOH>)2A<CR>
[2026-08-21 14:03:40.421] Recibido HEX: 01 29 32 41 0D
[2026-08-21 14:03:41.421] Enviado: ) | HEX: 1B 29 34 34 0D
[2026-08-21 14:03:41.421] Recibido ASCII: <SOH>)2A<CR>
[2026-08-21 14:03:41.422] Recibido HEX: 01 29 32 41 0D
[2026-08-21 14:03:42.422] Enviado: ) | HEX: 1B 29 34 34 0D
[2026-08-21 14:03:42.423] Recibido ASCII: <SOH>)2A<CR>
[2026-08-21 14:03:42.423] Recibido HEX: 01 29 32 41 0D
[2026-08-21 14:03:43.424] Enviado: ) | HEX: 1B 29 34 34 0D
[2026-08-21 14:03:43.424] Recibido ASCII: <SOH>)2A<CR>
[2026-08-21 14:03:43.425] Recibido HEX: 01 29 32 41 0D
[2026-08-21 14:03:44.425] Enviado: ) | HEX: 1B 29 34 34 0D
[2026-08-21 14:03:44.426] Recibido ASCII: <SOH>)2A<CR>
[2026-08-21 14:03:44.426] Recibido HEX: 01 29 32 41 0D
[2026-08-21 14:03:45.426] Enviado: ) | HEX: 1B 29 34 34 0D
[2026-08-21 14:03:45.427] Recibido ASCII: <SOH>)2A<CR>
[2026-08-21 14:03:45.427] Recibido HEX: 01 29 32 41 0D
[2026-08-21 14:03:46.427] Enviado: ) | HEX: 1B 29 34 34 0D
[2026-08-21 14:03:46.428] Recibido ASCII: <ESC>Q6C<CR>
[2026-08-21 14:03:46.428] Recibido HEX: 1B 51 36 43 0D
[2026-08-21 14:03:46.428] Enviado: Q | HEX: 1B 51 36 43 0D
[2026-08-21 14:03:47.429] Enviado: ) | HEX: 1B 29 34 34 0D
[2026-08-21 14:03:47.429] Recibido ASCII: <SOH>.16<CR>
[2026-08-21 14:03:47.431] Recibido HEX: 01 15 31 36 0D
[2026-08-21 14:03:48.432] Enviado: ) | HEX: 1B 29 34 34 0D
[2026-08-21 14:03:48.432] Recibido ASCII: <SOH>.16<CR>
[2026-08-21 14:03:48.432] Recibido HEX: 01 15 31 36 0D
[2026-08-21 14:03:49.433] Enviado: ) | HEX: 1B 29 34 34 0D
[2026-08-21 14:03:49.434] Recibido ASCII: <SOH>.16<CR>
[2026-08-21 14:03:49.434] Recibido HEX: 01 15 31 36 0D
[2026-08-21 14:03:50.434] Enviado: ) | HEX: 1B 29 34 34 0D
[2026-08-21 14:03:50.435] Recibido ASCII: <SOH>.16<CR>
[2026-08-21 14:03:50.435] Recibido HEX: 01 15 31 36 0D
[2026-08-21 14:03:51.436] Enviado: ) | HEX: 1B 29 34 34 0D
[2026-08-21 14:03:51.436] Recibido ASCII: <SOH>.16<CR>
[2026-08-21 14:03:51.437] Recibido HEX: 01 15 31 36 0D
[2026-08-21 14:03:52.437] Enviado: ) | HEX: 1B 29 34 34 0D
[2026-08-21 14:03:52.438] Recibido ASCII: <SOH>.16<CR>
[2026-08-21 14:03:52.439] Recibido HEX: 01 15 31 36 0D
[2026-08-21 14:03:53.439] Enviado: ) | HEX: 1B 29 34 34 0D
[2026-08-21 14:03:53.440] Recibido ASCII: <SOH>.16<CR>
[2026-08-21 14:03:53.440] Recibido HEX: 01 15 31 36 0D
[2026-08-21 14:03:54.441] Enviado: ) | HEX: 1B 29 34 34 0D
[2026-08-21 14:03:54.441] Recibido ASCII: <SOH>Q52<CR>
[2026-08-21 14:03:54.441] Recibido HEX: 01 51 35 32 0D
[2026-08-21 14:03:54.442] Enviado: Q | HEX: 1B 51 36 43 0D
[2026-08-21 14:04:59.382] Iniciando comunicación con Atlan A350 XL (8E1)...
[2026-08-21 14:04:59.387] Enviado: Q | HEX: 1B 51 36 43 0D
[2026-08-21 14:04:59.389] Recibido ASCII: <ESC>Q6C<CR>
[2026-08-21 14:04:59.390] Recibido HEX: 1B 51 36 43 0D
[2026-08-21 14:04:59.394] Enviado: V | HEX: 1B 56 37 31 0D
[2026-08-21 14:04:59.476] Recibido ASCII: <SOH>Q52<CR>
[2026-08-21 14:04:59.476] Recibido HEX: 01 51 35 32 0D
[2026-08-21 14:04:59.477] Enviado: ) | HEX: 1B 29 34 34 0D
[2026-08-21 14:04:59.477] Recibido ASCII: <SOH>V57<CR>
[2026-08-21 14:04:59.478] Recibido HEX: 01 56 35 37 0D
[2026-08-21 14:04:59.478] Enviado: ) | HEX: 1B 29 34 34 0D
[2026-08-21 14:04:59.478] Recibido ASCII: <ESC>R6D<CR>
[2026-08-21 14:04:59.479] Recibido HEX: 1B 52 36 44 0D
[2026-08-21 14:04:59.479] Enviado: 5C | HEX: 1B 35 43 0E 41 31 0D
[2026-08-21 14:04:59.479] Enviado: ) | HEX: 1B 29 34 34 0D
[2026-08-21 14:04:59.572] Recibido ASCII: <SOH>)2A<CR>
[2026-08-21 14:04:59.572] Recibido HEX: 01 29 32 41 0D
[2026-08-21 14:04:59.573] Enviado: ) | HEX: 1B 29 34 34 0D
[2026-08-21 14:04:59.573] Recibido ASCII: <SOH>)2A<CR>
[2026-08-21 14:04:59.573] Recibido HEX: 01 29 32 41 0D
[2026-08-21 14:04:59.574] Enviado: ) | HEX: 1B 29 34 34 0D
[2026-08-21 14:04:59.668] Recibido ASCII: <SOH>)2A<CR>
[2026-08-21 14:04:59.668] Recibido HEX: 01 29 32 41 0D
[2026-08-21 14:04:59.668] Enviado: ) | HEX: 1B 29 34 34 0D
[2026-08-21 14:04:59.668] Recibido ASCII: <SOH>)2A<CR>
[2026-08-21 14:04:59.669] Recibido HEX: 01 29 32 41 0D
[2026-08-21 14:04:59.669] Enviado: ) | HEX: 1B 29 34 34 0D
[2026-08-21 14:04:59.764] Recibido ASCII: <SOH>)2A<CR>
[2026-08-21 14:04:59.764] Recibido HEX: 01 29 32 41 0D
[2026-08-21 14:04:59.765] Enviado: ) | HEX: 1B 29 34 34 0D
[2026-08-21 14:04:59.780] Recibido ASCII: <SOH>)2A<CR>
[2026-08-21 14:04:59.780] Recibido HEX: 01 29 32 41 0D
[2026-08-21 14:04:59.781] Enviado: ) | HEX: 1B 29 34 34 0D
[2026-08-21 14:04:59.875] Recibido ASCII: <SOH>)2A<CR>
[2026-08-21 14:04:59.876] Recibido HEX: 01 29 32 41 0D
[2026-08-21 14:04:59.876] Enviado: ) | HEX: 1B 29 34 34 0D
[2026-08-21 14:04:59.877] Recibido ASCII: <SOH>)2A<CR>
[2026-08-21 14:04:59.877] Recibido HEX: 01 29 32 41 0D
[2026-08-21 14:04:59.877] Enviado: ) | HEX: 1B 29 34 34 0D
[2026-08-21 14:04:59.971] Recibido ASCII: <SOH>)2A<CR>
[2026-08-21 14:04:59.972] Recibido HEX: 01 29 32 41 0D
[2026-08-21 14:04:59.973] Enviado: ) | HEX: 1B 29 34 34 0D
[2026-08-21 14:04:59.973] Recibido ASCII: <SOH>)2A<CR>
[2026-08-21 14:04:59.973] Recibido HEX: 01 29 32 41 0D
[2026-08-21 14:04:59.974] Enviado: ) | HEX: 1B 29 34 34 0D
[2026-08-21 14:05:00.067] Recibido ASCII: <SOH>)2A<CR>
[2026-08-21 14:05:00.068] Recibido HEX: 01 29 32 41 0D
[2026-08-21 14:05:00.068] Enviado: ) | HEX: 1B 29 34 34 0D
[2026-08-21 14:05:00.068] Recibido ASCII: <SOH>)2A<CR>
[2026-08-21 14:05:00.069] Recibido HEX: 01 29 32 41 0D
[2026-08-21 14:05:00.069] Enviado: ) | HEX: 1B 29 34 34 0D
[2026-08-21 14:05:00.163] Recibido ASCII: <SOH>)2A<CR>
[2026-08-21 14:05:00.164] Recibido HEX: 01 29 32 41 0D
[2026-08-21 14:05:00.164] Enviado: ) | HEX: 1B 29 34 34 0D
[2026-08-21 14:05:00.179] Recibido ASCII: <SOH>)2A<CR>
[2026-08-21 14:05:00.180] Recibido HEX: 01 29 32 41 0D
[2026-08-21 14:05:00.180] Enviado: ) | HEX: 1B 29 34 34 0D
[2026-08-21 14:05:00.275] Recibido ASCII: <SOH>)2A<CR>
[2026-08-21 14:05:00.276] Recibido HEX: 01 29 32 41 0D
[2026-08-21 14:05:00.276] Enviado: ) | HEX: 1B 29 34 34 0D
[2026-08-21 14:05:00.276] Recibido ASCII: <SOH>)2A<CR>
[2026-08-21 14:05:00.276] Recibido HEX: 01 29 32 41 0D
[2026-08-21 14:05:00.276] Enviado: ) | HEX: 1B 29 34 34 0D
[2026-08-21 14:05:00.371] Recibido ASCII: <SOH>)2A<CR>
[2026-08-21 14:05:00.372] Recibido HEX: 01 29 32 41 0D
[2026-08-21 14:05:00.372] Enviado: ) | HEX: 1B 29 34 34 0D
[2026-08-21 14:05:00.372] Recibido ASCII: <SOH>)2A<CR>
[2026-08-21 14:05:00.372] Recibido HEX: 01 29 32 41 0D
[2026-08-21 14:05:00.373] Enviado: ) | HEX: 1B 29 34 34 0D
[2026-08-21 14:05:00.467] Recibido ASCII: <SOH>)2A<CR>
[2026-08-21 14:05:00.467] Recibido HEX: 01 29 32 41 0D
[2026-08-21 14:05:00.468] Enviado: ) | HEX: 1B 29 34 34 0D
[2026-08-21 14:05:00.468] Recibido ASCII: <SOH>)2A<CR>
[2026-08-21 14:05:00.468] Recibido HEX: 01 29 32 41 0D
[2026-08-21 14:05:00.468] Enviado: ) | HEX: 1B 29 34 34 0D
[2026-08-21 14:05:00.579] Recibido ASCII: <SOH>)2A<CR>
[2026-08-21 14:05:00.579] Recibido HEX: 01 29 32 41 0D
[2026-08-21 14:05:00.579] Enviado: ) | HEX: 1B 29 34 34 0D
[2026-08-21 14:05:00.580] Recibido ASCII: <SOH>)2A<CR>
[2026-08-21 14:05:00.580] Recibido HEX: 01 29 32 41 0D
[2026-08-21 14:05:00.580] Enviado: ) | HEX: 1B 29 34 34 0D
[2026-08-21 14:05:00.675] Recibido ASCII: <SOH>)2A<CR>
[2026-08-21 14:05:00.675] Recibido HEX: 01 29 32 41 0D
[2026-08-21 14:05:00.676] Enviado: ) | HEX: 1B 29 34 34 0D
[2026-08-21 14:05:00.676] Recibido ASCII: <SOH>)2A<CR>
[2026-08-21 14:05:00.676] Recibido HEX: 01 29 32 41 0D
[2026-08-21 14:05:00.676] Enviado: ) | HEX: 1B 29 34 34 0D
[2026-08-21 14:05:00.771] Recibido ASCII: <SOH>)2A<CR>
[2026-08-21 14:05:00.771] Recibido HEX: 01 29 32 41 0D
[2026-08-21 14:05:00.771] Enviado: ) | HEX: 1B 29 34 34 0D
[2026-08-21 14:05:00.771] Recibido ASCII: <SOH>)2A<CR>
[2026-08-21 14:05:00.772] Recibido HEX: 01 29 32 41 0D
[2026-08-21 14:05:00.772] Enviado: ) | HEX: 1B 29 34 34 0D
[2026-08-21 14:05:00.866] Recibido ASCII: <SOH>)2A<CR>
[2026-08-21 14:05:00.867] Recibido HEX: 01 29 32 41 0D
[2026-08-21 14:05:00.867] Enviado: ) | HEX: 1B 29 34 34 0D
[2026-08-21 14:05:00.867] Recibido ASCII: <SOH>)2A<CR>
[2026-08-21 14:05:00.867] Recibido HEX: 01 29 32 41 0D
[2026-08-21 14:05:00.867] Enviado: ) | HEX: 1B 29 34 34 0D
[2026-08-21 14:05:00.979] Recibido ASCII: <SOH>)2A<CR>
[2026-08-21 14:05:00.979] Recibido HEX: 01 29 32 41 0D
[2026-08-21 14:05:00.979] Enviado: ) | HEX: 1B 29 34 34 0D
[2026-08-21 14:05:00.980] Recibido ASCII: <SOH>)2A<CR>
[2026-08-21 14:05:00.980] Recibido HEX: 01 29 32 41 0D
[2026-08-21 14:05:00.980] Enviado: ) | HEX: 1B 29 34 34 0D
[2026-08-21 14:05:01.074] Recibido ASCII: <SOH>)2A<CR>
[2026-08-21 14:05:01.075] Recibido HEX: 01 29 32 41 0D
[2026-08-21 14:05:01.075] Enviado: ) | HEX: 1B 29 34 34 0D
[2026-08-21 14:05:01.076] Recibido ASCII: <SOH>)2A<CR>
[2026-08-21 14:05:01.076] Recibido HEX: 01 29 32 41 0D
[2026-08-21 14:05:01.076] Enviado: ) | HEX: 1B 29 34 34 0D
[2026-08-21 14:05:01.170] Recibido ASCII: <SOH>)2A<CR>
[2026-08-21 14:05:01.171] Recibido HEX: 01 29 32 41 0D
[2026-08-21 14:05:01.171] Enviado: ) | HEX: 1B 29 34 34 0D
[2026-08-21 14:05:01.171] Recibido ASCII: <SOH>)2A<CR>
[2026-08-21 14:05:01.171] Recibido HEX: 01 29 32 41 0D
[2026-08-21 14:05:01.171] Enviado: ) | HEX: 1B 29 34 34 0D
[2026-08-21 14:05:01.266] Recibido ASCII: <SOH>)2A<CR>
[2026-08-21 14:05:01.267] Recibido HEX: 01 29 32 41 0D
[2026-08-21 14:05:01.267] Enviado: ) | HEX: 1B 29 34 34 0D
[2026-08-21 14:05:01.267] Recibido ASCII: <SOH>)2A<CR>
[2026-08-21 14:05:01.268] Recibido HEX: 01 29 32 41 0D
[2026-08-21 14:05:01.268] Enviado: ) | HEX: 1B 29 34 34 0D
[2026-08-21 14:05:01.378] Recibido ASCII: <SOH>)2A<CR>
[2026-08-21 14:05:01.379] Recibido HEX: 01 29 32 41 0D
[2026-08-21 14:05:01.379] Enviado: ) | HEX: 1B 29 34 34 0D
[2026-08-21 14:05:01.379] Recibido ASCII: <SOH>)2A<CR>
[2026-08-21 14:05:01.379] Recibido HEX: 01 29 32 41 0D
[2026-08-21 14:05:01.379] Enviado: ) | HEX: 1B 29 34 34 0D
[2026-08-21 14:05:01.474] Recibido ASCII: <SOH>)2A<CR>
[2026-08-21 14:05:01.474] Recibido HEX: 01 29 32 41 0D
[2026-08-21 14:05:01.475] Enviado: ) | HEX: 1B 29 34 34 0D
[2026-08-21 14:05:01.475] Recibido ASCII: <SOH>)2A<CR>
[2026-08-21 14:05:01.475] Recibido HEX: 01 29 32 41 0D
[2026-08-21 14:05:01.476] Enviado: ) | HEX: 1B 29 34 34 0D
[2026-08-21 14:05:01.570] Recibido ASCII: <SOH>)2A<CR>
[2026-08-21 14:05:01.570] Recibido HEX: 01 29 32 41 0D
[2026-08-21 14:05:01.570] Enviado: ) | HEX: 1B 29 34 34 0D
[2026-08-21 14:05:01.570] Recibido ASCII: <SOH>)2A<CR>
[2026-08-21 14:05:01.571] Recibido HEX: 01 29 32 41 0D
[2026-08-21 14:05:01.571] Enviado: ) | HEX: 1B 29 34 34 0D
[2026-08-21 14:05:01.666] Recibido ASCII: <SOH>)2A<CR>
[2026-08-21 14:05:01.666] Recibido HEX: 01 29 32 41 0D
[2026-08-21 14:05:01.667] Enviado: ) | HEX: 1B 29 34 34 0D
[2026-08-21 14:05:01.667] Recibido ASCII: <SOH>)2A<CR>
[2026-08-21 14:05:01.667] Recibido HEX: 01 29 32 41 0D
[2026-08-21 14:05:01.668] Enviado: ) | HEX: 1B 29 34 34 0D
[2026-08-21 14:05:01.778] Recibido ASCII: <SOH>)2A<CR>
[2026-08-21 14:05:01.778] Recibido HEX: 01 29 32 41 0D
[2026-08-21 14:05:01.778] Enviado: ) | HEX: 1B 29 34 34 0D
[2026-08-21 14:05:01.778] Recibido ASCII: <SOH>)2A<CR>
[2026-08-21 14:05:01.779] Recibido HEX: 01 29 32 41 0D
[2026-08-21 14:05:01.779] Enviado: ) | HEX: 1B 29 34 34 0D
[2026-08-21 14:05:01.874] Recibido ASCII: <SOH>)2A<CR>
[2026-08-21 14:05:01.874] Recibido HEX: 01 29 32 41 0D
[2026-08-21 14:05:01.874] Enviado: ) | HEX: 1B 29 34 34 0D
[2026-08-21 14:05:01.875] Recibido ASCII: <SOH>)2A<CR>
[2026-08-21 14:05:01.875] Recibido HEX: 01 29 32 41 0D
[2026-08-21 14:05:01.875] Enviado: ) | HEX: 1B 29 34 34 0D
[2026-08-21 14:05:01.970] Recibido ASCII: <SOH>)2A<CR>
[2026-08-21 14:05:01.970] Recibido HEX: 01 29 32 41 0D
[2026-08-21 14:05:01.970] Enviado: ) | HEX: 1B 29 34 34 0D
[2026-08-21 14:05:01.971] Recibido ASCII: <SOH>)2A<CR>
[2026-08-21 14:05:01.971] Recibido HEX: 01 29 32 41 0D
[2026-08-21 14:05:01.971] Enviado: ) | HEX: 1B 29 34 34 0D
[2026-08-21 14:05:02.066] Recibido ASCII: <SOH>)2A<CR>
[2026-08-21 14:05:02.066] Recibido HEX: 01 29 32 41 0D
[2026-08-21 14:05:02.066] Enviado: ) | HEX: 1B 29 34 34 0D
[2026-08-21 14:05:02.082] Recibido ASCII: <SOH>)2A<CR>
[2026-08-21 14:05:02.082] Recibido HEX: 01 29 32 41 0D
[2026-08-21 14:05:02.082] Enviado: ) | HEX: 1B 29 34 34 0D
[2026-08-21 14:05:02.177] Recibido ASCII: <SOH>)2A<CR>
[2026-08-21 14:05:02.178] Recibido HEX: 01 29 32 41 0D
[2026-08-21 14:05:02.178] Enviado: ) | HEX: 1B 29 34 34 0D
[2026-08-21 14:05:02.178] Recibido ASCII: <SOH>)2A<CR>
[2026-08-21 14:05:02.178] Recibido HEX: 01 29 32 41 0D
[2026-08-21 14:05:02.179] Enviado: ) | HEX: 1B 29 34 34 0D
[2026-08-21 14:05:02.273] Recibido ASCII: <SOH>)2A<CR>
[2026-08-21 14:05:02.274] Recibido HEX: 01 29 32 41 0D
[2026-08-21 14:05:02.274] Enviado: ) | HEX: 1B 29 34 34 0D
[2026-08-21 14:05:02.274] Recibido ASCII: <SOH>)2A<CR>
[2026-08-21 14:05:02.275] Recibido HEX: 01 29 32 41 0D
[2026-08-21 14:05:02.275] Enviado: ) | HEX: 1B 29 34 34 0D
[2026-08-21 14:05:02.369] Recibido ASCII: <SOH>)2A<CR>
[2026-08-21 14:05:02.370] Recibido HEX: 01 29 32 41 0D
[2026-08-21 14:05:02.370] Enviado: ) | HEX: 1B 29 34 34 0D
[2026-08-21 14:05:02.370] Recibido ASCII: <SOH>)2A<CR>
[2026-08-21 14:05:02.371] Recibido HEX: 01 29 32 41 0D
[2026-08-21 14:05:02.371] Enviado: ) | HEX: 1B 29 34 34 0D
[2026-08-21 14:05:02.465] Recibido ASCII: <SOH>)2A<CR>
[2026-08-21 14:05:02.466] Recibido HEX: 01 29 32 41 0D
[2026-08-21 14:05:02.466] Enviado: ) | HEX: 1B 29 34 34 0D
[2026-08-21 14:05:02.481] Recibido ASCII: <SOH>)2A<CR>
[2026-08-21 14:05:02.482] Recibido HEX: 01 29 32 41 0D
[2026-08-21 14:05:02.482] Enviado: ) | HEX: 1B 29 34 34 0D
[2026-08-21 14:05:02.577] Recibido ASCII: <SOH>)2A<CR>
[2026-08-21 14:05:02.577] Recibido HEX: 01 29 32 41 0D
[2026-08-21 14:05:02.578] Enviado: ) | HEX: 1B 29 34 34 0D
[2026-08-21 14:05:02.578] Recibido ASCII: <SOH>)2A<CR>
[2026-08-21 14:05:02.578] Recibido HEX: 01 29 32 41 0D
[2026-08-21 14:05:02.578] Enviado: ) | HEX: 1B 29 34 34 0D
[2026-08-21 14:05:02.673] Recibido ASCII: <SOH>)2A<CR>
[2026-08-21 14:05:02.673] Recibido HEX: 01 29 32 41 0D
[2026-08-21 14:05:02.674] Enviado: ) | HEX: 1B 29 34 34 0D
[2026-08-21 14:05:02.674] Recibido ASCII: <SOH>)2A<CR>
[2026-08-21 14:05:02.674] Recibido HEX: 01 29 32 41 0D
[2026-08-21 14:05:02.674] Enviado: ) | HEX: 1B 29 34 34 0D
[2026-08-21 14:05:02.769] Recibido ASCII: <SOH>)2A<CR>
[2026-08-21 14:05:02.769] Recibido HEX: 01 29 32 41 0D
[2026-08-21 14:05:02.770] Enviado: ) | HEX: 1B 29 34 34 0D
[2026-08-21 14:05:02.770] Recibido ASCII: <SOH>)2A<CR>
[2026-08-21 14:05:02.770] Recibido HEX: 01 29 32 41 0D
[2026-08-21 14:05:02.770] Enviado: ) | HEX: 1B 29 34 34 0D
[2026-08-21 14:05:02.865] Recibido ASCII: <SOH>)2A<CR>
[2026-08-21 14:05:02.866] Recibido HEX: 01 29 32 41 0D
[2026-08-21 14:05:02.866] Enviado: ) | HEX: 1B 29 34 34 0D
[2026-08-21 14:05:02.881] Recibido ASCII: <SOH>)2A<CR>
[2026-08-21 14:05:02.881] Recibido HEX: 01 29 32 41 0D
[2026-08-21 14:05:02.882] Enviado: ) | HEX: 1B 29 34 34 0D
[2026-08-21 14:05:02.977] Recibido ASCII: <SOH>)2A<CR>
[2026-08-21 14:05:02.977] Recibido HEX: 01 29 32 41 0D
[2026-08-21 14:05:02.977] Enviado: ) | HEX: 1B 29 34 34 0D
[2026-08-21 14:05:02.977] Recibido ASCII: <SOH>)2A<CR>
[2026-08-21 14:05:02.978] Recibido HEX: 01 29 32 41 0D
[2026-08-21 14:05:02.978] Enviado: ) | HEX: 1B 29 34 34 0D
[2026-08-21 14:05:03.073] Recibido ASCII: <SOH>)2A<CR>
[2026-08-21 14:05:03.073] Recibido HEX: 01 29 32 41 0D
[2026-08-21 14:05:03.073] Enviado: ) | HEX: 1B 29 34 34 0D
[2026-08-21 14:05:03.074] Recibido ASCII: <SOH>)2A<CR>
[2026-08-21 14:05:03.074] Recibido HEX: 01 29 32 41 0D
[2026-08-21 14:05:03.074] Enviado: ) | HEX: 1B 29 34 34 0D
[2026-08-21 14:05:03.169] Recibido ASCII: <SOH>)2A<CR>
[2026-08-21 14:05:03.169] Recibido HEX: 01 29 32 41 0D
[2026-08-21 14:05:03.169] Enviado: ) | HEX: 1B 29 34 34 0D
[2026-08-21 14:05:03.169] Recibido ASCII: <SOH>)2A<CR>
[2026-08-21 14:05:03.170] Recibido HEX: 01 29 32 41 0D
[2026-08-21 14:05:03.170] Enviado: ) | HEX: 1B 29 34 34 0D
[2026-08-21 14:05:03.265] Recibido ASCII: <SOH>)2A<CR>
[2026-08-21 14:05:03.265] Recibido HEX: 01 29 32 41 0D
[2026-08-21 14:05:03.265] Enviado: ) | HEX: 1B 29 34 34 0D
[2026-08-21 14:05:03.281] Recibido ASCII: <SOH>)2A<CR>
[2026-08-21 14:05:03.281] Recibido HEX: 01 29 32 41 0D
[2026-08-21 14:05:03.281] Enviado: ) | HEX: 1B 29 34 34 0D
[2026-08-21 14:05:03.376] Recibido ASCII: <SOH>)2A<CR>
[2026-08-21 14:05:03.377] Recibido HEX: 01 29 32 41 0D
[2026-08-21 14:05:03.377] Enviado: ) | HEX: 1B 29 34 34 0D
[2026-08-21 14:05:03.377] Recibido ASCII: <SOH>)2A<CR>
[2026-08-21 14:05:03.377] Recibido HEX: 01 29 32 41 0D
[2026-08-21 14:05:03.377] Enviado: ) | HEX: 1B 29 34 34 0D
[2026-08-21 14:05:03.472] Recibido ASCII: <SOH>)2A<CR>
[2026-08-21 14:05:03.473] Recibido HEX: 01 29 32 41 0D
[2026-08-21 14:05:03.473] Enviado: ) | HEX: 1B 29 34 34 0D
[2026-08-21 14:05:03.473] Recibido ASCII: <SOH>)2A<CR>
[2026-08-21 14:05:03.473] Recibido HEX: 01 29 32 41 0D
[2026-08-21 14:05:03.474] Enviado: ) | HEX: 1B 29 34 34 0D
[2026-08-21 14:05:03.569] Recibido ASCII: <SOH>)2A<CR>
[2026-08-21 14:05:03.569] Recibido HEX: 01 29 32 41 0D
[2026-08-21 14:05:03.569] Enviado: ) | HEX: 1B 29 34 34 0D
[2026-08-21 14:05:03.569] Recibido ASCII: <SOH>)2A<CR>
[2026-08-21 14:05:03.569] Recibido HEX: 01 29 32 41 0D
[2026-08-21 14:05:03.569] Enviado: ) | HEX: 1B 29 34 34 0D
[2026-08-21 14:05:03.664] Recibido ASCII: <SOH>)2A<CR>
[2026-08-21 14:05:03.665] Recibido HEX: 01 29 32 41 0D
[2026-08-21 14:05:03.665] Enviado: ) | HEX: 1B 29 34 34 0D
[2026-08-21 14:05:03.680] Recibido ASCII: <SOH>)2A<CR>
[2026-08-21 14:05:03.681] Recibido HEX: 01 29 32 41 0D
[2026-08-21 14:05:03.681] Enviado: ) | HEX: 1B 29 34 34 0D
[2026-08-21 14:05:03.776] Recibido ASCII: <SOH>)2A<CR>
[2026-08-21 14:05:03.776] Recibido HEX: 01 29 32 41 0D
[2026-08-21 14:05:03.777] Enviado: ) | HEX: 1B 29 34 34 0D
[2026-08-21 14:05:03.777] Recibido ASCII: <SOH>)2A<CR>
[2026-08-21 14:05:03.777] Recibido HEX: 01 29 32 41 0D
[2026-08-21 14:05:03.777] Enviado: ) | HEX: 1B 29 34 34 0D
[2026-08-21 14:05:03.872] Recibido ASCII: <SOH>)2A<CR>
[2026-08-21 14:05:03.872] Recibido HEX: 01 29 32 41 0D
[2026-08-21 14:05:03.873] Enviado: ) | HEX: 1B 29 34 34 0D
[2026-08-21 14:05:03.873] Recibido ASCII: <SOH>)2A<CR>
[2026-08-21 14:05:03.873] Recibido HEX: 01 29 32 41 0D
[2026-08-21 14:05:03.873] Enviado: ) | HEX: 1B 29 34 34 0D
[2026-08-21 14:05:03.968] Recibido ASCII: <SOH>)2A<CR>
[2026-08-21 14:05:03.968] Recibido HEX: 01 29 32 41 0D
[2026-08-21 14:05:03.968] Enviado: ) | HEX: 1B 29 34 34 0D
[2026-08-21 14:05:03.969] Recibido ASCII: <SOH>)2A<CR>
[2026-08-21 14:05:03.969] Recibido HEX: 01 29 32 41 0D
[2026-08-21 14:05:03.969] Enviado: ) | HEX: 1B 29 34 34 0D
[2026-08-21 14:05:04.064] Recibido ASCII: <SOH>)2A<CR>
[2026-08-21 14:05:04.064] Recibido HEX: 01 29 32 41 0D
[2026-08-21 14:05:04.064] Enviado: ) | HEX: 1B 29 34 34 0D
[2026-08-21 14:05:04.080] Recibido ASCII: <SOH>)2A<CR>
[2026-08-21 14:05:04.080] Recibido HEX: 01 29 32 41 0D
[2026-08-21 14:05:04.080] Enviado: ) | HEX: 1B 29 34 34 0D
[2026-08-21 14:05:04.176] Recibido ASCII: <SOH>)2A<CR>
[2026-08-21 14:05:04.176] Recibido HEX: 01 29 32 41 0D
[2026-08-21 14:05:04.176] Enviado: ) | HEX: 1B 29 34 34 0D
[2026-08-21 14:05:04.176] Recibido ASCII: <SOH>)2A<CR>
[2026-08-21 14:05:04.177] Recibido HEX: 01 29 32 41 0D
[2026-08-21 14:05:04.177] Enviado: ) | HEX: 1B 29 34 34 0D
[2026-08-21 14:05:04.272] Recibido ASCII: <SOH>)2A<CR>
[2026-08-21 14:05:04.272] Recibido HEX: 01 29 32 41 0D
[2026-08-21 14:05:04.272] Enviado: ) | HEX: 1B 29 34 34 0D
[2026-08-21 14:05:04.272] Recibido ASCII: <SOH>)2A<CR>
[2026-08-21 14:05:04.273] Recibido HEX: 01 29 32 41 0D
[2026-08-21 14:05:04.273] Enviado: ) | HEX: 1B 29 34 34 0D
[2026-08-21 14:05:04.368] Recibido ASCII: <SOH>)2A<CR>
[2026-08-21 14:05:04.368] Recibido HEX: 01 29 32 41 0D
[2026-08-21 14:05:04.368] Enviado: ) | HEX: 1B 29 34 34 0D
[2026-08-21 14:05:04.368] Recibido ASCII: <SOH>)2A<CR>
[2026-08-21 14:05:04.368] Recibido HEX: 01 29 32 41 0D
[2026-08-21 14:05:04.368] Enviado: ) | HEX: 1B 29 34 34 0D
[2026-08-21 14:05:04.464] Recibido ASCII: <SOH>)2A<CR>
[2026-08-21 14:05:04.464] Recibido HEX: 01 29 32 41 0D
[2026-08-21 14:05:04.464] Enviado: ) | HEX: 1B 29 34 34 0D
[2026-08-21 14:05:04.479] Recibido ASCII: <SOH>)2A<CR>
[2026-08-21 14:05:04.480] Recibido HEX: 01 29 32 41 0D
[2026-08-21 14:05:04.480] Enviado: ) | HEX: 1B 29 34 34 0D
[2026-08-21 14:05:04.575] Recibido ASCII: <SOH>)2A<CR>
[2026-08-21 14:05:04.576] Recibido HEX: 01 29 32 41 0D
[2026-08-21 14:05:04.576] Enviado: ) | HEX: 1B 29 34 34 0D
[2026-08-21 14:05:04.576] Recibido ASCII: <SOH>)2A<CR>
[2026-08-21 14:05:04.576] Recibido HEX: 01 29 32 41 0D
[2026-08-21 14:05:04.576] Enviado: ) | HEX: 1B 29 34 34 0D
[2026-08-21 14:05:04.672] Recibido ASCII: <SOH>)2A<CR>
[2026-08-21 14:05:04.672] Recibido HEX: 01 29 32 41 0D
[2026-08-21 14:05:04.672] Enviado: ) | HEX: 1B 29 34 34 0D
[2026-08-21 14:05:04.672] Recibido ASCII: <SOH>)2A<CR>
[2026-08-21 14:05:04.672] Recibido HEX: 01 29 32 41 0D
[2026-08-21 14:05:04.672] Enviado: ) | HEX: 1B 29 34 34 0D
[2026-08-21 14:05:04.768] Recibido ASCII: <SOH>)2A<CR>
[2026-08-21 14:05:04.768] Recibido HEX: 01 29 32 41 0D
[2026-08-21 14:05:04.768] Enviado: ) | HEX: 1B 29 34 34 0D
[2026-08-21 14:05:04.768] Recibido ASCII: <SOH>)2A<CR>
[2026-08-21 14:05:04.768] Recibido HEX: 01 29 32 41 0D
[2026-08-21 14:05:04.768] Enviado: ) | HEX: 1B 29 34 34 0D
[2026-08-21 14:05:04.863] Recibido ASCII: <SOH>)2A<CR>
[2026-08-21 14:05:04.863] Recibido HEX: 01 29 32 41 0D
[2026-08-21 14:05:04.864] Enviado: ) | HEX: 1B 29 34 34 0D
[2026-08-21 14:05:04.879] Recibido ASCII: <SOH>)2A<CR>
[2026-08-21 14:05:04.879] Recibido HEX: 01 29 32 41 0D
[2026-08-21 14:05:04.880] Enviado: ) | HEX: 1B 29 34 34 0D
[2026-08-21 14:05:04.975] Recibido ASCII: <SOH>)2A<CR>
[2026-08-21 14:05:04.975] Recibido HEX: 01 29 32 41 0D
[2026-08-21 14:05:04.975] Enviado: ) | HEX: 1B 29 34 34 0D
[2026-08-21 14:05:04.976] Recibido ASCII: <SOH>)2A<CR>
[2026-08-21 14:05:04.976] Recibido HEX: 01 29 32 41 0D
[2026-08-21 14:05:04.976] Enviado: ) | HEX: 1B 29 34 34 0D
[2026-08-21 14:05:05.071] Recibido ASCII: <SOH>)2A<CR>
[2026-08-21 14:05:05.072] Recibido HEX: 01 29 32 41 0D
[2026-08-21 14:05:05.072] Enviado: ) | HEX: 1B 29 34 34 0D
[2026-08-21 14:05:05.072] Recibido ASCII: <SOH>)2A<CR>
[2026-08-21 14:05:05.072] Recibido HEX: 01 29 32 41 0D
[2026-08-21 14:05:05.072] Enviado: ) | HEX: 1B 29 34 34 0D
[2026-08-21 14:05:05.167] Recibido ASCII: <SOH>)2A<CR>
[2026-08-21 14:05:05.167] Recibido HEX: 01 29 32 41 0D
[2026-08-21 14:05:05.167] Enviado: ) | HEX: 1B 29 34 34 0D
[2026-08-21 14:05:05.168] Recibido ASCII: <SOH>)2A<CR>
[2026-08-21 14:05:05.168] Recibido HEX: 01 29 32 41 0D
[2026-08-21 14:05:05.168] Enviado: ) | HEX: 1B 29 34 34 0D
[2026-08-21 14:05:05.279] Recibido ASCII: <SOH>)2A<CR>
[2026-08-21 14:05:05.279] Recibido HEX: 01 29 32 41 0D
[2026-08-21 14:05:05.279] Enviado: ) | HEX: 1B 29 34 34 0D
[2026-08-21 14:05:05.280] Recibido ASCII: <SOH>)2A<CR>
[2026-08-21 14:05:05.280] Recibido HEX: 01 29 32 41 0D
[2026-08-21 14:05:05.280] Enviado: ) | HEX: 1B 29 34 34 0D
[2026-08-21 14:05:05.375] Recibido ASCII: <SOH>)2A<CR>
[2026-08-21 14:05:05.375] Recibido HEX: 01 29 32 41 0D
[2026-08-21 14:05:05.375] Enviado: ) | HEX: 1B 29 34 34 0D
[2026-08-21 14:05:05.375] Recibido ASCII: <SOH>)2A<CR>
[2026-08-21 14:05:05.375] Recibido HEX: 01 29 32 41 0D
[2026-08-21 14:05:05.375] Enviado: ) | HEX: 1B 29 34 34 0D
[2026-08-21 14:05:05.471] Recibido ASCII: <SOH>)2A<CR>
[2026-08-21 14:05:05.471] Recibido HEX: 01 29 32 41 0D
[2026-08-21 14:05:05.471] Enviado: ) | HEX: 1B 29 34 34 0D
[2026-08-21 14:05:05.471] Recibido ASCII: <SOH>)2A<CR>
[2026-08-21 14:05:05.471] Recibido HEX: 01 29 32 41 0D
[2026-08-21 14:05:05.472] Enviado: ) | HEX: 1B 29 34 34 0D
[2026-08-21 14:05:05.567] Recibido ASCII: <SOH>)2A<CR>
[2026-08-21 14:05:05.567] Recibido HEX: 01 29 32 41 0D
[2026-08-21 14:05:05.567] Enviado: ) | HEX: 1B 29 34 34 0D
[2026-08-21 14:05:05.567] Recibido ASCII: <SOH>)2A<CR>
[2026-08-21 14:05:05.567] Recibido HEX: 01 29 32 41 0D
[2026-08-21 14:05:05.567] Enviado: ) | HEX: 1B 29 34 34 0D
[2026-08-21 14:05:05.679] Recibido ASCII: <SOH>)2A<CR>
[2026-08-21 14:05:05.679] Recibido HEX: 01 29 32 41 0D
[2026-08-21 14:05:05.679] Enviado: ) | HEX: 1B 29 34 34 0D
[2026-08-21 14:05:05.679] Recibido ASCII: <SOH>)2A<CR>
[2026-08-21 14:05:05.679] Recibido HEX: 01 29 32 41 0D
[2026-08-21 14:05:05.679] Enviado: ) | HEX: 1B 29 34 34 0D
[2026-08-21 14:05:05.775] Recibido ASCII: <SOH>)2A<CR>
[2026-08-21 14:05:05.775] Recibido HEX: 01 29 32 41 0D
[2026-08-21 14:05:05.775] Enviado: ) | HEX: 1B 29 34 34 0D
[2026-08-21 14:05:05.775] Recibido ASCII: <SOH>)2A<CR>
[2026-08-21 14:05:05.775] Recibido HEX: 01 29 32 41 0D
[2026-08-21 14:05:05.775] Enviado: ) | HEX: 1B 29 34 34 0D
[2026-08-21 14:05:05.871] Recibido ASCII: <SOH>)2A<CR>
[2026-08-21 14:05:05.871] Recibido HEX: 01 29 32 41 0D
[2026-08-21 14:05:05.871] Enviado: ) | HEX: 1B 29 34 34 0D
[2026-08-21 14:05:05.871] Recibido ASCII: <SOH>)2A<CR>
[2026-08-21 14:05:05.871] Recibido HEX: 01 29 32 41 0D
[2026-08-21 14:05:05.871] Enviado: ) | HEX: 1B 29 34 34 0D
[2026-08-21 14:05:05.966] Recibido ASCII: <SOH>)2A<CR>
[2026-08-21 14:05:05.967] Recibido HEX: 01 29 32 41 0D
[2026-08-21 14:05:05.967] Enviado: ) | HEX: 1B 29 34 34 0D
[2026-08-21 14:05:05.967] Recibido ASCII: <SOH>)2A<CR>
[2026-08-21 14:05:05.967] Recibido HEX: 01 29 32 41 0D
[2026-08-21 14:05:05.967] Enviado: ) | HEX: 1B 29 34 34 0D
[2026-08-21 14:05:06.078] Recibido ASCII: <SOH>)2A<CR>
[2026-08-21 14:05:06.078] Recibido HEX: 01 29 32 41 0D
[2026-08-21 14:05:06.078] Enviado: ) | HEX: 1B 29 34 34 0D
[2026-08-21 14:05:06.079] Recibido ASCII: <SOH>)2A<CR>
[2026-08-21 14:05:06.079] Recibido HEX: 01 29 32 41 0D
[2026-08-21 14:05:06.079] Enviado: ) | HEX: 1B 29 34 34 0D
[2026-08-21 14:05:06.174] Recibido ASCII: <SOH>)2A<CR>
[2026-08-21 14:05:06.175] Recibido HEX: 01 29 32 41 0D
[2026-08-21 14:05:06.175] Enviado: ) | HEX: 1B 29 34 34 0D
[2026-08-21 14:05:06.175] Recibido ASCII: <SOH>)2A<CR>
[2026-08-21 14:05:06.175] Recibido HEX: 01 29 32 41 0D
[2026-08-21 14:05:06.175] Enviado: ) | HEX: 1B 29 34 34 0D
[2026-08-21 14:05:06.270] Recibido ASCII: <SOH>)2A<CR>
[2026-08-21 14:05:06.270] Recibido HEX: 01 29 32 41 0D
[2026-08-21 14:05:06.271] Enviado: ) | HEX: 1B 29 34 34 0D
[2026-08-21 14:05:06.271] Recibido ASCII: <SOH>)2A<CR>
[2026-08-21 14:05:06.271] Recibido HEX: 01 29 32 41 0D
[2026-08-21 14:05:06.271] Enviado: ) | HEX: 1B 29 34 34 0D
[2026-08-21 14:05:06.366] Recibido ASCII: <SOH>)2A<CR>
[2026-08-21 14:05:06.366] Recibido HEX: 01 29 32 41 0D
[2026-08-21 14:05:06.366] Enviado: ) | HEX: 1B 29 34 34 0D
[2026-08-21 14:05:06.367] Recibido ASCII: <SOH>)2A<CR>
[2026-08-21 14:05:06.367] Recibido HEX: 01 29 32 41 0D
[2026-08-21 14:05:06.367] Enviado: ) | HEX: 1B 29 34 34 0D
[2026-08-21 14:05:06.478] Recibido ASCII: <SOH>)2A<CR>
[2026-08-21 14:05:06.478] Recibido HEX: 01 29 32 41 0D
[2026-08-21 14:05:06.478] Enviado: ) | HEX: 1B 29 34 34 0D
[2026-08-21 14:05:06.478] Recibido ASCII: <SOH>)2A<CR>
[2026-08-21 14:05:06.478] Recibido HEX: 01 29 32 41 0D
[2026-08-21 14:05:06.478] Enviado: ) | HEX: 1B 29 34 34 0D
[2026-08-21 14:05:06.574] Recibido ASCII: <SOH>)2A<CR>
[2026-08-21 14:05:06.574] Recibido HEX: 01 29 32 41 0D
[2026-08-21 14:05:06.574] Enviado: ) | HEX: 1B 29 34 34 0D
[2026-08-21 14:05:06.574] Recibido ASCII: <SOH>)2A<CR>
[2026-08-21 14:05:06.575] Recibido HEX: 01 29 32 41 0D
[2026-08-21 14:05:06.575] Enviado: ) | HEX: 1B 29 34 34 0D
[2026-08-21 14:05:06.670] Recibido ASCII: <SOH>)2A<CR>
[2026-08-21 14:05:06.670] Recibido HEX: 01 29 32 41 0D
[2026-08-21 14:05:06.670] Enviado: ) | HEX: 1B 29 34 34 0D
[2026-08-21 14:05:06.670] Recibido ASCII: <SOH>)2A<CR>
[2026-08-21 14:05:06.670] Recibido HEX: 01 29 32 41 0D
[2026-08-21 14:05:06.670] Enviado: ) | HEX: 1B 29 34 34 0D
[2026-08-21 14:05:06.766] Recibido ASCII: <SOH>)2A<CR>
[2026-08-21 14:05:06.766] Recibido HEX: 01 29 32 41 0D
[2026-08-21 14:05:06.766] Enviado: ) | HEX: 1B 29 34 34 0D
[2026-08-21 14:05:06.782] Recibido ASCII: <SOH>)2A<CR>
[2026-08-21 14:05:06.782] Recibido HEX: 01 29 32 41 0D
[2026-08-21 14:05:06.782] Enviado: ) | HEX: 1B 29 34 34 0D
[2026-08-21 14:05:06.878] Recibido ASCII: <SOH>)2A<CR>
[2026-08-21 14:05:06.878] Recibido HEX: 01 29 32 41 0D
[2026-08-21 14:05:06.878] Enviado: ) | HEX: 1B 29 34 34 0D
[2026-08-21 14:05:06.878] Recibido ASCII: <SOH>)2A<CR>
[2026-08-21 14:05:06.878] Recibido HEX: 01 29 32 41 0D
[2026-08-21 14:05:06.878] Enviado: ) | HEX: 1B 29 34 34 0D
[2026-08-21 14:05:06.973] Recibido ASCII: <SOH>)2A<CR>
[2026-08-21 14:05:06.974] Recibido HEX: 01 29 32 41 0D
[2026-08-21 14:05:06.974] Enviado: ) | HEX: 1B 29 34 34 0D
[2026-08-21 14:05:06.974] Recibido ASCII: <SOH>)2A<CR>
[2026-08-21 14:05:06.974] Recibido HEX: 01 29 32 41 0D
[2026-08-21 14:05:06.974] Enviado: ) | HEX: 1B 29 34 34 0D
[2026-08-21 14:05:07.070] Recibido ASCII: <SOH>)2A<CR>
[2026-08-21 14:05:07.070] Recibido HEX: 01 29 32 41 0D
[2026-08-21 14:05:07.070] Enviado: ) | HEX: 1B 29 34 34 0D
[2026-08-21 14:05:07.070] Recibido ASCII: <SOH>)2A<CR>
[2026-08-21 14:05:07.070] Recibido HEX: 01 29 32 41 0D
[2026-08-21 14:05:07.070] Enviado: ) | HEX: 1B 29 34 34 0D
[2026-08-21 14:05:07.165] Recibido ASCII: <SOH>)2A<CR>
[2026-08-21 14:05:07.166] Recibido HEX: 01 29 32 41 0D
[2026-08-21 14:05:07.166] Enviado: ) | HEX: 1B 29 34 34 0D
[2026-08-21 14:05:07.181] Recibido ASCII: <SOH>)2A<CR>
[2026-08-21 14:05:07.181] Recibido HEX: 01 29 32 41 0D
[2026-08-21 14:05:07.182] Enviado: ) | HEX: 1B 29 34 34 0D
[2026-08-21 14:05:07.277] Recibido ASCII: <SOH>)2A<CR>
[2026-08-21 14:05:07.277] Recibido HEX: 01 29 32 41 0D
[2026-08-21 14:05:07.278] Enviado: ) | HEX: 1B 29 34 34 0D
[2026-08-21 14:05:07.278] Recibido ASCII: <SOH>)2A<CR>
[2026-08-21 14:05:07.278] Recibido HEX: 01 29 32 41 0D
[2026-08-21 14:05:07.278] Enviado: ) | HEX: 1B 29 34 34 0D
[2026-08-21 14:05:07.373] Recibido ASCII: <SOH>)2A<CR>
[2026-08-21 14:05:07.373] Recibido HEX: 01 29 32 41 0D
[2026-08-21 14:05:07.374] Enviado: ) | HEX: 1B 29 34 34 0D
[2026-08-21 14:05:07.374] Recibido ASCII: <SOH>)2A<CR>
[2026-08-21 14:05:07.374] Recibido HEX: 01 29 32 41 0D
[2026-08-21 14:05:07.374] Enviado: ) | HEX: 1B 29 34 34 0D
[2026-08-21 14:05:07.469] Recibido ASCII: <SOH>)2A<CR>
[2026-08-21 14:05:07.469] Recibido HEX: 01 29 32 41 0D
[2026-08-21 14:05:07.470] Enviado: ) | HEX: 1B 29 34 34 0D
[2026-08-21 14:05:07.470] Recibido ASCII: <SOH>)2A<CR>
[2026-08-21 14:05:07.470] Recibido HEX: 01 29 32 41 0D
[2026-08-21 14:05:07.470] Enviado: ) | HEX: 1B 29 34 34 0D
[2026-08-21 14:05:07.565] Recibido ASCII: <SOH>)2A<CR>
[2026-08-21 14:05:07.565] Recibido HEX: 01 29 32 41 0D
[2026-08-21 14:05:07.565] Enviado: ) | HEX: 1B 29 34 34 0D
[2026-08-21 14:05:07.581] Recibido ASCII: <SOH>)2A<CR>
[2026-08-21 14:05:07.581] Recibido HEX: 01 29 32 41 0D
[2026-08-21 14:05:07.581] Enviado: ) | HEX: 1B 29 34 34 0D
[2026-08-21 14:05:07.677] Recibido ASCII: <SOH>)2A<CR>
[2026-08-21 14:05:07.677] Recibido HEX: 01 29 32 41 0D
[2026-08-21 14:05:07.677] Enviado: ) | HEX: 1B 29 34 34 0D
[2026-08-21 14:05:07.677] Recibido ASCII: <SOH>)2A<CR>
[2026-08-21 14:05:07.677] Recibido HEX: 01 29 32 41 0D
[2026-08-21 14:05:07.677] Enviado: ) | HEX: 1B 29 34 34 0D
[2026-08-21 14:05:07.773] Recibido ASCII: <SOH>)2A<CR>
[2026-08-21 14:05:07.773] Recibido HEX: 01 29 32 41 0D
[2026-08-21 14:05:07.773] Enviado: ) | HEX: 1B 29 34 34 0D
[2026-08-21 14:05:07.773] Recibido ASCII: <SOH>)2A<CR>
[2026-08-21 14:05:07.774] Recibido HEX: 01 29 32 41 0D
[2026-08-21 14:05:07.774] Enviado: ) | HEX: 1B 29 34 34 0D
[2026-08-21 14:05:07.869] Recibido ASCII: <SOH>)2A<CR>
[2026-08-21 14:05:07.869] Recibido HEX: 01 29 32 41 0D
[2026-08-21 14:05:07.869] Enviado: ) | HEX: 1B 29 34 34 0D
[2026-08-21 14:05:07.870] Recibido ASCII: <SOH>)2A<CR>
[2026-08-21 14:05:07.870] Recibido HEX: 01 29 32 41 0D
[2026-08-21 14:05:07.870] Enviado: ) | HEX: 1B 29 34 34 0D
[2026-08-21 14:05:07.965] Recibido ASCII: <SOH>)2A<CR>
[2026-08-21 14:05:07.965] Recibido HEX: 01 29 32 41 0D
[2026-08-21 14:05:07.965] Enviado: ) | HEX: 1B 29 34 34 0D
[2026-08-21 14:05:07.980] Recibido ASCII: <SOH>)2A<CR>
[2026-08-21 14:05:07.981] Recibido HEX: 01 29 32 41 0D
[2026-08-21 14:05:07.981] Enviado: ) | HEX: 1B 29 34 34 0D
[2026-08-21 14:05:08.077] Recibido ASCII: <SOH>)2A<CR>
[2026-08-21 14:05:08.077] Recibido HEX: 01 29 32 41 0D
[2026-08-21 14:05:08.077] Enviado: ) | HEX: 1B 29 34 34 0D
[2026-08-21 14:05:08.077] Recibido ASCII: <SOH>)2A<CR>
[2026-08-21 14:05:08.077] Recibido HEX: 01 29 32 41 0D
[2026-08-21 14:05:08.077] Enviado: ) | HEX: 1B 29 34 34 0D
[2026-08-21 14:05:08.173] Recibido ASCII: <SOH>)2A<CR>
[2026-08-21 14:05:08.173] Recibido HEX: 01 29 32 41 0D
[2026-08-21 14:05:08.173] Enviado: ) | HEX: 1B 29 34 34 0D
[2026-08-21 14:05:08.173] Recibido ASCII: <SOH>)2A<CR>
[2026-08-21 14:05:08.173] Recibido HEX: 01 29 32 41 0D
[2026-08-21 14:05:08.173] Enviado: ) | HEX: 1B 29 34 34 0D
[2026-08-21 14:05:08.268] Recibido ASCII: <SOH>)2A<CR>
[2026-08-21 14:05:08.269] Recibido HEX: 01 29 32 41 0D
[2026-08-21 14:05:08.269] Enviado: ) | HEX: 1B 29 34 34 0D
[2026-08-21 14:05:08.269] Recibido ASCII: <SOH>)2A<CR>
[2026-08-21 14:05:08.269] Recibido HEX: 01 29 32 41 0D
[2026-08-21 14:05:08.269] Enviado: ) | HEX: 1B 29 34 34 0D
[2026-08-21 14:05:08.364] Recibido ASCII: <SOH>)2A<CR>
[2026-08-21 14:05:08.365] Recibido HEX: 01 29 32 41 0D
[2026-08-21 14:05:08.365] Enviado: ) | HEX: 1B 29 34 34 0D
[2026-08-21 14:05:08.380] Recibido ASCII: <SOH>)2A<CR>
[2026-08-21 14:05:08.380] Recibido HEX: 01 29 32 41 0D
[2026-08-21 14:05:08.380] Enviado: ) | HEX: 1B 29 34 34 0D
[2026-08-21 14:05:08.476] Recibido ASCII: <SOH>)2A<CR>
[2026-08-21 14:05:08.476] Recibido HEX: 01 29 32 41 0D
[2026-08-21 14:05:08.477] Enviado: ) | HEX: 1B 29 34 34 0D
[2026-08-21 14:05:08.477] Recibido ASCII: <SOH>)2A<CR>
[2026-08-21 14:05:08.477] Recibido HEX: 01 29 32 41 0D
[2026-08-21 14:05:08.477] Enviado: ) | HEX: 1B 29 34 34 0D
[2026-08-21 14:05:08.572] Recibido ASCII: <SOH>)2A<CR>
[2026-08-21 14:05:08.572] Recibido HEX: 01 29 32 41 0D
[2026-08-21 14:05:08.572] Enviado: ) | HEX: 1B 29 34 34 0D
[2026-08-21 14:05:08.572] Recibido ASCII: <SOH>)2A<CR>
[2026-08-21 14:05:08.572] Recibido HEX: 01 29 32 41 0D
[2026-08-21 14:05:08.573] Enviado: ) | HEX: 1B 29 34 34 0D
[2026-08-21 14:05:08.668] Recibido ASCII: <SOH>)2A<CR>
[2026-08-21 14:05:08.668] Recibido HEX: 01 29 32 41 0D
[2026-08-21 14:05:08.668] Enviado: ) | HEX: 1B 29 34 34 0D
[2026-08-21 14:05:08.669] Recibido ASCII: <SOH>)2A<CR>
[2026-08-21 14:05:08.669] Recibido HEX: 01 29 32 41 0D
[2026-08-21 14:05:08.669] Enviado: ) | HEX: 1B 29 34 34 0D
[2026-08-21 14:05:08.764] Recibido ASCII: <SOH>)2A<CR>
[2026-08-21 14:05:08.764] Recibido HEX: 01 29 32 41 0D
[2026-08-21 14:05:08.764] Enviado: ) | HEX: 1B 29 34 34 0D
[2026-08-21 14:05:08.780] Recibido ASCII: <SOH>)2A<CR>
[2026-08-21 14:05:08.780] Recibido HEX: 01 29 32 41 0D
[2026-08-21 14:05:08.780] Enviado: ) | HEX: 1B 29 34 34 0D
[2026-08-21 14:05:08.876] Recibido ASCII: <SOH>)2A<CR>
[2026-08-21 14:05:08.876] Recibido HEX: 01 29 32 41 0D
[2026-08-21 14:05:08.876] Enviado: ) | HEX: 1B 29 34 34 0D
[2026-08-21 14:05:08.876] Recibido ASCII: <SOH>)2A<CR>
[2026-08-21 14:05:08.876] Recibido HEX: 01 29 32 41 0D
[2026-08-21 14:05:08.877] Enviado: ) | HEX: 1B 29 34 34 0D
[2026-08-21 14:05:08.972] Recibido ASCII: <SOH>)2A<CR>
[2026-08-21 14:05:08.972] Recibido HEX: 01 29 32 41 0D
[2026-08-21 14:05:08.972] Enviado: ) | HEX: 1B 29 34 34 0D
[2026-08-21 14:05:08.972] Recibido ASCII: <SOH>)2A<CR>
[2026-08-21 14:05:08.972] Recibido HEX: 01 29 32 41 0D
[2026-08-21 14:05:08.973] Enviado: ) | HEX: 1B 29 34 34 0D
[2026-08-21 14:05:09.068] Recibido ASCII: <SOH>)2A<CR>
[2026-08-21 14:05:09.068] Recibido HEX: 01 29 32 41 0D
[2026-08-21 14:05:09.068] Enviado: ) | HEX: 1B 29 34 34 0D
[2026-08-21 14:05:09.068] Recibido ASCII: <SOH>)2A<CR>
[2026-08-21 14:05:09.068] Recibido HEX: 01 29 32 41 0D
[2026-08-21 14:05:09.068] Enviado: ) | HEX: 1B 29 34 34 0D
[2026-08-21 14:05:09.164] Recibido ASCII: <SOH>)2A<CR>
[2026-08-21 14:05:09.164] Recibido HEX: 01 29 32 41 0D
[2026-08-21 14:05:09.164] Enviado: ) | HEX: 1B 29 34 34 0D
[2026-08-21 14:05:09.180] Recibido ASCII: <SOH>)2A<CR>
[2026-08-21 14:05:09.180] Recibido HEX: 01 29 32 41 0D
[2026-08-21 14:05:09.180] Enviado: ) | HEX: 1B 29 34 34 0D
[2026-08-21 14:05:09.275] Recibido ASCII: <SOH>)2A<CR>
[2026-08-21 14:05:09.276] Recibido HEX: 01 29 32 41 0D
[2026-08-21 14:05:09.276] Enviado: ) | HEX: 1B 29 34 34 0D
[2026-08-21 14:05:09.276] Recibido ASCII: <SOH>)2A<CR>
[2026-08-21 14:05:09.276] Recibido HEX: 01 29 32 41 0D
[2026-08-21 14:05:09.276] Enviado: ) | HEX: 1B 29 34 34 0D
[2026-08-21 14:05:09.372] Recibido ASCII: <SOH>)2A<CR>
[2026-08-21 14:05:09.372] Recibido HEX: 01 29 32 41 0D
[2026-08-21 14:05:09.372] Enviado: ) | HEX: 1B 29 34 34 0D
[2026-08-21 14:05:09.372] Recibido ASCII: <SOH>)2A<CR>
[2026-08-21 14:05:09.372] Recibido HEX: 01 29 32 41 0D
[2026-08-21 14:05:09.372] Enviado: ) | HEX: 1B 29 34 34 0D
[2026-08-21 14:05:09.467] Recibido ASCII: <SOH>)2A<CR>
[2026-08-21 14:05:09.468] Recibido HEX: 01 29 32 41 0D
[2026-08-21 14:05:09.468] Enviado: ) | HEX: 1B 29 34 34 0D
[2026-08-21 14:05:09.468] Recibido ASCII: <SOH>)2A<CR>
[2026-08-21 14:05:09.468] Recibido HEX: 01 29 32 41 0D
[2026-08-21 14:05:09.468] Enviado: ) | HEX: 1B 29 34 34 0D
[2026-08-21 14:05:09.563] Recibido ASCII: <SOH>)2A<CR>
[2026-08-21 14:05:09.563] Recibido HEX: 01 29 32 41 0D
[2026-08-21 14:05:09.564] Enviado: ) | HEX: 1B 29 34 34 0D
[2026-08-21 14:05:09.579] Recibido ASCII: <SOH>)2A<CR>
[2026-08-21 14:05:09.579] Recibido HEX: 01 29 32 41 0D
[2026-08-21 14:05:09.580] Enviado: ) | HEX: 1B 29 34 34 0D
[2026-08-21 14:05:09.675] Recibido ASCII: <SOH>)2A<CR>
[2026-08-21 14:05:09.675] Recibido HEX: 01 29 32 41 0D
[2026-08-21 14:05:09.675] Enviado: ) | HEX: 1B 29 34 34 0D
[2026-08-21 14:05:09.675] Recibido ASCII: <SOH>)2A<CR>
[2026-08-21 14:05:09.676] Recibido HEX: 01 29 32 41 0D
[2026-08-21 14:05:09.676] Enviado: ) | HEX: 1B 29 34 34 0D
[2026-08-21 14:05:09.771] Recibido ASCII: <SOH>)2A<CR>
[2026-08-21 14:05:09.771] Recibido HEX: 01 29 32 41 0D
[2026-08-21 14:05:09.771] Enviado: ) | HEX: 1B 29 34 34 0D
[2026-08-21 14:05:09.771] Recibido ASCII: <ESC>R6D<CR>
[2026-08-21 14:05:09.772] Recibido HEX: 1B 52 36 44 0D
[2026-08-21 14:05:09.772] Enviado: 5C | HEX: 1B 35 43 0E 41 31 0D
[2026-08-21 14:05:09.772] Enviado: ) | HEX: 1B 29 34 34 0D
[2026-08-21 14:05:09.772] Recibido ASCII: <SOH>)2A<CR>
[2026-08-21 14:05:09.772] Recibido HEX: 01 29 32 41 0D
[2026-08-21 14:05:09.772] Enviado: ) | HEX: 1B 29 34 34 0D
[2026-08-21 14:05:09.867] Recibido ASCII: <SOH>)2A<CR>
[2026-08-21 14:05:09.868] Recibido HEX: 01 29 32 41 0D
[2026-08-21 14:05:09.868] Enviado: ) | HEX: 1B 29 34 34 0D
[2026-08-21 14:05:09.868] Recibido ASCII: <SOH>536<CR>
[2026-08-21 14:05:09.868] Recibido HEX: 01 35 33 36 0D
[2026-08-21 14:05:09.868] Enviado: ) | HEX: 1B 29 34 34 0D
[2026-08-21 14:05:09.979] Recibido ASCII: <SOH>)2A<CR>
[2026-08-21 14:05:09.979] Recibido HEX: 01 29 32 41 0D
[2026-08-21 14:05:09.979] Enviado: ) | HEX: 1B 29 34 34 0D
[2026-08-21 14:05:09.980] Recibido ASCII: <SOH>)2A<CR>
[2026-08-21 14:05:09.980] Recibido HEX: 01 29 32 41 0D
[2026-08-21 14:05:09.980] Enviado: ) | HEX: 1B 29 34 34 0D
[2026-08-21 14:05:10.075] Recibido ASCII: <SOH>)2A<CR>
[2026-08-21 14:05:10.075] Recibido HEX: 01 29 32 41 0D
[2026-08-21 14:05:10.075] Enviado: ) | HEX: 1B 29 34 34 0D
[2026-08-21 14:05:10.075] Recibido ASCII: <SOH>)2A<CR>
[2026-08-21 14:05:10.075] Recibido HEX: 01 29 32 41 0D
[2026-08-21 14:05:10.075] Enviado: ) | HEX: 1B 29 34 34 0D
[2026-08-21 14:05:10.171] Recibido ASCII: <SOH>)2A<CR>
[2026-08-21 14:05:10.171] Recibido HEX: 01 29 32 41 0D
[2026-08-21 14:05:10.171] Enviado: ) | HEX: 1B 29 34 34 0D
[2026-08-21 14:05:10.171] Recibido ASCII: <SOH>)2A<CR>
[2026-08-21 14:05:10.171] Recibido HEX: 01 29 32 41 0D
[2026-08-21 14:05:10.171] Enviado: ) | HEX: 1B 29 34 34 0D
[2026-08-21 14:05:10.267] Recibido ASCII: <SOH>)2A<CR>
[2026-08-21 14:05:10.267] Recibido HEX: 01 29 32 41 0D
[2026-08-21 14:05:10.267] Enviado: ) | HEX: 1B 29 34 34 0D
[2026-08-21 14:05:10.267] Recibido ASCII: <SOH>)2A<CR>
[2026-08-21 14:05:10.267] Recibido HEX: 01 29 32 41 0D
[2026-08-21 14:05:10.267] Enviado: ) | HEX: 1B 29 34 34 0D
[2026-08-21 14:05:10.379] Recibido ASCII: <SOH>)2A<CR>
[2026-08-21 14:05:10.379] Recibido HEX: 01 29 32 41 0D
[2026-08-21 14:05:10.379] Enviado: ) | HEX: 1B 29 34 34 0D
[2026-08-21 14:05:10.379] Recibido ASCII: <SOH>)2A<CR>
[2026-08-21 14:05:10.379] Recibido HEX: 01 29 32 41 0D
[2026-08-21 14:05:10.379] Enviado: ) | HEX: 1B 29 34 34 0D
[2026-08-21 14:05:10.475] Recibido ASCII: <SOH>)2A<CR>
[2026-08-21 14:05:10.475] Recibido HEX: 01 29 32 41 0D
[2026-08-21 14:05:10.475] Enviado: ) | HEX: 1B 29 34 34 0D
[2026-08-21 14:05:10.475] Recibido ASCII: <SOH>)2A<CR>
[2026-08-21 14:05:10.475] Recibido HEX: 01 29 32 41 0D
[2026-08-21 14:05:10.475] Enviado: ) | HEX: 1B 29 34 34 0D
[2026-08-21 14:05:10.571] Recibido ASCII: <SOH>)2A<CR>
[2026-08-21 14:05:10.571] Recibido HEX: 01 29 32 41 0D
[2026-08-21 14:05:10.571] Enviado: ) | HEX: 1B 29 34 34 0D
[2026-08-21 14:05:10.571] Recibido ASCII: <SOH>)2A<CR>
[2026-08-21 14:05:10.571] Recibido HEX: 01 29 32 41 0D
[2026-08-21 14:05:10.571] Enviado: ) | HEX: 1B 29 34 34 0D
[2026-08-21 14:05:10.667] Recibido ASCII: <SOH>)2A<CR>
[2026-08-21 14:05:10.667] Recibido HEX: 01 29 32 41 0D
[2026-08-21 14:05:10.667] Enviado: ) | HEX: 1B 29 34 34 0D
[2026-08-21 14:05:10.667] Recibido ASCII: <SOH>)2A<CR>
[2026-08-21 14:05:10.667] Recibido HEX: 01 29 32 41 0D
[2026-08-21 14:05:10.667] Enviado: ) | HEX: 1B 29 34 34 0D
[2026-08-21 14:05:10.778] Recibido ASCII: <SOH>)2A<CR>
[2026-08-21 14:05:10.779] Recibido HEX: 01 29 32 41 0D
[2026-08-21 14:05:10.779] Enviado: ) | HEX: 1B 29 34 34 0D
[2026-08-21 14:05:10.779] Recibido ASCII: <SOH>)2A<CR>
[2026-08-21 14:05:10.779] Recibido HEX: 01 29 32 41 0D
[2026-08-21 14:05:10.779] Enviado: ) | HEX: 1B 29 34 34 0D
[2026-08-21 14:05:10.874] Recibido ASCII: <SOH>)2A<CR>
[2026-08-21 14:05:10.874] Recibido HEX: 01 29 32 41 0D
[2026-08-21 14:05:10.874] Enviado: ) | HEX: 1B 29 34 34 0D
[2026-08-21 14:05:10.874] Recibido ASCII: <SOH>)2A<CR>
[2026-08-21 14:05:10.874] Recibido HEX: 01 29 32 41 0D
[2026-08-21 14:05:10.875] Enviado: ) | HEX: 1B 29 34 34 0D
[2026-08-21 14:05:10.970] Recibido ASCII: <SOH>)2A<CR>
[2026-08-21 14:05:10.970] Recibido HEX: 01 29 32 41 0D
[2026-08-21 14:05:10.970] Enviado: ) | HEX: 1B 29 34 34 0D
[2026-08-21 14:05:10.970] Recibido ASCII: <SOH>)2A<CR>
[2026-08-21 14:05:10.970] Recibido HEX: 01 29 32 41 0D
[2026-08-21 14:05:10.970] Enviado: ) | HEX: 1B 29 34 34 0D
[2026-08-21 14:05:11.066] Recibido ASCII: <SOH>)2A<CR>
[2026-08-21 14:05:11.066] Recibido HEX: 01 29 32 41 0D
[2026-08-21 14:05:11.066] Enviado: ) | HEX: 1B 29 34 34 0D
[2026-08-21 14:05:11.067] Recibido ASCII: <SOH>)2A<CR>
[2026-08-21 14:05:11.067] Recibido HEX: 01 29 32 41 0D
[2026-08-21 14:05:11.067] Enviado: ) | HEX: 1B 29 34 34 0D
[2026-08-21 14:05:11.178] Recibido ASCII: <SOH>)2A<CR>
[2026-08-21 14:05:11.178] Recibido HEX: 01 29 32 41 0D
[2026-08-21 14:05:11.178] Enviado: ) | HEX: 1B 29 34 34 0D
[2026-08-21 14:05:11.178] Recibido ASCII: <SOH>)2A<CR>
[2026-08-21 14:05:11.178] Recibido HEX: 01 29 32 41 0D
[2026-08-21 14:05:11.179] Enviado: ) | HEX: 1B 29 34 34 0D
[2026-08-21 14:05:11.274] Recibido ASCII: <SOH>)2A<CR>
[2026-08-21 14:05:11.274] Recibido HEX: 01 29 32 41 0D
[2026-08-21 14:05:11.274] Enviado: ) | HEX: 1B 29 34 34 0D
[2026-08-21 14:05:11.274] Recibido ASCII: <SOH>)2A<CR>
[2026-08-21 14:05:11.274] Recibido HEX: 01 29 32 41 0D
[2026-08-21 14:05:11.274] Enviado: ) | HEX: 1B 29 34 34 0D
[2026-08-21 14:05:11.370] Recibido ASCII: <SOH>)2A<CR>
[2026-08-21 14:05:11.370] Recibido HEX: 01 29 32 41 0D
[2026-08-21 14:05:11.370] Enviado: ) | HEX: 1B 29 34 34 0D
[2026-08-21 14:05:11.370] Recibido ASCII: <SOH>)2A<CR>
[2026-08-21 14:05:11.370] Recibido HEX: 01 29 32 41 0D
[2026-08-21 14:05:11.370] Enviado: ) | HEX: 1B 29 34 34 0D
[2026-08-21 14:05:11.466] Recibido ASCII: <SOH>)2A<CR>
[2026-08-21 14:05:11.466] Recibido HEX: 01 29 32 41 0D
[2026-08-21 14:05:11.466] Enviado: ) | HEX: 1B 29 34 34 0D
[2026-08-21 14:05:11.482] Recibido ASCII: <SOH>)2A<CR>
[2026-08-21 14:05:11.482] Recibido HEX: 01 29 32 41 0D
[2026-08-21 14:05:11.482] Enviado: ) | HEX: 1B 29 34 34 0D
[2026-08-21 14:05:11.578] Recibido ASCII: <SOH>)2A<CR>
[2026-08-21 14:05:11.578] Recibido HEX: 01 29 32 41 0D
[2026-08-21 14:05:11.578] Enviado: ) | HEX: 1B 29 34 34 0D
[2026-08-21 14:05:11.578] Recibido ASCII: <SOH>)2A<CR>
[2026-08-21 14:05:11.578] Recibido HEX: 01 29 32 41 0D
[2026-08-21 14:05:11.578] Enviado: ) | HEX: 1B 29 34 34 0D
[2026-08-21 14:05:11.674] Recibido ASCII: <SOH>)2A<CR>
[2026-08-21 14:05:11.674] Recibido HEX: 01 29 32 41 0D
[2026-08-21 14:05:11.674] Enviado: ) | HEX: 1B 29 34 34 0D
[2026-08-21 14:05:11.674] Recibido ASCII: <SOH>)2A<CR>
[2026-08-21 14:05:11.674] Recibido HEX: 01 29 32 41 0D
[2026-08-21 14:05:11.674] Enviado: ) | HEX: 1B 29 34 34 0D
[2026-08-21 14:06:04.263] Iniciando comunicación con Atlan A350 XL (8E1)...
[2026-08-21 14:06:04.268] Enviado: Q | HEX: 1B 51 36 43 0D
[2026-08-21 14:06:04.374] Recibido ASCII: <SOH>Q52<CR>
[2026-08-21 14:06:04.375] Recibido HEX: 01 51 35 32 0D
[2026-08-21 14:06:04.379] Enviado: V | HEX: 1B 56 37 31 0D
[2026-08-21 14:06:04.467] Recibido ASCII: <SOH>V57<CR>
[2026-08-21 14:06:04.468] Recibido HEX: 01 56 35 37 0D
[2026-08-21 14:06:05.469] Enviado: ) | HEX: 1B 29 34 34 0D
[2026-08-21 14:06:05.470] Recibido ASCII: <ESC>R6D<CR>
[2026-08-21 14:06:05.470] Recibido HEX: 1B 52 36 44 0D
[2026-08-21 14:06:05.470] Enviado: 5C | HEX: 1B 35 43 0E 41 31 0D
[2026-08-21 14:06:06.472] Enviado: ) | HEX: 1B 29 34 34 0D
[2026-08-21 14:06:06.472] Recibido ASCII: <SOH>)2A<CR>
[2026-08-21 14:06:06.472] Recibido HEX: 01 29 32 41 0D
[2026-08-21 14:06:07.474] Enviado: ) | HEX: 1B 29 34 34 0D
[2026-08-21 14:06:07.474] Recibido ASCII: <SOH>536<CR>
[2026-08-21 14:06:07.476] Recibido HEX: 01 35 33 36 0D
[2026-08-21 14:06:08.477] Enviado: ) | HEX: 1B 29 34 34 0D
[2026-08-21 14:06:08.478] Recibido ASCII: <SOH>)2A<CR>
[2026-08-21 14:06:08.478] Recibido HEX: 01 29 32 41 0D
[2026-08-21 14:06:09.480] Enviado: ) | HEX: 1B 29 34 34 0D
[2026-08-21 14:06:09.480] Recibido ASCII: <SOH>)2A<CR>
[2026-08-21 14:06:09.480] Recibido HEX: 01 29 32 41 0D
[2026-08-21 14:06:10.482] Enviado: ) | HEX: 1B 29 34 34 0D
[2026-08-21 14:06:10.482] Recibido ASCII: <SOH>)2A<CR>
[2026-08-21 14:06:10.482] Recibido HEX: 01 29 32 41 0D
[2026-08-21 14:06:11.483] Enviado: ) | HEX: 1B 29 34 34 0D
[2026-08-21 14:06:11.484] Recibido ASCII: <SOH>)2A<CR>
[2026-08-21 14:06:11.484] Recibido HEX: 01 29 32 41 0D
[2026-08-21 14:06:12.485] Enviado: ) | HEX: 1B 29 34 34 0D
[2026-08-21 14:06:12.486] Recibido ASCII: <SOH>)2A<CR>
[2026-08-21 14:06:12.486] Recibido HEX: 01 29 32 41 0D
[2026-08-21 14:06:13.487] Enviado: ) | HEX: 1B 29 34 34 0D
[2026-08-21 14:06:13.488] Recibido ASCII: <SOH>)2A<CR>
[2026-08-21 14:06:13.488] Recibido HEX: 01 29 32 41 0D
[2026-08-21 14:08:45.238] Iniciando comunicación con Atlan A350 XL (8E1)...
[2026-08-21 14:08:45.243] Enviado: Q | HEX: 1B 51 36 43 0D
[2026-08-21 14:08:45.285] Recibido ASCII: <SOH>Q52<CR>
[2026-08-21 14:08:45.285] Recibido HEX: 01 51 35 32 0D
[2026-08-21 14:08:45.290] Enviado: V | HEX: 1B 56 37 31 0D
[2026-08-21 14:08:45.379] Recibido ASCII: <SOH>V57<CR>
[2026-08-21 14:08:45.379] Recibido HEX: 01 56 35 37 0D
[2026-08-21 14:08:46.381] Enviado: ) | HEX: 1B 29 34 34 0D
[2026-08-21 14:08:46.381] Recibido ASCII: <ESC>R6D<CR>
[2026-08-21 14:08:46.382] Recibido HEX: 1B 52 36 44 0D
[2026-08-21 14:08:46.382] Enviado: 5C | HEX: 1B 35 43 0E 41 31 0D
[2026-08-21 14:08:47.383] Enviado: ) | HEX: 1B 29 34 34 0D
[2026-08-21 14:08:47.383] Recibido ASCII: <SOH>)2A<CR>
[2026-08-21 14:08:47.386] Recibido HEX: 01 29 32 41 0D
[2026-08-21 14:08:48.387] Enviado: ) | HEX: 1B 29 34 34 0D
[2026-08-21 14:08:48.387] Recibido ASCII: <SOH>536<CR>
[2026-08-21 14:08:48.387] Recibido HEX: 01 35 33 36 0D
[2026-08-21 14:10:08.100] Iniciando comunicación con Atlan A350 XL (8E1)...
[2026-08-21 14:10:08.105] Enviado: Q | HEX: 1B 51 36 43 0D
[2026-08-21 14:10:08.195] Recibido ASCII: <SOH>Q52<CR>
[2026-08-21 14:10:08.195] Recibido HEX: 01 51 35 32 0D
[2026-08-21 14:10:09.201] Enviado: Q | HEX: 1B 51 36 43 0D
[2026-08-21 14:10:09.201] Enviado: ) | HEX: 1B 29 34 34 0D
[2026-08-21 14:10:09.202] Recibido ASCII: <ESC>R6D<CR>
[2026-08-21 14:10:09.202] Recibido HEX: 1B 52 36 44 0D
[2026-08-21 14:10:10.203] Enviado: 5C | HEX: 1B 35 43 0E 41 31 0D
[2026-08-21 14:10:10.204] Enviado: ) | HEX: 1B 29 34 34 0D
[2026-08-21 14:10:10.204] Recibido ASCII: <SOH>Q52<CR>
[2026-08-21 14:10:10.205] Recibido HEX: 01 51 35 32 0D
[2026-08-21 14:10:11.206] Enviado: Q | HEX: 1B 51 36 43 0D
[2026-08-21 14:10:11.206] Enviado: ) | HEX: 1B 29 34 34 0D
[2026-08-21 14:10:11.206] Recibido ASCII: <SOH>)2A<CR>
[2026-08-21 14:10:11.206] Recibido HEX: 01 29 32 41 0D
[2026-08-21 14:10:12.207] Enviado: ) | HEX: 1B 29 34 34 0D
[2026-08-21 14:10:12.208] Recibido ASCII: <ESC>R6D<CR>
[2026-08-21 14:10:12.208] Recibido HEX: 1B 52 36 44 0D
[2026-08-21 14:10:13.209] Enviado: 5C | HEX: 1B 35 43 0E 41 31 0D
[2026-08-21 14:10:13.209] Enviado: ) | HEX: 1B 29 34 34 0D
[2026-08-21 14:10:13.210] Recibido ASCII: <SOH>536<CR>
[2026-08-21 14:10:13.210] Recibido HEX: 01 35 33 36 0D
[2026-08-21 14:10:14.211] Enviado: ) | HEX: 1B 29 34 34 0D
[2026-08-21 14:10:14.211] Recibido ASCII: <SOH>)2A<CR>
[2026-08-21 14:10:14.211] Recibido HEX: 01 29 32 41 0D
[2026-08-21 14:10:15.212] Enviado: ) | HEX: 1B 29 34 34 0D
[2026-08-21 14:10:15.212] Recibido ASCII: <SOH>Q52<CR>
[2026-08-21 14:10:15.213] Recibido HEX: 01 51 35 32 0D
[2026-08-21 14:10:16.213] Enviado: Q | HEX: 1B 51 36 43 0D
[2026-08-21 14:10:16.214] Enviado: ) | HEX: 1B 29 34 34 0D
[2026-08-21 14:10:16.215] Recibido ASCII: <SOH>)2A<CR>
[2026-08-21 14:10:16.216] Recibido HEX: 01 29 32 41 0D
[2026-08-21 14:10:17.217] Enviado: ) | HEX: 1B 29 34 34 0D
[2026-08-21 14:10:17.217] Recibido ASCII: <ESC>R6D<CR>
[2026-08-21 14:10:17.217] Recibido HEX: 1B 52 36 44 0D
[2026-08-21 14:24:59.347] Iniciando comunicación con Atlan A350 XL (8E1)...
[2026-08-21 14:24:59.352] Enviado: Q | HEX: 1B 51 36 43 0D
[2026-08-21 14:24:59.354] Recibido ASCII: <CR>
[2026-08-21 14:24:59.355] Recibido HEX: 0D
[2026-08-21 14:27:44.106] Iniciando comunicación con Atlan A350 XL (8E1)...
[2026-08-21 14:27:44.111] Enviado: Q | HEX: 1B 51 36 43 0D
[2026-08-21 14:27:44.136] Recibido ASCII: <SOH>Q52<CR>
[2026-08-21 14:27:44.137] Recibido HEX: 01 51 35 32 0D
[2026-08-21 14:27:45.142] Enviado: Q | HEX: 1B 51 36 43 0D
[2026-08-21 14:27:45.142] Enviado: ) | HEX: 1B 29 34 34 0D
[2026-08-21 14:27:45.142] Recibido ASCII: <ESC>R6D<CR>
[2026-08-21 14:27:45.143] Recibido HEX: 1B 52 36 44 0D
[2026-08-21 14:27:46.144] Enviado: 09
 | HEX: 1B 30 39 0D 39 31 0D
[2026-08-21 14:27:46.144] Enviado: ) | HEX: 1B 29 34 34 0D
[2026-08-21 14:27:46.145] Recibido ASCII: <SOH>Q52<CR>
[2026-08-21 14:27:46.145] Recibido HEX: 01 51 35 32 0D
[2026-08-21 14:27:47.146] Enviado: Q | HEX: 1B 51 36 43 0D
[2026-08-21 14:27:47.146] Enviado: ) | HEX: 1B 29 34 34 0D
[2026-08-21 14:27:47.146] Recibido ASCII: <SOH>)2A<CR>
[2026-08-21 14:27:47.147] Recibido HEX: 01 29 32 41 0D
[2026-08-21 14:27:48.147] Enviado: ) | HEX: 1B 29 34 34 0D
[2026-08-21 14:27:48.148] Recibido ASCII: <ESC>R6D<CR>
[2026-08-21 14:27:48.148] Recibido HEX: 1B 52 36 44 0D
[2026-08-21 14:27:49.149] Enviado: 09
 | HEX: 1B 30 39 0D 39 31 0D
[2026-08-21 14:27:49.150] Enviado: ) | HEX: 1B 29 34 34 0D
[2026-08-21 14:27:49.150] Recibido ASCII: <SOH>.16<CR>
[2026-08-21 14:27:49.150] Recibido HEX: 01 15 31 36 0D
[2026-08-21 14:27:50.151] Enviado: ) | HEX: 1B 29 34 34 0D
[2026-08-21 14:27:50.152] Recibido ASCII: <ESC>R6D<CR>
[2026-08-21 14:27:50.152] Recibido HEX: 1B 52 36 44 0D
[2026-08-21 14:27:51.153] Enviado: 09
 | HEX: 1B 30 39 0D 39 31 0D
[2026-08-21 14:27:51.154] Enviado: ) | HEX: 1B 29 34 34 0D
[2026-08-21 14:27:51.154] Recibido ASCII: <SOH>)2A<CR>
[2026-08-21 14:27:51.154] Recibido HEX: 01 29 32 41 0D
[2026-08-21 14:27:52.155] Enviado: ) | HEX: 1B 29 34 34 0D
[2026-08-21 14:27:52.156] Recibido ASCII: <SOH>Q52<CR>
[2026-08-21 14:27:52.156] Recibido HEX: 01 51 35 32 0D
[2026-08-21 14:27:53.157] Enviado: Q | HEX: 1B 51 36 43 0D
[2026-08-21 14:27:53.157] Enviado: ) | HEX: 1B 29 34 34 0D
[2026-08-21 14:27:53.159] Recibido ASCII: <SOH>)2A<CR>
[2026-08-21 14:27:53.159] Recibido HEX: 01 29 32 41 0D
[2026-08-21 14:27:54.160] Enviado: ) | HEX: 1B 29 34 34 0D
[2026-08-21 14:27:54.160] Recibido ASCII: <ESC>R6D<CR>
[2026-08-21 14:27:54.160] Recibido HEX: 1B 52 36 44 0D
[2026-08-21 14:28:28.782] Iniciando comunicación con Atlan A350 XL (8E1)...
[2026-08-21 14:28:28.787] Enviado: Q | HEX: 1B 51 36 43 0D
[2026-08-21 14:28:28.844] Recibido ASCII: <SOH>Q52<CR>
[2026-08-21 14:28:28.844] Recibido HEX: 01 51 35 32 0D
[2026-08-21 14:28:29.849] Enviado: Q | HEX: 1B 51 36 43 0D
[2026-08-21 14:28:29.849] Enviado: ) | HEX: 1B 29 34 34 0D
[2026-08-21 14:28:29.851] Recibido ASCII: <ESC>R6D<CR>
[2026-08-21 14:28:29.851] Recibido HEX: 1B 52 36 44 0D
[2026-08-21 14:28:30.852] Enviado: 09 | HEX: 1B 30 39 0E 39 32 0D
[2026-08-21 14:28:30.852] Enviado: ) | HEX: 1B 29 34 34 0D
[2026-08-21 14:28:30.853] Recibido ASCII: <SOH>Q52<CR>
[2026-08-21 14:28:30.853] Recibido HEX: 01 51 35 32 0D
[2026-08-21 14:28:31.854] Enviado: Q | HEX: 1B 51 36 43 0D
[2026-08-21 14:28:31.855] Enviado: ) | HEX: 1B 29 34 34 0D
[2026-08-21 14:28:31.855] Recibido ASCII: <SOH>)2A<CR>
[2026-08-21 14:28:31.855] Recibido HEX: 01 29 32 41 0D
[2026-08-21 14:34:26.020] Iniciando comunicación con Atlan A350 XL (8E1)...
[2026-08-21 14:34:26.025] Enviado: Q | HEX: 1B 51 36 43 0D
[2026-08-21 14:34:26.027] Recibido ASCII: <CR>
[2026-08-21 14:34:26.027] Recibido HEX: 0D
[2026-08-21 14:35:04.845] Iniciando comunicación con Atlan A350 XL (8E1)...
[2026-08-21 14:35:04.851] Enviado: Q | HEX: 1B 51 36 43 0D
[2026-08-21 14:35:04.971] Recibido ASCII: <SOH>Q52<CR>
[2026-08-21 14:35:04.971] Recibido HEX: 01 51 35 32 0D
[2026-08-21 14:35:05.976] Enviado: Q | HEX: 1B 51 36 43 0D
[2026-08-21 14:35:05.976] Enviado: ) | HEX: 1B 29 34 34 0D
[2026-08-21 14:35:05.977] Recibido ASCII: <ESC>R6D<CR>
[2026-08-21 14:35:05.977] Recibido HEX: 1B 52 36 44 0D
[2026-08-21 14:35:06.978] Enviado: CB | HEX: 1B 43 42 0E 41 45 0D
[2026-08-21 14:35:06.978] Enviado: ) | HEX: 1B 29 34 34 0D
[2026-08-21 14:35:06.978] Recibido ASCII: <SOH>Q52<CR>
[2026-08-21 14:35:06.979] Recibido HEX: 01 51 35 32 0D
[2026-08-21 14:35:07.979] Enviado: Q | HEX: 1B 51 36 43 0D
[2026-08-21 14:35:07.980] Enviado: ) | HEX: 1B 29 34 34 0D
[2026-08-21 14:35:07.980] Recibido ASCII: <SOH>)2A<CR>
[2026-08-21 14:35:07.980] Recibido HEX: 01 29 32 41 0D
[2026-08-21 14:35:08.981] Enviado: ) | HEX: 1B 29 34 34 0D
[2026-08-21 14:35:08.982] Recibido ASCII: <ESC>R6D<CR>
[2026-08-21 14:35:08.982] Recibido HEX: 1B 52 36 44 0D
[2026-08-21 14:35:09.983] Enviado: CB | HEX: 1B 43 42 0E 41 45 0D
[2026-08-21 14:35:09.983] Enviado: ) | HEX: 1B 29 34 34 0D
[2026-08-21 14:35:09.984] Recibido ASCII: <SOH>C44<CR>
[2026-08-21 14:35:09.984] Recibido HEX: 01 43 34 34 0D
[2026-08-21 14:35:10.984] Enviado: ) | HEX: 1B 29 34 34 0D
[2026-08-21 14:35:10.985] Recibido ASCII: <SOH>)2A<CR>
[2026-08-21 14:35:10.985] Recibido HEX: 01 29 32 41 0D
[2026-08-21 14:35:11.986] Enviado: ) | HEX: 1B 29 34 34 0D
[2026-08-21 14:35:11.986] Recibido ASCII: <SOH>Q52<CR>
[2026-08-21 14:35:11.987] Recibido HEX: 01 51 35 32 0D
[2026-08-21 14:35:12.987] Enviado: Q | HEX: 1B 51 36 43 0D
[2026-08-21 14:35:12.988] Enviado: ) | HEX: 1B 29 34 34 0D
[2026-08-21 14:35:12.988] Recibido ASCII: <SOH>)2A<CR>
[2026-08-21 14:35:12.988] Recibido HEX: 01 29 32 41 0D
[2026-08-21 14:35:13.989] Enviado: ) | HEX: 1B 29 34 34 0D
[2026-08-21 14:35:13.990] Recibido ASCII: <ESC>R6D<CR>
[2026-08-21 14:35:13.990] Recibido HEX: 1B 52 36 44 0D
[2026-08-21 14:35:14.991] Enviado: CB | HEX: 1B 43 42 0E 41 45 0D
[2026-08-21 14:35:14.991] Enviado: ) | HEX: 1B 29 34 34 0D
[2026-08-21 14:35:14.991] Recibido ASCII: <SOH>)2A<CR>
[2026-08-21 14:35:14.992] Recibido HEX: 01 29 32 41 0D
[2026-08-21 14:35:15.992] Enviado: ) | HEX: 1B 29 34 34 0D
[2026-08-21 14:35:15.993] Recibido ASCII: <SOH>C44<CR>
[2026-08-21 14:35:15.993] Recibido HEX: 01 43 34 34 0D
[2026-08-21 14:35:16.994] Enviado: ) | HEX: 1B 29 34 34 0D
[2026-08-21 14:35:16.995] Recibido ASCII: <SOH>)2A<CR>
[2026-08-21 14:35:16.995] Recibido HEX: 01 29 32 41 0D
[2026-08-21 14:35:17.996] Enviado: ) | HEX: 1B 29 34 34 0D
[2026-08-21 14:35:17.996] Recibido ASCII: <SOH>)2A<CR>
[2026-08-21 14:35:17.996] Recibido HEX: 01 29 32 41 0D
[2026-08-21 14:35:18.997] Enviado: ) | HEX: 1B 29 34 34 0D
[2026-08-21 14:35:18.998] Recibido ASCII: <SOH>)2A<CR>
[2026-08-21 14:35:18.998] Recibido HEX: 01 29 32 41 0D
[2026-08-21 14:35:19.999] Enviado: ) | HEX: 1B 29 34 34 0D
[2026-08-21 14:35:19.999] Recibido ASCII: <SOH>Q52<CR>
[2026-08-21 14:35:19.999] Recibido HEX: 01 51 35 32 0D
[2026-08-21 14:35:21.001] Enviado: Q | HEX: 1B 51 36 43 0D
[2026-08-21 14:35:21.001] Enviado: ) | HEX: 1B 29 34 34 0D
[2026-08-21 14:35:21.002] Recibido ASCII: <SOH>)2A<CR>
[2026-08-21 14:35:21.002] Recibido HEX: 01 29 32 41 0D
[2026-08-21 14:35:22.003] Enviado: ) | HEX: 1B 29 34 34 0D
[2026-08-21 14:35:22.003] Recibido ASCII: <ESC>R6D<CR>
[2026-08-21 14:35:22.003] Recibido HEX: 1B 52 36 44 0D
[2026-08-21 14:35:23.004] Enviado: CB | HEX: 1B 43 42 0E 41 45 0D
[2026-08-21 14:35:23.005] Enviado: ) | HEX: 1B 29 34 34 0D
[2026-08-21 14:35:23.005] Recibido ASCII: <SOH>)2A<CR>
[2026-08-21 14:35:23.005] Recibido HEX: 01 29 32 41 0D
[2026-08-21 14:35:24.006] Enviado: ) | HEX: 1B 29 34 34 0D
[2026-08-21 14:35:24.007] Recibido ASCII: <SOH>C44<CR>
[2026-08-21 14:35:24.007] Recibido HEX: 01 43 34 34 0D
[2026-08-21 14:35:25.008] Enviado: ) | HEX: 1B 29 34 34 0D
[2026-08-21 14:35:25.008] Recibido ASCII: <SOH>)2A<CR>
[2026-08-21 14:35:25.008] Recibido HEX: 01 29 32 41 0D
[2026-08-21 14:35:26.009] Enviado: ) | HEX: 1B 29 34 34 0D
[2026-08-21 14:35:26.009] Recibido ASCII: <SOH>)2A<CR>
[2026-08-21 14:35:26.009] Recibido HEX: 01 29 32 41 0D
[2026-08-21 14:35:27.011] Enviado: ) | HEX: 1B 29 34 34 0D
[2026-08-21 14:35:27.011] Recibido ASCII: <SOH>)2A<CR>
[2026-08-21 14:35:27.013] Recibido HEX: 01 29 32 41 0D
[2026-08-21 14:35:28.014] Enviado: ) | HEX: 1B 29 34 34 0D
[2026-08-21 14:35:28.015] Recibido ASCII: <SOH>)2A<CR>
[2026-08-21 14:35:28.015] Recibido HEX: 01 29 32 41 0D
[2026-08-21 14:35:29.016] Enviado: ) | HEX: 1B 29 34 34 0D
[2026-08-21 14:35:29.016] Recibido ASCII: <SOH>)2A<CR>
[2026-08-21 14:35:29.017] Recibido HEX: 01 29 32 41 0D
[2026-08-21 14:35:30.017] Enviado: ) | HEX: 1B 29 34 34 0D
[2026-08-21 14:35:30.018] Recibido ASCII: <SOH>)2A<CR>
[2026-08-21 14:35:30.018] Recibido HEX: 01 29 32 41 0D
[2026-08-21 14:35:31.019] Enviado: ) | HEX: 1B 29 34 34 0D
[2026-08-21 14:35:31.019] Recibido ASCII: <SOH>Q52<CR>
[2026-08-21 14:35:31.020] Recibido HEX: 01 51 35 32 0D
[2026-08-21 14:35:32.020] Enviado: Q | HEX: 1B 51 36 43 0D
[2026-08-21 14:35:32.021] Enviado: ) | HEX: 1B 29 34 34 0D
[2026-08-21 14:35:32.021] Recibido ASCII: <SOH>)2A<CR>
[2026-08-21 14:35:32.021] Recibido HEX: 01 29 32 41 0D
[2026-08-21 14:35:33.022] Enviado: ) | HEX: 1B 29 34 34 0D
[2026-08-21 14:35:33.023] Recibido ASCII: <ESC>R6D<CR>
[2026-08-21 14:35:33.023] Recibido HEX: 1B 52 36 44 0D
[2026-08-21 14:35:34.024] Enviado: CB | HEX: 1B 43 42 0E 41 45 0D
[2026-08-21 14:35:34.024] Enviado: ) | HEX: 1B 29 34 34 0D
[2026-08-21 14:35:34.024] Recibido ASCII: <SOH>)2A<CR>
[2026-08-21 14:35:34.024] Recibido HEX: 01 29 32 41 0D
[2026-08-21 14:35:35.025] Enviado: ) | HEX: 1B 29 34 34 0D
[2026-08-21 14:35:35.026] Recibido ASCII: <SOH>C44<CR>
[2026-08-21 14:35:35.026] Recibido HEX: 01 43 34 34 0D
[2026-08-21 14:41:57.318] Iniciando comunicación con Atlan A350 XL (8E1)...
[2026-08-21 14:41:57.324] Enviado: Q | HEX: 1B 51 36 43 0D
[2026-08-21 14:41:57.326] Recibido ASCII: <CR>
[2026-08-21 14:41:57.327] Recibido HEX: 0D
[2026-08-21 14:42:16.741] Iniciando comunicación con Atlan A350 XL (8E1)...
[2026-08-21 14:42:16.746] Enviado: Q | HEX: 1B 51 36 43 0D
[2026-08-21 14:42:16.787] Recibido ASCII: <SOH>Q52<CR>
[2026-08-21 14:42:16.788] Recibido HEX: 01 51 35 32 0D
[2026-08-21 14:42:16.793] Enviado: R | HEX: 1B 52 36 44 0D
[2026-08-21 14:42:16.897] Recibido ASCII: <SOH>R5555'A3XX'02.10:0<ESC>R6D<CR>
[2026-08-21 14:42:16.898] Recibido HEX: 01 52 35 35 35 35 27 41 33 58 58 27 30 32 2E 31 30 3A 30 1B 52 36 44 0D
[2026-08-21 14:42:17.899] Enviado: ) | HEX: 1B 29 34 34 0D
[2026-08-21 14:42:17.900] Recibido ASCII: 6.00B8<CR>
[2026-08-21 14:42:17.901] Recibido HEX: 36 2E 30 30 42 38 0D
[2026-08-21 14:42:18.901] Enviado: ) | HEX: 1B 29 34 34 0D
[2026-08-21 14:42:18.902] Recibido ASCII: <SOH>)2A<CR>
[2026-08-21 14:42:18.902] Recibido HEX: 01 29 32 41 0D
[2026-08-21 14:42:19.903] Enviado: ) | HEX: 1B 29 34 34 0D
[2026-08-21 14:42:19.903] Recibido ASCII: <SOH>)2A<CR>
[2026-08-21 14:42:19.904] Recibido HEX: 01 29 32 41 0D
[2026-08-21 14:42:20.904] Enviado: ) | HEX: 1B 29 34 34 0D
[2026-08-21 14:42:20.905] Recibido ASCII: <SOH>)2A<CR>
[2026-08-21 14:42:20.907] Recibido HEX: 01 29 32 41 0D
[2026-08-21 14:42:21.908] Enviado: ) | HEX: 1B 29 34 34 0D
[2026-08-21 14:42:21.908] Recibido ASCII: <SOH>)2A<CR>
[2026-08-21 14:42:21.909] Recibido HEX: 01 29 32 41 0D
[2026-08-21 14:42:22.910] Enviado: ) | HEX: 1B 29 34 34 0D
[2026-08-21 14:42:22.910] Recibido ASCII: <SOH>)2A<CR>
[2026-08-21 14:42:22.911] Recibido HEX: 01 29 32 41 0D
[2026-08-21 14:42:23.912] Enviado: ) | HEX: 1B 29 34 34 0D
[2026-08-21 14:42:23.912] Recibido ASCII: <SOH>)2A<CR>
[2026-08-21 14:42:23.912] Recibido HEX: 01 29 32 41 0D
[2026-08-21 14:42:24.913] Enviado: ) | HEX: 1B 29 34 34 0D
[2026-08-21 14:42:24.914] Recibido ASCII: <SOH>)2A<CR>
[2026-08-21 14:42:24.914] Recibido HEX: 01 29 32 41 0D
[2026-08-21 14:42:25.915] Enviado: ) | HEX: 1B 29 34 34 0D
[2026-08-21 14:42:25.916] Recibido ASCII: <SOH>)2A<CR>
[2026-08-21 14:42:25.916] Recibido HEX: 01 29 32 41 0D
[2026-08-21 14:45:17.750] Iniciando comunicación con Atlan A350 XL (8E1)...
[2026-08-21 14:45:17.755] Enviado: Q | HEX: 1B 51 36 43 0D
[2026-08-21 14:45:17.797] Recibido ASCII: <SOH>Q52<CR>
[2026-08-21 14:45:17.798] Recibido HEX: 01 51 35 32 0D
[2026-08-21 14:45:17.802] Enviado: R | HEX: 1B 52 36 44 0D
[2026-08-21 14:45:17.907] Recibido ASCII: <SOH>R5555'A3XX'02.10:0<ESC>R6D<CR>
[2026-08-21 14:45:17.908] Recibido HEX: 01 52 35 35 35 35 27 41 33 58 58 27 30 32 2E 31 30 3A 30 1B 52 36 44 0D
[2026-08-21 14:45:18.909] Enviado: $ | HEX: 1B 24 33 46 0D
[2026-08-21 14:45:18.910] Recibido ASCII: 6.00B8<CR>
[2026-08-21 14:45:18.910] Recibido HEX: 36 2E 30 30 42 38 0D
[2026-08-21 14:45:19.911] Enviado: $ | HEX: 1B 24 33 46 0D
[2026-08-21 14:45:19.912] Recibido ASCII: <SOH>$25<CR>
[2026-08-21 14:45:19.912] Recibido HEX: 01 24 32 35 0D
[2026-08-21 14:45:20.913] Enviado: $ | HEX: 1B 24 33 46 0D
[2026-08-21 14:45:20.914] Recibido ASCII: <SOH>$25<CR>
[2026-08-21 14:45:20.916] Recibido HEX: 01 24 32 35 0D
[2026-08-21 14:45:21.917] Enviado: $ | HEX: 1B 24 33 46 0D
[2026-08-21 14:45:21.918] Recibido ASCII: <SOH>$25<CR>
[2026-08-21 14:45:21.918] Recibido HEX: 01 24 32 35 0D
[2026-08-21 14:45:22.919] Enviado: $ | HEX: 1B 24 33 46 0D
[2026-08-21 14:45:22.919] Recibido ASCII: <SOH>$25<CR>
[2026-08-21 14:45:22.920] Recibido HEX: 01 24 32 35 0D
[2026-08-21 14:45:23.921] Enviado: $ | HEX: 1B 24 33 46 0D
[2026-08-21 14:45:23.921] Recibido ASCII: <SOH>$25<CR>
[2026-08-21 14:45:23.921] Recibido HEX: 01 24 32 35 0D
[2026-08-21 14:45:24.922] Enviado: $ | HEX: 1B 24 33 46 0D
[2026-08-21 14:45:24.923] Recibido ASCII: <SOH>$25<CR>
[2026-08-21 14:45:24.923] Recibido HEX: 01 24 32 35 0D
[2026-08-21 14:53:41.795] Iniciando comunicación con Atlan A350 XL (8E1)...
[2026-08-21 14:53:41.800] Enviado: Q | HEX: 1B 51 36 43 0D
[2026-08-21 14:53:41.802] Recibido ASCII: <CR>
[2026-08-21 14:53:41.803] Recibido HEX: 0D
[2026-08-21 14:54:37.149] Iniciando comunicación con Atlan A350 XL (8E1)...
[2026-08-21 14:54:37.154] Enviado: Q | HEX: 1B 51 36 43 0D
[2026-08-21 14:54:37.226] Recibido ASCII: <SOH>Q52<CR>
[2026-08-21 14:54:37.227] Recibido HEX: 01 51 35 32 0D
[2026-08-21 14:54:37.232] Enviado: R | HEX: 1B 52 36 44 0D
[2026-08-21 14:54:37.336] Recibido ASCII: <SOH>R5555'A3XX'02.10:0<ESC>R6D<CR>
[2026-08-21 14:54:37.337] Recibido HEX: 01 52 35 35 35 35 27 41 33 58 58 27 30 32 2E 31 30 3A 30 1B 52 36 44 0D
[2026-08-21 14:54:37.338] Enviado: 6666'Hola'00.20:04.01 | HEX: 1B 36 36 36 36 27 48 6F 6C 61 27 30 30 2E 32 30 3A 30 34 2E 30 31 45 32 0D
[2026-08-21 14:54:37.338] Recibido ASCII: 6.00B8<CR>
[2026-08-21 14:54:37.338] Recibido HEX: 36 2E 30 30 42 38 0D
[2026-08-21 14:54:38.339] Enviado: $ | HEX: 1B 24 33 46 0D
[2026-08-21 14:54:38.340] Recibido ASCII: <SOH>637<CR>
[2026-08-21 14:54:38.340] Recibido HEX: 01 36 33 37 0D
[2026-08-21 14:54:39.341] Enviado: $ | HEX: 1B 24 33 46 0D
[2026-08-21 14:54:39.342] Recibido ASCII: <SOH>$25<CR>
[2026-08-21 14:54:39.342] Recibido HEX: 01 24 32 35 0D
[2026-08-21 14:54:40.343] Enviado: $ | HEX: 1B 24 33 46 0D
[2026-08-21 14:54:40.344] Recibido ASCII: <SOH>$25<CR>
[2026-08-21 14:54:40.344] Recibido HEX: 01 24 32 35 0D
[2026-08-21 14:54:41.345] Enviado: $ | HEX: 1B 24 33 46 0D
[2026-08-21 14:54:41.345] Recibido ASCII: <SOH>$25<CR>
[2026-08-21 14:54:41.346] Recibido HEX: 01 24 32 35 0D
[2026-08-21 14:54:42.347] Enviado: $ | HEX: 1B 24 33 46 0D
[2026-08-21 14:54:42.347] Recibido ASCII: <SOH>$25<CR>
[2026-08-21 14:54:42.348] Recibido HEX: 01 24 32 35 0D
[2026-08-21 14:54:43.349] Enviado: $ | HEX: 1B 24 33 46 0D
[2026-08-21 14:54:43.349] Recibido ASCII: <SOH>$25<CR>
[2026-08-21 14:54:43.349] Recibido HEX: 01 24 32 35 0D
[2026-08-21 14:54:44.350] Enviado: $ | HEX: 1B 24 33 46 0D
[2026-08-21 14:54:44.351] Recibido ASCII: <SOH>$25<CR>
[2026-08-21 14:54:44.351] Recibido HEX: 01 24 32 35 0D
[2026-08-21 14:54:45.352] Enviado: $ | HEX: 1B 24 33 46 0D
[2026-08-21 14:54:45.353] Recibido ASCII: <SOH>$25<CR>
[2026-08-21 14:54:45.353] Recibido HEX: 01 24 32 35 0D
[2026-08-21 14:54:46.354] Enviado: $ | HEX: 1B 24 33 46 0D
[2026-08-21 14:54:46.355] Recibido ASCII: <SOH>$25<CR>
[2026-08-21 14:54:46.355] Recibido HEX: 01 24 32 35 0D
[2026-08-21 14:54:47.356] Enviado: $ | HEX: 1B 24 33 46 0D
[2026-08-21 14:54:47.357] Recibido ASCII: <SOH>$25<CR>
[2026-08-21 14:54:47.357] Recibido HEX: 01 24 32 35 0D
[2026-08-21 15:07:35.341] Iniciando comunicación con Atlan A350 XL (8E1)...
[2026-08-21 15:07:35.346] Enviado: Q | HEX: 1B 51 36 43 0D
[2026-08-21 15:07:35.348] Recibido ASCII: <CR>
[2026-08-21 15:07:35.349] Recibido HEX: 0D
[2026-08-21 15:07:37.794] Iniciando comunicación con Atlan A350 XL (8E1)...
[2026-08-21 15:07:37.799] Enviado: Q | HEX: 1B 51 36 43 0D
[2026-08-21 15:07:37.871] Recibido ASCII: <SOH>Q52<CR>
[2026-08-21 15:07:37.872] Recibido HEX: 01 51 35 32 0D
[2026-08-21 15:07:37.876] Enviado: R | HEX: 1B 52 36 44 0D
[2026-08-21 15:07:37.981] Recibido ASCII: <SOH>R5555'A3XX'02.10:0<ESC>R6D<CR>
[2026-08-21 15:07:37.982] Recibido HEX: 01 52 35 35 35 35 27 41 33 58 58 27 30 32 2E 31 30 3A 30 1B 52 36 44 0D
[2026-08-21 15:07:37.983] Enviado: 6666'Hola'00.20:04.01 | HEX: 1B 36 36 36 36 27 48 6F 6C 61 27 30 30 2E 32 30 3A 30 34 2E 30 31 45 32 0D
[2026-08-21 15:07:37.983] Recibido ASCII: 6.00B8<CR>
[2026-08-21 15:07:37.983] Recibido HEX: 36 2E 30 30 42 38 0D
[2026-08-21 15:07:38.985] Enviado: $+ | HEX: 1B 24 2B 36 41 0D
[2026-08-21 15:07:38.985] Recibido ASCII: <SOH>637<CR>
[2026-08-21 15:07:38.986] Recibido HEX: 01 36 33 37 0D
[2026-08-21 15:07:39.987] Enviado: $+ | HEX: 1B 24 2B 36 41 0D
[2026-08-21 15:07:39.987] Recibido ASCII: <SOH>$25<CR>
[2026-08-21 15:07:39.987] Recibido HEX: 01 24 32 35 0D
[2026-08-21 15:07:40.988] Enviado: $+ | HEX: 1B 24 2B 36 41 0D
[2026-08-21 15:07:40.989] Recibido ASCII: <SOH>$25<CR>
[2026-08-21 15:07:40.989] Recibido HEX: 01 24 32 35 0D
[2026-08-21 15:07:41.991] Enviado: $+ | HEX: 1B 24 2B 36 41 0D
[2026-08-21 15:07:41.991] Recibido ASCII: <SOH>$25<CR>
[2026-08-21 15:07:41.991] Recibido HEX: 01 24 32 35 0D
[2026-08-21 15:07:42.993] Enviado: $+ | HEX: 1B 24 2B 36 41 0D
[2026-08-21 15:07:42.993] Recibido ASCII: <SOH>$25<CR>
[2026-08-21 15:07:42.994] Recibido HEX: 01 24 32 35 0D
[2026-08-21 15:07:43.995] Enviado: $+ | HEX: 1B 24 2B 36 41 0D
[2026-08-21 15:07:43.995] Recibido ASCII: <SOH>$25<CR>
[2026-08-21 15:07:43.996] Recibido HEX: 01 24 32 35 0D
[2026-08-21 15:07:44.997] Enviado: $+ | HEX: 1B 24 2B 36 41 0D
[2026-08-21 15:07:44.997] Recibido ASCII: <SOH>$25<CR>
[2026-08-21 15:07:44.997] Recibido HEX: 01 24 32 35 0D
[2026-08-21 15:07:45.999] Enviado: $+ | HEX: 1B 24 2B 36 41 0D
[2026-08-21 15:07:45.999] Recibido ASCII: <SOH>$25<CR>
[2026-08-21 15:07:45.999] Recibido HEX: 01 24 32 35 0D
[2026-08-21 15:07:47.000] Enviado: $+ | HEX: 1B 24 2B 36 41 0D
[2026-08-21 15:07:47.001] Recibido ASCII: <SOH>$25<CR>
[2026-08-21 15:07:47.001] Recibido HEX: 01 24 32 35 0D
[2026-08-21 15:07:48.002] Enviado: $+ | HEX: 1B 24 2B 36 41 0D
[2026-08-21 15:07:48.003] Recibido ASCII: <SOH>$25<CR>
[2026-08-21 15:07:48.004] Recibido HEX: 01 24 32 35 0D
[2026-08-21 15:07:49.004] Enviado: $+ | HEX: 1B 24 2B 36 41 0D
[2026-08-21 15:07:49.005] Recibido ASCII: <SOH>$25<CR>
[2026-08-21 15:07:49.005] Recibido HEX: 01 24 32 35 0D
[2026-08-21 15:07:50.006] Enviado: $+ | HEX: 1B 24 2B 36 41 0D
[2026-08-21 15:07:50.007] Recibido ASCII: <ESC>R6D<CR>
[2026-08-21 15:07:50.007] Recibido HEX: 1B 52 36 44 0D
[2026-08-21 15:07:51.008] Enviado: $+ | HEX: 1B 24 2B 36 41 0D
[2026-08-21 15:07:51.009] Recibido ASCII: <SOH>$25<CR>
[2026-08-21 15:07:51.009] Recibido HEX: 01 24 32 35 0D
[2026-08-21 15:07:52.010] Enviado: $+ | HEX: 1B 24 2B 36 41 0D
[2026-08-21 15:07:52.011] Recibido ASCII: <SOH>$25<CR>
[2026-08-21 15:07:52.011] Recibido HEX: 01 24 32 35 0D
[2026-08-21 15:07:53.012] Enviado: $+ | HEX: 1B 24 2B 36 41 0D
[2026-08-21 15:07:53.013] Recibido ASCII: <SOH>$25<CR>
[2026-08-21 15:07:53.013] Recibido HEX: 01 24 32 35 0D
[2026-08-21 15:07:54.015] Enviado: $+ | HEX: 1B 24 2B 36 41 0D
[2026-08-21 15:07:54.016] Recibido ASCII: <SOH>$25<CR>
[2026-08-21 15:07:54.016] Recibido HEX: 01 24 32 35 0D
[2026-08-21 15:07:55.017] Enviado: $+ | HEX: 1B 24 2B 36 41 0D
[2026-08-21 15:07:55.018] Recibido ASCII: <SOH>$25<CR>
[2026-08-21 15:07:55.018] Recibido HEX: 01 24 32 35 0D
[2026-08-21 15:07:56.019] Enviado: $+ | HEX: 1B 24 2B 36 41 0D
[2026-08-21 15:07:56.020] Recibido ASCII: <SOH>$25<CR>
[2026-08-21 15:07:56.020] Recibido HEX: 01 24 32 35 0D
[2026-08-21 15:09:19.795] Iniciando comunicación con Atlan A350 XL (8E1)...
[2026-08-21 15:09:19.800] Enviado: Q | HEX: 1B 51 36 43 0D
[2026-08-21 15:09:19.873] Recibido ASCII: <SOH>Q52<CR>
[2026-08-21 15:09:19.873] Recibido HEX: 01 51 35 32 0D
[2026-08-21 15:09:19.877] Enviado: R | HEX: 1B 52 36 44 0D
[2026-08-21 15:09:19.983] Recibido ASCII: <SOH>R5555'A3XX'02.10:0<ESC>R6D<CR>
[2026-08-21 15:09:19.984] Recibido HEX: 01 52 35 35 35 35 27 41 33 58 58 27 30 32 2E 31 30 3A 30 1B 52 36 44 0D
[2026-08-21 15:09:19.984] Enviado: 6666'Hola'00.20:04.01 | HEX: 1B 36 36 36 36 27 48 6F 6C 61 27 30 30 2E 32 30 3A 30 34 2E 30 31 45 32 0D
[2026-08-21 15:09:19.984] Recibido ASCII: 6.00B8<CR>
[2026-08-21 15:09:19.985] Recibido HEX: 36 2E 30 30 42 38 0D
[2026-08-21 15:09:20.986] Enviado: $+ | HEX: 1B 24 2B 36 41 0D
[2026-08-21 15:09:20.986] Recibido ASCII: <SOH>637<CR>
[2026-08-21 15:09:20.987] Recibido HEX: 01 36 33 37 0D
[2026-08-21 15:09:21.988] Enviado: $+ | HEX: 1B 24 2B 36 41 0D
[2026-08-21 15:09:21.988] Recibido ASCII: <SOH>$25<CR>
[2026-08-21 15:09:21.989] Recibido HEX: 01 24 32 35 0D
[2026-08-21 15:09:22.990] Enviado: $+ | HEX: 1B 24 2B 36 41 0D
[2026-08-21 15:09:22.990] Recibido ASCII: <SOH>$25<CR>
[2026-08-21 15:09:22.991] Recibido HEX: 01 24 32 35 0D
[2026-08-21 15:09:23.991] Enviado: $+ | HEX: 1B 24 2B 36 41 0D
[2026-08-21 15:09:23.992] Recibido ASCII: <SOH>$25<CR>
[2026-08-21 15:09:23.992] Recibido HEX: 01 24 32 35 0D
[2026-08-21 15:09:24.993] Enviado: $+ | HEX: 1B 24 2B 36 41 0D
[2026-08-21 15:09:24.993] Recibido ASCII: <SOH>$25<CR>
[2026-08-21 15:09:24.994] Recibido HEX: 01 24 32 35 0D
[2026-08-21 15:09:25.994] Enviado: $+ | HEX: 1B 24 2B 36 41 0D
[2026-08-21 15:09:25.995] Recibido ASCII: <SOH>$25<CR>
[2026-08-21 15:09:25.995] Recibido HEX: 01 24 32 35 0D
[2026-08-21 15:09:26.996] Enviado: $+ | HEX: 1B 24 2B 36 41 0D
[2026-08-21 15:09:26.996] Recibido ASCII: <SOH>$25<CR>
[2026-08-21 15:09:26.997] Recibido HEX: 01 24 32 35 0D
[2026-08-21 15:09:27.997] Enviado: $+ | HEX: 1B 24 2B 36 41 0D
[2026-08-21 15:09:27.998] Recibido ASCII: <SOH>$25<CR>
[2026-08-21 15:09:27.998] Recibido HEX: 01 24 32 35 0D
[2026-08-21 15:09:29.000] Enviado: $+ | HEX: 1B 24 2B 36 41 0D
[2026-08-21 15:09:29.000] Recibido ASCII: <SOH>$25<CR>
[2026-08-21 15:09:29.001] Recibido HEX: 01 24 32 35 0D
[2026-08-21 15:09:30.002] Enviado: $+ | HEX: 1B 24 2B 36 41 0D
[2026-08-21 15:09:30.002] Recibido ASCII: <SOH>$25<CR>
[2026-08-21 15:09:30.002] Recibido HEX: 01 24 32 35 0D
[2026-08-21 15:09:31.003] Enviado: $+ | HEX: 1B 24 2B 36 41 0D
[2026-08-21 15:09:31.003] Recibido ASCII: <SOH>$25<CR>
[2026-08-21 15:09:31.004] Recibido HEX: 01 24 32 35 0D
[2026-08-21 15:09:32.004] Enviado: $+ | HEX: 1B 24 2B 36 41 0D
[2026-08-21 15:09:32.005] Recibido ASCII: <ESC>R6D<CR>
[2026-08-21 15:09:32.005] Recibido HEX: 1B 52 36 44 0D
[2026-08-21 15:09:33.006] Enviado: CB | HEX: 1B 43 42 0E 41 45 0D
[2026-08-21 15:09:33.007] Enviado: $+ | HEX: 1B 24 2B 36 41 0D
[2026-08-21 15:09:33.007] Recibido ASCII: <SOH>$25<CR>
[2026-08-21 15:09:33.007] Recibido HEX: 01 24 32 35 0D
[2026-08-21 15:09:34.008] Enviado: $+ | HEX: 1B 24 2B 36 41 0D
[2026-08-21 15:09:34.008] Recibido ASCII: <SOH>$25<CR>
[2026-08-21 15:09:34.009] Recibido HEX: 01 24 32 35 0D
[2026-08-21 15:09:35.009] Enviado: $+ | HEX: 1B 24 2B 36 41 0D
[2026-08-21 15:09:35.010] Recibido ASCII: <SOH>C44<CR>
[2026-08-21 15:09:35.010] Recibido HEX: 01 43 34 34 0D
[2026-08-21 15:09:36.011] Enviado: $+ | HEX: 1B 24 2B 36 41 0D
[2026-08-21 15:09:36.011] Recibido ASCII: <SOH>$25<CR>
[2026-08-21 15:09:36.012] Recibido HEX: 01 24 32 35 0D
[2026-08-21 15:09:37.013] Enviado: $+ | HEX: 1B 24 2B 36 41 0D
[2026-08-21 15:09:37.013] Recibido ASCII: <SOH>$25<CR>
[2026-08-21 15:09:37.013] Recibido HEX: 01 24 32 35 0D
[2026-08-21 15:09:38.014] Enviado: $+ | HEX: 1B 24 2B 36 41 0D
[2026-08-21 15:09:38.015] Recibido ASCII: <SOH>$25<CR>
[2026-08-21 15:09:38.015] Recibido HEX: 01 24 32 35 0D
[2026-08-21 15:09:39.015] Enviado: $+ | HEX: 1B 24 2B 36 41 0D
[2026-08-21 15:09:39.016] Recibido ASCII: <SOH>$25<CR>
[2026-08-21 15:09:39.016] Recibido HEX: 01 24 32 35 0D
[2026-08-21 15:09:49.555] Iniciando comunicación con Atlan A350 XL (8E1)...
[2026-08-21 15:09:49.561] Enviado: Q | HEX: 1B 51 36 43 0D
[2026-08-21 15:09:49.680] Recibido ASCII: <SOH>Q52<CR>
[2026-08-21 15:09:49.680] Recibido HEX: 01 51 35 32 0D
[2026-08-21 15:09:49.684] Enviado: R | HEX: 1B 52 36 44 0D
[2026-08-21 15:09:49.790] Recibido ASCII: <SOH>R5555'A3XX'02.10:0<ESC>R6D<CR>
[2026-08-21 15:09:49.791] Recibido HEX: 01 52 35 35 35 35 27 41 33 58 58 27 30 32 2E 31 30 3A 30 1B 52 36 44 0D
[2026-08-21 15:09:49.791] Enviado: 6666'Hola'00.20:04.01 | HEX: 1B 36 36 36 36 27 48 6F 6C 61 27 30 30 2E 32 30 3A 30 34 2E 30 31 45 32 0D
[2026-08-21 15:09:49.792] Recibido ASCII: 6.00B8<CR>
[2026-08-21 15:09:49.792] Recibido HEX: 36 2E 30 30 42 38 0D
[2026-08-21 15:09:50.793] Enviado: $+ | HEX: 1B 24 2B 36 41 0D
[2026-08-21 15:09:50.794] Recibido ASCII: <SOH>637<CR>
[2026-08-21 15:09:50.794] Recibido HEX: 01 36 33 37 0D
[2026-08-21 15:09:51.794] Enviado: $+ | HEX: 1B 24 2B 36 41 0D
[2026-08-21 15:09:51.795] Recibido ASCII: <SOH>$25<CR>
[2026-08-21 15:09:51.795] Recibido HEX: 01 24 32 35 0D
[2026-08-21 15:09:52.796] Enviado: $+ | HEX: 1B 24 2B 36 41 0D
[2026-08-21 15:09:52.796] Recibido ASCII: <SOH>$25<CR>
[2026-08-21 15:09:52.798] Recibido HEX: 01 24 32 35 0D
[2026-08-21 15:09:53.799] Enviado: $+ | HEX: 1B 24 2B 36 41 0D
[2026-08-21 15:09:53.799] Recibido ASCII: <SOH>$25<CR>
[2026-08-21 15:09:53.800] Recibido HEX: 01 24 32 35 0D
[2026-08-21 15:09:54.800] Enviado: $+ | HEX: 1B 24 2B 36 41 0D
[2026-08-21 15:09:54.801] Recibido ASCII: <SOH>$25<CR>
[2026-08-21 15:09:54.801] Recibido HEX: 01 24 32 35 0D
[2026-08-21 15:09:55.802] Enviado: $+ | HEX: 1B 24 2B 36 41 0D
[2026-08-21 15:09:55.802] Recibido ASCII: <SOH>$25<CR>
[2026-08-21 15:09:55.803] Recibido HEX: 01 24 32 35 0D
[2026-08-21 15:09:56.804] Enviado: $+ | HEX: 1B 24 2B 36 41 0D
[2026-08-21 15:09:56.804] Recibido ASCII: <SOH>$25<CR>
[2026-08-21 15:09:56.804] Recibido HEX: 01 24 32 35 0D
[2026-08-21 15:09:57.805] Enviado: $+ | HEX: 1B 24 2B 36 41 0D
[2026-08-21 15:09:57.805] Recibido ASCII: <SOH>$25<CR>
[2026-08-21 15:09:57.807] Recibido HEX: 01 24 32 35 0D
[2026-08-21 15:09:58.807] Enviado: $+ | HEX: 1B 24 2B 36 41 0D
[2026-08-21 15:09:58.808] Recibido ASCII: <SOH>$25<CR>
[2026-08-21 15:09:58.808] Recibido HEX: 01 24 32 35 0D
[2026-08-21 15:09:59.809] Enviado: $+ | HEX: 1B 24 2B 36 41 0D
[2026-08-21 15:09:59.809] Recibido ASCII: <SOH>$25<CR>
[2026-08-21 15:09:59.810] Recibido HEX: 01 24 32 35 0D
[2026-08-21 15:10:00.810] Enviado: $+ | HEX: 1B 24 2B 36 41 0D
[2026-08-21 15:10:00.811] Recibido ASCII: <SOH>$25<CR>
[2026-08-21 15:10:00.811] Recibido HEX: 01 24 32 35 0D
[2026-08-21 15:10:01.812] Enviado: $+ | HEX: 1B 24 2B 36 41 0D
[2026-08-21 15:10:01.813] Recibido ASCII: <ESC>R6D<CR>
[2026-08-21 15:10:01.813] Recibido HEX: 1B 52 36 44 0D
[2026-08-21 15:10:02.814] Enviado: 6666'Hola'00.20:04.01 | HEX: 1B 36 36 36 36 27 48 6F 6C 61 27 30 30 2E 32 30 3A 30 34 2E 30 31 45 32 0D
[2026-08-21 15:10:02.815] Enviado: $+ | HEX: 1B 24 2B 36 41 0D
[2026-08-21 15:10:02.815] Recibido ASCII: <SOH>$25<CR>
[2026-08-21 15:10:02.815] Recibido HEX: 01 24 32 35 0D
[2026-08-21 15:10:03.816] Enviado: $+ | HEX: 1B 24 2B 36 41 0D
[2026-08-21 15:10:03.816] Recibido ASCII: <SOH>$25<CR>
[2026-08-21 15:10:03.816] Recibido HEX: 01 24 32 35 0D
[2026-08-21 15:10:04.818] Enviado: $+ | HEX: 1B 24 2B 36 41 0D
[2026-08-21 15:10:04.818] Recibido ASCII: <SOH>637<CR>
[2026-08-21 15:10:04.818] Recibido HEX: 01 36 33 37 0D
[2026-08-21 15:10:05.819] Enviado: $+ | HEX: 1B 24 2B 36 41 0D
[2026-08-21 15:10:05.819] Recibido ASCII: <SOH>$25<CR>
[2026-08-21 15:10:05.820] Recibido HEX: 01 24 32 35 0D
[2026-08-21 15:10:06.821] Enviado: $+ | HEX: 1B 24 2B 36 41 0D
[2026-08-21 15:10:06.821] Recibido ASCII: <SOH>$25<CR>
[2026-08-21 15:10:06.821] Recibido HEX: 01 24 32 35 0D
[2026-08-21 15:10:07.822] Enviado: $+ | HEX: 1B 24 2B 36 41 0D
[2026-08-21 15:10:07.822] Recibido ASCII: <SOH>$25<CR>
[2026-08-21 15:10:07.823] Recibido HEX: 01 24 32 35 0D
[2026-08-21 15:10:08.825] Enviado: $+ | HEX: 1B 24 2B 36 41 0D
[2026-08-21 15:10:08.825] Recibido ASCII: <SOH>$25<CR>
[2026-08-21 15:10:08.825] Recibido HEX: 01 24 32 35 0D
[2026-08-21 15:10:09.826] Enviado: $+ | HEX: 1B 24 2B 36 41 0D
[2026-08-21 15:10:09.827] Recibido ASCII: <SOH>$25<CR>
[2026-08-21 15:10:09.827] Recibido HEX: 01 24 32 35 0D
[2026-08-21 15:10:10.828] Enviado: $+ | HEX: 1B 24 2B 36 41 0D
[2026-08-21 15:10:10.828] Recibido ASCII: <SOH>$25<CR>
[2026-08-21 15:10:10.828] Recibido HEX: 01 24 32 35 0D
[2026-08-21 15:12:14.048] Iniciando comunicación con Atlan A350 XL (8E1)...
[2026-08-21 15:12:14.053] Enviado: Q | HEX: 1B 51 36 43 0D
[2026-08-21 15:12:14.077] Recibido ASCII: <SOH>Q52<CR>
[2026-08-21 15:12:14.078] Recibido HEX: 01 51 35 32 0D
[2026-08-21 15:12:14.083] Enviado: R | HEX: 1B 52 36 44 0D
[2026-08-21 15:12:14.187] Recibido ASCII: <SOH>R5555'A3XX'02.10:0<ESC>R6D<CR>
[2026-08-21 15:12:14.188] Recibido HEX: 01 52 35 35 35 35 27 41 33 58 58 27 30 32 2E 31 30 3A 30 1B 52 36 44 0D
[2026-08-21 15:12:14.189] Enviado: 6666'Hola'00.20:04.01 | HEX: 1B 36 36 36 36 27 48 6F 6C 61 27 30 30 2E 32 30 3A 30 34 2E 30 31 45 32 0D
[2026-08-21 15:12:14.189] Recibido ASCII: 6.00B8<CR>
[2026-08-21 15:12:14.189] Recibido HEX: 36 2E 30 30 42 38 0D
[2026-08-21 15:12:15.191] Enviado: $+ | HEX: 1B 24 2B 36 41 0D
[2026-08-21 15:12:15.191] Recibido ASCII: <SOH>637<CR>
[2026-08-21 15:12:15.191] Recibido HEX: 01 36 33 37 0D
[2026-08-21 15:12:16.192] Enviado: $+ | HEX: 1B 24 2B 36 41 0D
[2026-08-21 15:12:16.193] Recibido ASCII: <SOH>$25<CR>
[2026-08-21 15:12:16.193] Recibido HEX: 01 24 32 35 0D
[2026-08-21 15:12:17.194] Enviado: $+ | HEX: 1B 24 2B 36 41 0D
[2026-08-21 15:12:17.194] Recibido ASCII: <SOH>$25<CR>
[2026-08-21 15:12:17.196] Recibido HEX: 01 24 32 35 0D
[2026-08-21 15:12:18.196] Enviado: $+ | HEX: 1B 24 2B 36 41 0D
[2026-08-21 15:12:18.197] Recibido ASCII: <SOH>$25<CR>
[2026-08-21 15:12:18.197] Recibido HEX: 01 24 32 35 0D
[2026-08-21 15:12:19.198] Enviado: $+ | HEX: 1B 24 2B 36 41 0D
[2026-08-21 15:12:19.198] Recibido ASCII: <SOH>$25<CR>
[2026-08-21 15:12:19.199] Recibido HEX: 01 24 32 35 0D
[2026-08-21 15:12:20.200] Enviado: $+ | HEX: 1B 24 2B 36 41 0D
[2026-08-21 15:12:20.200] Recibido ASCII: <SOH>$25<CR>
[2026-08-21 15:12:20.201] Recibido HEX: 01 24 32 35 0D
[2026-08-21 15:12:21.201] Enviado: $+ | HEX: 1B 24 2B 36 41 0D
[2026-08-21 15:12:21.202] Recibido ASCII: <SOH>$25<CR>
[2026-08-21 15:12:21.202] Recibido HEX: 01 24 32 35 0D
[2026-08-21 15:12:22.203] Enviado: $+ | HEX: 1B 24 2B 36 41 0D
[2026-08-21 15:12:22.203] Recibido ASCII: <SOH>$25<CR>
[2026-08-21 15:12:22.203] Recibido HEX: 01 24 32 35 0D
[2026-08-21 15:12:23.204] Enviado: $+ | HEX: 1B 24 2B 36 41 0D
[2026-08-21 15:12:23.205] Recibido ASCII: <SOH>$25<CR>
[2026-08-21 15:12:23.205] Recibido HEX: 01 24 32 35 0D
[2026-08-21 15:12:24.206] Enviado: $+ | HEX: 1B 24 2B 36 41 0D
[2026-08-21 15:12:24.206] Recibido ASCII: <SOH>$25<CR>
[2026-08-21 15:12:24.207] Recibido HEX: 01 24 32 35 0D
[2026-08-21 15:12:25.208] Enviado: $+ | HEX: 1B 24 2B 36 41 0D
[2026-08-21 15:12:25.208] Recibido ASCII: <SOH>$25<CR>
[2026-08-21 15:12:25.209] Recibido HEX: 01 24 32 35 0D
[2026-08-21 15:12:26.209] Enviado: $+ | HEX: 1B 24 2B 36 41 0D
[2026-08-21 15:12:26.210] Recibido ASCII: <ESC>R6D<CR>
[2026-08-21 15:12:26.210] Recibido HEX: 1B 52 36 44 0D
[2026-08-21 15:12:27.212] Enviado: 6666'Hola'00.20:04.01 | HEX: 1B 36 36 36 36 27 48 6F 6C 61 27 30 30 2E 32 30 3A 30 34 2E 30 31 45 32 0D
[2026-08-21 15:12:27.212] Enviado: $+ | HEX: 1B 24 2B 36 41 0D
[2026-08-21 15:12:27.212] Recibido ASCII: <SOH>$25<CR>
[2026-08-21 15:12:27.213] Recibido HEX: 01 24 32 35 0D
[2026-08-21 15:12:28.214] Enviado: $+ | HEX: 1B 24 2B 36 41 0D
[2026-08-21 15:12:28.215] Recibido ASCII: <SOH>$25<CR>
[2026-08-21 15:12:28.215] Recibido HEX: 01 24 32 35 0D
[2026-08-21 15:12:29.216] Enviado: $+ | HEX: 1B 24 2B 36 41 0D
[2026-08-21 15:12:29.216] Recibido ASCII: <SOH>637<CR>
[2026-08-21 15:12:29.216] Recibido HEX: 01 36 33 37 0D
[2026-08-21 15:12:30.217] Enviado: $+ | HEX: 1B 24 2B 36 41 0D
[2026-08-21 15:12:30.217] Recibido ASCII: <SOH>$25<CR>
[2026-08-21 15:12:30.218] Recibido HEX: 01 24 32 35 0D
[2026-08-21 15:12:31.218] Enviado: $+ | HEX: 1B 24 2B 36 41 0D
[2026-08-21 15:12:31.219] Recibido ASCII: <SOH>$25<CR>
[2026-08-21 15:12:31.219] Recibido HEX: 01 24 32 35 0D
[2026-08-21 15:12:32.220] Enviado: $+ | HEX: 1B 24 2B 36 41 0D
[2026-08-21 15:12:32.220] Recibido ASCII: <SOH>$25<CR>
[2026-08-21 15:12:32.221] Recibido HEX: 01 24 32 35 0D
[2026-08-21 15:12:33.222] Enviado: $+ | HEX: 1B 24 2B 36 41 0D
[2026-08-21 15:12:33.223] Recibido ASCII: <SOH>$25<CR>
[2026-08-21 15:12:33.223] Recibido HEX: 01 24 32 35 0D
[2026-08-21 15:12:34.224] Enviado: $+ | HEX: 1B 24 2B 36 41 0D
[2026-08-21 15:12:34.224] Recibido ASCII: <SOH>$25<CR>
[2026-08-21 15:12:34.224] Recibido HEX: 01 24 32 35 0D
[2026-08-21 15:12:35.225] Enviado: $+ | HEX: 1B 24 2B 36 41 0D
[2026-08-21 15:12:35.225] Recibido ASCII: <SOH>$25<CR>
[2026-08-21 15:12:35.226] Recibido HEX: 01 24 32 35 0D
[2026-08-21 15:12:36.226] Enviado: $+ | HEX: 1B 24 2B 36 41 0D
[2026-08-21 15:12:36.227] Recibido ASCII: <SOH>$25<CR>
[2026-08-21 15:12:36.227] Recibido HEX: 01 24 32 35 0D
[2026-08-21 15:12:37.228] Enviado: $+ | HEX: 1B 24 2B 36 41 0D
[2026-08-21 15:12:37.228] Recibido ASCII: <SOH>$25<CR>
[2026-08-21 15:12:37.229] Recibido HEX: 01 24 32 35 0D
[2026-08-21 15:12:38.229] Enviado: $+ | HEX: 1B 24 2B 36 41 0D
[2026-08-21 15:12:38.230] Recibido ASCII: <ESC>R6D<CR>
[2026-08-21 15:12:38.230] Recibido HEX: 1B 52 36 44 0D
[2026-08-21 15:12:39.231] Enviado: 6666'Hola'00.20:04.01 | HEX: 1B 36 36 36 36 27 48 6F 6C 61 27 30 30 2E 32 30 3A 30 34 2E 30 31 45 32 0D
[2026-08-21 15:12:39.231] Enviado: $+ | HEX: 1B 24 2B 36 41 0D
[2026-08-21 15:12:39.232] Recibido ASCII: <SOH>$25<CR>
[2026-08-21 15:12:39.232] Recibido HEX: 01 24 32 35 0D
[2026-08-21 15:12:40.232] Enviado: $+ | HEX: 1B 24 2B 36 41 0D
[2026-08-21 15:12:40.233] Recibido ASCII: <SOH>$25<CR>
[2026-08-21 15:12:40.233] Recibido HEX: 01 24 32 35 0D
[2026-08-21 15:12:41.234] Enviado: $+ | HEX: 1B 24 2B 36 41 0D
[2026-08-21 15:12:41.234] Recibido ASCII: <SOH>$25<CR>
[2026-08-21 15:12:41.235] Recibido HEX: 01 24 32 35 0D
[2026-08-21 15:12:42.235] Enviado: $+ | HEX: 1B 24 2B 36 41 0D
[2026-08-21 15:12:42.236] Recibido ASCII: <SOH>$25<CR>
[2026-08-21 15:12:42.236] Recibido HEX: 01 24 32 35 0D
[2026-08-21 15:12:43.237] Enviado: $+ | HEX: 1B 24 2B 36 41 0D
[2026-08-21 15:12:43.237] Recibido ASCII: <SOH>637<CR>
[2026-08-21 15:12:43.238] Recibido HEX: 01 36 33 37 0D
[2026-08-21 15:12:44.239] Enviado: $+ | HEX: 1B 24 2B 36 41 0D
[2026-08-21 15:12:44.239] Recibido ASCII: <SOH>$25<CR>
[2026-08-21 15:12:44.239] Recibido HEX: 01 24 32 35 0D
[2026-08-21 15:12:45.240] Enviado: $+ | HEX: 1B 24 2B 36 41 0D
[2026-08-21 15:12:45.240] Recibido ASCII: <SOH>$25<CR>
[2026-08-21 15:12:45.241] Recibido HEX: 01 24 32 35 0D
[2026-08-21 15:12:46.241] Enviado: $+ | HEX: 1B 24 2B 36 41 0D
[2026-08-21 15:12:46.242] Recibido ASCII: <SOH>$25<CR>
[2026-08-21 15:12:46.242] Recibido HEX: 01 24 32 35 0D
[2026-08-21 15:12:47.243] Enviado: $+ | HEX: 1B 24 2B 36 41 0D
[2026-08-21 15:12:47.243] Recibido ASCII: <SOH>$25<CR>
[2026-08-21 15:12:47.245] Recibido HEX: 01 24 32 35 0D
[2026-08-21 15:12:48.246] Enviado: $+ | HEX: 1B 24 2B 36 41 0D
[2026-08-21 15:12:48.246] Recibido ASCII: <SOH>$25<CR>
[2026-08-21 15:12:48.246] Recibido HEX: 01 24 32 35 0D
[2026-08-21 15:12:49.247] Enviado: $+ | HEX: 1B 24 2B 36 41 0D
[2026-08-21 15:12:49.247] Recibido ASCII: <SOH>$25<CR>
[2026-08-21 15:12:49.248] Recibido HEX: 01 24 32 35 0D
[2026-08-21 15:12:50.248] Enviado: $+ | HEX: 1B 24 2B 36 41 0D
[2026-08-21 15:12:50.248] Recibido ASCII: <SOH>$25<CR>
[2026-08-21 15:12:50.249] Recibido HEX: 01 24 32 35 0D
[2026-08-21 15:12:51.249] Enviado: $+ | HEX: 1B 24 2B 36 41 0D
[2026-08-21 15:12:51.250] Recibido ASCII: <ESC>Q6C<CR>
[2026-08-21 15:12:51.250] Recibido HEX: 1B 51 36 43 0D
[2026-08-21 15:12:52.251] Enviado: Q | HEX: 1B 51 36 43 0D
[2026-08-21 15:12:52.251] Enviado: $+ | HEX: 1B 24 2B 36 41 0D
[2026-08-21 15:12:52.252] Recibido ASCII: <SOH>.16<CR>
[2026-08-21 15:12:52.252] Recibido HEX: 01 15 31 36 0D
[2026-08-21 15:12:53.253] Enviado: $+ | HEX: 1B 24 2B 36 41 0D
[2026-08-21 15:12:53.254] Recibido ASCII: <SOH>.16<CR>
[2026-08-21 15:12:53.254] Recibido HEX: 01 15 31 36 0D
[2026-08-21 15:12:54.255] Enviado: $+ | HEX: 1B 24 2B 36 41 0D
[2026-08-21 15:12:54.255] Recibido ASCII: <SOH>.16<CR>
[2026-08-21 15:12:54.255] Recibido HEX: 01 15 31 36 0D
[2026-08-21 15:12:55.256] Enviado: $+ | HEX: 1B 24 2B 36 41 0D
[2026-08-21 15:12:55.256] Recibido ASCII: <SOH>.16<CR>
[2026-08-21 15:12:55.256] Recibido HEX: 01 15 31 36 0D
[2026-08-21 15:17:33.424] Iniciando comunicación con Atlan A350 XL (8E1)...
[2026-08-21 15:17:33.429] Enviado: Q | HEX: 1B 51 36 43 0D
[2026-08-21 15:17:33.432] Recibido ASCII: <CR>
[2026-08-21 15:17:33.432] Recibido HEX: 0D
[2026-08-21 15:17:38.307] Iniciando comunicación con Atlan A350 XL (8E1)...
[2026-08-21 15:17:38.312] Enviado: Q | HEX: 1B 51 36 43 0D
[2026-08-21 15:17:38.399] Recibido ASCII: <SOH>Q52<CR>
[2026-08-21 15:17:38.399] Recibido HEX: 01 51 35 32 0D
[2026-08-21 15:17:38.404] Enviado: R | HEX: 1B 52 36 44 0D
[2026-08-21 15:17:38.509] Recibido ASCII: <SOH>R5555'A3XX'02.10:0<ESC>R6D<CR>
[2026-08-21 15:17:38.509] Recibido HEX: 01 52 35 35 35 35 27 41 33 58 58 27 30 32 2E 31 30 3A 30 1B 52 36 44 0D
[2026-08-21 15:17:38.510] Enviado: 6666'Hola'00.20:04.01 | HEX: 1B 36 36 36 36 27 48 6F 6C 61 27 30 30 2E 32 30 3A 30 34 2E 30 31 45 32 0D
[2026-08-21 15:17:38.510] Recibido ASCII: 6.00B8<CR>
[2026-08-21 15:17:38.511] Recibido HEX: 36 2E 30 30 42 38 0D
[2026-08-21 15:17:39.512] Enviado: $+ | HEX: 1B 24 2B 36 41 0D
[2026-08-21 15:17:39.512] Recibido ASCII: <SOH>637<CR>
[2026-08-21 15:17:39.512] Recibido HEX: 01 36 33 37 0D
[2026-08-21 15:17:40.513] Enviado: $+ | HEX: 1B 24 2B 36 41 0D
[2026-08-21 15:17:40.514] Recibido ASCII: <SOH>$25<CR>
[2026-08-21 15:17:40.514] Recibido HEX: 01 24 32 35 0D
[2026-08-21 15:17:41.515] Enviado: $+ | HEX: 1B 24 2B 36 41 0D
[2026-08-21 15:17:41.515] Recibido ASCII: <SOH>$25<CR>
[2026-08-21 15:17:41.516] Recibido HEX: 01 24 32 35 0D
[2026-08-21 15:17:42.517] Enviado: $+ | HEX: 1B 24 2B 36 41 0D
[2026-08-21 15:17:42.517] Recibido ASCII: <SOH>$25<CR>
[2026-08-21 15:17:42.518] Recibido HEX: 01 24 32 35 0D
[2026-08-21 15:17:43.518] Enviado: $+ | HEX: 1B 24 2B 36 41 0D
[2026-08-21 15:17:43.519] Recibido ASCII: <SOH>$25<CR>
[2026-08-21 15:17:43.519] Recibido HEX: 01 24 32 35 0D
[2026-08-21 15:17:44.520] Enviado: $+ | HEX: 1B 24 2B 36 41 0D
[2026-08-21 15:17:44.520] Recibido ASCII: <SOH>$25<CR>
[2026-08-21 15:17:44.521] Recibido HEX: 01 24 32 35 0D
[2026-08-21 15:17:45.521] Enviado: $+ | HEX: 1B 24 2B 36 41 0D
[2026-08-21 15:17:45.522] Recibido ASCII: <SOH>$25<CR>
[2026-08-21 15:17:45.522] Recibido HEX: 01 24 32 35 0D
[2026-08-21 15:17:46.523] Enviado: $+ | HEX: 1B 24 2B 36 41 0D
[2026-08-21 15:17:46.523] Recibido ASCII: <SOH>$25<CR>
[2026-08-21 15:17:46.523] Recibido HEX: 01 24 32 35 0D
[2026-08-21 15:17:47.525] Enviado: $+ | HEX: 1B 24 2B 36 41 0D
[2026-08-21 15:17:47.525] Recibido ASCII: <SOH>$25<CR>
[2026-08-21 15:17:47.525] Recibido HEX: 01 24 32 35 0D
[2026-08-21 15:17:48.527] Enviado: $+ | HEX: 1B 24 2B 36 41 0D
[2026-08-21 15:17:48.527] Recibido ASCII: <SOH>$25<CR>
[2026-08-21 15:17:48.528] Recibido HEX: 01 24 32 35 0D
[2026-08-21 15:17:49.529] Enviado: $+ | HEX: 1B 24 2B 36 41 0D
[2026-08-21 15:17:49.529] Recibido ASCII: <SOH>$25<CR>
[2026-08-21 15:17:49.530] Recibido HEX: 01 24 32 35 0D
[2026-08-21 15:17:50.531] Enviado: $+ | HEX: 1B 24 2B 36 41 0D
[2026-08-21 15:17:50.531] Recibido ASCII: <ESC>R6D<CR>
[2026-08-21 15:17:50.532] Recibido HEX: 1B 52 36 44 0D
[2026-08-21 15:17:51.533] Enviado: 6666'Hola'00.20:04.01 | HEX: 1B 36 36 36 36 27 48 6F 6C 61 27 30 30 2E 32 30 3A 30 34 2E 30 31 45 32 0D
[2026-08-21 15:17:51.534] Enviado: $+ | HEX: 1B 24 2B 36 41 0D
[2026-08-21 15:17:51.534] Recibido ASCII: <SOH>$25<CR>
[2026-08-21 15:17:51.534] Recibido HEX: 01 24 32 35 0D
[2026-08-21 15:17:52.535] Enviado: $+ | HEX: 1B 24 2B 36 41 0D
[2026-08-21 15:17:52.536] Recibido ASCII: <SOH>$25<CR>
[2026-08-21 15:17:52.536] Recibido HEX: 01 24 32 35 0D
[2026-08-21 15:17:53.537] Enviado: $+ | HEX: 1B 24 2B 36 41 0D
[2026-08-21 15:17:53.537] Recibido ASCII: <SOH>637<CR>
[2026-08-21 15:17:53.537] Recibido HEX: 01 36 33 37 0D
[2026-08-21 15:17:54.538] Enviado: $+ | HEX: 1B 24 2B 36 41 0D
[2026-08-21 15:17:54.538] Recibido ASCII: <SOH>$25<CR>
[2026-08-21 15:17:54.539] Recibido HEX: 01 24 32 35 0D
[2026-08-21 15:17:55.540] Enviado: $+ | HEX: 1B 24 2B 36 41 0D
[2026-08-21 15:17:55.540] Recibido ASCII: <SOH>$25<CR>
[2026-08-21 15:17:55.540] Recibido HEX: 01 24 32 35 0D
[2026-08-21 15:17:56.541] Enviado: $+ | HEX: 1B 24 2B 36 41 0D
[2026-08-21 15:17:56.542] Recibido ASCII: <SOH>$25<CR>
[2026-08-21 15:17:56.542] Recibido HEX: 01 24 32 35 0D
[2026-08-21 15:17:57.543] Enviado: $+ | HEX: 1B 24 2B 36 41 0D
[2026-08-21 15:17:57.544] Recibido ASCII: <SOH>$25<CR>
[2026-08-21 15:17:57.544] Recibido HEX: 01 24 32 35 0D
[2026-08-21 15:17:58.544] Enviado: $+ | HEX: 1B 24 2B 36 41 0D
[2026-08-21 15:17:58.545] Recibido ASCII: <SOH>$25<CR>
[2026-08-21 15:17:58.545] Recibido HEX: 01 24 32 35 0D
[2026-08-21 15:17:59.546] Enviado: $+ | HEX: 1B 24 2B 36 41 0D
[2026-08-21 15:17:59.547] Recibido ASCII: <SOH>$25<CR>
[2026-08-21 15:17:59.547] Recibido HEX: 01 24 32 35 0D
[2026-08-21 15:18:00.548] Enviado: $+ | HEX: 1B 24 2B 36 41 0D
[2026-08-21 15:18:00.548] Recibido ASCII: <SOH>$25<CR>
[2026-08-21 15:18:00.549] Recibido HEX: 01 24 32 35 0D
[2026-08-21 15:18:01.549] Enviado: $+ | HEX: 1B 24 2B 36 41 0D
[2026-08-21 15:18:01.550] Recibido ASCII: <SOH>$25<CR>
[2026-08-21 15:18:01.550] Recibido HEX: 01 24 32 35 0D
[2026-08-21 15:18:02.551] Enviado: $+ | HEX: 1B 24 2B 36 41 0D
[2026-08-21 15:18:02.551] Recibido ASCII: <SOH>$25<CR>
[2026-08-21 15:18:02.552] Recibido HEX: 01 24 32 35 0D
[2026-08-21 15:18:03.553] Enviado: $+ | HEX: 1B 24 2B 36 41 0D
[2026-08-21 15:18:03.553] Recibido ASCII: <ESC>R6D<CR>
[2026-08-21 15:18:03.554] Recibido HEX: 1B 52 36 44 0D
[2026-08-21 15:18:04.555] Enviado: 6666'Hola'00.20:04.01 | HEX: 1B 36 36 36 36 27 48 6F 6C 61 27 30 30 2E 32 30 3A 30 34 2E 30 31 45 32 0D
[2026-08-21 15:18:04.555] Enviado: $+ | HEX: 1B 24 2B 36 41 0D
[2026-08-21 15:18:04.556] Recibido ASCII: <SOH>$25<CR>
[2026-08-21 15:18:04.556] Recibido HEX: 01 24 32 35 0D
[2026-08-21 15:18:05.557] Enviado: $+ | HEX: 1B 24 2B 36 41 0D
[2026-08-21 15:18:05.557] Recibido ASCII: <SOH>$25<CR>
[2026-08-21 15:18:05.557] Recibido HEX: 01 24 32 35 0D
[2026-08-21 15:18:06.558] Enviado: $+ | HEX: 1B 24 2B 36 41 0D
[2026-08-21 15:18:06.559] Recibido ASCII: <SOH>$25<CR>
[2026-08-21 15:18:06.559] Recibido HEX: 01 24 32 35 0D
[2026-08-21 15:18:07.560] Enviado: $+ | HEX: 1B 24 2B 36 41 0D
[2026-08-21 15:18:07.560] Recibido ASCII: <SOH>$25<CR>
[2026-08-21 15:18:07.561] Recibido HEX: 01 24 32 35 0D
[2026-08-21 15:18:08.561] Enviado: $+ | HEX: 1B 24 2B 36 41 0D
[2026-08-21 15:18:08.562] Recibido ASCII: <SOH>637<CR>
[2026-08-21 15:18:08.562] Recibido HEX: 01 36 33 37 0D
[2026-08-21 15:18:09.563] Enviado: $+ | HEX: 1B 24 2B 36 41 0D
[2026-08-21 15:18:09.563] Recibido ASCII: <SOH>$25<CR>
[2026-08-21 15:18:09.563] Recibido HEX: 01 24 32 35 0D
[2026-08-21 15:18:10.564] Enviado: $+ | HEX: 1B 24 2B 36 41 0D
[2026-08-21 15:18:10.564] Recibido ASCII: <SOH>$25<CR>
[2026-08-21 15:18:10.565] Recibido HEX: 01 24 32 35 0D
[2026-08-21 15:18:11.566] Enviado: $+ | HEX: 1B 24 2B 36 41 0D
[2026-08-21 15:18:11.566] Recibido ASCII: <SOH>$25<CR>
[2026-08-21 15:18:11.567] Recibido HEX: 01 24 32 35 0D
[2026-08-21 15:18:12.568] Enviado: $+ | HEX: 1B 24 2B 36 41 0D
[2026-08-21 15:18:12.568] Recibido ASCII: <SOH>$25<CR>
[2026-08-21 15:18:12.570] Recibido HEX: 01 24 32 35 0D
[2026-08-21 15:18:13.570] Enviado: $+ | HEX: 1B 24 2B 36 41 0D
[2026-08-21 15:18:13.571] Recibido ASCII: <SOH>$25<CR>
[2026-08-21 15:18:13.571] Recibido HEX: 01 24 32 35 0D
[2026-08-21 15:18:14.572] Enviado: $+ | HEX: 1B 24 2B 36 41 0D
[2026-08-21 15:18:14.572] Recibido ASCII: <SOH>$25<CR>
[2026-08-21 15:18:14.572] Recibido HEX: 01 24 32 35 0D
[2026-08-21 15:18:15.573] Enviado: $+ | HEX: 1B 24 2B 36 41 0D
[2026-08-21 15:18:15.573] Recibido ASCII: <ESC>Q6C<CR>
[2026-08-21 15:18:15.573] Recibido HEX: 1B 51 36 43 0D
[2026-08-21 15:18:16.574] Enviado: Q | HEX: 1B 51 36 43 0D
[2026-08-21 15:18:16.575] Enviado: $+ | HEX: 1B 24 2B 36 41 0D
[2026-08-21 15:18:16.575] Recibido ASCII: <SOH>.16<CR>
[2026-08-21 15:18:16.575] Recibido HEX: 01 15 31 36 0D
[2026-08-21 15:18:17.576] Enviado: Q | HEX: 1B 51 36 43 0D
[2026-08-21 15:18:17.576] Enviado: $+ | HEX: 1B 24 2B 36 41 0D
[2026-08-21 15:18:17.577] Recibido ASCII: <SOH>.16<CR>
[2026-08-21 15:18:17.577] Recibido HEX: 01 15 31 36 0D
[2026-08-21 15:18:18.578] Enviado: Q | HEX: 1B 51 36 43 0D
[2026-08-21 15:18:18.578] Enviado: $+ | HEX: 1B 24 2B 36 41 0D
[2026-08-21 15:18:18.579] Recibido ASCII: <SOH>.16<CR>
[2026-08-21 15:18:18.579] Recibido HEX: 01 15 31 36 0D
[2026-08-21 15:18:19.579] Enviado: Q | HEX: 1B 51 36 43 0D
[2026-08-21 15:18:19.580] Enviado: $+ | HEX: 1B 24 2B 36 41 0D
[2026-08-21 15:18:19.580] Recibido ASCII: <SOH>.16<CR>
[2026-08-21 15:18:19.581] Recibido HEX: 01 15 31 36 0D
[2026-08-21 15:18:20.581] Enviado: Q | HEX: 1B 51 36 43 0D
[2026-08-21 15:18:20.582] Enviado: $+ | HEX: 1B 24 2B 36 41 0D
[2026-08-21 15:18:20.582] Recibido ASCII: <SOH>.16<CR>
[2026-08-21 15:18:20.582] Recibido HEX: 01 15 31 36 0D
[2026-08-21 15:18:21.583] Enviado: Q | HEX: 1B 51 36 43 0D
[2026-08-21 15:18:21.583] Enviado: $+ | HEX: 1B 24 2B 36 41 0D
[2026-08-21 15:18:21.583] Recibido ASCII: <SOH>.16<CR>
[2026-08-21 15:18:21.585] Recibido HEX: 01 15 31 36 0D
[2026-08-21 15:18:22.585] Enviado: Q | HEX: 1B 51 36 43 0D
[2026-08-21 15:18:22.586] Enviado: $+ | HEX: 1B 24 2B 36 41 0D
[2026-08-21 15:18:22.586] Recibido ASCII: <SOH>Q52<CR>
[2026-08-21 15:18:22.586] Recibido HEX: 01 51 35 32 0D
[2026-08-21 15:18:23.587] Enviado: Q | HEX: 1B 51 36 43 0D
[2026-08-21 15:18:23.587] Enviado: $+ | HEX: 1B 24 2B 36 41 0D
[2026-08-21 15:18:23.587] Recibido ASCII: <SOH>$25<CR>
[2026-08-21 15:18:23.587] Recibido HEX: 01 24 32 35 0D
[2026-08-21 15:18:24.588] Enviado: $+ | HEX: 1B 24 2B 36 41 0D
[2026-08-21 15:18:24.589] Recibido ASCII: <ESC>R6D<CR>
[2026-08-21 15:18:24.589] Recibido HEX: 1B 52 36 44 0D
[2026-08-21 15:18:25.589] Enviado: 6666'Hola'00.20:04.01 | HEX: 1B 36 36 36 36 27 48 6F 6C 61 27 30 30 2E 32 30 3A 30 34 2E 30 31 45 32 0D
[2026-08-21 15:18:25.590] Enviado: $+ | HEX: 1B 24 2B 36 41 0D
[2026-08-21 15:18:25.590] Recibido ASCII: <SOH>Q52<CR>
[2026-08-21 15:18:25.590] Recibido HEX: 01 51 35 32 0D
[2026-08-21 15:18:26.591] Enviado: Q | HEX: 1B 51 36 43 0D
[2026-08-21 15:18:26.591] Enviado: $+ | HEX: 1B 24 2B 36 41 0D
[2026-08-21 15:18:26.592] Recibido ASCII: <SOH>$25<CR>
[2026-08-21 15:18:26.592] Recibido HEX: 01 24 32 35 0D
[2026-08-21 15:18:27.592] Enviado: $+ | HEX: 1B 24 2B 36 41 0D
[2026-08-21 15:18:27.593] Recibido ASCII: <ESC>R6D<CR>
[2026-08-21 15:18:27.593] Recibido HEX: 1B 52 36 44 0D
[2026-08-21 15:18:28.593] Enviado: 6666'Hola'00.20:04.01 | HEX: 1B 36 36 36 36 27 48 6F 6C 61 27 30 30 2E 32 30 3A 30 34 2E 30 31 45 32 0D
[2026-08-21 15:18:28.594] Enviado: $+ | HEX: 1B 24 2B 36 41 0D
[2026-08-21 15:18:28.594] Recibido ASCII: <SOH>Q52<CR>
[2026-08-21 15:18:28.594] Recibido HEX: 01 51 35 32 0D
[2026-08-21 15:18:29.595] Enviado: Q | HEX: 1B 51 36 43 0D
[2026-08-21 15:18:29.595] Enviado: $+ | HEX: 1B 24 2B 36 41 0D
[2026-08-21 15:18:29.596] Recibido ASCII: <SOH>$25<CR>
[2026-08-21 15:18:29.596] Recibido HEX: 01 24 32 35 0D
[2026-08-21 15:18:30.596] Enviado: $+ | HEX: 1B 24 2B 36 41 0D
[2026-08-21 15:18:30.597] Recibido ASCII: <ESC>R6D<CR>
[2026-08-21 15:18:30.597] Recibido HEX: 1B 52 36 44 0D
[2026-08-21 15:18:31.597] Enviado: 6666'Hola'00.20:04.01 | HEX: 1B 36 36 36 36 27 48 6F 6C 61 27 30 30 2E 32 30 3A 30 34 2E 30 31 45 32 0D
[2026-08-21 15:18:31.598] Enviado: $+ | HEX: 1B 24 2B 36 41 0D
[2026-08-21 15:18:31.598] Recibido ASCII: <SOH>Q52<CR>
[2026-08-21 15:18:31.598] Recibido HEX: 01 51 35 32 0D
[2026-08-21 15:18:32.598] Enviado: Q | HEX: 1B 51 36 43 0D
[2026-08-21 15:18:32.599] Enviado: $+ | HEX: 1B 24 2B 36 41 0D
[2026-08-21 15:18:32.599] Recibido ASCII: <SOH>$25<CR>
[2026-08-21 15:18:32.599] Recibido HEX: 01 24 32 35 0D
[2026-08-21 15:18:33.600] Enviado: $+ | HEX: 1B 24 2B 36 41 0D
[2026-08-21 15:18:33.601] Recibido ASCII: <ESC>R6D<CR>
[2026-08-21 15:18:33.601] Recibido HEX: 1B 52 36 44 0D
[2026-08-21 15:18:34.602] Enviado: 6666'Hola'00.20:04.01 | HEX: 1B 36 36 36 36 27 48 6F 6C 61 27 30 30 2E 32 30 3A 30 34 2E 30 31 45 32 0D
[2026-08-21 15:18:34.602] Enviado: $+ | HEX: 1B 24 2B 36 41 0D
[2026-08-21 15:18:34.602] Recibido ASCII: <SOH>Q52<CR>
[2026-08-21 15:18:34.603] Recibido HEX: 01 51 35 32 0D
[2026-08-21 15:18:35.603] Enviado: Q | HEX: 1B 51 36 43 0D
[2026-08-21 15:18:35.603] Enviado: $+ | HEX: 1B 24 2B 36 41 0D
[2026-08-21 15:18:35.604] Recibido ASCII: <ESC>R6D<CR>
[2026-08-21 15:18:35.604] Recibido HEX: 1B 52 36 44 0D
[2026-08-21 15:18:36.604] Enviado: 6666'Hola'00.20:04.01 | HEX: 1B 36 36 36 36 27 48 6F 6C 61 27 30 30 2E 32 30 3A 30 34 2E 30 31 45 32 0D
[2026-08-21 15:18:36.605] Enviado: $+ | HEX: 1B 24 2B 36 41 0D
[2026-08-21 15:18:36.605] Recibido ASCII: <SOH>$25<CR>
[2026-08-21 15:18:36.605] Recibido HEX: 01 24 32 35 0D
[2026-08-21 15:18:37.606] Enviado: $+ | HEX: 1B 24 2B 36 41 0D
[2026-08-21 15:18:37.606] Recibido ASCII: <SOH>Q52<CR>
[2026-08-21 15:18:37.606] Recibido HEX: 01 51 35 32 0D
[2026-08-21 15:18:38.607] Enviado: Q | HEX: 1B 51 36 43 0D
[2026-08-21 15:18:38.607] Enviado: $+ | HEX: 1B 24 2B 36 41 0D
[2026-08-21 15:18:38.607] Recibido ASCII: <SOH>$25<CR>
[2026-08-21 15:18:38.607] Recibido HEX: 01 24 32 35 0D
[2026-08-21 15:18:39.608] Enviado: $+ | HEX: 1B 24 2B 36 41 0D
[2026-08-21 15:18:39.609] Recibido ASCII: <ESC>R6D<CR>
[2026-08-21 15:18:39.609] Recibido HEX: 1B 52 36 44 0D
[2026-08-21 15:18:40.609] Enviado: 6666'Hola'00.20:04.01 | HEX: 1B 36 36 36 36 27 48 6F 6C 61 27 30 30 2E 32 30 3A 30 34 2E 30 31 45 32 0D
[2026-08-21 15:18:40.610] Enviado: $+ | HEX: 1B 24 2B 36 41 0D
[2026-08-21 15:18:40.610] Recibido ASCII: <SOH>Q52<CR>
[2026-08-21 15:18:40.610] Recibido HEX: 01 51 35 32 0D
[2026-08-21 15:18:41.611] Enviado: Q | HEX: 1B 51 36 43 0D
[2026-08-21 15:18:41.611] Enviado: $+ | HEX: 1B 24 2B 36 41 0D
[2026-08-21 15:18:41.612] Recibido ASCII: <SOH>$25<CR>
[2026-08-21 15:18:41.612] Recibido HEX: 01 24 32 35 0D
[2026-08-21 15:18:42.612] Enviado: $+ | HEX: 1B 24 2B 36 41 0D
[2026-08-21 15:18:42.613] Recibido ASCII: <ESC>R6D<CR>
[2026-08-21 15:18:42.613] Recibido HEX: 1B 52 36 44 0D
[2026-08-21 15:18:43.613] Enviado: 6666'Hola'00.20:04.01 | HEX: 1B 36 36 36 36 27 48 6F 6C 61 27 30 30 2E 32 30 3A 30 34 2E 30 31 45 32 0D
[2026-08-21 15:18:43.614] Enviado: $+ | HEX: 1B 24 2B 36 41 0D
[2026-08-21 15:18:43.614] Recibido ASCII: <SOH>Q52<CR>
[2026-08-21 15:18:43.614] Recibido HEX: 01 51 35 32 0D
[2026-08-21 15:18:44.614] Enviado: Q | HEX: 1B 51 36 43 0D
[2026-08-21 15:18:44.615] Enviado: $+ | HEX: 1B 24 2B 36 41 0D
[2026-08-21 15:18:44.615] Recibido ASCII: <SOH>$25<CR>
[2026-08-21 15:18:44.615] Recibido HEX: 01 24 32 35 0D
[2026-08-21 15:18:45.616] Enviado: $+ | HEX: 1B 24 2B 36 41 0D
[2026-08-21 15:18:45.616] Recibido ASCII: <ESC>R6D<CR>
[2026-08-21 15:18:45.616] Recibido HEX: 1B 52 36 44 0D
[2026-08-21 15:18:46.617] Enviado: 6666'Hola'00.20:04.01 | HEX: 1B 36 36 36 36 27 48 6F 6C 61 27 30 30 2E 32 30 3A 30 34 2E 30 31 45 32 0D
[2026-08-21 15:18:46.617] Enviado: $+ | HEX: 1B 24 2B 36 41 0D
[2026-08-21 15:18:46.617] Recibido ASCII: <SOH>$25<CR>
[2026-08-21 15:18:46.617] Recibido HEX: 01 24 32 35 0D
[2026-08-21 15:18:47.618] Enviado: $+ | HEX: 1B 24 2B 36 41 0D
[2026-08-21 15:18:47.618] Recibido ASCII: <SOH>637<CR>
[2026-08-21 15:18:47.619] Recibido HEX: 01 36 33 37 0D
[2026-08-21 15:18:48.620] Enviado: $+ | HEX: 1B 24 2B 36 41 0D
[2026-08-21 15:18:48.620] Recibido ASCII: <SOH>$25<CR>
[2026-08-21 15:18:48.620] Recibido HEX: 01 24 32 35 0D
[2026-08-21 15:18:49.621] Enviado: $+ | HEX: 1B 24 2B 36 41 0D
[2026-08-21 15:18:49.621] Recibido ASCII: <SOH>Q52<CR>
[2026-08-21 15:18:49.621] Recibido HEX: 01 51 35 32 0D
[2026-08-21 15:18:50.622] Enviado: Q | HEX: 1B 51 36 43 0D
[2026-08-21 15:18:50.622] Enviado: $+ | HEX: 1B 24 2B 36 41 0D
[2026-08-21 15:18:50.622] Recibido ASCII: <SOH>$25<CR>
[2026-08-21 15:18:50.622] Recibido HEX: 01 24 32 35 0D
[2026-08-21 15:18:51.623] Enviado: $+ | HEX: 1B 24 2B 36 41 0D
[2026-08-21 15:18:51.623] Recibido ASCII: <ESC>R6D<CR>
[2026-08-21 15:18:51.623] Recibido HEX: 1B 52 36 44 0D
[2026-08-21 15:18:52.624] Enviado: 6666'Hola'00.20:04.01 | HEX: 1B 36 36 36 36 27 48 6F 6C 61 27 30 30 2E 32 30 3A 30 34 2E 30 31 45 32 0D
[2026-08-21 15:18:52.624] Enviado: $+ | HEX: 1B 24 2B 36 41 0D
[2026-08-21 15:18:52.626] Recibido ASCII: <SOH>$25<CR>
[2026-08-21 15:18:52.626] Recibido HEX: 01 24 32 35 0D
[2026-08-21 15:18:53.626] Enviado: $+ | HEX: 1B 24 2B 36 41 0D
[2026-08-21 15:18:53.627] Recibido ASCII: <SOH>637<CR>
[2026-08-21 15:18:53.627] Recibido HEX: 01 36 33 37 0D
[2026-08-21 15:18:54.627] Enviado: $+ | HEX: 1B 24 2B 36 41 0D
[2026-08-21 15:18:54.628] Recibido ASCII: <SOH>$25<CR>
[2026-08-21 15:18:54.628] Recibido HEX: 01 24 32 35 0D
[2026-08-21 15:18:55.628] Enviado: $+ | HEX: 1B 24 2B 36 41 0D
[2026-08-21 15:18:55.629] Recibido ASCII: <SOH>Q52<CR>
[2026-08-21 15:18:55.629] Recibido HEX: 01 51 35 32 0D
[2026-08-21 15:18:56.629] Enviado: Q | HEX: 1B 51 36 43 0D
[2026-08-21 15:18:56.630] Enviado: $+ | HEX: 1B 24 2B 36 41 0D
[2026-08-21 15:18:56.630] Recibido ASCII: <SOH>$25<CR>
[2026-08-21 15:18:56.630] Recibido HEX: 01 24 32 35 0D
[2026-08-21 15:18:57.630] Enviado: $+ | HEX: 1B 24 2B 36 41 0D
[2026-08-21 15:18:57.631] Recibido ASCII: <ESC>R6D<CR>
[2026-08-21 15:18:57.631] Recibido HEX: 1B 52 36 44 0D
[2026-08-21 15:18:58.631] Enviado: 6666'Hola'00.20:04.01 | HEX: 1B 36 36 36 36 27 48 6F 6C 61 27 30 30 2E 32 30 3A 30 34 2E 30 31 45 32 0D
[2026-08-21 15:18:58.632] Enviado: $+ | HEX: 1B 24 2B 36 41 0D
[2026-08-21 15:18:58.632] Recibido ASCII: <SOH>$25<CR>
[2026-08-21 15:18:58.632] Recibido HEX: 01 24 32 35 0D
[2026-08-21 15:18:59.633] Enviado: $+ | HEX: 1B 24 2B 36 41 0D
[2026-08-21 15:18:59.633] Recibido ASCII: <SOH>637<CR>
[2026-08-21 15:18:59.633] Recibido HEX: 01 36 33 37 0D
[2026-08-21 15:19:00.634] Enviado: $+ | HEX: 1B 24 2B 36 41 0D
[2026-08-21 15:19:00.634] Recibido ASCII: <SOH>$25<CR>
[2026-08-21 15:19:00.634] Recibido HEX: 01 24 32 35 0D
[2026-08-21 15:19:01.635] Enviado: $+ | HEX: 1B 24 2B 36 41 0D
[2026-08-21 15:19:01.635] Recibido ASCII: <SOH>Q52<CR>
[2026-08-21 15:19:01.635] Recibido HEX: 01 51 35 32 0D
[2026-08-21 15:19:02.636] Enviado: Q | HEX: 1B 51 36 43 0D
[2026-08-21 15:19:02.636] Enviado: $+ | HEX: 1B 24 2B 36 41 0D
[2026-08-21 15:19:02.637] Recibido ASCII: <SOH>$25<CR>
[2026-08-21 15:19:02.637] Recibido HEX: 01 24 32 35 0D
[2026-08-21 15:19:03.637] Enviado: $+ | HEX: 1B 24 2B 36 41 0D
[2026-08-21 15:19:03.638] Recibido ASCII: <ESC>R6D<CR>
[2026-08-21 15:19:03.638] Recibido HEX: 1B 52 36 44 0D
[2026-08-21 15:19:04.638] Enviado: 6666'Hola'00.20:04.01 | HEX: 1B 36 36 36 36 27 48 6F 6C 61 27 30 30 2E 32 30 3A 30 34 2E 30 31 45 32 0D
[2026-08-21 15:19:04.639] Enviado: $+ | HEX: 1B 24 2B 36 41 0D
[2026-08-21 15:19:04.639] Recibido ASCII: <SOH>$25<CR>
[2026-08-21 15:19:04.639] Recibido HEX: 01 24 32 35 0D
[2026-08-21 15:19:05.640] Enviado: $+ | HEX: 1B 24 2B 36 41 0D
[2026-08-21 15:19:05.640] Recibido ASCII: <SOH>637<CR>
[2026-08-21 15:19:05.640] Recibido HEX: 01 36 33 37 0D
[2026-08-21 15:19:06.641] Enviado: $+ | HEX: 1B 24 2B 36 41 0D
[2026-08-21 15:19:06.641] Recibido ASCII: <SOH>$25<CR>
[2026-08-21 15:19:06.641] Recibido HEX: 01 24 32 35 0D
[2026-08-21 15:19:07.641] Enviado: $+ | HEX: 1B 24 2B 36 41 0D
[2026-08-21 15:19:07.642] Recibido ASCII: <SOH>Q52<CR>
[2026-08-21 15:19:07.642] Recibido HEX: 01 51 35 32 0D
[2026-08-21 15:19:08.642] Enviado: Q | HEX: 1B 51 36 43 0D
[2026-08-21 15:19:08.643] Enviado: $+ | HEX: 1B 24 2B 36 41 0D
[2026-08-21 15:19:08.643] Recibido ASCII: <SOH>$25<CR>
[2026-08-21 15:19:08.643] Recibido HEX: 01 24 32 35 0D
[2026-08-21 15:19:09.643] Enviado: $+ | HEX: 1B 24 2B 36 41 0D
[2026-08-21 15:19:09.644] Recibido ASCII: <ESC>R6D<CR>
[2026-08-21 15:19:09.644] Recibido HEX: 1B 52 36 44 0D
[2026-08-21 15:19:10.645] Enviado: 6666'Hola'00.20:04.01 | HEX: 1B 36 36 36 36 27 48 6F 6C 61 27 30 30 2E 32 30 3A 30 34 2E 30 31 45 32 0D
[2026-08-21 15:19:10.645] Enviado: $+ | HEX: 1B 24 2B 36 41 0D
[2026-08-21 15:19:10.645] Recibido ASCII: <SOH>637<CR>
[2026-08-21 15:19:10.645] Recibido HEX: 01 36 33 37 0D
[2026-08-21 15:19:11.646] Enviado: $+ | HEX: 1B 24 2B 36 41 0D
[2026-08-21 15:19:11.646] Recibido ASCII: <SOH>$25<CR>
[2026-08-21 15:19:11.646] Recibido HEX: 01 24 32 35 0D
[2026-08-21 15:19:12.647] Enviado: $+ | HEX: 1B 24 2B 36 41 0D
[2026-08-21 15:19:12.647] Recibido ASCII: <SOH>$25<CR>
[2026-08-21 15:19:12.647] Recibido HEX: 01 24 32 35 0D
[2026-08-21 15:19:13.648] Enviado: $+ | HEX: 1B 24 2B 36 41 0D
[2026-08-21 15:19:13.648] Recibido ASCII: <SOH>Q52<CR>
[2026-08-21 15:19:13.650] Recibido HEX: 01 51 35 32 0D
[2026-08-21 15:19:14.650] Enviado: Q | HEX: 1B 51 36 43 0D
[2026-08-21 15:19:14.650] Enviado: $+ | HEX: 1B 24 2B 36 41 0D
[2026-08-21 15:19:14.651] Recibido ASCII: <SOH>$25<CR>
[2026-08-21 15:19:14.651] Recibido HEX: 01 24 32 35 0D
[2026-08-21 15:19:15.652] Enviado: $+ | HEX: 1B 24 2B 36 41 0D
[2026-08-21 15:19:15.652] Recibido ASCII: <ESC>R6D<CR>
[2026-08-21 15:19:15.652] Recibido HEX: 1B 52 36 44 0D
[2026-08-21 15:19:16.652] Enviado: 6666'Hola'00.20:04.01 | HEX: 1B 36 36 36 36 27 48 6F 6C 61 27 30 30 2E 32 30 3A 30 34 2E 30 31 45 32 0D
[2026-08-21 15:19:16.653] Enviado: $+ | HEX: 1B 24 2B 36 41 0D
[2026-08-21 15:19:16.653] Recibido ASCII: <SOH>$25<CR>
[2026-08-21 15:19:16.653] Recibido HEX: 01 24 32 35 0D
[2026-08-21 15:19:17.654] Enviado: $+ | HEX: 1B 24 2B 36 41 0D
[2026-08-21 15:19:17.654] Recibido ASCII: <SOH>637<CR>
[2026-08-21 15:19:17.654] Recibido HEX: 01 36 33 37 0D
[2026-08-21 15:19:18.654] Enviado: $+ | HEX: 1B 24 2B 36 41 0D
[2026-08-21 15:19:18.655] Recibido ASCII: <SOH>$25<CR>
[2026-08-21 15:19:18.655] Recibido HEX: 01 24 32 35 0D
[2026-08-21 15:19:19.655] Enviado: $+ | HEX: 1B 24 2B 36 41 0D
[2026-08-21 15:19:19.656] Recibido ASCII: <SOH>Q52<CR>
[2026-08-21 15:19:19.656] Recibido HEX: 01 51 35 32 0D
[2026-08-21 15:19:20.656] Enviado: Q | HEX: 1B 51 36 43 0D
[2026-08-21 15:19:20.656] Enviado: $+ | HEX: 1B 24 2B 36 41 0D
[2026-08-21 15:19:20.657] Recibido ASCII: <SOH>$25<CR>
[2026-08-21 15:19:20.657] Recibido HEX: 01 24 32 35 0D
[2026-08-21 15:19:21.657] Enviado: $+ | HEX: 1B 24 2B 36 41 0D
[2026-08-21 15:19:21.658] Recibido ASCII: <ESC>R6D<CR>
[2026-08-21 15:19:21.658] Recibido HEX: 1B 52 36 44 0D
[2026-08-21 15:19:22.658] Enviado: 6666'Hola'00.20:04.01 | HEX: 1B 36 36 36 36 27 48 6F 6C 61 27 30 30 2E 32 30 3A 30 34 2E 30 31 45 32 0D
[2026-08-21 15:19:22.659] Enviado: $+ | HEX: 1B 24 2B 36 41 0D
[2026-08-21 15:19:22.659] Recibido ASCII: <SOH>$25<CR>
[2026-08-21 15:19:22.659] Recibido HEX: 01 24 32 35 0D
[2026-08-21 15:19:23.659] Enviado: $+ | HEX: 1B 24 2B 36 41 0D
[2026-08-21 15:19:23.660] Recibido ASCII: <SOH>637<CR>
[2026-08-21 15:19:23.660] Recibido HEX: 01 36 33 37 0D
[2026-08-21 15:19:24.660] Enviado: $+ | HEX: 1B 24 2B 36 41 0D
[2026-08-21 15:19:24.660] Recibido ASCII: <SOH>$25<CR>
[2026-08-21 15:19:24.661] Recibido HEX: 01 24 32 35 0D
[2026-08-21 15:19:25.661] Enviado: $+ | HEX: 1B 24 2B 36 41 0D
[2026-08-21 15:19:25.661] Recibido ASCII: <SOH>Q52<CR>
[2026-08-21 15:19:25.661] Recibido HEX: 01 51 35 32 0D
[2026-08-21 15:19:26.662] Enviado: Q | HEX: 1B 51 36 43 0D
[2026-08-21 15:19:26.662] Enviado: $+ | HEX: 1B 24 2B 36 41 0D
[2026-08-21 15:19:26.662] Recibido ASCII: <SOH>$25<CR>
[2026-08-21 15:19:26.662] Recibido HEX: 01 24 32 35 0D
[2026-08-21 15:19:27.663] Enviado: $+ | HEX: 1B 24 2B 36 41 0D
[2026-08-21 15:19:27.663] Recibido ASCII: <ESC>R6D<CR>
[2026-08-21 15:19:27.663] Recibido HEX: 1B 52 36 44 0D
[2026-08-21 15:19:28.664] Enviado: 6666'Hola'00.20:04.01 | HEX: 1B 36 36 36 36 27 48 6F 6C 61 27 30 30 2E 32 30 3A 30 34 2E 30 31 45 32 0D
[2026-08-21 15:19:28.664] Enviado: $+ | HEX: 1B 24 2B 36 41 0D
[2026-08-21 15:19:28.664] Recibido ASCII: <SOH>$25<CR>
[2026-08-21 15:19:28.664] Recibido HEX: 01 24 32 35 0D
[2026-08-21 15:19:29.665] Enviado: $+ | HEX: 1B 24 2B 36 41 0D
[2026-08-21 15:19:29.665] Recibido ASCII: <SOH>637<CR>
[2026-08-21 15:19:29.665] Recibido HEX: 01 36 33 37 0D
[2026-08-21 15:19:30.665] Enviado: $+ | HEX: 1B 24 2B 36 41 0D
[2026-08-21 15:19:30.666] Recibido ASCII: <SOH>$25<CR>
[2026-08-21 15:19:30.666] Recibido HEX: 01 24 32 35 0D
[2026-08-21 15:19:31.667] Enviado: $+ | HEX: 1B 24 2B 36 41 0D
[2026-08-21 15:19:31.667] Recibido ASCII: <SOH>$25<CR>
[2026-08-21 15:19:31.667] Recibido HEX: 01 24 32 35 0D
[2026-08-21 15:19:32.667] Enviado: $+ | HEX: 1B 24 2B 36 41 0D
[2026-08-21 15:19:32.668] Recibido ASCII: <SOH>$25<CR>
[2026-08-21 15:19:32.668] Recibido HEX: 01 24 32 35 0D
[2026-08-21 15:19:33.668] Enviado: $+ | HEX: 1B 24 2B 36 41 0D
[2026-08-21 15:19:33.669] Recibido ASCII: <SOH>$25<CR>
[2026-08-21 15:19:33.669] Recibido HEX: 01 24 32 35 0D
[2026-08-21 15:19:34.669] Enviado: $+ | HEX: 1B 24 2B 36 41 0D
[2026-08-21 15:19:34.670] Recibido ASCII: <SOH>Q52<CR>
[2026-08-21 15:19:34.670] Recibido HEX: 01 51 35 32 0D
[2026-08-21 15:19:35.670] Enviado: Q | HEX: 1B 51 36 43 0D
[2026-08-21 15:19:35.670] Enviado: $+ | HEX: 1B 24 2B 36 41 0D
[2026-08-21 15:19:35.671] Recibido ASCII: <SOH>$25<CR>
[2026-08-21 15:19:35.671] Recibido HEX: 01 24 32 35 0D
[2026-08-21 15:19:36.671] Enviado: $+ | HEX: 1B 24 2B 36 41 0D
[2026-08-21 15:19:36.671] Recibido ASCII: <ESC>R6D<CR>
[2026-08-21 15:19:36.671] Recibido HEX: 1B 52 36 44 0D
[2026-08-21 15:19:37.672] Enviado: 6666'Hola'00.20:04.01 | HEX: 1B 36 36 36 36 27 48 6F 6C 61 27 30 30 2E 32 30 3A 30 34 2E 30 31 45 32 0D
[2026-08-21 15:19:37.672] Enviado: $+ | HEX: 1B 24 2B 36 41 0D
[2026-08-21 15:19:37.672] Recibido ASCII: <SOH>$25<CR>
[2026-08-21 15:19:37.672] Recibido HEX: 01 24 32 35 0D
[2026-08-21 15:19:38.673] Enviado: $+ | HEX: 1B 24 2B 36 41 0D
[2026-08-21 15:19:38.673] Recibido ASCII: <SOH>637<CR>
[2026-08-21 15:19:38.673] Recibido HEX: 01 36 33 37 0D
[2026-08-21 15:19:39.674] Enviado: $+ | HEX: 1B 24 2B 36 41 0D
[2026-08-21 15:19:39.674] Recibido ASCII: <SOH>$25<CR>
[2026-08-21 15:19:39.675] Recibido HEX: 01 24 32 35 0D
[2026-08-21 15:19:40.676] Enviado: $+ | HEX: 1B 24 2B 36 41 0D
[2026-08-21 15:19:40.676] Recibido ASCII: <SOH>$25<CR>
[2026-08-21 15:19:40.676] Recibido HEX: 01 24 32 35 0D
[2026-08-21 15:19:41.676] Enviado: $+ | HEX: 1B 24 2B 36 41 0D
[2026-08-21 15:19:41.677] Recibido ASCII: <SOH>$25<CR>
[2026-08-21 15:19:41.677] Recibido HEX: 01 24 32 35 0D
[2026-08-21 15:19:42.677] Enviado: $+ | HEX: 1B 24 2B 36 41 0D
[2026-08-21 15:19:42.677] Recibido ASCII: <SOH>$25<CR>
[2026-08-21 15:19:42.677] Recibido HEX: 01 24 32 35 0D
[2026-08-21 15:19:43.678] Enviado: $+ | HEX: 1B 24 2B 36 41 0D
[2026-08-21 15:19:43.678] Recibido ASCII: <SOH>Q52<CR>
[2026-08-21 15:19:43.678] Recibido HEX: 01 51 35 32 0D
[2026-08-21 15:19:44.679] Enviado: Q | HEX: 1B 51 36 43 0D
[2026-08-21 15:19:44.679] Enviado: $+ | HEX: 1B 24 2B 36 41 0D
[2026-08-21 15:19:44.679] Recibido ASCII: <SOH>$25<CR>
[2026-08-21 15:19:44.680] Recibido HEX: 01 24 32 35 0D
[2026-08-21 15:19:45.680] Enviado: $+ | HEX: 1B 24 2B 36 41 0D
[2026-08-21 15:19:45.680] Recibido ASCII: <ESC>R6D<CR>
[2026-08-21 15:19:45.680] Recibido HEX: 1B 52 36 44 0D
[2026-08-21 15:19:46.681] Enviado: 6666'Hola'00.20:04.01 | HEX: 1B 36 36 36 36 27 48 6F 6C 61 27 30 30 2E 32 30 3A 30 34 2E 30 31 45 32 0D
[2026-08-21 15:19:46.681] Enviado: $+ | HEX: 1B 24 2B 36 41 0D
[2026-08-21 15:19:46.682] Recibido ASCII: <SOH>$25<CR>
[2026-08-21 15:19:46.682] Recibido HEX: 01 24 32 35 0D
[2026-08-21 15:19:47.682] Enviado: $+ | HEX: 1B 24 2B 36 41 0D
[2026-08-21 15:19:47.682] Recibido ASCII: <SOH>637<CR>
[2026-08-21 15:19:47.684] Recibido HEX: 01 36 33 37 0D
[2026-08-21 15:19:48.685] Enviado: $+ | HEX: 1B 24 2B 36 41 0D
[2026-08-21 15:19:48.685] Recibido ASCII: <SOH>$25<CR>
[2026-08-21 15:19:48.685] Recibido HEX: 01 24 32 35 0D
[2026-08-21 15:19:49.686] Enviado: $+ | HEX: 1B 24 2B 36 41 0D
[2026-08-21 15:19:49.686] Recibido ASCII: <SOH>$25<CR>
[2026-08-21 15:19:49.686] Recibido HEX: 01 24 32 35 0D
[2026-08-21 15:19:50.687] Enviado: $+ | HEX: 1B 24 2B 36 41 0D
[2026-08-21 15:19:50.687] Recibido ASCII: <SOH>$25<CR>
[2026-08-21 15:19:50.687] Recibido HEX: 01 24 32 35 0D
[2026-08-21 15:19:51.688] Enviado: $+ | HEX: 1B 24 2B 36 41 0D
[2026-08-21 15:19:51.688] Recibido ASCII: <SOH>$25<CR>
[2026-08-21 15:19:51.688] Recibido HEX: 01 24 32 35 0D
[2026-08-21 15:19:52.688] Enviado: $+ | HEX: 1B 24 2B 36 41 0D
[2026-08-21 15:19:52.689] Recibido ASCII: <SOH>Q52<CR>
[2026-08-21 15:19:52.690] Recibido HEX: 01 51 35 32 0D
[2026-08-21 15:19:53.690] Enviado: Q | HEX: 1B 51 36 43 0D
[2026-08-21 15:19:53.691] Enviado: $+ | HEX: 1B 24 2B 36 41 0D
[2026-08-21 15:19:53.691] Recibido ASCII: <SOH>$25<CR>
[2026-08-21 15:19:53.691] Recibido HEX: 01 24 32 35 0D
[2026-08-21 15:19:54.691] Enviado: $+ | HEX: 1B 24 2B 36 41 0D
[2026-08-21 15:19:54.692] Recibido ASCII: <ESC>R6D<CR>
[2026-08-21 15:19:54.692] Recibido HEX: 1B 52 36 44 0D
[2026-08-21 15:19:55.692] Enviado: 6666'Hola'00.20:04.01 | HEX: 1B 36 36 36 36 27 48 6F 6C 61 27 30 30 2E 32 30 3A 30 34 2E 30 31 45 32 0D
[2026-08-21 15:19:55.692] Enviado: $+ | HEX: 1B 24 2B 36 41 0D
[2026-08-21 15:19:55.692] Recibido ASCII: <SOH>$25<CR>
[2026-08-21 15:19:55.693] Recibido HEX: 01 24 32 35 0D
[2026-08-21 15:19:56.693] Enviado: $+ | HEX: 1B 24 2B 36 41 0D
[2026-08-21 15:19:56.693] Recibido ASCII: <SOH>637<CR>
[2026-08-21 15:19:56.693] Recibido HEX: 01 36 33 37 0D
[2026-08-21 15:19:57.694] Enviado: $+ | HEX: 1B 24 2B 36 41 0D
[2026-08-21 15:19:57.694] Recibido ASCII: <SOH>$25<CR>
[2026-08-21 15:19:57.694] Recibido HEX: 01 24 32 35 0D
[2026-08-21 15:19:58.694] Enviado: $+ | HEX: 1B 24 2B 36 41 0D
[2026-08-21 15:19:58.695] Recibido ASCII: <SOH>$25<CR>
[2026-08-21 15:19:58.695] Recibido HEX: 01 24 32 35 0D
[2026-08-21 15:19:59.695] Enviado: $+ | HEX: 1B 24 2B 36 41 0D
[2026-08-21 15:19:59.695] Recibido ASCII: <SOH>$25<CR>
[2026-08-21 15:19:59.695] Recibido HEX: 01 24 32 35 0D
[2026-08-21 15:20:00.696] Enviado: $+ | HEX: 1B 24 2B 36 41 0D
[2026-08-21 15:20:00.696] Recibido ASCII: <SOH>$25<CR>
[2026-08-21 15:20:00.696] Recibido HEX: 01 24 32 35 0D
[2026-08-21 15:20:01.696] Enviado: $+ | HEX: 1B 24 2B 36 41 0D
[2026-08-21 15:20:01.697] Recibido ASCII: <SOH>Q52<CR>
[2026-08-21 15:20:01.697] Recibido HEX: 01 51 35 32 0D
[2026-08-21 15:20:02.697] Enviado: Q | HEX: 1B 51 36 43 0D
[2026-08-21 15:20:02.698] Enviado: $+ | HEX: 1B 24 2B 36 41 0D
[2026-08-21 15:20:02.698] Recibido ASCII: <SOH>$25<CR>
[2026-08-21 15:20:02.698] Recibido HEX: 01 24 32 35 0D
[2026-08-21 15:20:03.698] Enviado: $+ | HEX: 1B 24 2B 36 41 0D
[2026-08-21 15:20:03.699] Recibido ASCII: <ESC>R6D<CR>
[2026-08-21 15:20:03.699] Recibido HEX: 1B 52 36 44 0D
[2026-08-21 15:20:04.699] Enviado: 6666'Hola'00.20:04.01 | HEX: 1B 36 36 36 36 27 48 6F 6C 61 27 30 30 2E 32 30 3A 30 34 2E 30 31 45 32 0D
[2026-08-21 15:20:04.699] Enviado: $+ | HEX: 1B 24 2B 36 41 0D
[2026-08-21 15:20:04.700] Recibido ASCII: <SOH>$25<CR>
[2026-08-21 15:20:04.700] Recibido HEX: 01 24 32 35 0D
[2026-08-21 15:20:05.700] Enviado: $+ | HEX: 1B 24 2B 36 41 0D
[2026-08-21 15:20:05.700] Recibido ASCII: <SOH>637<CR>
[2026-08-21 15:20:05.701] Recibido HEX: 01 36 33 37 0D
[2026-08-21 15:20:06.701] Enviado: $+ | HEX: 1B 24 2B 36 41 0D
[2026-08-21 15:20:06.701] Recibido ASCII: <SOH>$25<CR>
[2026-08-21 15:20:06.701] Recibido HEX: 01 24 32 35 0D
[2026-08-21 15:20:07.702] Enviado: $+ | HEX: 1B 24 2B 36 41 0D
[2026-08-21 15:20:07.702] Recibido ASCII: <SOH>$25<CR>
[2026-08-21 15:20:07.704] Recibido HEX: 01 24 32 35 0D
[2026-08-21 15:20:08.704] Enviado: $+ | HEX: 1B 24 2B 36 41 0D
[2026-08-21 15:20:08.705] Recibido ASCII: <SOH>$25<CR>
[2026-08-21 15:20:08.705] Recibido HEX: 01 24 32 35 0D
[2026-08-21 15:20:09.705] Enviado: $+ | HEX: 1B 24 2B 36 41 0D
[2026-08-21 15:20:09.706] Recibido ASCII: <SOH>$25<CR>
[2026-08-21 15:20:09.706] Recibido HEX: 01 24 32 35 0D
[2026-08-21 15:20:10.706] Enviado: $+ | HEX: 1B 24 2B 36 41 0D
[2026-08-21 15:20:10.707] Recibido ASCII: <SOH>Q52<CR>
[2026-08-21 15:20:10.707] Recibido HEX: 01 51 35 32 0D
[2026-08-21 15:20:11.707] Enviado: Q | HEX: 1B 51 36 43 0D
[2026-08-21 15:20:11.708] Enviado: $+ | HEX: 1B 24 2B 36 41 0D
[2026-08-21 15:20:11.708] Recibido ASCII: <SOH>$25<CR>
[2026-08-21 15:20:11.708] Recibido HEX: 01 24 32 35 0D
[2026-08-21 15:20:12.709] Enviado: $+ | HEX: 1B 24 2B 36 41 0D
[2026-08-21 15:20:12.709] Recibido ASCII: <ESC>R6D<CR>
[2026-08-21 15:20:12.709] Recibido HEX: 1B 52 36 44 0D
[2026-08-21 15:20:13.709] Enviado: 6666'Hola'00.20:04.01 | HEX: 1B 36 36 36 36 27 48 6F 6C 61 27 30 30 2E 32 30 3A 30 34 2E 30 31 45 32 0D
[2026-08-21 15:20:13.710] Enviado: $+ | HEX: 1B 24 2B 36 41 0D
[2026-08-21 15:20:13.710] Recibido ASCII: <SOH>$25<CR>
[2026-08-21 15:20:13.710] Recibido HEX: 01 24 32 35 0D
[2026-08-21 15:20:14.710] Enviado: $+ | HEX: 1B 24 2B 36 41 0D
[2026-08-21 15:20:14.710] Recibido ASCII: <SOH>637<CR>
[2026-08-21 15:20:14.710] Recibido HEX: 01 36 33 37 0D
[2026-08-21 15:20:15.711] Enviado: $+ | HEX: 1B 24 2B 36 41 0D
[2026-08-21 15:20:15.711] Recibido ASCII: <SOH>$25<CR>
[2026-08-21 15:20:15.711] Recibido HEX: 01 24 32 35 0D
[2026-08-21 15:20:16.711] Enviado: $+ | HEX: 1B 24 2B 36 41 0D
[2026-08-21 15:20:16.712] Recibido ASCII: <SOH>$25<CR>
[2026-08-21 15:20:16.712] Recibido HEX: 01 24 32 35 0D
[2026-08-21 15:20:17.712] Enviado: $+ | HEX: 1B 24 2B 36 41 0D
[2026-08-21 15:20:17.712] Recibido ASCII: <SOH>$25<CR>
[2026-08-21 15:20:17.712] Recibido HEX: 01 24 32 35 0D
[2026-08-21 15:20:18.713] Enviado: $+ | HEX: 1B 24 2B 36 41 0D
[2026-08-21 15:20:18.713] Recibido ASCII: <SOH>$25<CR>
[2026-08-21 15:20:18.713] Recibido HEX: 01 24 32 35 0D
[2026-08-21 15:20:19.714] Enviado: $+ | HEX: 1B 24 2B 36 41 0D
[2026-08-21 15:20:19.714] Recibido ASCII: <SOH>Q52<CR>
[2026-08-21 15:20:19.714] Recibido HEX: 01 51 35 32 0D
[2026-08-21 15:20:20.715] Enviado: Q | HEX: 1B 51 36 43 0D
[2026-08-21 15:20:20.715] Enviado: $+ | HEX: 1B 24 2B 36 41 0D
[2026-08-21 15:20:20.715] Recibido ASCII: <SOH>$25<CR>
[2026-08-21 15:20:20.715] Recibido HEX: 01 24 32 35 0D
[2026-08-21 15:20:21.715] Enviado: $+ | HEX: 1B 24 2B 36 41 0D
[2026-08-21 15:20:21.716] Recibido ASCII: <ESC>R6D<CR>
[2026-08-21 15:20:21.716] Recibido HEX: 1B 52 36 44 0D
[2026-08-21 15:20:22.716] Enviado: 6666'Hola'00.20:04.01 | HEX: 1B 36 36 36 36 27 48 6F 6C 61 27 30 30 2E 32 30 3A 30 34 2E 30 31 45 32 0D
[2026-08-21 15:20:22.717] Enviado: $+ | HEX: 1B 24 2B 36 41 0D
[2026-08-21 15:20:22.717] Recibido ASCII: <SOH>$25<CR>
[2026-08-21 15:20:22.717] Recibido HEX: 01 24 32 35 0D
[2026-08-21 15:20:23.717] Enviado: $+ | HEX: 1B 24 2B 36 41 0D
[2026-08-21 15:20:23.718] Recibido ASCII: <SOH>637<CR>
[2026-08-21 15:20:23.718] Recibido HEX: 01 36 33 37 0D
[2026-08-21 15:20:24.718] Enviado: $+ | HEX: 1B 24 2B 36 41 0D
[2026-08-21 15:20:24.718] Recibido ASCII: <SOH>$25<CR>
[2026-08-21 15:20:24.718] Recibido HEX: 01 24 32 35 0D
[2026-08-21 15:20:25.719] Enviado: $+ | HEX: 1B 24 2B 36 41 0D
[2026-08-21 15:20:25.719] Recibido ASCII: <SOH>$25<CR>
[2026-08-21 15:20:25.720] Recibido HEX: 01 24 32 35 0D
[2026-08-21 15:20:26.720] Enviado: $+ | HEX: 1B 24 2B 36 41 0D
[2026-08-21 15:20:26.720] Recibido ASCII: <SOH>$25<CR>
[2026-08-21 15:20:26.720] Recibido HEX: 01 24 32 35 0D
[2026-08-21 15:20:27.721] Enviado: $+ | HEX: 1B 24 2B 36 41 0D
[2026-08-21 15:20:27.721] Recibido ASCII: <SOH>$25<CR>
[2026-08-21 15:20:27.721] Recibido HEX: 01 24 32 35 0D
[2026-08-21 15:20:28.722] Enviado: $+ | HEX: 1B 24 2B 36 41 0D
[2026-08-21 15:20:28.722] Recibido ASCII: <SOH>Q52<CR>
[2026-08-21 15:20:28.722] Recibido HEX: 01 51 35 32 0D
[2026-08-21 15:20:29.723] Enviado: Q | HEX: 1B 51 36 43 0D
[2026-08-21 15:20:29.723] Enviado: $+ | HEX: 1B 24 2B 36 41 0D
[2026-08-21 15:20:29.723] Recibido ASCII: <SOH>$25<CR>
[2026-08-21 15:20:29.723] Recibido HEX: 01 24 32 35 0D
[2026-08-21 15:20:30.723] Enviado: $+ | HEX: 1B 24 2B 36 41 0D
[2026-08-21 15:20:30.724] Recibido ASCII: <ESC>R6D<CR>
[2026-08-21 15:20:30.724] Recibido HEX: 1B 52 36 44 0D
[2026-08-21 15:20:31.724] Enviado: 6666'Hola'00.20:04.01 | HEX: 1B 36 36 36 36 27 48 6F 6C 61 27 30 30 2E 32 30 3A 30 34 2E 30 31 45 32 0D
[2026-08-21 15:20:31.724] Enviado: $+ | HEX: 1B 24 2B 36 41 0D
[2026-08-21 15:20:31.725] Recibido ASCII: <SOH>$25<CR>
[2026-08-21 15:20:31.725] Recibido HEX: 01 24 32 35 0D
[2026-08-21 15:20:32.725] Enviado: $+ | HEX: 1B 24 2B 36 41 0D
[2026-08-21 15:20:32.725] Recibido ASCII: <SOH>637<CR>
[2026-08-21 15:20:32.725] Recibido HEX: 01 36 33 37 0D
[2026-08-21 15:20:33.726] Enviado: $+ | HEX: 1B 24 2B 36 41 0D
[2026-08-21 15:20:33.726] Recibido ASCII: <SOH>$25<CR>
[2026-08-21 15:20:33.726] Recibido HEX: 01 24 32 35 0D
[2026-08-21 15:20:34.726] Enviado: $+ | HEX: 1B 24 2B 36 41 0D
[2026-08-21 15:20:34.727] Recibido ASCII: <SOH>$25<CR>
[2026-08-21 15:20:34.727] Recibido HEX: 01 24 32 35 0D
[2026-08-21 15:20:35.727] Enviado: $+ | HEX: 1B 24 2B 36 41 0D
[2026-08-21 15:20:35.727] Recibido ASCII: <SOH>$25<CR>
[2026-08-21 15:20:35.727] Recibido HEX: 01 24 32 35 0D
[2026-08-21 15:20:36.728] Enviado: $+ | HEX: 1B 24 2B 36 41 0D
[2026-08-21 15:20:36.728] Recibido ASCII: <SOH>$25<CR>
[2026-08-21 15:20:36.728] Recibido HEX: 01 24 32 35 0D
[2026-08-21 15:20:37.729] Enviado: $+ | HEX: 1B 24 2B 36 41 0D
[2026-08-21 15:20:37.729] Recibido ASCII: <SOH>$25<CR>
[2026-08-21 15:20:37.729] Recibido HEX: 01 24 32 35 0D
[2026-08-21 15:20:38.729] Enviado: $+ | HEX: 1B 24 2B 36 41 0D
[2026-08-21 15:20:38.730] Recibido ASCII: <SOH>$25<CR>
[2026-08-21 15:20:38.730] Recibido HEX: 01 24 32 35 0D
[2026-08-21 15:20:39.730] Enviado: $+ | HEX: 1B 24 2B 36 41 0D
[2026-08-21 15:20:39.730] Recibido ASCII: <SOH>$25<CR>
[2026-08-21 15:20:39.730] Recibido HEX: 01 24 32 35 0D
[2026-08-21 15:20:40.731] Enviado: $+ | HEX: 1B 24 2B 36 41 0D
[2026-08-21 15:20:40.731] Recibido ASCII: <SOH>Q52<CR>
[2026-08-21 15:20:40.731] Recibido HEX: 01 51 35 32 0D
[2026-08-21 15:20:41.732] Enviado: Q | HEX: 1B 51 36 43 0D
[2026-08-21 15:20:41.732] Enviado: $+ | HEX: 1B 24 2B 36 41 0D
[2026-08-21 15:20:41.732] Recibido ASCII: <SOH>$25<CR>
[2026-08-21 15:20:41.732] Recibido HEX: 01 24 32 35 0D
[2026-08-21 15:20:42.733] Enviado: $+ | HEX: 1B 24 2B 36 41 0D
[2026-08-21 15:20:42.733] Recibido ASCII: <ESC>R6D<CR>
[2026-08-21 15:20:42.733] Recibido HEX: 1B 52 36 44 0D
[2026-08-21 15:20:43.733] Enviado: 6666'Hola'00.20:04.01 | HEX: 1B 36 36 36 36 27 48 6F 6C 61 27 30 30 2E 32 30 3A 30 34 2E 30 31 45 32 0D
[2026-08-21 15:20:43.734] Enviado: $+ | HEX: 1B 24 2B 36 41 0D
[2026-08-21 15:20:43.734] Recibido ASCII: <SOH>$25<CR>
[2026-08-21 15:20:43.734] Recibido HEX: 01 24 32 35 0D
[2026-08-21 15:20:44.734] Enviado: $+ | HEX: 1B 24 2B 36 41 0D
[2026-08-21 15:20:44.735] Recibido ASCII: <SOH>637<CR>
[2026-08-21 15:20:44.735] Recibido HEX: 01 36 33 37 0D
[2026-08-21 15:20:45.735] Enviado: $+ | HEX: 1B 24 2B 36 41 0D
[2026-08-21 15:20:45.736] Recibido ASCII: <SOH>$25<CR>
[2026-08-21 15:20:45.736] Recibido HEX: 01 24 32 35 0D
[2026-08-21 15:20:46.736] Enviado: $+ | HEX: 1B 24 2B 36 41 0D
[2026-08-21 15:20:46.737] Recibido ASCII: <SOH>$25<CR>
[2026-08-21 15:20:46.737] Recibido HEX: 01 24 32 35 0D
[2026-08-21 15:20:47.737] Enviado: $+ | HEX: 1B 24 2B 36 41 0D
[2026-08-21 15:20:47.737] Recibido ASCII: <SOH>$25<CR>
[2026-08-21 15:20:47.739] Recibido HEX: 01 24 32 35 0D
[2026-08-21 15:20:48.739] Enviado: $+ | HEX: 1B 24 2B 36 41 0D
[2026-08-21 15:20:48.740] Recibido ASCII: <SOH>$25<CR>
[2026-08-21 15:20:48.740] Recibido HEX: 01 24 32 35 0D
[2026-08-21 15:20:49.740] Enviado: $+ | HEX: 1B 24 2B 36 41 0D
[2026-08-21 15:20:49.741] Recibido ASCII: <SOH>$25<CR>
[2026-08-21 15:20:49.741] Recibido HEX: 01 24 32 35 0D
[2026-08-21 15:20:50.741] Enviado: $+ | HEX: 1B 24 2B 36 41 0D
[2026-08-21 15:20:50.741] Recibido ASCII: <SOH>$25<CR>
[2026-08-21 15:20:50.741] Recibido HEX: 01 24 32 35 0D
[2026-08-21 15:20:51.742] Enviado: $+ | HEX: 1B 24 2B 36 41 0D
[2026-08-21 15:20:51.742] Recibido ASCII: <SOH>$25<CR>
[2026-08-21 15:20:51.742] Recibido HEX: 01 24 32 35 0D
[2026-08-21 15:20:52.743] Enviado: $+ | HEX: 1B 24 2B 36 41 0D
[2026-08-21 15:20:52.743] Recibido ASCII: <SOH>Q52<CR>
[2026-08-21 15:20:52.744] Recibido HEX: 01 51 35 32 0D
[2026-08-21 15:20:53.744] Enviado: Q | HEX: 1B 51 36 43 0D
[2026-08-21 15:20:53.745] Enviado: $+ | HEX: 1B 24 2B 36 41 0D
[2026-08-21 15:20:53.745] Recibido ASCII: <SOH>$25<CR>
[2026-08-21 15:20:53.745] Recibido HEX: 01 24 32 35 0D
[2026-08-21 15:20:54.745] Enviado: $+ | HEX: 1B 24 2B 36 41 0D
[2026-08-21 15:20:54.745] Recibido ASCII: <ESC>R6D<CR>
[2026-08-21 15:20:54.745] Recibido HEX: 1B 52 36 44 0D
[2026-08-21 15:20:55.746] Enviado: 6666'Hola'00.20:04.01 | HEX: 1B 36 36 36 36 27 48 6F 6C 61 27 30 30 2E 32 30 3A 30 34 2E 30 31 45 32 0D
[2026-08-21 15:20:55.746] Enviado: $+ | HEX: 1B 24 2B 36 41 0D
[2026-08-21 15:20:55.746] Recibido ASCII: <SOH>$25<CR>
[2026-08-21 15:20:55.747] Recibido HEX: 01 24 32 35 0D
[2026-08-21 15:20:56.747] Enviado: $+ | HEX: 1B 24 2B 36 41 0D
[2026-08-21 15:20:56.747] Recibido ASCII: <SOH>637<CR>
[2026-08-21 15:20:56.747] Recibido HEX: 01 36 33 37 0D
[2026-08-21 15:20:57.748] Enviado: $+ | HEX: 1B 24 2B 36 41 0D
[2026-08-21 15:20:57.748] Recibido ASCII: <SOH>$25<CR>
[2026-08-21 15:20:57.750] Recibido HEX: 01 24 32 35 0D
[2026-08-21 15:20:58.750] Enviado: $+ | HEX: 1B 24 2B 36 41 0D
[2026-08-21 15:20:58.751] Recibido ASCII: <SOH>$25<CR>
[2026-08-21 15:20:58.751] Recibido HEX: 01 24 32 35 0D
[2026-08-21 15:20:59.751] Enviado: $+ | HEX: 1B 24 2B 36 41 0D
[2026-08-21 15:20:59.751] Recibido ASCII: <SOH>$25<CR>
[2026-08-21 15:20:59.752] Recibido HEX: 01 24 32 35 0D
[2026-08-21 15:21:00.752] Enviado: $+ | HEX: 1B 24 2B 36 41 0D
[2026-08-21 15:21:00.752] Recibido ASCII: <SOH>$25<CR>
[2026-08-21 15:21:00.753] Recibido HEX: 01 24 32 35 0D
[2026-08-21 15:21:01.753] Enviado: $+ | HEX: 1B 24 2B 36 41 0D
[2026-08-21 15:21:01.753] Recibido ASCII: <SOH>$25<CR>
[2026-08-21 15:21:01.753] Recibido HEX: 01 24 32 35 0D
[2026-08-21 15:21:02.754] Enviado: $+ | HEX: 1B 24 2B 36 41 0D
[2026-08-21 15:21:02.754] Recibido ASCII: <SOH>$25<CR>
[2026-08-21 15:21:02.754] Recibido HEX: 01 24 32 35 0D
[2026-08-21 15:21:03.755] Enviado: $+ | HEX: 1B 24 2B 36 41 0D
[2026-08-21 15:21:03.755] Recibido ASCII: <SOH>$25<CR>
[2026-08-21 15:21:03.755] Recibido HEX: 01 24 32 35 0D
[2026-08-21 15:21:04.755] Enviado: $+ | HEX: 1B 24 2B 36 41 0D
[2026-08-21 15:21:04.756] Recibido ASCII: <SOH>Q52<CR>
[2026-08-21 15:21:04.756] Recibido HEX: 01 51 35 32 0D
[2026-08-21 15:21:05.756] Enviado: Q | HEX: 1B 51 36 43 0D
[2026-08-21 15:21:05.756] Enviado: $+ | HEX: 1B 24 2B 36 41 0D
[2026-08-21 15:21:05.757] Recibido ASCII: <SOH>$25<CR>
[2026-08-21 15:21:05.757] Recibido HEX: 01 24 32 35 0D
[2026-08-21 15:21:06.757] Enviado: $+ | HEX: 1B 24 2B 36 41 0D
[2026-08-21 15:21:06.757] Recibido ASCII: <ESC>R6D<CR>
[2026-08-21 15:21:06.757] Recibido HEX: 1B 52 36 44 0D
[2026-08-21 15:21:07.758] Enviado: 6666'Hola'00.20:04.01 | HEX: 1B 36 36 36 36 27 48 6F 6C 61 27 30 30 2E 32 30 3A 30 34 2E 30 31 45 32 0D
[2026-08-21 15:21:07.758] Enviado: $+ | HEX: 1B 24 2B 36 41 0D
[2026-08-21 15:21:07.758] Recibido ASCII: <SOH>$25<CR>
[2026-08-21 15:21:07.758] Recibido HEX: 01 24 32 35 0D
[2026-08-21 15:21:08.758] Enviado: $+ | HEX: 1B 24 2B 36 41 0D
[2026-08-21 15:21:08.759] Recibido ASCII: <SOH>637<CR>
[2026-08-21 15:21:08.759] Recibido HEX: 01 36 33 37 0D
[2026-08-21 15:21:09.759] Enviado: $+ | HEX: 1B 24 2B 36 41 0D
[2026-08-21 15:21:09.759] Recibido ASCII: <SOH>$25<CR>
[2026-08-21 15:21:09.759] Recibido HEX: 01 24 32 35 0D
[2026-08-21 15:21:10.760] Enviado: $+ | HEX: 1B 24 2B 36 41 0D
[2026-08-21 15:21:10.760] Recibido ASCII: <SOH>$25<CR>
[2026-08-21 15:21:10.760] Recibido HEX: 01 24 32 35 0D
[2026-08-21 15:21:11.760] Enviado: $+ | HEX: 1B 24 2B 36 41 0D
[2026-08-21 15:21:11.760] Recibido ASCII: <SOH>$25<CR>
[2026-08-21 15:21:11.761] Recibido HEX: 01 24 32 35 0D
[2026-08-21 15:21:12.761] Enviado: $+ | HEX: 1B 24 2B 36 41 0D
[2026-08-21 15:21:12.761] Recibido ASCII: <SOH>$25<CR>
[2026-08-21 15:21:12.761] Recibido HEX: 01 24 32 35 0D
[2026-08-21 15:21:13.761] Enviado: $+ | HEX: 1B 24 2B 36 41 0D
[2026-08-21 15:21:13.762] Recibido ASCII: <SOH>$25<CR>
[2026-08-21 15:21:13.762] Recibido HEX: 01 24 32 35 0D
[2026-08-21 15:21:14.762] Enviado: $+ | HEX: 1B 24 2B 36 41 0D
[2026-08-21 15:21:14.762] Recibido ASCII: <SOH>$25<CR>
[2026-08-21 15:21:14.762] Recibido HEX: 01 24 32 35 0D
[2026-08-21 15:21:15.763] Enviado: $+ | HEX: 1B 24 2B 36 41 0D
[2026-08-21 15:21:15.763] Recibido ASCII: <SOH>$25<CR>
[2026-08-21 15:21:15.763] Recibido HEX: 01 24 32 35 0D
[2026-08-21 15:21:16.763] Enviado: $+ | HEX: 1B 24 2B 36 41 0D
[2026-08-21 15:21:16.764] Recibido ASCII: <SOH>Q52<CR>
[2026-08-21 15:21:16.764] Recibido HEX: 01 51 35 32 0D
[2026-08-21 15:21:17.764] Enviado: Q | HEX: 1B 51 36 43 0D
[2026-08-21 15:21:17.764] Enviado: $+ | HEX: 1B 24 2B 36 41 0D
[2026-08-21 15:21:17.764] Recibido ASCII: <SOH>$25<CR>
[2026-08-21 15:21:17.765] Recibido HEX: 01 24 32 35 0D
[2026-08-21 15:21:18.765] Enviado: $+ | HEX: 1B 24 2B 36 41 0D
[2026-08-21 15:21:18.765] Recibido ASCII: <ESC>R6D<CR>
[2026-08-21 15:21:18.765] Recibido HEX: 1B 52 36 44 0D
[2026-08-21 15:21:19.766] Enviado: 6666'Hola'00.20:04.01 | HEX: 1B 36 36 36 36 27 48 6F 6C 61 27 30 30 2E 32 30 3A 30 34 2E 30 31 45 32 0D
[2026-08-21 15:21:19.766] Enviado: $+ | HEX: 1B 24 2B 36 41 0D
[2026-08-21 15:21:19.768] Recibido ASCII: <SOH>$25<CR>
[2026-08-21 15:21:19.768] Recibido HEX: 01 24 32 35 0D
[2026-08-21 15:21:20.768] Enviado: $+ | HEX: 1B 24 2B 36 41 0D
[2026-08-21 15:21:20.768] Recibido ASCII: <SOH>637<CR>
[2026-08-21 15:21:20.768] Recibido HEX: 01 36 33 37 0D
[2026-08-21 15:21:21.769] Enviado: $+ | HEX: 1B 24 2B 36 41 0D
[2026-08-21 15:21:21.769] Recibido ASCII: <SOH>$25<CR>
[2026-08-21 15:21:21.769] Recibido HEX: 01 24 32 35 0D
[2026-08-21 15:21:22.769] Enviado: $+ | HEX: 1B 24 2B 36 41 0D
[2026-08-21 15:21:22.770] Recibido ASCII: <SOH>$25<CR>
[2026-08-21 15:21:22.770] Recibido HEX: 01 24 32 35 0D
[2026-08-21 15:21:23.770] Enviado: $+ | HEX: 1B 24 2B 36 41 0D
[2026-08-21 15:21:23.770] Recibido ASCII: <SOH>$25<CR>
[2026-08-21 15:21:23.770] Recibido HEX: 01 24 32 35 0D
[2026-08-21 15:21:24.771] Enviado: $+ | HEX: 1B 24 2B 36 41 0D
[2026-08-21 15:21:24.771] Recibido ASCII: <SOH>$25<CR>
[2026-08-21 15:21:24.771] Recibido HEX: 01 24 32 35 0D
[2026-08-21 15:21:25.771] Enviado: $+ | HEX: 1B 24 2B 36 41 0D
[2026-08-21 15:21:25.772] Recibido ASCII: <SOH>$25<CR>
[2026-08-21 15:21:25.772] Recibido HEX: 01 24 32 35 0D
[2026-08-21 15:21:26.772] Enviado: $+ | HEX: 1B 24 2B 36 41 0D
[2026-08-21 15:21:26.772] Recibido ASCII: <SOH>$25<CR>
[2026-08-21 15:21:26.772] Recibido HEX: 01 24 32 35 0D
[2026-08-21 15:21:27.773] Enviado: $+ | HEX: 1B 24 2B 36 41 0D
[2026-08-21 15:21:27.773] Recibido ASCII: <SOH>$25<CR>
[2026-08-21 15:21:27.773] Recibido HEX: 01 24 32 35 0D
[2026-08-21 15:21:28.773] Enviado: $+ | HEX: 1B 24 2B 36 41 0D
[2026-08-21 15:21:28.774] Recibido ASCII: <SOH>Q52<CR>
[2026-08-21 15:21:28.774] Recibido HEX: 01 51 35 32 0D
[2026-08-21 15:21:29.774] Enviado: Q | HEX: 1B 51 36 43 0D
[2026-08-21 15:21:29.774] Enviado: $+ | HEX: 1B 24 2B 36 41 0D
[2026-08-21 15:21:29.774] Recibido ASCII: <SOH>$25<CR>
[2026-08-21 15:21:29.774] Recibido HEX: 01 24 32 35 0D
[2026-08-21 15:21:30.775] Enviado: $+ | HEX: 1B 24 2B 36 41 0D
[2026-08-21 15:21:30.775] Recibido ASCII: <ESC>R6D<CR>
[2026-08-21 15:21:30.775] Recibido HEX: 1B 52 36 44 0D
[2026-08-21 15:21:31.776] Enviado: 6666'Hola'00.20:04.01 | HEX: 1B 36 36 36 36 27 48 6F 6C 61 27 30 30 2E 32 30 3A 30 34 2E 30 31 45 32 0D
[2026-08-21 15:21:31.776] Enviado: $+ | HEX: 1B 24 2B 36 41 0D
[2026-08-21 15:21:31.776] Recibido ASCII: <SOH>$25<CR>
[2026-08-21 15:21:31.776] Recibido HEX: 01 24 32 35 0D
[2026-08-21 15:21:32.777] Enviado: $+ | HEX: 1B 24 2B 36 41 0D
[2026-08-21 15:21:32.777] Recibido ASCII: <SOH>637<CR>
[2026-08-21 15:21:32.777] Recibido HEX: 01 36 33 37 0D
[2026-08-21 15:21:33.777] Enviado: $+ | HEX: 1B 24 2B 36 41 0D
[2026-08-21 15:21:33.778] Recibido ASCII: <SOH>$25<CR>
[2026-08-21 15:21:33.778] Recibido HEX: 01 24 32 35 0D
[2026-08-21 15:21:34.778] Enviado: $+ | HEX: 1B 24 2B 36 41 0D
[2026-08-21 15:21:34.778] Recibido ASCII: <SOH>$25<CR>
[2026-08-21 15:21:34.778] Recibido HEX: 01 24 32 35 0D
[2026-08-21 15:21:35.779] Enviado: $+ | HEX: 1B 24 2B 36 41 0D
[2026-08-21 15:21:35.779] Recibido ASCII: <SOH>$25<CR>
[2026-08-21 15:21:35.779] Recibido HEX: 01 24 32 35 0D
[2026-08-21 15:21:36.779] Enviado: $+ | HEX: 1B 24 2B 36 41 0D
[2026-08-21 15:21:36.779] Recibido ASCII: <SOH>$25<CR>
[2026-08-21 15:21:36.779] Recibido HEX: 01 24 32 35 0D
[2026-08-21 15:21:37.780] Enviado: $+ | HEX: 1B 24 2B 36 41 0D
[2026-08-21 15:21:37.780] Recibido ASCII: <SOH>$25<CR>
[2026-08-21 15:21:37.780] Recibido HEX: 01 24 32 35 0D
[2026-08-21 15:21:38.780] Enviado: $+ | HEX: 1B 24 2B 36 41 0D
[2026-08-21 15:21:38.781] Recibido ASCII: <SOH>$25<CR>
[2026-08-21 15:21:38.781] Recibido HEX: 01 24 32 35 0D
[2026-08-21 15:21:39.781] Enviado: $+ | HEX: 1B 24 2B 36 41 0D
[2026-08-21 15:21:39.781] Recibido ASCII: <SOH>$25<CR>
[2026-08-21 15:21:39.782] Recibido HEX: 01 24 32 35 0D
[2026-08-21 15:21:40.782] Enviado: $+ | HEX: 1B 24 2B 36 41 0D
[2026-08-21 15:21:40.782] Recibido ASCII: <SOH>Q52<CR>
[2026-08-21 15:21:40.782] Recibido HEX: 01 51 35 32 0D
[2026-08-21 15:21:41.783] Enviado: Q | HEX: 1B 51 36 43 0D
[2026-08-21 15:21:41.783] Enviado: $+ | HEX: 1B 24 2B 36 41 0D
[2026-08-21 15:21:41.783] Recibido ASCII: <SOH>$25<CR>
[2026-08-21 15:21:41.783] Recibido HEX: 01 24 32 35 0D
[2026-08-21 15:21:42.784] Enviado: $+ | HEX: 1B 24 2B 36 41 0D
[2026-08-21 15:21:42.784] Recibido ASCII: <ESC>R6D<CR>
[2026-08-21 15:21:42.784] Recibido HEX: 1B 52 36 44 0D
[2026-08-21 15:21:43.785] Enviado: 6666'Hola'00.20:04.01 | HEX: 1B 36 36 36 36 27 48 6F 6C 61 27 30 30 2E 32 30 3A 30 34 2E 30 31 45 32 0D
[2026-08-21 15:21:43.785] Enviado: $+ | HEX: 1B 24 2B 36 41 0D
[2026-08-21 15:21:43.785] Recibido ASCII: <SOH>$25<CR>
[2026-08-21 15:21:43.785] Recibido HEX: 01 24 32 35 0D
[2026-08-21 15:21:44.786] Enviado: $+ | HEX: 1B 24 2B 36 41 0D
[2026-08-21 15:21:44.786] Recibido ASCII: <SOH>637<CR>
[2026-08-21 15:21:44.786] Recibido HEX: 01 36 33 37 0D
[2026-08-21 15:21:45.786] Enviado: $+ | HEX: 1B 24 2B 36 41 0D
[2026-08-21 15:21:45.787] Recibido ASCII: <SOH>$25<CR>
[2026-08-21 15:21:45.787] Recibido HEX: 01 24 32 35 0D
[2026-08-21 15:21:46.787] Enviado: $+ | HEX: 1B 24 2B 36 41 0D
[2026-08-21 15:21:46.787] Recibido ASCII: <SOH>$25<CR>
[2026-08-21 15:21:46.787] Recibido HEX: 01 24 32 35 0D
[2026-08-21 15:21:47.788] Enviado: $+ | HEX: 1B 24 2B 36 41 0D
[2026-08-21 15:21:47.788] Recibido ASCII: <SOH>$25<CR>
[2026-08-21 15:21:47.790] Recibido HEX: 01 24 32 35 0D
[2026-08-21 15:21:48.790] Enviado: $+ | HEX: 1B 24 2B 36 41 0D
[2026-08-21 15:21:48.790] Recibido ASCII: <SOH>$25<CR>
[2026-08-21 15:21:48.791] Recibido HEX: 01 24 32 35 0D
[2026-08-21 15:21:49.791] Enviado: $+ | HEX: 1B 24 2B 36 41 0D
[2026-08-21 15:21:49.791] Recibido ASCII: <SOH>$25<CR>
[2026-08-21 15:21:49.791] Recibido HEX: 01 24 32 35 0D
[2026-08-21 15:21:50.792] Enviado: $+ | HEX: 1B 24 2B 36 41 0D
[2026-08-21 15:21:50.792] Recibido ASCII: <SOH>$25<CR>
[2026-08-21 15:21:50.792] Recibido HEX: 01 24 32 35 0D
[2026-08-21 15:21:51.792] Enviado: $+ | HEX: 1B 24 2B 36 41 0D
[2026-08-21 15:21:51.793] Recibido ASCII: <SOH>$25<CR>
[2026-08-21 15:21:51.793] Recibido HEX: 01 24 32 35 0D
[2026-08-21 15:21:52.793] Enviado: $+ | HEX: 1B 24 2B 36 41 0D
[2026-08-21 15:21:52.793] Recibido ASCII: <SOH>Q52<CR>
[2026-08-21 15:21:52.795] Recibido HEX: 01 51 35 32 0D
[2026-08-21 15:21:53.795] Enviado: Q | HEX: 1B 51 36 43 0D
[2026-08-21 15:21:53.795] Enviado: $+ | HEX: 1B 24 2B 36 41 0D
[2026-08-21 15:21:53.796] Recibido ASCII: <SOH>$25<CR>
[2026-08-21 15:21:53.796] Recibido HEX: 01 24 32 35 0D
[2026-08-21 15:21:54.796] Enviado: $+ | HEX: 1B 24 2B 36 41 0D
[2026-08-21 15:21:54.796] Recibido ASCII: <ESC>R6D<CR>
[2026-08-21 15:21:54.796] Recibido HEX: 1B 52 36 44 0D
[2026-08-21 15:21:55.797] Enviado: 6666'Hola'00.20:04.01 | HEX: 1B 36 36 36 36 27 48 6F 6C 61 27 30 30 2E 32 30 3A 30 34 2E 30 31 45 32 0D
[2026-08-21 15:21:55.797] Enviado: $+ | HEX: 1B 24 2B 36 41 0D
[2026-08-21 15:21:55.797] Recibido ASCII: <SOH>$25<CR>
[2026-08-21 15:21:55.797] Recibido HEX: 01 24 32 35 0D
[2026-08-21 15:21:56.798] Enviado: $+ | HEX: 1B 24 2B 36 41 0D
[2026-08-21 15:21:56.798] Recibido ASCII: <SOH>637<CR>
[2026-08-21 15:21:56.798] Recibido HEX: 01 36 33 37 0D
[2026-08-21 15:21:57.798] Enviado: $+ | HEX: 1B 24 2B 36 41 0D
[2026-08-21 15:21:57.798] Recibido ASCII: <SOH>$25<CR>
[2026-08-21 15:21:57.800] Recibido HEX: 01 24 32 35 0D
[2026-08-21 15:21:58.800] Enviado: $+ | HEX: 1B 24 2B 36 41 0D
[2026-08-21 15:21:58.801] Recibido ASCII: <SOH>$25<CR>
[2026-08-21 15:21:58.801] Recibido HEX: 01 24 32 35 0D
[2026-08-21 15:21:59.801] Enviado: $+ | HEX: 1B 24 2B 36 41 0D
[2026-08-21 15:21:59.801] Recibido ASCII: <SOH>$25<CR>
[2026-08-21 15:21:59.801] Recibido HEX: 01 24 32 35 0D
[2026-08-21 15:22:00.802] Enviado: $+ | HEX: 1B 24 2B 36 41 0D
[2026-08-21 15:22:00.802] Recibido ASCII: <SOH>$25<CR>
[2026-08-21 15:22:00.802] Recibido HEX: 01 24 32 35 0D
[2026-08-21 15:22:01.802] Enviado: $+ | HEX: 1B 24 2B 36 41 0D
[2026-08-21 15:22:01.802] Recibido ASCII: <SOH>$25<CR>
[2026-08-21 15:22:01.803] Recibido HEX: 01 24 32 35 0D
[2026-08-21 15:22:02.803] Enviado: $+ | HEX: 1B 24 2B 36 41 0D
[2026-08-21 15:22:02.803] Recibido ASCII: <SOH>$25<CR>
[2026-08-21 15:22:02.803] Recibido HEX: 01 24 32 35 0D
[2026-08-21 15:22:03.804] Enviado: $+ | HEX: 1B 24 2B 36 41 0D
[2026-08-21 15:22:03.804] Recibido ASCII: <SOH>$25<CR>
[2026-08-21 15:22:03.804] Recibido HEX: 01 24 32 35 0D
[2026-08-21 15:22:04.804] Enviado: $+ | HEX: 1B 24 2B 36 41 0D
[2026-08-21 15:22:04.805] Recibido ASCII: <SOH>$25<CR>
[2026-08-21 15:22:04.805] Recibido HEX: 01 24 32 35 0D
[2026-08-21 15:22:05.805] Enviado: $+ | HEX: 1B 24 2B 36 41 0D
[2026-08-21 15:22:05.805] Recibido ASCII: <SOH>$25<CR>
[2026-08-21 15:22:05.805] Recibido HEX: 01 24 32 35 0D
[2026-08-21 15:22:06.806] Enviado: $+ | HEX: 1B 24 2B 36 41 0D
[2026-08-21 15:22:06.806] Recibido ASCII: <ESC>R6D<CR>
[2026-08-21 15:22:06.806] Recibido HEX: 1B 52 36 44 0D
[2026-08-21 15:22:07.806] Enviado: 6666'Hola'00.20:04.01 | HEX: 1B 36 36 36 36 27 48 6F 6C 61 27 30 30 2E 32 30 3A 30 34 2E 30 31 45 32 0D
[2026-08-21 15:22:07.807] Enviado: $+ | HEX: 1B 24 2B 36 41 0D
[2026-08-21 15:22:07.807] Recibido ASCII: <SOH>$25<CR>
[2026-08-21 15:22:07.807] Recibido HEX: 01 24 32 35 0D
[2026-08-21 15:22:08.807] Enviado: $+ | HEX: 1B 24 2B 36 41 0D
[2026-08-21 15:22:08.807] Recibido ASCII: <SOH>Q52<CR>
[2026-08-21 15:22:08.807] Recibido HEX: 01 51 35 32 0D
[2026-08-21 15:22:09.808] Enviado: Q | HEX: 1B 51 36 43 0D
[2026-08-21 15:22:09.808] Enviado: $+ | HEX: 1B 24 2B 36 41 0D
[2026-08-21 15:22:09.808] Recibido ASCII: <SOH>$25<CR>
[2026-08-21 15:22:09.808] Recibido HEX: 01 24 32 35 0D
[2026-08-21 15:22:10.808] Enviado: $+ | HEX: 1B 24 2B 36 41 0D
[2026-08-21 15:22:10.809] Recibido ASCII: <ESC>R6D<CR>
[2026-08-21 15:22:10.809] Recibido HEX: 1B 52 36 44 0D
[2026-08-21 15:22:11.809] Enviado: 6666'Hola'00.20:04.01 | HEX: 1B 36 36 36 36 27 48 6F 6C 61 27 30 30 2E 32 30 3A 30 34 2E 30 31 45 32 0D
[2026-08-21 15:22:11.809] Enviado: $+ | HEX: 1B 24 2B 36 41 0D
[2026-08-21 15:22:11.809] Recibido ASCII: <SOH>$25<CR>
[2026-08-21 15:22:11.809] Recibido HEX: 01 24 32 35 0D
[2026-08-21 15:22:12.809] Enviado: $+ | HEX: 1B 24 2B 36 41 0D
[2026-08-21 15:22:12.810] Recibido ASCII: <SOH>637<CR>
[2026-08-21 15:22:12.810] Recibido HEX: 01 36 33 37 0D
[2026-08-21 15:22:13.810] Enviado: $+ | HEX: 1B 24 2B 36 41 0D
[2026-08-21 15:22:13.810] Recibido ASCII: <SOH>$25<CR>
[2026-08-21 15:22:13.810] Recibido HEX: 01 24 32 35 0D
[2026-08-21 15:22:14.812] Enviado: $+ | HEX: 1B 24 2B 36 41 0D
[2026-08-21 15:22:14.812] Recibido ASCII: <SOH>$25<CR>
[2026-08-21 15:22:14.812] Recibido HEX: 01 24 32 35 0D
[2026-08-21 15:22:15.812] Enviado: $+ | HEX: 1B 24 2B 36 41 0D
[2026-08-21 15:22:15.813] Recibido ASCII: <SOH>$25<CR>
[2026-08-21 15:22:15.813] Recibido HEX: 01 24 32 35 0D
[2026-08-21 15:22:16.813] Enviado: $+ | HEX: 1B 24 2B 36 41 0D
[2026-08-21 15:22:16.813] Recibido ASCII: <SOH>$25<CR>
[2026-08-21 15:22:16.813] Recibido HEX: 01 24 32 35 0D
[2026-08-21 15:22:17.814] Enviado: $+ | HEX: 1B 24 2B 36 41 0D
[2026-08-21 15:22:17.814] Recibido ASCII: <SOH>$25<CR>
[2026-08-21 15:22:17.814] Recibido HEX: 01 24 32 35 0D
[2026-08-21 15:22:18.815] Enviado: $+ | HEX: 1B 24 2B 36 41 0D
[2026-08-21 15:22:18.815] Recibido ASCII: <SOH>$25<CR>
[2026-08-21 15:22:18.816] Recibido HEX: 01 24 32 35 0D
[2026-08-21 15:22:19.817] Enviado: $+ | HEX: 1B 24 2B 36 41 0D
[2026-08-21 15:22:19.817] Recibido ASCII: <SOH>$25<CR>
[2026-08-21 15:22:19.817] Recibido HEX: 01 24 32 35 0D
[2026-08-21 15:22:20.817] Enviado: $+ | HEX: 1B 24 2B 36 41 0D
[2026-08-21 15:22:20.818] Recibido ASCII: <SOH>$25<CR>
[2026-08-21 15:22:20.818] Recibido HEX: 01 24 32 35 0D
[2026-08-21 15:22:21.818] Enviado: $+ | HEX: 1B 24 2B 36 41 0D
[2026-08-21 15:22:21.819] Recibido ASCII: <SOH>$25<CR>
[2026-08-21 15:22:21.819] Recibido HEX: 01 24 32 35 0D
[2026-08-21 15:22:22.819] Enviado: $+ | HEX: 1B 24 2B 36 41 0D
[2026-08-21 15:22:22.819] Recibido ASCII: <ESC>R6D<CR>
[2026-08-21 15:22:22.819] Recibido HEX: 1B 52 36 44 0D
[2026-08-21 15:22:23.820] Enviado: 6666'Hola'00.20:04.01 | HEX: 1B 36 36 36 36 27 48 6F 6C 61 27 30 30 2E 32 30 3A 30 34 2E 30 31 45 32 0D
[2026-08-21 15:22:23.820] Enviado: $+ | HEX: 1B 24 2B 36 41 0D
[2026-08-21 15:22:23.820] Recibido ASCII: <SOH>$25<CR>
[2026-08-21 15:22:23.820] Recibido HEX: 01 24 32 35 0D
[2026-08-21 15:22:24.820] Enviado: $+ | HEX: 1B 24 2B 36 41 0D
[2026-08-21 15:22:24.821] Recibido ASCII: <SOH>Q52<CR>
[2026-08-21 15:22:24.821] Recibido HEX: 01 51 35 32 0D
[2026-08-21 15:22:25.821] Enviado: Q | HEX: 1B 51 36 43 0D
[2026-08-21 15:22:25.821] Enviado: $+ | HEX: 1B 24 2B 36 41 0D
[2026-08-21 15:22:25.822] Recibido ASCII: <SOH>$25<CR>
[2026-08-21 15:22:25.822] Recibido HEX: 01 24 32 35 0D
[2026-08-21 15:22:26.822] Enviado: $+ | HEX: 1B 24 2B 36 41 0D
[2026-08-21 15:22:26.822] Recibido ASCII: <ESC>R6D<CR>
[2026-08-21 15:22:26.822] Recibido HEX: 1B 52 36 44 0D
[2026-08-21 15:22:27.823] Enviado: 6666'Hola'00.20:04.01 | HEX: 1B 36 36 36 36 27 48 6F 6C 61 27 30 30 2E 32 30 3A 30 34 2E 30 31 45 32 0D
[2026-08-21 15:22:27.823] Enviado: $+ | HEX: 1B 24 2B 36 41 0D
[2026-08-21 15:22:27.823] Recibido ASCII: <SOH>$25<CR>
[2026-08-21 15:22:27.823] Recibido HEX: 01 24 32 35 0D
[2026-08-21 15:22:28.823] Enviado: $+ | HEX: 1B 24 2B 36 41 0D
[2026-08-21 15:22:28.824] Recibido ASCII: <SOH>637<CR>
[2026-08-21 15:22:28.824] Recibido HEX: 01 36 33 37 0D
[2026-08-21 15:22:29.824] Enviado: $+ | HEX: 1B 24 2B 36 41 0D
[2026-08-21 15:22:29.824] Recibido ASCII: <SOH>$25<CR>
[2026-08-21 15:22:29.825] Recibido HEX: 01 24 32 35 0D
[2026-08-21 15:22:30.825] Enviado: $+ | HEX: 1B 24 2B 36 41 0D
[2026-08-21 15:22:30.825] Recibido ASCII: <SOH>$25<CR>
[2026-08-21 15:22:30.825] Recibido HEX: 01 24 32 35 0D
[2026-08-21 15:22:31.825] Enviado: $+ | HEX: 1B 24 2B 36 41 0D
[2026-08-21 15:22:31.826] Recibido ASCII: <SOH>$25<CR>
[2026-08-21 15:22:31.826] Recibido HEX: 01 24 32 35 0D
[2026-08-21 15:22:32.826] Enviado: $+ | HEX: 1B 24 2B 36 41 0D
[2026-08-21 15:22:32.826] Recibido ASCII: <SOH>$25<CR>
[2026-08-21 15:22:32.826] Recibido HEX: 01 24 32 35 0D
[2026-08-21 15:22:33.826] Enviado: $+ | HEX: 1B 24 2B 36 41 0D
[2026-08-21 15:22:33.826] Recibido ASCII: <SOH>$25<CR>
[2026-08-21 15:22:33.827] Recibido HEX: 01 24 32 35 0D
[2026-08-21 15:22:34.827] Enviado: $+ | HEX: 1B 24 2B 36 41 0D
[2026-08-21 15:22:34.827] Recibido ASCII: <SOH>$25<CR>
[2026-08-21 15:22:34.827] Recibido HEX: 01 24 32 35 0D
[2026-08-21 15:22:35.828] Enviado: $+ | HEX: 1B 24 2B 36 41 0D
[2026-08-21 15:22:35.828] Recibido ASCII: <SOH>$25<CR>
[2026-08-21 15:22:35.828] Recibido HEX: 01 24 32 35 0D
[2026-08-21 15:22:36.828] Enviado: $+ | HEX: 1B 24 2B 36 41 0D
[2026-08-21 15:22:36.828] Recibido ASCII: <SOH>$25<CR>
[2026-08-21 15:22:36.828] Recibido HEX: 01 24 32 35 0D
[2026-08-21 15:22:37.829] Enviado: $+ | HEX: 1B 24 2B 36 41 0D
[2026-08-21 15:22:37.829] Recibido ASCII: <SOH>$25<CR>
[2026-08-21 15:22:37.829] Recibido HEX: 01 24 32 35 0D
[2026-08-21 15:22:38.829] Enviado: $+ | HEX: 1B 24 2B 36 41 0D
[2026-08-21 15:22:38.830] Recibido ASCII: <ESC>R6D<CR>
[2026-08-21 15:22:38.830] Recibido HEX: 1B 52 36 44 0D
[2026-08-21 15:22:39.830] Enviado: 6666'Hola'00.20:04.01 | HEX: 1B 36 36 36 36 27 48 6F 6C 61 27 30 30 2E 32 30 3A 30 34 2E 30 31 45 32 0D
[2026-08-21 15:22:39.830] Enviado: $+ | HEX: 1B 24 2B 36 41 0D
[2026-08-21 15:22:39.830] Recibido ASCII: <SOH>$25<CR>
[2026-08-21 15:22:39.831] Recibido HEX: 01 24 32 35 0D
[2026-08-21 15:22:40.832] Enviado: $+ | HEX: 1B 24 2B 36 41 0D
[2026-08-21 15:22:40.832] Recibido ASCII: <SOH>Q52<CR>
[2026-08-21 15:22:40.832] Recibido HEX: 01 51 35 32 0D
[2026-08-21 15:22:41.832] Enviado: Q | HEX: 1B 51 36 43 0D
[2026-08-21 15:22:41.833] Enviado: $+ | HEX: 1B 24 2B 36 41 0D
[2026-08-21 15:22:41.833] Recibido ASCII: <SOH>$25<CR>
[2026-08-21 15:22:41.833] Recibido HEX: 01 24 32 35 0D
[2026-08-21 15:22:42.833] Enviado: $+ | HEX: 1B 24 2B 36 41 0D
[2026-08-21 15:22:42.833] Recibido ASCII: <ESC>R6D<CR>
[2026-08-21 15:22:42.833] Recibido HEX: 1B 52 36 44 0D
[2026-08-21 15:22:43.834] Enviado: 6666'Hola'00.20:04.01 | HEX: 1B 36 36 36 36 27 48 6F 6C 61 27 30 30 2E 32 30 3A 30 34 2E 30 31 45 32 0D
[2026-08-21 15:22:43.834] Enviado: $+ | HEX: 1B 24 2B 36 41 0D
[2026-08-21 15:22:43.834] Recibido ASCII: <SOH>$25<CR>
[2026-08-21 15:22:43.834] Recibido HEX: 01 24 32 35 0D
[2026-08-21 15:22:44.835] Enviado: $+ | HEX: 1B 24 2B 36 41 0D
[2026-08-21 15:22:44.835] Recibido ASCII: <SOH>637<CR>
[2026-08-21 15:22:44.835] Recibido HEX: 01 36 33 37 0D
[2026-08-21 15:22:45.835] Enviado: $+ | HEX: 1B 24 2B 36 41 0D
[2026-08-21 15:22:45.836] Recibido ASCII: <SOH>$25<CR>
[2026-08-21 15:22:45.836] Recibido HEX: 01 24 32 35 0D
[2026-08-21 15:22:46.836] Enviado: $+ | HEX: 1B 24 2B 36 41 0D
[2026-08-21 15:22:46.836] Recibido ASCII: <SOH>$25<CR>
[2026-08-21 15:22:46.836] Recibido HEX: 01 24 32 35 0D
[2026-08-21 15:22:47.837] Enviado: $+ | HEX: 1B 24 2B 36 41 0D
[2026-08-21 15:22:47.837] Recibido ASCII: <SOH>$25<CR>
[2026-08-21 15:22:47.837] Recibido HEX: 01 24 32 35 0D
[2026-08-21 15:22:48.837] Enviado: $+ | HEX: 1B 24 2B 36 41 0D
[2026-08-21 15:22:48.837] Recibido ASCII: <SOH>$25<CR>
[2026-08-21 15:22:48.837] Recibido HEX: 01 24 32 35 0D
[2026-08-21 15:22:49.838] Enviado: $+ | HEX: 1B 24 2B 36 41 0D
[2026-08-21 15:22:49.838] Recibido ASCII: <SOH>$25<CR>
[2026-08-21 15:22:49.838] Recibido HEX: 01 24 32 35 0D
[2026-08-21 15:22:50.838] Enviado: $+ | HEX: 1B 24 2B 36 41 0D
[2026-08-21 15:22:50.839] Recibido ASCII: <SOH>$25<CR>
[2026-08-21 15:22:50.839] Recibido HEX: 01 24 32 35 0D
[2026-08-21 15:22:51.839] Enviado: $+ | HEX: 1B 24 2B 36 41 0D
[2026-08-21 15:22:51.839] Recibido ASCII: <SOH>$25<CR>
[2026-08-21 15:22:51.839] Recibido HEX: 01 24 32 35 0D
[2026-08-21 15:22:52.840] Enviado: $+ | HEX: 1B 24 2B 36 41 0D
[2026-08-21 15:22:52.840] Recibido ASCII: <SOH>$25<CR>
[2026-08-21 15:22:52.840] Recibido HEX: 01 24 32 35 0D
[2026-08-21 15:22:53.840] Enviado: $+ | HEX: 1B 24 2B 36 41 0D
[2026-08-21 15:22:53.840] Recibido ASCII: <SOH>$25<CR>
[2026-08-21 15:22:53.842] Recibido HEX: 01 24 32 35 0D
[2026-08-21 15:25:41.469] Iniciando comunicación con Atlan A350 XL (8E1)...
[2026-08-21 15:25:41.474] Enviado: Q | HEX: 1B 51 36 43 0D
[2026-08-21 15:25:41.528] Recibido ASCII: <SOH>Q52<CR>
[2026-08-21 15:25:41.528] Recibido HEX: 01 51 35 32 0D
[2026-08-21 15:25:41.534] Enviado: R | HEX: 1B 52 36 44 0D
[2026-08-21 15:25:41.638] Recibido ASCII: <SOH>R5555'A3XX'02.10:0<ESC>R6D<CR>
[2026-08-21 15:25:41.639] Recibido HEX: 01 52 35 35 35 35 27 41 33 58 58 27 30 32 2E 31 30 3A 30 1B 52 36 44 0D
[2026-08-21 15:25:41.640] Enviado: 6666'Hola'00.20:04.01 | HEX: 1B 36 36 36 36 27 48 6F 6C 61 27 30 30 2E 32 30 3A 30 34 2E 30 31 45 32 0D
[2026-08-21 15:25:41.640] Recibido ASCII: 6.00B8<CR>
[2026-08-21 15:25:41.640] Recibido HEX: 36 2E 30 30 42 38 0D
[2026-08-21 15:25:42.641] Enviado: $ | HEX: 1B 24 33 46 0D
[2026-08-21 15:25:42.642] Enviado: + | HEX: 1B 2B 34 36 0D
[2026-08-21 15:25:42.642] Recibido ASCII: <SOH>637<CR>
[2026-08-21 15:25:42.642] Recibido HEX: 01 36 33 37 0D
[2026-08-21 15:25:43.643] Enviado: $ | HEX: 1B 24 33 46 0D
[2026-08-21 15:25:43.643] Enviado: + | HEX: 1B 2B 34 36 0D
[2026-08-21 15:25:43.643] Recibido ASCII: <SOH>$25<CR>
[2026-08-21 15:25:43.644] Recibido HEX: 01 24 32 35 0D
[2026-08-21 15:25:44.644] Enviado: $ | HEX: 1B 24 33 46 0D
[2026-08-21 15:25:44.645] Enviado: + | HEX: 1B 2B 34 36 0D
[2026-08-21 15:25:44.645] Recibido ASCII: <SOH>+2C<CR>
[2026-08-21 15:25:44.646] Recibido HEX: 01 2B 32 43 0D
[2026-08-21 15:25:45.646] Enviado: $ | HEX: 1B 24 33 46 0D
[2026-08-21 15:25:45.647] Enviado: + | HEX: 1B 2B 34 36 0D
[2026-08-21 15:25:45.647] Recibido ASCII: <SOH>$25<CR>
[2026-08-21 15:25:45.648] Recibido HEX: 01 24 32 35 0D
[2026-08-21 15:25:46.649] Enviado: $ | HEX: 1B 24 33 46 0D
[2026-08-21 15:25:46.649] Enviado: + | HEX: 1B 2B 34 36 0D
[2026-08-21 15:25:46.649] Recibido ASCII: <SOH>+2C<CR>
[2026-08-21 15:25:46.650] Recibido HEX: 01 2B 32 43 0D
[2026-08-21 15:25:47.651] Enviado: $ | HEX: 1B 24 33 46 0D
[2026-08-21 15:25:47.651] Enviado: + | HEX: 1B 2B 34 36 0D
[2026-08-21 15:25:47.653] Recibido ASCII: <SOH>$25<CR>
[2026-08-21 15:25:47.653] Recibido HEX: 01 24 32 35 0D
[2026-08-21 15:25:48.654] Enviado: $ | HEX: 1B 24 33 46 0D
[2026-08-21 15:25:48.654] Enviado: + | HEX: 1B 2B 34 36 0D
[2026-08-21 15:25:48.654] Recibido ASCII: <SOH>+2C<CR>
[2026-08-21 15:25:48.655] Recibido HEX: 01 2B 32 43 0D
[2026-08-21 15:25:49.655] Enviado: $ | HEX: 1B 24 33 46 0D
[2026-08-21 15:25:49.656] Enviado: + | HEX: 1B 2B 34 36 0D
[2026-08-21 15:25:49.656] Recibido ASCII: <SOH>$25<CR>
[2026-08-21 15:25:49.656] Recibido HEX: 01 24 32 35 0D
[2026-08-21 15:25:50.657] Enviado: $ | HEX: 1B 24 33 46 0D
[2026-08-21 15:25:50.658] Enviado: + | HEX: 1B 2B 34 36 0D
[2026-08-21 15:25:50.658] Recibido ASCII: <SOH>+2C<CR>
[2026-08-21 15:25:50.658] Recibido HEX: 01 2B 32 43 0D
[2026-08-21 15:25:51.659] Enviado: $ | HEX: 1B 24 33 46 0D
[2026-08-21 15:25:51.659] Enviado: + | HEX: 1B 2B 34 36 0D
[2026-08-21 15:25:51.659] Recibido ASCII: <SOH>$25<CR>
[2026-08-21 15:25:51.660] Recibido HEX: 01 24 32 35 0D
[2026-08-21 15:25:52.660] Enviado: $ | HEX: 1B 24 33 46 0D
[2026-08-21 15:25:52.661] Enviado: + | HEX: 1B 2B 34 36 0D
[2026-08-21 15:25:52.661] Recibido ASCII: <SOH>+2C<CR>
[2026-08-21 15:25:52.661] Recibido HEX: 01 2B 32 43 0D
[2026-08-21 15:25:53.662] Enviado: $ | HEX: 1B 24 33 46 0D
[2026-08-21 15:25:53.662] Enviado: + | HEX: 1B 2B 34 36 0D
[2026-08-21 15:25:53.663] Recibido ASCII: <SOH>$25<CR>
[2026-08-21 15:25:53.663] Recibido HEX: 01 24 32 35 0D
[2026-08-21 15:25:54.664] Enviado: $ | HEX: 1B 24 33 46 0D
[2026-08-21 15:25:54.664] Enviado: + | HEX: 1B 2B 34 36 0D
[2026-08-21 15:25:54.664] Recibido ASCII: <SOH>+2C<CR>
[2026-08-21 15:25:54.665] Recibido HEX: 01 2B 32 43 0D
[2026-08-21 15:25:55.665] Enviado: $ | HEX: 1B 24 33 46 0D
[2026-08-21 15:25:55.666] Enviado: + | HEX: 1B 2B 34 36 0D
[2026-08-21 15:25:55.666] Recibido ASCII: <SOH>$25<CR>
[2026-08-21 15:25:55.667] Recibido HEX: 01 24 32 35 0D
[2026-08-21 15:25:56.667] Enviado: $ | HEX: 1B 24 33 46 0D
[2026-08-21 15:25:56.668] Enviado: + | HEX: 1B 2B 34 36 0D
[2026-08-21 15:25:56.668] Recibido ASCII: <SOH>+2C<CR>
[2026-08-21 15:25:56.668] Recibido HEX: 01 2B 32 43 0D
[2026-08-21 15:25:57.669] Enviado: $ | HEX: 1B 24 33 46 0D
[2026-08-21 15:25:57.669] Enviado: + | HEX: 1B 2B 34 36 0D
[2026-08-21 15:25:57.669] Recibido ASCII: <SOH>$25<CR>
[2026-08-21 15:25:57.670] Recibido HEX: 01 24 32 35 0D
[2026-08-21 15:25:58.670] Enviado: $ | HEX: 1B 24 33 46 0D
[2026-08-21 15:25:58.671] Enviado: + | HEX: 1B 2B 34 36 0D
[2026-08-21 15:25:58.671] Recibido ASCII: <SOH>+2C<CR>
[2026-08-21 15:25:58.671] Recibido HEX: 01 2B 32 43 0D
[2026-08-21 15:25:59.671] Enviado: $ | HEX: 1B 24 33 46 0D
[2026-08-21 15:25:59.672] Enviado: + | HEX: 1B 2B 34 36 0D
[2026-08-21 15:25:59.672] Recibido ASCII: <SOH>$25<CR>
[2026-08-21 15:25:59.672] Recibido HEX: 01 24 32 35 0D
[2026-08-21 15:26:00.673] Enviado: $ | HEX: 1B 24 33 46 0D
[2026-08-21 15:26:00.674] Enviado: + | HEX: 1B 2B 34 36 0D
[2026-08-21 15:26:00.674] Recibido ASCII: <SOH>+2C<CR>
[2026-08-21 15:26:00.674] Recibido HEX: 01 2B 32 43 0D
[2026-08-21 15:26:01.675] Enviado: $ | HEX: 1B 24 33 46 0D
[2026-08-21 15:26:01.675] Enviado: + | HEX: 1B 2B 34 36 0D
[2026-08-21 15:26:01.676] Recibido ASCII: <SOH>$25<CR>
[2026-08-21 15:26:01.676] Recibido HEX: 01 24 32 35 0D
[2026-08-21 15:26:02.676] Enviado: $ | HEX: 1B 24 33 46 0D
[2026-08-21 15:26:02.677] Enviado: + | HEX: 1B 2B 34 36 0D
[2026-08-21 15:26:02.677] Recibido ASCII: <SOH>+2C<CR>
[2026-08-21 15:26:02.677] Recibido HEX: 01 2B 32 43 0D
[2026-08-21 15:26:03.678] Enviado: $ | HEX: 1B 24 33 46 0D
[2026-08-21 15:26:03.678] Enviado: + | HEX: 1B 2B 34 36 0D
[2026-08-21 15:26:03.679] Recibido ASCII: <ESC>R6D<CR>
[2026-08-21 15:26:03.679] Recibido HEX: 1B 52 36 44 0D
[2026-08-21 15:26:04.680] Enviado: 6666'Hola'00.20:04.01 | HEX: 1B 36 36 36 36 27 48 6F 6C 61 27 30 30 2E 32 30 3A 30 34 2E 30 31 45 32 0D
[2026-08-21 15:26:04.680] Enviado: $ | HEX: 1B 24 33 46 0D
[2026-08-21 15:26:04.681] Enviado: + | HEX: 1B 2B 34 36 0D
[2026-08-21 15:26:04.681] Recibido ASCII: <SOH>$25<CR>
[2026-08-21 15:26:04.681] Recibido HEX: 01 24 32 35 0D
[2026-08-21 15:26:05.682] Enviado: $ | HEX: 1B 24 33 46 0D
[2026-08-21 15:26:05.682] Enviado: + | HEX: 1B 2B 34 36 0D
[2026-08-21 15:26:05.682] Recibido ASCII: <SOH>+2C<CR>
[2026-08-21 15:26:05.683] Recibido HEX: 01 2B 32 43 0D
[2026-08-21 15:26:06.683] Enviado: $ | HEX: 1B 24 33 46 0D
[2026-08-21 15:26:06.684] Enviado: + | HEX: 1B 2B 34 36 0D
[2026-08-21 15:26:06.684] Recibido ASCII: <SOH>$25<CR>
[2026-08-21 15:26:06.684] Recibido HEX: 01 24 32 35 0D
[2026-08-21 15:26:07.685] Enviado: $ | HEX: 1B 24 33 46 0D
[2026-08-21 15:26:07.685] Enviado: + | HEX: 1B 2B 34 36 0D
[2026-08-21 15:26:07.686] Recibido ASCII: <SOH>+2C<CR>
[2026-08-21 15:26:07.686] Recibido HEX: 01 2B 32 43 0D
[2026-08-21 15:26:08.686] Enviado: $ | HEX: 1B 24 33 46 0D
[2026-08-21 15:26:08.687] Enviado: + | HEX: 1B 2B 34 36 0D
[2026-08-21 15:26:08.687] Recibido ASCII: <SOH>$25<CR>
[2026-08-21 15:26:08.687] Recibido HEX: 01 24 32 35 0D
[2026-08-21 15:26:09.688] Enviado: $ | HEX: 1B 24 33 46 0D
[2026-08-21 15:26:09.688] Enviado: + | HEX: 1B 2B 34 36 0D
[2026-08-21 15:26:09.688] Recibido ASCII: <SOH>+2C<CR>
[2026-08-21 15:26:09.688] Recibido HEX: 01 2B 32 43 0D
[2026-08-21 15:26:10.689] Enviado: $ | HEX: 1B 24 33 46 0D
[2026-08-21 15:26:10.689] Enviado: + | HEX: 1B 2B 34 36 0D
[2026-08-21 15:26:10.689] Recibido ASCII: <SOH>$25<CR>
[2026-08-21 15:26:10.690] Recibido HEX: 01 24 32 35 0D
[2026-08-21 15:26:11.690] Enviado: $ | HEX: 1B 24 33 46 0D
[2026-08-21 15:26:11.691] Enviado: + | HEX: 1B 2B 34 36 0D
[2026-08-21 15:26:11.691] Recibido ASCII: <SOH>+2C<CR>
[2026-08-21 15:26:11.691] Recibido HEX: 01 2B 32 43 0D
[2026-08-21 15:26:12.692] Enviado: $ | HEX: 1B 24 33 46 0D
[2026-08-21 15:26:12.692] Enviado: + | HEX: 1B 2B 34 36 0D
[2026-08-21 15:26:12.692] Recibido ASCII: <SOH>$25<CR>
[2026-08-21 15:26:12.692] Recibido HEX: 01 24 32 35 0D
[2026-08-21 15:26:13.693] Enviado: $ | HEX: 1B 24 33 46 0D
[2026-08-21 15:26:13.693] Enviado: + | HEX: 1B 2B 34 36 0D
[2026-08-21 15:26:13.695] Recibido ASCII: <SOH>+2C<CR>
[2026-08-21 15:26:13.695] Recibido HEX: 01 2B 32 43 0D
[2026-08-21 15:26:14.696] Enviado: $ | HEX: 1B 24 33 46 0D
[2026-08-21 15:26:14.696] Enviado: + | HEX: 1B 2B 34 36 0D
[2026-08-21 15:26:14.697] Recibido ASCII: <SOH>$25<CR>
[2026-08-21 15:26:14.697] Recibido HEX: 01 24 32 35 0D
[2026-08-21 15:26:15.697] Enviado: $ | HEX: 1B 24 33 46 0D
[2026-08-21 15:26:15.698] Enviado: + | HEX: 1B 2B 34 36 0D
[2026-08-21 15:26:15.698] Recibido ASCII: <SOH>+2C<CR>
[2026-08-21 15:26:15.698] Recibido HEX: 01 2B 32 43 0D
[2026-08-21 15:26:16.699] Enviado: $ | HEX: 1B 24 33 46 0D
[2026-08-21 15:26:16.699] Enviado: + | HEX: 1B 2B 34 36 0D
[2026-08-21 15:26:16.699] Recibido ASCII: <SOH>$25<CR>
[2026-08-21 15:26:16.700] Recibido HEX: 01 24 32 35 0D
[2026-08-21 15:26:17.700] Enviado: $ | HEX: 1B 24 33 46 0D
[2026-08-21 15:26:17.701] Enviado: + | HEX: 1B 2B 34 36 0D
[2026-08-21 15:26:17.701] Recibido ASCII: <SOH>+2C<CR>
[2026-08-21 15:26:17.701] Recibido HEX: 01 2B 32 43 0D
[2026-08-21 15:26:18.701] Enviado: $ | HEX: 1B 24 33 46 0D
[2026-08-21 15:26:18.702] Enviado: + | HEX: 1B 2B 34 36 0D
[2026-08-21 15:26:18.703] Recibido ASCII: <SOH>$25<CR>
[2026-08-21 15:26:18.703] Recibido HEX: 01 24 32 35 0D
[2026-08-21 15:26:19.704] Enviado: $ | HEX: 1B 24 33 46 0D
[2026-08-21 15:26:19.704] Enviado: + | HEX: 1B 2B 34 36 0D
[2026-08-21 15:26:19.704] Recibido ASCII: <SOH>+2C<CR>
[2026-08-21 15:26:19.704] Recibido HEX: 01 2B 32 43 0D
[2026-08-21 15:26:20.704] Enviado: $ | HEX: 1B 24 33 46 0D
[2026-08-21 15:26:20.705] Enviado: + | HEX: 1B 2B 34 36 0D
[2026-08-21 15:26:20.705] Recibido ASCII: <SOH>$25<CR>
[2026-08-21 15:26:20.705] Recibido HEX: 01 24 32 35 0D
[2026-08-21 15:26:21.705] Enviado: $ | HEX: 1B 24 33 46 0D
[2026-08-21 15:26:21.706] Enviado: + | HEX: 1B 2B 34 36 0D
[2026-08-21 15:26:21.706] Recibido ASCII: <SOH>+2C<CR>
[2026-08-21 15:26:21.706] Recibido HEX: 01 2B 32 43 0D
[2026-08-21 15:26:22.707] Enviado: $ | HEX: 1B 24 33 46 0D
[2026-08-21 15:26:22.707] Enviado: + | HEX: 1B 2B 34 36 0D
[2026-08-21 15:26:22.707] Recibido ASCII: <SOH>$25<CR>
[2026-08-21 15:26:22.707] Recibido HEX: 01 24 32 35 0D
[2026-08-21 15:26:23.708] Enviado: $ | HEX: 1B 24 33 46 0D
[2026-08-21 15:26:23.708] Enviado: + | HEX: 1B 2B 34 36 0D
[2026-08-21 15:26:23.708] Recibido ASCII: <SOH>+2C<CR>
[2026-08-21 15:26:23.709] Recibido HEX: 01 2B 32 43 0D
[2026-08-21 15:27:13.243] Iniciando comunicación con Atlan A350 XL (8E1)...
[2026-08-21 15:27:13.248] Enviado: Q | HEX: 1B 51 36 43 0D
[2026-08-21 15:27:13.321] Recibido ASCII: <SOH>Q52<CR>
[2026-08-21 15:27:13.321] Recibido HEX: 01 51 35 32 0D
[2026-08-21 15:27:13.326] Enviado: R | HEX: 1B 52 36 44 0D
[2026-08-21 15:27:13.431] Recibido ASCII: <SOH>R5555'A3XX'02.10:0<ESC>R6D<CR>
[2026-08-21 15:27:13.432] Recibido HEX: 01 52 35 35 35 35 27 41 33 58 58 27 30 32 2E 31 30 3A 30 1B 52 36 44 0D
[2026-08-21 15:27:13.433] Enviado: 6666'Hola'00.20:04.01 | HEX: 1B 36 36 36 36 27 48 6F 6C 61 27 30 30 2E 32 30 3A 30 34 2E 30 31 45 32 0D
[2026-08-21 15:27:13.447] Recibido ASCII: 6.00B8<CR>
[2026-08-21 15:27:13.447] Recibido HEX: 36 2E 30 30 42 38 0D
[2026-08-21 15:27:14.449] Enviado: ( | HEX: 1B 28 34 33 0D
[2026-08-21 15:27:14.449] Recibido ASCII: <SOH>637<CR>
[2026-08-21 15:27:14.450] Recibido HEX: 01 36 33 37 0D
[2026-08-21 15:27:15.450] Enviado: ( | HEX: 1B 28 34 33 0D
[2026-08-21 15:27:15.451] Recibido ASCII: <SOH>(15:27:1221-AUG-26D1<CR>
[2026-08-21 15:27:15.451] Recibido HEX: 01 28 31 35 3A 32 37 3A 31 32 32 31 2D 41 55 47 2D 32 36 44 31 0D
[2026-08-21 15:27:16.452] Enviado: ( | HEX: 1B 28 34 33 0D
[2026-08-21 15:27:16.453] Recibido ASCII: <SOH>(15:27:1321-AUG-26D2<CR>
[2026-08-21 15:27:16.453] Recibido HEX: 01 28 31 35 3A 32 37 3A 31 33 32 31 2D 41 55 47 2D 32 36 44 32 0D
[2026-08-21 15:27:17.454] Enviado: ( | HEX: 1B 28 34 33 0D
[2026-08-21 15:27:17.455] Recibido ASCII: <SOH>(15:27:1421-AUG-26D3<CR>
[2026-08-21 15:27:17.456] Recibido HEX: 01 28 31 35 3A 32 37 3A 31 34 32 31 2D 41 55 47 2D 32 36 44 33 0D
[2026-08-21 15:27:18.456] Enviado: ( | HEX: 1B 28 34 33 0D
[2026-08-21 15:27:18.456] Recibido ASCII: <SOH>(15:27:1521-AUG-26D4<CR>
[2026-08-21 15:27:18.457] Recibido HEX: 01 28 31 35 3A 32 37 3A 31 35 32 31 2D 41 55 47 2D 32 36 44 34 0D
[2026-08-21 15:27:19.458] Enviado: ( | HEX: 1B 28 34 33 0D
[2026-08-21 15:27:19.458] Recibido ASCII: <SOH>(15:27:1621-AUG-26D5<CR>
[2026-08-21 15:27:19.459] Recibido HEX: 01 28 31 35 3A 32 37 3A 31 36 32 31 2D 41 55 47 2D 32 36 44 35 0D
[2026-08-21 15:27:20.460] Enviado: ( | HEX: 1B 28 34 33 0D
[2026-08-21 15:27:20.460] Recibido ASCII: <SOH>(15:27:1721-AUG-26D6<CR>
[2026-08-21 15:27:20.461] Recibido HEX: 01 28 31 35 3A 32 37 3A 31 37 32 31 2D 41 55 47 2D 32 36 44 36 0D
[2026-08-21 15:27:21.462] Enviado: ( | HEX: 1B 28 34 33 0D
[2026-08-21 15:27:21.462] Recibido ASCII: <SOH>(15:27:1821-AUG-26D7<CR>
[2026-08-21 15:27:21.463] Recibido HEX: 01 28 31 35 3A 32 37 3A 31 38 32 31 2D 41 55 47 2D 32 36 44 37 0D
[2026-08-21 15:27:22.464] Enviado: ( | HEX: 1B 28 34 33 0D
[2026-08-21 15:27:22.464] Recibido ASCII: <SOH>(15:27:1921-AUG-26D8<CR>
[2026-08-21 15:27:22.465] Recibido HEX: 01 28 31 35 3A 32 37 3A 31 39 32 31 2D 41 55 47 2D 32 36 44 38 0D
[2026-08-21 15:27:23.466] Enviado: ( | HEX: 1B 28 34 33 0D
[2026-08-21 15:27:23.466] Recibido ASCII: <SOH>(15:27:2021-AUG-26D0<CR>
[2026-08-21 15:27:23.467] Recibido HEX: 01 28 31 35 3A 32 37 3A 32 30 32 31 2D 41 55 47 2D 32 36 44 30 0D
[2026-08-21 15:27:24.467] Enviado: ( | HEX: 1B 28 34 33 0D
[2026-08-21 15:27:24.468] Recibido ASCII: <SOH>(15:27:2121-AUG-26<ESC>R6D<CR>
[2026-08-21 15:27:24.469] Recibido HEX: 01 28 31 35 3A 32 37 3A 32 31 32 31 2D 41 55 47 2D 32 36 1B 52 36 44 0D
[2026-08-21 15:27:25.470] Enviado: ( | HEX: 1B 28 34 33 0D
[2026-08-21 15:27:25.471] Recibido ASCII: D1<CR>
[2026-08-21 15:27:25.471] Recibido HEX: 44 31 0D
[2026-08-21 15:27:26.472] Enviado: ( | HEX: 1B 28 34 33 0D
[2026-08-21 15:27:26.472] Recibido ASCII: <SOH>(15:27:2221-AUG-26D2<CR>
[2026-08-21 15:27:26.472] Recibido HEX: 01 28 31 35 3A 32 37 3A 32 32 32 31 2D 41 55 47 2D 32 36 44 32 0D
[2026-08-21 15:27:27.473] Enviado: ( | HEX: 1B 28 34 33 0D
[2026-08-21 15:27:27.473] Recibido ASCII: <SOH>(15:27:2321-AUG-26D3<CR>
[2026-08-21 15:27:27.475] Recibido HEX: 01 28 31 35 3A 32 37 3A 32 33 32 31 2D 41 55 47 2D 32 36 44 33 0D
[2026-08-21 15:27:28.476] Enviado: ( | HEX: 1B 28 34 33 0D
[2026-08-21 15:27:28.477] Recibido ASCII: <SOH>(15:27:2421-AUG-26D4<CR>
[2026-08-21 15:27:28.477] Recibido HEX: 01 28 31 35 3A 32 37 3A 32 34 32 31 2D 41 55 47 2D 32 36 44 34 0D
[2026-08-21 15:27:29.478] Enviado: ( | HEX: 1B 28 34 33 0D
[2026-08-21 15:27:29.479] Recibido ASCII: <SOH>(15:27:2521-AUG-26D5<CR>
[2026-08-21 15:27:29.479] Recibido HEX: 01 28 31 35 3A 32 37 3A 32 35 32 31 2D 41 55 47 2D 32 36 44 35 0D
[2026-08-21 15:27:30.480] Enviado: ( | HEX: 1B 28 34 33 0D
[2026-08-21 15:27:30.481] Recibido ASCII: <SOH>(15:27:2621-AUG-26D6<CR>
[2026-08-21 15:27:30.481] Recibido HEX: 01 28 31 35 3A 32 37 3A 32 36 32 31 2D 41 55 47 2D 32 36 44 36 0D
[2026-08-21 15:27:31.482] Enviado: ( | HEX: 1B 28 34 33 0D
[2026-08-21 15:27:31.483] Recibido ASCII: <SOH>(15:27:2721-AUG-26D7<CR>
[2026-08-21 15:27:31.483] Recibido HEX: 01 28 31 35 3A 32 37 3A 32 37 32 31 2D 41 55 47 2D 32 36 44 37 0D
[2026-08-21 15:27:32.484] Enviado: ( | HEX: 1B 28 34 33 0D
[2026-08-21 15:27:32.484] Recibido ASCII: <SOH>(15:27:2821-AUG-26D8<CR>
[2026-08-21 15:27:32.486] Recibido HEX: 01 28 31 35 3A 32 37 3A 32 38 32 31 2D 41 55 47 2D 32 36 44 38 0D
[2026-08-21 15:27:33.486] Enviado: ( | HEX: 1B 28 34 33 0D
[2026-08-21 15:27:33.487] Recibido ASCII: <SOH>(15:27:2921-AUG-26D9<CR>
[2026-08-21 15:27:33.487] Recibido HEX: 01 28 31 35 3A 32 37 3A 32 39 32 31 2D 41 55 47 2D 32 36 44 39 0D
[2026-08-21 15:27:34.488] Enviado: ( | HEX: 1B 28 34 33 0D
[2026-08-21 15:27:34.488] Recibido ASCII: <SOH>(15:27:3021-AUG-26D1<CR>
[2026-08-21 15:27:34.488] Recibido HEX: 01 28 31 35 3A 32 37 3A 33 30 32 31 2D 41 55 47 2D 32 36 44 31 0D
[2026-08-21 15:27:35.489] Enviado: ( | HEX: 1B 28 34 33 0D
[2026-08-21 15:27:35.489] Recibido ASCII: <SOH>(15:27:3121-AUG-26D2<CR>
[2026-08-21 15:27:35.490] Recibido HEX: 01 28 31 35 3A 32 37 3A 33 31 32 31 2D 41 55 47 2D 32 36 44 32 0D
[2026-08-21 15:27:36.491] Enviado: ( | HEX: 1B 28 34 33 0D
[2026-08-21 15:27:36.491] Recibido ASCII: <ESC>R6D<CR>
[2026-08-21 15:27:36.491] Recibido HEX: 1B 52 36 44 0D
[2026-08-21 15:27:37.492] Enviado: 6666'Hola'00.20:04.01 | HEX: 1B 36 36 36 36 27 48 6F 6C 61 27 30 30 2E 32 30 3A 30 34 2E 30 31 45 32 0D
[2026-08-21 15:27:37.493] Enviado: ( | HEX: 1B 28 34 33 0D
[2026-08-21 15:27:37.493] Recibido ASCII: <SOH>(15:27:3221-AUG-26D3<CR>
[2026-08-21 15:27:37.493] Recibido HEX: 01 28 31 35 3A 32 37 3A 33 32 32 31 2D 41 55 47 2D 32 36 44 33 0D
[2026-08-21 15:27:38.494] Enviado: ( | HEX: 1B 28 34 33 0D
[2026-08-21 15:27:38.494] Recibido ASCII: <SOH>(15:27:3321-AUG-26D4<CR>
[2026-08-21 15:27:38.495] Recibido HEX: 01 28 31 35 3A 32 37 3A 33 33 32 31 2D 41 55 47 2D 32 36 44 34 0D
[2026-08-21 15:27:39.495] Enviado: ( | HEX: 1B 28 34 33 0D
[2026-08-21 15:27:39.496] Recibido ASCII: <SOH>(15:27:3421-AUG-26D5<CR>
[2026-08-21 15:27:39.496] Recibido HEX: 01 28 31 35 3A 32 37 3A 33 34 32 31 2D 41 55 47 2D 32 36 44 35 0D
[2026-08-21 15:27:40.497] Enviado: ( | HEX: 1B 28 34 33 0D
[2026-08-21 15:27:40.498] Recibido ASCII: <SOH>637<CR>
[2026-08-21 15:27:40.498] Recibido HEX: 01 36 33 37 0D
[2026-08-21 15:27:41.498] Enviado: ( | HEX: 1B 28 34 33 0D
[2026-08-21 15:27:41.499] Recibido ASCII: <SOH>(15:27:3521-AUG-26D6<CR>
[2026-08-21 15:27:41.499] Recibido HEX: 01 28 31 35 3A 32 37 3A 33 35 32 31 2D 41 55 47 2D 32 36 44 36 0D
[2026-08-21 15:27:42.499] Enviado: ( | HEX: 1B 28 34 33 0D
[2026-08-21 15:27:42.500] Recibido ASCII: <SOH>(15:27:3621-AUG-26D7<CR>
[2026-08-21 15:27:42.500] Recibido HEX: 01 28 31 35 3A 32 37 3A 33 36 32 31 2D 41 55 47 2D 32 36 44 37 0D
[2026-08-21 15:27:43.500] Enviado: ( | HEX: 1B 28 34 33 0D
[2026-08-21 15:27:43.501] Recibido ASCII: <SOH>(15:27:3721-AUG-26D8<CR>
[2026-08-21 15:27:43.501] Recibido HEX: 01 28 31 35 3A 32 37 3A 33 37 32 31 2D 41 55 47 2D 32 36 44 38 0D
[2026-08-21 15:27:44.502] Enviado: ( | HEX: 1B 28 34 33 0D
[2026-08-21 15:27:44.502] Recibido ASCII: <SOH>(15:27:3821-AUG-26D9<CR>
[2026-08-21 15:27:44.503] Recibido HEX: 01 28 31 35 3A 32 37 3A 33 38 32 31 2D 41 55 47 2D 32 36 44 39 0D
[2026-08-21 15:27:45.503] Enviado: ( | HEX: 1B 28 34 33 0D
[2026-08-21 15:27:45.504] Recibido ASCII: <SOH>(15:27:3921-AUG-26DA<CR>
[2026-08-21 15:27:45.504] Recibido HEX: 01 28 31 35 3A 32 37 3A 33 39 32 31 2D 41 55 47 2D 32 36 44 41 0D
[2026-08-21 15:27:46.505] Enviado: ( | HEX: 1B 28 34 33 0D
[2026-08-21 15:27:46.505] Recibido ASCII: <SOH>(15:27:4021-AUG-26D2<CR>
[2026-08-21 15:27:46.505] Recibido HEX: 01 28 31 35 3A 32 37 3A 34 30 32 31 2D 41 55 47 2D 32 36 44 32 0D
[2026-08-21 15:27:47.506] Enviado: ( | HEX: 1B 28 34 33 0D
[2026-08-21 15:27:47.506] Recibido ASCII: <SOH>(15:27:4121-AUG-26D3<CR>
[2026-08-21 15:27:47.508] Recibido HEX: 01 28 31 35 3A 32 37 3A 34 31 32 31 2D 41 55 47 2D 32 36 44 33 0D
[2026-08-21 15:27:48.509] Enviado: ( | HEX: 1B 28 34 33 0D
[2026-08-21 15:27:48.509] Recibido ASCII: <SOH>(15:27:4221-AUG-26<ESC>Q6C<CR>
[2026-08-21 15:27:48.509] Recibido HEX: 01 28 31 35 3A 32 37 3A 34 32 32 31 2D 41 55 47 2D 32 36 1B 51 36 43 0D
[2026-08-21 15:27:49.510] Enviado: ( | HEX: 1B 28 34 33 0D
[2026-08-21 15:27:49.511] Recibido ASCII: <SOH>.16<CR>
[2026-08-21 15:27:49.511] Recibido HEX: 01 15 31 36 0D
[2026-08-21 15:27:50.511] Enviado: Q | HEX: 1B 51 36 43 0D
[2026-08-21 15:27:50.512] Enviado: ( | HEX: 1B 28 34 33 0D
[2026-08-21 15:27:50.512] Recibido ASCII: <SOH>.16<CR>
[2026-08-21 15:27:50.512] Recibido HEX: 01 15 31 36 0D
[2026-08-21 15:27:51.513] Enviado: Q | HEX: 1B 51 36 43 0D
[2026-08-21 15:27:51.513] Enviado: ( | HEX: 1B 28 34 33 0D
[2026-08-21 15:27:51.513] Recibido ASCII: <SOH>.16<CR>
[2026-08-21 15:27:51.514] Recibido HEX: 01 15 31 36 0D
[2026-08-21 15:27:52.514] Enviado: Q | HEX: 1B 51 36 43 0D
[2026-08-21 15:27:52.515] Enviado: ( | HEX: 1B 28 34 33 0D
[2026-08-21 15:27:52.515] Recibido ASCII: <SOH>.16<CR>
[2026-08-21 15:27:52.515] Recibido HEX: 01 15 31 36 0D
[2026-08-21 15:27:53.516] Enviado: Q | HEX: 1B 51 36 43 0D
[2026-08-21 15:27:53.516] Enviado: ( | HEX: 1B 28 34 33 0D
[2026-08-21 15:27:53.516] Recibido ASCII: <SOH>.16<CR>
[2026-08-21 15:27:53.516] Recibido HEX: 01 15 31 36 0D
[2026-08-21 15:27:54.517] Enviado: Q | HEX: 1B 51 36 43 0D
[2026-08-21 15:27:54.517] Enviado: ( | HEX: 1B 28 34 33 0D
[2026-08-21 15:27:54.517] Recibido ASCII: <SOH>Q52<CR>
[2026-08-21 15:27:54.518] Recibido HEX: 01 51 35 32 0D
[2026-08-21 15:27:55.518] Enviado: Q | HEX: 1B 51 36 43 0D
[2026-08-21 15:27:55.518] Enviado: ( | HEX: 1B 28 34 33 0D
[2026-08-21 15:27:55.519] Recibido ASCII: <SOH>(15:27:4921-AUG-26<ESC>R6D<CR>
[2026-08-21 15:27:55.519] Recibido HEX: 01 28 31 35 3A 32 37 3A 34 39 32 31 2D 41 55 47 2D 32 36 1B 52 36 44 0D
[2026-08-21 15:27:56.519] Enviado: ( | HEX: 1B 28 34 33 0D
[2026-08-21 15:27:56.520] Recibido ASCII: DB<CR>
[2026-08-21 15:27:56.520] Recibido HEX: 44 42 0D
[2026-08-21 15:27:57.520] Enviado: ( | HEX: 1B 28 34 33 0D
[2026-08-21 15:27:57.521] Recibido ASCII: <SOH>Q52<CR>
[2026-08-21 15:27:57.521] Recibido HEX: 01 51 35 32 0D
[2026-08-21 15:27:58.522] Enviado: Q | HEX: 1B 51 36 43 0D
[2026-08-21 15:27:58.522] Enviado: ( | HEX: 1B 28 34 33 0D
[2026-08-21 15:27:58.522] Recibido ASCII: <SOH>(15:27:5021-AUG-26<ESC>R6D<CR>
[2026-08-21 15:27:58.523] Recibido HEX: 01 28 31 35 3A 32 37 3A 35 30 32 31 2D 41 55 47 2D 32 36 1B 52 36 44 0D
[2026-08-21 15:27:59.524] Enviado: ( | HEX: 1B 28 34 33 0D
[2026-08-21 15:27:59.524] Recibido ASCII: D3<CR>
[2026-08-21 15:27:59.525] Recibido HEX: 44 33 0D
[2026-08-21 15:28:00.525] Enviado: ( | HEX: 1B 28 34 33 0D
[2026-08-21 15:28:00.525] Recibido ASCII: <SOH>Q52<CR>
[2026-08-21 15:28:00.526] Recibido HEX: 01 51 35 32 0D
[2026-08-21 15:28:01.526] Enviado: Q | HEX: 1B 51 36 43 0D
[2026-08-21 15:28:01.527] Enviado: ( | HEX: 1B 28 34 33 0D
[2026-08-21 15:28:01.527] Recibido ASCII: <SOH>(15:27:5121-AUG-26<ESC>R6D<CR>
[2026-08-21 15:28:01.527] Recibido HEX: 01 28 31 35 3A 32 37 3A 35 31 32 31 2D 41 55 47 2D 32 36 1B 52 36 44 0D
[2026-08-21 15:29:05.672] Iniciando comunicación con Atlan A350 XL (8E1)...
[2026-08-21 15:29:05.677] Enviado: Q | HEX: 1B 51 36 43 0D
[2026-08-21 15:29:05.733] Recibido ASCII: <SOH>Q52<CR>
[2026-08-21 15:29:05.734] Recibido HEX: 01 51 35 32 0D
[2026-08-21 15:29:05.738] Enviado: R | HEX: 1B 52 36 44 0D
[2026-08-21 15:29:05.843] Recibido ASCII: <SOH>R5555'A3XX'02.10:0<ESC>R6D<CR>
[2026-08-21 15:29:05.844] Recibido HEX: 01 52 35 35 35 35 27 41 33 58 58 27 30 32 2E 31 30 3A 30 1B 52 36 44 0D
[2026-08-21 15:29:05.845] Enviado: 6666'Hola'00.20:04.01 | HEX: 1B 36 36 36 36 27 48 6F 6C 61 27 30 30 2E 32 30 3A 30 34 2E 30 31 45 32 0D
[2026-08-21 15:29:05.845] Recibido ASCII: 6.00B8<CR>
[2026-08-21 15:29:05.845] Recibido HEX: 36 2E 30 30 42 38 0D
[2026-08-21 15:29:06.847] Enviado: S | HEX: 1B 53 36 45 0D
[2026-08-21 15:29:06.847] Recibido ASCII: <SOH>637<CR>
[2026-08-21 15:29:06.848] Recibido HEX: 01 36 33 37 0D
[2026-08-21 15:29:07.848] Enviado: S | HEX: 1B 53 36 45 0D
[2026-08-21 15:29:07.850] Recibido ASCII: <SOH>S00   20000-  21  121FFF01   20000- 181  181FFF05   20000    0  100FFF06   20000    0  120FFF07   20000    0   20FFF08   20000    0  100FFF0A   20000    0   20FFF2A   20000    0   20FFFF3<CR>
[2026-08-21 15:29:07.853] Recibido HEX: 01 53 30 30 20 20 20 32 30 30 30 30 2D 20 20 32 31 20 20 31 32 31 46 46 46 30 31 20 20 20 32 30 30 30 30 2D 20 31 38 31 20 20 31 38 31 46 46 46 30 35 20 20 20 32 30 30 30 30 20 20 20 20 30 20 20 31 30 30 46 46 46 30 36 20 20 20 32 30 30 30 30 20 20 20 20 30 20 20 31 32 30 46 46 46 30 37 20 20 20 32 30 30 30 30 20 20 20 20 30 20 20 20 32 30 46 46 46 30 38 20 20 20 32 30 30 30 30 20 20 20 20 30 20 20 31 30 30 46 46 46 30 41 20 20 20 32 30 30 30 30 20 20 20 20 30 20 20 20 32 30 46 46 46 32 41 20 20 20 32 30 30 30 30 20 20 20 20 30 20 20 20 32 30 46 46 46 46 33 0D
[2026-08-21 15:29:08.854] Enviado: S | HEX: 1B 53 36 45 0D
[2026-08-21 15:29:08.855] Recibido ASCII: <SOH>S00   20000-  21  121FFF01   20000- 181  181FFF05   20000    0  100FFF06   20000    0  120FFF07   20000    0   20FFF08   20000    0  100FFF0A   20000    0   20FFF2A   20000    0   20FFFF3<CR>
[2026-08-21 15:29:08.858] Recibido HEX: 01 53 30 30 20 20 20 32 30 30 30 30 2D 20 20 32 31 20 20 31 32 31 46 46 46 30 31 20 20 20 32 30 30 30 30 2D 20 31 38 31 20 20 31 38 31 46 46 46 30 35 20 20 20 32 30 30 30 30 20 20 20 20 30 20 20 31 30 30 46 46 46 30 36 20 20 20 32 30 30 30 30 20 20 20 20 30 20 20 31 32 30 46 46 46 30 37 20 20 20 32 30 30 30 30 20 20 20 20 30 20 20 20 32 30 46 46 46 30 38 20 20 20 32 30 30 30 30 20 20 20 20 30 20 20 31 30 30 46 46 46 30 41 20 20 20 32 30 30 30 30 20 20 20 20 30 20 20 20 32 30 46 46 46 32 41 20 20 20 32 30 30 30 30 20 20 20 20 30 20 20 20 32 30 46 46 46 46 33 0D
[2026-08-21 15:29:09.859] Enviado: S | HEX: 1B 53 36 45 0D
[2026-08-21 15:29:09.859] Recibido ASCII: <SOH>S00   20000-  21  121FFF01   20000- 181  181FFF05   20000    0  100FFF06   20000    0  120FFF07   20000    0   20FFF08   20000    0  100FFF0A   20000    0   20FFF2A   20000    0   20FFFF3<CR>
[2026-08-21 15:29:09.861] Recibido HEX: 01 53 30 30 20 20 20 32 30 30 30 30 2D 20 20 32 31 20 20 31 32 31 46 46 46 30 31 20 20 20 32 30 30 30 30 2D 20 31 38 31 20 20 31 38 31 46 46 46 30 35 20 20 20 32 30 30 30 30 20 20 20 20 30 20 20 31 30 30 46 46 46 30 36 20 20 20 32 30 30 30 30 20 20 20 20 30 20 20 31 32 30 46 46 46 30 37 20 20 20 32 30 30 30 30 20 20 20 20 30 20 20 20 32 30 46 46 46 30 38 20 20 20 32 30 30 30 30 20 20 20 20 30 20 20 31 30 30 46 46 46 30 41 20 20 20 32 30 30 30 30 20 20 20 20 30 20 20 20 32 30 46 46 46 32 41 20 20 20 32 30 30 30 30 20 20 20 20 30 20 20 20 32 30 46 46 46 46 33 0D
[2026-08-21 15:29:10.862] Enviado: S | HEX: 1B 53 36 45 0D
[2026-08-21 15:29:10.863] Recibido ASCII: <SOH>S00   20000-  21  121FFF01   20000- 181  181FFF05   20000    0  100FFF06   20000    0  120FFF07   20000    0   20FFF08   20000    0  100FFF0A   20000    0   20FFF2A   20000    0   20FFFF3<CR>
[2026-08-21 15:29:10.864] Recibido HEX: 01 53 30 30 20 20 20 32 30 30 30 30 2D 20 20 32 31 20 20 31 32 31 46 46 46 30 31 20 20 20 32 30 30 30 30 2D 20 31 38 31 20 20 31 38 31 46 46 46 30 35 20 20 20 32 30 30 30 30 20 20 20 20 30 20 20 31 30 30 46 46 46 30 36 20 20 20 32 30 30 30 30 20 20 20 20 30 20 20 31 32 30 46 46 46 30 37 20 20 20 32 30 30 30 30 20 20 20 20 30 20 20 20 32 30 46 46 46 30 38 20 20 20 32 30 30 30 30 20 20 20 20 30 20 20 31 30 30 46 46 46 30 41 20 20 20 32 30 30 30 30 20 20 20 20 30 20 20 20 32 30 46 46 46 32 41 20 20 20 32 30 30 30 30 20 20 20 20 30 20 20 20 32 30 46 46 46 46 33 0D
[2026-08-21 15:29:11.865] Enviado: S | HEX: 1B 53 36 45 0D
[2026-08-21 15:29:11.866] Recibido ASCII: <SOH>S00   20000-  21  121FFF01   20000- 181  181FFF05   20000    0  100FFF06   20000    0  120FFF07   20000    0   20FFF08   20000    0  100FFF0A   20000    0   20FFF2A   20000    0   20FFFF3<CR>
[2026-08-21 15:29:11.867] Recibido HEX: 01 53 30 30 20 20 20 32 30 30 30 30 2D 20 20 32 31 20 20 31 32 31 46 46 46 30 31 20 20 20 32 30 30 30 30 2D 20 31 38 31 20 20 31 38 31 46 46 46 30 35 20 20 20 32 30 30 30 30 20 20 20 20 30 20 20 31 30 30 46 46 46 30 36 20 20 20 32 30 30 30 30 20 20 20 20 30 20 20 31 32 30 46 46 46 30 37 20 20 20 32 30 30 30 30 20 20 20 20 30 20 20 20 32 30 46 46 46 30 38 20 20 20 32 30 30 30 30 20 20 20 20 30 20 20 31 30 30 46 46 46 30 41 20 20 20 32 30 30 30 30 20 20 20 20 30 20 20 20 32 30 46 46 46 32 41 20 20 20 32 30 30 30 30 20 20 20 20 30 20 20 20 32 30 46 46 46 46 33 0D
[2026-08-21 15:29:12.868] Enviado: S | HEX: 1B 53 36 45 0D
[2026-08-21 15:29:12.869] Recibido ASCII: <SOH>S00   20000-  21  121FFF01   20000- 181  181FFF05   20000    0  100FFF06   20000    0  120FFF07   20000    0   20FFF08   20000    0  100FFF0A   20000    0   20FFF2A   20000    0   20FFFF3<CR>
[2026-08-21 15:29:12.870] Recibido HEX: 01 53 30 30 20 20 20 32 30 30 30 30 2D 20 20 32 31 20 20 31 32 31 46 46 46 30 31 20 20 20 32 30 30 30 30 2D 20 31 38 31 20 20 31 38 31 46 46 46 30 35 20 20 20 32 30 30 30 30 20 20 20 20 30 20 20 31 30 30 46 46 46 30 36 20 20 20 32 30 30 30 30 20 20 20 20 30 20 20 31 32 30 46 46 46 30 37 20 20 20 32 30 30 30 30 20 20 20 20 30 20 20 20 32 30 46 46 46 30 38 20 20 20 32 30 30 30 30 20 20 20 20 30 20 20 31 30 30 46 46 46 30 41 20 20 20 32 30 30 30 30 20 20 20 20 30 20 20 20 32 30 46 46 46 32 41 20 20 20 32 30 30 30 30 20 20 20 20 30 20 20 20 32 30 46 46 46 46 33 0D
[2026-08-21 15:29:13.871] Enviado: S | HEX: 1B 53 36 45 0D
[2026-08-21 15:29:13.871] Recibido ASCII: <SOH>S00   20000-  21  121FFF01   20000- 181  181FFF05   20000    0  100FFF06   20000    0  120FFF07   20000    0   20FFF08   20000    0  100FFF0A   20000    0   20FFF2A   20000    0   20FFFF3<CR>
[2026-08-21 15:29:13.872] Recibido HEX: 01 53 30 30 20 20 20 32 30 30 30 30 2D 20 20 32 31 20 20 31 32 31 46 46 46 30 31 20 20 20 32 30 30 30 30 2D 20 31 38 31 20 20 31 38 31 46 46 46 30 35 20 20 20 32 30 30 30 30 20 20 20 20 30 20 20 31 30 30 46 46 46 30 36 20 20 20 32 30 30 30 30 20 20 20 20 30 20 20 31 32 30 46 46 46 30 37 20 20 20 32 30 30 30 30 20 20 20 20 30 20 20 20 32 30 46 46 46 30 38 20 20 20 32 30 30 30 30 20 20 20 20 30 20 20 31 30 30 46 46 46 30 41 20 20 20 32 30 30 30 30 20 20 20 20 30 20 20 20 32 30 46 46 46 32 41 20 20 20 32 30 30 30 30 20 20 20 20 30 20 20 20 32 30 46 46 46 46 33 0D
[2026-08-21 15:29:14.873] Enviado: S | HEX: 1B 53 36 45 0D
[2026-08-21 15:29:14.873] Recibido ASCII: <SOH>S00   20000-  21  121FFF01   20000- 181  181FFF05   20000    0  100FFF06   20000    0  120FFF07   20000    0   20FFF08   20000    0  100FFF0A   20000    0   20FFF2A   20000    0   20FFFF3<CR>
[2026-08-21 15:29:14.874] Recibido HEX: 01 53 30 30 20 20 20 32 30 30 30 30 2D 20 20 32 31 20 20 31 32 31 46 46 46 30 31 20 20 20 32 30 30 30 30 2D 20 31 38 31 20 20 31 38 31 46 46 46 30 35 20 20 20 32 30 30 30 30 20 20 20 20 30 20 20 31 30 30 46 46 46 30 36 20 20 20 32 30 30 30 30 20 20 20 20 30 20 20 31 32 30 46 46 46 30 37 20 20 20 32 30 30 30 30 20 20 20 20 30 20 20 20 32 30 46 46 46 30 38 20 20 20 32 30 30 30 30 20 20 20 20 30 20 20 31 30 30 46 46 46 30 41 20 20 20 32 30 30 30 30 20 20 20 20 30 20 20 20 32 30 46 46 46 32 41 20 20 20 32 30 30 30 30 20 20 20 20 30 20 20 20 32 30 46 46 46 46 33 0D
[2026-08-21 15:29:15.875] Enviado: S | HEX: 1B 53 36 45 0D
[2026-08-21 15:29:15.875] Recibido ASCII: <SOH>S00   20000-  21  121FFF01   20000- 181  181FFF05   20000    0  100FFF06   20000    0  120FFF07   20000    0   20FFF08   20000    0  100FFF0A   20000    0   20FFF2A   20000    0   20FFFF3<CR>
[2026-08-21 15:29:15.876] Recibido HEX: 01 53 30 30 20 20 20 32 30 30 30 30 2D 20 20 32 31 20 20 31 32 31 46 46 46 30 31 20 20 20 32 30 30 30 30 2D 20 31 38 31 20 20 31 38 31 46 46 46 30 35 20 20 20 32 30 30 30 30 20 20 20 20 30 20 20 31 30 30 46 46 46 30 36 20 20 20 32 30 30 30 30 20 20 20 20 30 20 20 31 32 30 46 46 46 30 37 20 20 20 32 30 30 30 30 20 20 20 20 30 20 20 20 32 30 46 46 46 30 38 20 20 20 32 30 30 30 30 20 20 20 20 30 20 20 31 30 30 46 46 46 30 41 20 20 20 32 30 30 30 30 20 20 20 20 30 20 20 20 32 30 46 46 46 32 41 20 20 20 32 30 30 30 30 20 20 20 20 30 20 20 20 32 30 46 46 46 46 33 0D
[2026-08-21 15:29:16.877] Enviado: S | HEX: 1B 53 36 45 0D
[2026-08-21 15:29:16.878] Recibido ASCII: <SOH>S00   20000-  21  121FFF01   20000- 181  181FFF05   20000    0  100FFF06   20000    0  120FFF07   20000    0   20FFF08   20000    0  100FFF0A   20000    0   20FFF2A   20000    0   20FFFF3<CR>
[2026-08-21 15:29:16.878] Recibido HEX: 01 53 30 30 20 20 20 32 30 30 30 30 2D 20 20 32 31 20 20 31 32 31 46 46 46 30 31 20 20 20 32 30 30 30 30 2D 20 31 38 31 20 20 31 38 31 46 46 46 30 35 20 20 20 32 30 30 30 30 20 20 20 20 30 20 20 31 30 30 46 46 46 30 36 20 20 20 32 30 30 30 30 20 20 20 20 30 20 20 31 32 30 46 46 46 30 37 20 20 20 32 30 30 30 30 20 20 20 20 30 20 20 20 32 30 46 46 46 30 38 20 20 20 32 30 30 30 30 20 20 20 20 30 20 20 31 30 30 46 46 46 30 41 20 20 20 32 30 30 30 30 20 20 20 20 30 20 20 20 32 30 46 46 46 32 41 20 20 20 32 30 30 30 30 20 20 20 20 30 20 20 20 32 30 46 46 46 46 33 0D
[2026-08-21 15:29:17.879] Enviado: S | HEX: 1B 53 36 45 0D
[2026-08-21 15:29:17.880] Recibido ASCII: <ESC>R6D<CR>
[2026-08-21 15:29:17.880] Recibido HEX: 1B 52 36 44 0D
[2026-08-21 15:29:18.881] Enviado: 6666'Hola'00.20:04.01 | HEX: 1B 36 36 36 36 27 48 6F 6C 61 27 30 30 2E 32 30 3A 30 34 2E 30 31 45 32 0D
[2026-08-21 15:29:18.881] Enviado: S | HEX: 1B 53 36 45 0D
[2026-08-21 15:29:18.881] Recibido ASCII: <SOH>S00   20000-  21  121FFF01   20000- 181  181FFF05   20000    0  100FFF06   20000    0  120FFF07   20000    0   20FFF08   20000    0  100FFF0A   20000    0   20FFF2A   20000    0   20FFFF3<CR>
[2026-08-21 15:29:18.882] Recibido HEX: 01 53 30 30 20 20 20 32 30 30 30 30 2D 20 20 32 31 20 20 31 32 31 46 46 46 30 31 20 20 20 32 30 30 30 30 2D 20 31 38 31 20 20 31 38 31 46 46 46 30 35 20 20 20 32 30 30 30 30 20 20 20 20 30 20 20 31 30 30 46 46 46 30 36 20 20 20 32 30 30 30 30 20 20 20 20 30 20 20 31 32 30 46 46 46 30 37 20 20 20 32 30 30 30 30 20 20 20 20 30 20 20 20 32 30 46 46 46 30 38 20 20 20 32 30 30 30 30 20 20 20 20 30 20 20 31 30 30 46 46 46 30 41 20 20 20 32 30 30 30 30 20 20 20 20 30 20 20 20 32 30 46 46 46 32 41 20 20 20 32 30 30 30 30 20 20 20 20 30 20 20 20 32 30 46 46 46 46 33 0D
[2026-08-21 15:29:19.883] Enviado: S | HEX: 1B 53 36 45 0D
[2026-08-21 15:29:19.884] Recibido ASCII: <SOH>S00   20000-  21  121FFF01   20000- 181  181FFF05   20000    0  100FFF06   20000    0  120FFF07   20000    0   20FFF08   20000    0  100FFF0A   20000    0   20FFF2A   20000    0   20FFFF3<CR>
[2026-08-21 15:29:19.884] Recibido HEX: 01 53 30 30 20 20 20 32 30 30 30 30 2D 20 20 32 31 20 20 31 32 31 46 46 46 30 31 20 20 20 32 30 30 30 30 2D 20 31 38 31 20 20 31 38 31 46 46 46 30 35 20 20 20 32 30 30 30 30 20 20 20 20 30 20 20 31 30 30 46 46 46 30 36 20 20 20 32 30 30 30 30 20 20 20 20 30 20 20 31 32 30 46 46 46 30 37 20 20 20 32 30 30 30 30 20 20 20 20 30 20 20 20 32 30 46 46 46 30 38 20 20 20 32 30 30 30 30 20 20 20 20 30 20 20 31 30 30 46 46 46 30 41 20 20 20 32 30 30 30 30 20 20 20 20 30 20 20 20 32 30 46 46 46 32 41 20 20 20 32 30 30 30 30 20 20 20 20 30 20 20 20 32 30 46 46 46 46 33 0D
[2026-08-21 15:29:20.885] Enviado: S | HEX: 1B 53 36 45 0D
[2026-08-21 15:29:20.886] Recibido ASCII: <SOH>637<CR>
[2026-08-21 15:29:20.886] Recibido HEX: 01 36 33 37 0D
[2026-08-21 15:29:21.886] Enviado: S | HEX: 1B 53 36 45 0D
[2026-08-21 15:29:21.887] Recibido ASCII: <SOH>S00   20000-  21  121FFF01   20000- 181  181FFF05   20000    0  100FFF06   20000    0  120FFF07   20000    0   20FFF08   20000    0  100FFF0A   20000    0   20FFF2A   20000    0   20FFFF3<CR>
[2026-08-21 15:29:21.887] Recibido HEX: 01 53 30 30 20 20 20 32 30 30 30 30 2D 20 20 32 31 20 20 31 32 31 46 46 46 30 31 20 20 20 32 30 30 30 30 2D 20 31 38 31 20 20 31 38 31 46 46 46 30 35 20 20 20 32 30 30 30 30 20 20 20 20 30 20 20 31 30 30 46 46 46 30 36 20 20 20 32 30 30 30 30 20 20 20 20 30 20 20 31 32 30 46 46 46 30 37 20 20 20 32 30 30 30 30 20 20 20 20 30 20 20 20 32 30 46 46 46 30 38 20 20 20 32 30 30 30 30 20 20 20 20 30 20 20 31 30 30 46 46 46 30 41 20 20 20 32 30 30 30 30 20 20 20 20 30 20 20 20 32 30 46 46 46 32 41 20 20 20 32 30 30 30 30 20 20 20 20 30 20 20 20 32 30 46 46 46 46 33 0D
[2026-08-21 15:29:22.888] Enviado: S | HEX: 1B 53 36 45 0D
[2026-08-21 15:29:22.889] Recibido ASCII: <SOH>S00   20000-  21  121FFF01   20000- 181  181FFF05   20000    0  100FFF06   20000    0  120FFF07   20000    0   20FFF08   20000    0  100FFF0A   20000    0   20FFF2A   20000    0   20FFFF3<CR>
[2026-08-21 15:29:22.889] Recibido HEX: 01 53 30 30 20 20 20 32 30 30 30 30 2D 20 20 32 31 20 20 31 32 31 46 46 46 30 31 20 20 20 32 30 30 30 30 2D 20 31 38 31 20 20 31 38 31 46 46 46 30 35 20 20 20 32 30 30 30 30 20 20 20 20 30 20 20 31 30 30 46 46 46 30 36 20 20 20 32 30 30 30 30 20 20 20 20 30 20 20 31 32 30 46 46 46 30 37 20 20 20 32 30 30 30 30 20 20 20 20 30 20 20 20 32 30 46 46 46 30 38 20 20 20 32 30 30 30 30 20 20 20 20 30 20 20 31 30 30 46 46 46 30 41 20 20 20 32 30 30 30 30 20 20 20 20 30 20 20 20 32 30 46 46 46 32 41 20 20 20 32 30 30 30 30 20 20 20 20 30 20 20 20 32 30 46 46 46 46 33 0D
[2026-08-21 15:29:23.890] Enviado: S | HEX: 1B 53 36 45 0D
[2026-08-21 15:29:23.891] Recibido ASCII: <SOH>S00   20000-  21  121FFF01   20000- 181  181FFF05   20000    0  100FFF06   20000    0  120FFF07   20000    0   20FFF08   20000    0  100FFF0A   20000    0   20FFF2A   20000    0   20FFFF3<CR>
[2026-08-21 15:29:23.891] Recibido HEX: 01 53 30 30 20 20 20 32 30 30 30 30 2D 20 20 32 31 20 20 31 32 31 46 46 46 30 31 20 20 20 32 30 30 30 30 2D 20 31 38 31 20 20 31 38 31 46 46 46 30 35 20 20 20 32 30 30 30 30 20 20 20 20 30 20 20 31 30 30 46 46 46 30 36 20 20 20 32 30 30 30 30 20 20 20 20 30 20 20 31 32 30 46 46 46 30 37 20 20 20 32 30 30 30 30 20 20 20 20 30 20 20 20 32 30 46 46 46 30 38 20 20 20 32 30 30 30 30 20 20 20 20 30 20 20 31 30 30 46 46 46 30 41 20 20 20 32 30 30 30 30 20 20 20 20 30 20 20 20 32 30 46 46 46 32 41 20 20 20 32 30 30 30 30 20 20 20 20 30 20 20 20 32 30 46 46 46 46 33 0D
[2026-08-21 15:29:24.892] Enviado: S | HEX: 1B 53 36 45 0D
[2026-08-21 15:29:24.893] Recibido ASCII: <SOH>S00   20000-  21  121FFF01   20000- 181  181FFF05   20000    0  100FFF06   20000    0  120FFF07   20000    0   20FFF08   20000    0  100FFF0A   20000    0   20FFF2A   20000    0   20FFFF3<CR>
[2026-08-21 15:29:24.893] Recibido HEX: 01 53 30 30 20 20 20 32 30 30 30 30 2D 20 20 32 31 20 20 31 32 31 46 46 46 30 31 20 20 20 32 30 30 30 30 2D 20 31 38 31 20 20 31 38 31 46 46 46 30 35 20 20 20 32 30 30 30 30 20 20 20 20 30 20 20 31 30 30 46 46 46 30 36 20 20 20 32 30 30 30 30 20 20 20 20 30 20 20 31 32 30 46 46 46 30 37 20 20 20 32 30 30 30 30 20 20 20 20 30 20 20 20 32 30 46 46 46 30 38 20 20 20 32 30 30 30 30 20 20 20 20 30 20 20 31 30 30 46 46 46 30 41 20 20 20 32 30 30 30 30 20 20 20 20 30 20 20 20 32 30 46 46 46 32 41 20 20 20 32 30 30 30 30 20 20 20 20 30 20 20 20 32 30 46 46 46 46 33 0D
[2026-08-21 15:29:25.894] Enviado: S | HEX: 1B 53 36 45 0D
[2026-08-21 15:29:25.895] Recibido ASCII: <SOH>S00   20000-  21  121FFF01   20000- 181  181FFF05   20000    0  100FFF06   20000    0  120FFF07   20000    0   20FFF08   20000    0  100FFF0A   20000    0   20FFF2A   20000    0   20FFFF3<CR>
[2026-08-21 15:29:25.895] Recibido HEX: 01 53 30 30 20 20 20 32 30 30 30 30 2D 20 20 32 31 20 20 31 32 31 46 46 46 30 31 20 20 20 32 30 30 30 30 2D 20 31 38 31 20 20 31 38 31 46 46 46 30 35 20 20 20 32 30 30 30 30 20 20 20 20 30 20 20 31 30 30 46 46 46 30 36 20 20 20 32 30 30 30 30 20 20 20 20 30 20 20 31 32 30 46 46 46 30 37 20 20 20 32 30 30 30 30 20 20 20 20 30 20 20 20 32 30 46 46 46 30 38 20 20 20 32 30 30 30 30 20 20 20 20 30 20 20 31 30 30 46 46 46 30 41 20 20 20 32 30 30 30 30 20 20 20 20 30 20 20 20 32 30 46 46 46 32 41 20 20 20 32 30 30 30 30 20 20 20 20 30 20 20 20 32 30 46 46 46 46 33 0D
[2026-08-21 15:29:26.896] Enviado: S | HEX: 1B 53 36 45 0D
[2026-08-21 15:29:26.897] Recibido ASCII: <SOH>S00   20000-  21  121FFF01   20000- 181  181FFF05   20000    0  100FFF06   20000    0  120FFF07   20000    0   20FFF08   20000    0  100FFF0A   20000    0   20FFF2A   20000    0   20FFFF3<CR>
[2026-08-21 15:29:26.897] Recibido HEX: 01 53 30 30 20 20 20 32 30 30 30 30 2D 20 20 32 31 20 20 31 32 31 46 46 46 30 31 20 20 20 32 30 30 30 30 2D 20 31 38 31 20 20 31 38 31 46 46 46 30 35 20 20 20 32 30 30 30 30 20 20 20 20 30 20 20 31 30 30 46 46 46 30 36 20 20 20 32 30 30 30 30 20 20 20 20 30 20 20 31 32 30 46 46 46 30 37 20 20 20 32 30 30 30 30 20 20 20 20 30 20 20 20 32 30 46 46 46 30 38 20 20 20 32 30 30 30 30 20 20 20 20 30 20 20 31 30 30 46 46 46 30 41 20 20 20 32 30 30 30 30 20 20 20 20 30 20 20 20 32 30 46 46 46 32 41 20 20 20 32 30 30 30 30 20 20 20 20 30 20 20 20 32 30 46 46 46 46 33 0D
[2026-08-21 15:29:27.898] Enviado: S | HEX: 1B 53 36 45 0D
[2026-08-21 15:29:27.899] Recibido ASCII: <SOH>S00   20000-  21  121FFF01   20000- 181  181FFF05   20000    0  100FFF06   20000    0  120FFF07   20000    0   20FFF08   20000    0  100FFF0A   20000    0   20FFF2A   20000    0   20FFFF3<CR>
[2026-08-21 15:29:27.899] Recibido HEX: 01 53 30 30 20 20 20 32 30 30 30 30 2D 20 20 32 31 20 20 31 32 31 46 46 46 30 31 20 20 20 32 30 30 30 30 2D 20 31 38 31 20 20 31 38 31 46 46 46 30 35 20 20 20 32 30 30 30 30 20 20 20 20 30 20 20 31 30 30 46 46 46 30 36 20 20 20 32 30 30 30 30 20 20 20 20 30 20 20 31 32 30 46 46 46 30 37 20 20 20 32 30 30 30 30 20 20 20 20 30 20 20 20 32 30 46 46 46 30 38 20 20 20 32 30 30 30 30 20 20 20 20 30 20 20 31 30 30 46 46 46 30 41 20 20 20 32 30 30 30 30 20 20 20 20 30 20 20 20 32 30 46 46 46 32 41 20 20 20 32 30 30 30 30 20 20 20 20 30 20 20 20 32 30 46 46 46 46 33 0D
[2026-08-21 15:29:28.900] Enviado: S | HEX: 1B 53 36 45 0D
[2026-08-21 15:29:28.901] Recibido ASCII: <SOH>S00   20000-  21  121FFF01   20000- 181  181FFF05   20000    0  100FFF06   20000    0  120FFF07   20000    0   20FFF08   20000    0  100FFF0A   20000    0   20FFF2A   20000    0   20FFFF3<CR>
[2026-08-21 15:29:28.901] Recibido HEX: 01 53 30 30 20 20 20 32 30 30 30 30 2D 20 20 32 31 20 20 31 32 31 46 46 46 30 31 20 20 20 32 30 30 30 30 2D 20 31 38 31 20 20 31 38 31 46 46 46 30 35 20 20 20 32 30 30 30 30 20 20 20 20 30 20 20 31 30 30 46 46 46 30 36 20 20 20 32 30 30 30 30 20 20 20 20 30 20 20 31 32 30 46 46 46 30 37 20 20 20 32 30 30 30 30 20 20 20 20 30 20 20 20 32 30 46 46 46 30 38 20 20 20 32 30 30 30 30 20 20 20 20 30 20 20 31 30 30 46 46 46 30 41 20 20 20 32 30 30 30 30 20 20 20 20 30 20 20 20 32 30 46 46 46 32 41 20 20 20 32 30 30 30 30 20 20 20 20 30 20 20 20 32 30 46 46 46 46 33 0D
[2026-08-21 15:29:29.902] Enviado: S | HEX: 1B 53 36 45 0D
[2026-08-21 15:29:29.902] Recibido ASCII: <ESC>R6D<CR>
[2026-08-21 15:29:29.902] Recibido HEX: 1B 52 36 44 0D
[2026-08-21 15:29:30.903] Enviado: 6666'Hola'00.20:04.01 | HEX: 1B 36 36 36 36 27 48 6F 6C 61 27 30 30 2E 32 30 3A 30 34 2E 30 31 45 32 0D
[2026-08-21 15:29:30.904] Enviado: S | HEX: 1B 53 36 45 0D
[2026-08-21 15:29:30.904] Recibido ASCII: <SOH>S00   20000-  21  121FFF01   20000- 181  181FFF05   20000    0  100FFF06   20000    0  120FFF07   20000    0   20FFF08   20000    0  100FFF0A   20000    0   20FFF2A   20000    0   20FFFF3<CR>
[2026-08-21 15:29:30.905] Recibido HEX: 01 53 30 30 20 20 20 32 30 30 30 30 2D 20 20 32 31 20 20 31 32 31 46 46 46 30 31 20 20 20 32 30 30 30 30 2D 20 31 38 31 20 20 31 38 31 46 46 46 30 35 20 20 20 32 30 30 30 30 20 20 20 20 30 20 20 31 30 30 46 46 46 30 36 20 20 20 32 30 30 30 30 20 20 20 20 30 20 20 31 32 30 46 46 46 30 37 20 20 20 32 30 30 30 30 20 20 20 20 30 20 20 20 32 30 46 46 46 30 38 20 20 20 32 30 30 30 30 20 20 20 20 30 20 20 31 30 30 46 46 46 30 41 20 20 20 32 30 30 30 30 20 20 20 20 30 20 20 20 32 30 46 46 46 32 41 20 20 20 32 30 30 30 30 20 20 20 20 30 20 20 20 32 30 46 46 46 46 33 0D
[2026-08-21 15:29:31.906] Enviado: S | HEX: 1B 53 36 45 0D
[2026-08-21 15:29:31.906] Recibido ASCII: <SOH>S00   20000-  21  121FFF01   20000- 181  181FFF05   20000    0  100FFF06   20000    0  120FFF07   20000    0   20FFF08   20000    0  100FFF0A   20000    0   20FFF2A   20000    0   20FFFF3<CR>
[2026-08-21 15:29:31.907] Recibido HEX: 01 53 30 30 20 20 20 32 30 30 30 30 2D 20 20 32 31 20 20 31 32 31 46 46 46 30 31 20 20 20 32 30 30 30 30 2D 20 31 38 31 20 20 31 38 31 46 46 46 30 35 20 20 20 32 30 30 30 30 20 20 20 20 30 20 20 31 30 30 46 46 46 30 36 20 20 20 32 30 30 30 30 20 20 20 20 30 20 20 31 32 30 46 46 46 30 37 20 20 20 32 30 30 30 30 20 20 20 20 30 20 20 20 32 30 46 46 46 30 38 20 20 20 32 30 30 30 30 20 20 20 20 30 20 20 31 30 30 46 46 46 30 41 20 20 20 32 30 30 30 30 20 20 20 20 30 20 20 20 32 30 46 46 46 32 41 20 20 20 32 30 30 30 30 20 20 20 20 30 20 20 20 32 30 46 46 46 46 33 0D
[2026-08-21 15:29:32.908] Enviado: S | HEX: 1B 53 36 45 0D
[2026-08-21 15:29:32.908] Recibido ASCII: <SOH>S00   20000-  21  121FFF01   20000- 181  181FFF05   20000    0  100FFF06   20000    0  120FFF07   20000    0   20FFF08   20000    0  100FFF0A   20000    0   20FFF2A   20000    0   20FFFF3<CR>
[2026-08-21 15:29:32.910] Recibido HEX: 01 53 30 30 20 20 20 32 30 30 30 30 2D 20 20 32 31 20 20 31 32 31 46 46 46 30 31 20 20 20 32 30 30 30 30 2D 20 31 38 31 20 20 31 38 31 46 46 46 30 35 20 20 20 32 30 30 30 30 20 20 20 20 30 20 20 31 30 30 46 46 46 30 36 20 20 20 32 30 30 30 30 20 20 20 20 30 20 20 31 32 30 46 46 46 30 37 20 20 20 32 30 30 30 30 20 20 20 20 30 20 20 20 32 30 46 46 46 30 38 20 20 20 32 30 30 30 30 20 20 20 20 30 20 20 31 30 30 46 46 46 30 41 20 20 20 32 30 30 30 30 20 20 20 20 30 20 20 20 32 30 46 46 46 32 41 20 20 20 32 30 30 30 30 20 20 20 20 30 20 20 20 32 30 46 46 46 46 33 0D
[2026-08-21 15:29:33.911] Enviado: S | HEX: 1B 53 36 45 0D
[2026-08-21 15:29:33.912] Recibido ASCII: <SOH>S00   20000-  21  121FFF01   20000- 181  181FFF05   20000    0  100FFF06   20000    0  120FFF07   20000    0   20FFF08   20000    0  100FFF0A   20000    0   20FFF2A   20000    0   20FFFF3<CR>
[2026-08-21 15:29:33.912] Recibido HEX: 01 53 30 30 20 20 20 32 30 30 30 30 2D 20 20 32 31 20 20 31 32 31 46 46 46 30 31 20 20 20 32 30 30 30 30 2D 20 31 38 31 20 20 31 38 31 46 46 46 30 35 20 20 20 32 30 30 30 30 20 20 20 20 30 20 20 31 30 30 46 46 46 30 36 20 20 20 32 30 30 30 30 20 20 20 20 30 20 20 31 32 30 46 46 46 30 37 20 20 20 32 30 30 30 30 20 20 20 20 30 20 20 20 32 30 46 46 46 30 38 20 20 20 32 30 30 30 30 20 20 20 20 30 20 20 31 30 30 46 46 46 30 41 20 20 20 32 30 30 30 30 20 20 20 20 30 20 20 20 32 30 46 46 46 32 41 20 20 20 32 30 30 30 30 20 20 20 20 30 20 20 20 32 30 46 46 46 46 33 0D
[2026-08-21 15:29:34.913] Enviado: S | HEX: 1B 53 36 45 0D
[2026-08-21 15:29:34.913] Recibido ASCII: <SOH>637<CR>
[2026-08-21 15:29:34.913] Recibido HEX: 01 36 33 37 0D
[2026-08-21 15:29:35.914] Enviado: S | HEX: 1B 53 36 45 0D
[2026-08-21 15:29:35.915] Recibido ASCII: <SOH>S00   20000-  21  121FFF01   20000- 181  181FFF05   20000    0  100FFF06   20000    0  120FFF07   20000    0   20FFF08   20000    0  100FFF0A   20000    0   20FFF2A   20000    0   20FFFF3<CR>
[2026-08-21 15:29:35.915] Recibido HEX: 01 53 30 30 20 20 20 32 30 30 30 30 2D 20 20 32 31 20 20 31 32 31 46 46 46 30 31 20 20 20 32 30 30 30 30 2D 20 31 38 31 20 20 31 38 31 46 46 46 30 35 20 20 20 32 30 30 30 30 20 20 20 20 30 20 20 31 30 30 46 46 46 30 36 20 20 20 32 30 30 30 30 20 20 20 20 30 20 20 31 32 30 46 46 46 30 37 20 20 20 32 30 30 30 30 20 20 20 20 30 20 20 20 32 30 46 46 46 30 38 20 20 20 32 30 30 30 30 20 20 20 20 30 20 20 31 30 30 46 46 46 30 41 20 20 20 32 30 30 30 30 20 20 20 20 30 20 20 20 32 30 46 46 46 32 41 20 20 20 32 30 30 30 30 20 20 20 20 30 20 20 20 32 30 46 46 46 46 33 0D
[2026-08-21 15:29:36.916] Enviado: S | HEX: 1B 53 36 45 0D
[2026-08-21 15:29:36.917] Recibido ASCII: <SOH>S00   20000-  21  121FFF01   20000- 181  181FFF05   20000    0  100FFF06   20000    0  120FFF07   20000    0   20FFF08   20000    0  100FFF0A   20000    0   20FFF2A   20000    0   20FFFF3<CR>
[2026-08-21 15:29:36.917] Recibido HEX: 01 53 30 30 20 20 20 32 30 30 30 30 2D 20 20 32 31 20 20 31 32 31 46 46 46 30 31 20 20 20 32 30 30 30 30 2D 20 31 38 31 20 20 31 38 31 46 46 46 30 35 20 20 20 32 30 30 30 30 20 20 20 20 30 20 20 31 30 30 46 46 46 30 36 20 20 20 32 30 30 30 30 20 20 20 20 30 20 20 31 32 30 46 46 46 30 37 20 20 20 32 30 30 30 30 20 20 20 20 30 20 20 20 32 30 46 46 46 30 38 20 20 20 32 30 30 30 30 20 20 20 20 30 20 20 31 30 30 46 46 46 30 41 20 20 20 32 30 30 30 30 20 20 20 20 30 20 20 20 32 30 46 46 46 32 41 20 20 20 32 30 30 30 30 20 20 20 20 30 20 20 20 32 30 46 46 46 46 33 0D
[2026-08-21 15:29:37.918] Enviado: S | HEX: 1B 53 36 45 0D
[2026-08-21 15:29:37.919] Recibido ASCII: <SOH>S00   20000-  21  121FFF01   20000- 181  181FFF05   20000    0  100FFF06   20000    0  120FFF07   20000    0   20FFF08   20000    0  100FFF0A   20000    0   20FFF2A   20000    0   20FFFF3<CR>
[2026-08-21 15:29:37.919] Recibido HEX: 01 53 30 30 20 20 20 32 30 30 30 30 2D 20 20 32 31 20 20 31 32 31 46 46 46 30 31 20 20 20 32 30 30 30 30 2D 20 31 38 31 20 20 31 38 31 46 46 46 30 35 20 20 20 32 30 30 30 30 20 20 20 20 30 20 20 31 30 30 46 46 46 30 36 20 20 20 32 30 30 30 30 20 20 20 20 30 20 20 31 32 30 46 46 46 30 37 20 20 20 32 30 30 30 30 20 20 20 20 30 20 20 20 32 30 46 46 46 30 38 20 20 20 32 30 30 30 30 20 20 20 20 30 20 20 31 30 30 46 46 46 30 41 20 20 20 32 30 30 30 30 20 20 20 20 30 20 20 20 32 30 46 46 46 32 41 20 20 20 32 30 30 30 30 20 20 20 20 30 20 20 20 32 30 46 46 46 46 33 0D
[2026-08-21 15:29:38.920] Enviado: S | HEX: 1B 53 36 45 0D
[2026-08-21 15:29:38.921] Recibido ASCII: <SOH>S00   20000-  21  121FFF01   20000- 181  181FFF05   20000    0  100FFF06   20000    0  120FFF07   20000    0   20FFF08   20000    0  100FFF0A   20000    0   20FFF2A   20000    0   20FFFF3<CR>
[2026-08-21 15:29:38.922] Recibido HEX: 01 53 30 30 20 20 20 32 30 30 30 30 2D 20 20 32 31 20 20 31 32 31 46 46 46 30 31 20 20 20 32 30 30 30 30 2D 20 31 38 31 20 20 31 38 31 46 46 46 30 35 20 20 20 32 30 30 30 30 20 20 20 20 30 20 20 31 30 30 46 46 46 30 36 20 20 20 32 30 30 30 30 20 20 20 20 30 20 20 31 32 30 46 46 46 30 37 20 20 20 32 30 30 30 30 20 20 20 20 30 20 20 20 32 30 46 46 46 30 38 20 20 20 32 30 30 30 30 20 20 20 20 30 20 20 31 30 30 46 46 46 30 41 20 20 20 32 30 30 30 30 20 20 20 20 30 20 20 20 32 30 46 46 46 32 41 20 20 20 32 30 30 30 30 20 20 20 20 30 20 20 20 32 30 46 46 46 46 33 0D
[2026-08-21 15:29:39.922] Enviado: S | HEX: 1B 53 36 45 0D
[2026-08-21 15:29:39.923] Recibido ASCII: <SOH>S00   20000-  21  121FFF01   20000- 181  181FFF05   20000    0  100FFF06   20000    0  120FFF07   20000    0   20FFF08   20000    0  100FFF0A   20000    0   20FFF2A   20000    0   20FFFF3<CR>
[2026-08-21 15:29:39.924] Recibido HEX: 01 53 30 30 20 20 20 32 30 30 30 30 2D 20 20 32 31 20 20 31 32 31 46 46 46 30 31 20 20 20 32 30 30 30 30 2D 20 31 38 31 20 20 31 38 31 46 46 46 30 35 20 20 20 32 30 30 30 30 20 20 20 20 30 20 20 31 30 30 46 46 46 30 36 20 20 20 32 30 30 30 30 20 20 20 20 30 20 20 31 32 30 46 46 46 30 37 20 20 20 32 30 30 30 30 20 20 20 20 30 20 20 20 32 30 46 46 46 30 38 20 20 20 32 30 30 30 30 20 20 20 20 30 20 20 31 30 30 46 46 46 30 41 20 20 20 32 30 30 30 30 20 20 20 20 30 20 20 20 32 30 46 46 46 32 41 20 20 20 32 30 30 30 30 20 20 20 20 30 20 20 20 32 30 46 46 46 46 33 0D
[2026-08-21 15:29:40.925] Enviado: S | HEX: 1B 53 36 45 0D
[2026-08-21 15:29:40.925] Recibido ASCII: <SOH>S00   20000-  21  121FFF01   20000- 181  181FFF05   20000    0  100FFF06   20000    0  120FFF07   20000    0   20FFF08   20000    0  100FFF0A   20000    0   20FFF2A   20000    0   20FFFF3<CR>
[2026-08-21 15:29:40.926] Recibido HEX: 01 53 30 30 20 20 20 32 30 30 30 30 2D 20 20 32 31 20 20 31 32 31 46 46 46 30 31 20 20 20 32 30 30 30 30 2D 20 31 38 31 20 20 31 38 31 46 46 46 30 35 20 20 20 32 30 30 30 30 20 20 20 20 30 20 20 31 30 30 46 46 46 30 36 20 20 20 32 30 30 30 30 20 20 20 20 30 20 20 31 32 30 46 46 46 30 37 20 20 20 32 30 30 30 30 20 20 20 20 30 20 20 20 32 30 46 46 46 30 38 20 20 20 32 30 30 30 30 20 20 20 20 30 20 20 31 30 30 46 46 46 30 41 20 20 20 32 30 30 30 30 20 20 20 20 30 20 20 20 32 30 46 46 46 32 41 20 20 20 32 30 30 30 30 20 20 20 20 30 20 20 20 32 30 46 46 46 46 33 0D
[2026-08-21 15:29:41.927] Enviado: S | HEX: 1B 53 36 45 0D
[2026-08-21 15:29:41.927] Recibido ASCII: <SOH>S00   20000-  21  121FFF01   20000- 181  181FFF05   20000    0  100FFF06   20000    0  120FFF07   20000    0   20FFF08   20000    0  100FFF0A   20000    0   20FFF2A   20000    0   20FFFF3<CR>
[2026-08-21 15:29:41.928] Recibido HEX: 01 53 30 30 20 20 20 32 30 30 30 30 2D 20 20 32 31 20 20 31 32 31 46 46 46 30 31 20 20 20 32 30 30 30 30 2D 20 31 38 31 20 20 31 38 31 46 46 46 30 35 20 20 20 32 30 30 30 30 20 20 20 20 30 20 20 31 30 30 46 46 46 30 36 20 20 20 32 30 30 30 30 20 20 20 20 30 20 20 31 32 30 46 46 46 30 37 20 20 20 32 30 30 30 30 20 20 20 20 30 20 20 20 32 30 46 46 46 30 38 20 20 20 32 30 30 30 30 20 20 20 20 30 20 20 31 30 30 46 46 46 30 41 20 20 20 32 30 30 30 30 20 20 20 20 30 20 20 20 32 30 46 46 46 32 41 20 20 20 32 30 30 30 30 20 20 20 20 30 20 20 20 32 30 46 46 46 46 33 0D
[2026-08-21 15:29:42.929] Enviado: S | HEX: 1B 53 36 45 0D
[2026-08-21 15:29:42.929] Recibido ASCII: <ESC>Q6C<CR>
[2026-08-21 15:29:42.929] Recibido HEX: 1B 51 36 43 0D
[2026-08-21 15:29:43.930] Enviado: Q | HEX: 1B 51 36 43 0D
[2026-08-21 15:29:43.930] Enviado: S | HEX: 1B 53 36 45 0D
[2026-08-21 15:29:43.930] Recibido ASCII: <SOH>.16<CR>
[2026-08-21 15:29:43.930] Recibido HEX: 01 15 31 36 0D
[2026-08-21 15:29:44.931] Enviado: Q | HEX: 1B 51 36 43 0D
[2026-08-21 15:29:44.932] Enviado: S | HEX: 1B 53 36 45 0D
[2026-08-21 15:29:44.932] Recibido ASCII: <SOH>.16<CR>
[2026-08-21 15:29:44.932] Recibido HEX: 01 15 31 36 0D
[2026-08-21 15:29:45.933] Enviado: Q | HEX: 1B 51 36 43 0D
[2026-08-21 15:29:45.933] Enviado: S | HEX: 1B 53 36 45 0D
[2026-08-21 15:29:45.934] Recibido ASCII: <SOH>.16<CR>
[2026-08-21 15:29:45.934] Recibido HEX: 01 15 31 36 0D
[2026-08-21 15:29:46.935] Enviado: Q | HEX: 1B 51 36 43 0D
[2026-08-21 15:29:46.935] Enviado: S | HEX: 1B 53 36 45 0D
[2026-08-21 15:29:46.935] Recibido ASCII: <SOH>.16<CR>
[2026-08-21 15:29:46.935] Recibido HEX: 01 15 31 36 0D
[2026-08-21 15:29:47.936] Enviado: Q | HEX: 1B 51 36 43 0D
[2026-08-21 15:29:47.936] Enviado: S | HEX: 1B 53 36 45 0D
[2026-08-21 15:29:47.938] Recibido ASCII: <SOH>.16<CR>
[2026-08-21 15:29:47.939] Recibido HEX: 01 15 31 36 0D
[2026-08-21 15:29:48.940] Enviado: Q | HEX: 1B 51 36 43 0D
[2026-08-21 15:29:48.940] Enviado: S | HEX: 1B 53 36 45 0D
[2026-08-21 15:29:48.940] Recibido ASCII: <SOH>.16<CR>
[2026-08-21 15:29:48.940] Recibido HEX: 01 15 31 36 0D
[2026-08-21 15:29:49.941] Enviado: Q | HEX: 1B 51 36 43 0D
[2026-08-21 15:29:49.941] Enviado: S | HEX: 1B 53 36 45 0D
[2026-08-21 15:29:49.942] Recibido ASCII: <SOH>Q52<CR>
[2026-08-21 15:29:49.942] Recibido HEX: 01 51 35 32 0D
[2026-08-21 15:29:50.943] Enviado: Q | HEX: 1B 51 36 43 0D
[2026-08-21 15:29:50.943] Enviado: S | HEX: 1B 53 36 45 0D
[2026-08-21 15:29:50.943] Recibido ASCII: <SOH>S00   20000-  21  <ESC>R6D<CR>
[2026-08-21 15:29:50.943] Recibido HEX: 01 53 30 30 20 20 20 32 30 30 30 30 2D 20 20 32 31 20 20 1B 52 36 44 0D
[2026-08-21 15:29:51.944] Enviado: S | HEX: 1B 53 36 45 0D
[2026-08-21 15:29:51.945] Recibido ASCII: 121FFF01   20000- 181  181FFF05   20000    0  100FFF06   20000    0  120FFF07   20000    0   20FFF08   20000    0  100FFF0A   20000    0   20FFF2A   20000    0   20FFFF3<CR>
[2026-08-21 15:29:51.945] Recibido HEX: 31 32 31 46 46 46 30 31 20 20 20 32 30 30 30 30 2D 20 31 38 31 20 20 31 38 31 46 46 46 30 35 20 20 20 32 30 30 30 30 20 20 20 20 30 20 20 31 30 30 46 46 46 30 36 20 20 20 32 30 30 30 30 20 20 20 20 30 20 20 31 32 30 46 46 46 30 37 20 20 20 32 30 30 30 30 20 20 20 20 30 20 20 20 32 30 46 46 46 30 38 20 20 20 32 30 30 30 30 20 20 20 20 30 20 20 31 30 30 46 46 46 30 41 20 20 20 32 30 30 30 30 20 20 20 20 30 20 20 20 32 30 46 46 46 32 41 20 20 20 32 30 30 30 30 20 20 20 20 30 20 20 20 32 30 46 46 46 46 33 0D
[2026-08-21 15:29:52.946] Enviado: S | HEX: 1B 53 36 45 0D
[2026-08-21 15:29:52.946] Recibido ASCII: <SOH>Q52<CR>
[2026-08-21 15:29:52.948] Recibido HEX: 01 51 35 32 0D
[2026-08-21 15:29:53.949] Enviado: Q | HEX: 1B 51 36 43 0D
[2026-08-21 15:29:53.949] Enviado: S | HEX: 1B 53 36 45 0D
[2026-08-21 15:29:53.950] Recibido ASCII: <SOH>S00   20000-  21  <ESC>R6D<CR>
[2026-08-21 15:29:53.950] Recibido HEX: 01 53 30 30 20 20 20 32 30 30 30 30 2D 20 20 32 31 20 20 1B 52 36 44 0D
[2026-08-21 15:29:54.951] Enviado: S | HEX: 1B 53 36 45 0D
[2026-08-21 15:29:54.951] Recibido ASCII: 121FFF01   20000- 181  181FFF05   20000    0  100FFF06   20000    0  120FFF07   20000    0   20FFF08   20000    0  100FFF0A   20000    0   20FFF2A   20000    0   20FFFF3<CR>
[2026-08-21 15:29:54.952] Recibido HEX: 31 32 31 46 46 46 30 31 20 20 20 32 30 30 30 30 2D 20 31 38 31 20 20 31 38 31 46 46 46 30 35 20 20 20 32 30 30 30 30 20 20 20 20 30 20 20 31 30 30 46 46 46 30 36 20 20 20 32 30 30 30 30 20 20 20 20 30 20 20 31 32 30 46 46 46 30 37 20 20 20 32 30 30 30 30 20 20 20 20 30 20 20 20 32 30 46 46 46 30 38 20 20 20 32 30 30 30 30 20 20 20 20 30 20 20 31 30 30 46 46 46 30 41 20 20 20 32 30 30 30 30 20 20 20 20 30 20 20 20 32 30 46 46 46 32 41 20 20 20 32 30 30 30 30 20 20 20 20 30 20 20 20 32 30 46 46 46 46 33 0D
[2026-08-21 15:29:55.953] Enviado: S | HEX: 1B 53 36 45 0D
[2026-08-21 15:29:55.953] Recibido ASCII: <SOH>Q52<CR>
[2026-08-21 15:29:55.953] Recibido HEX: 01 51 35 32 0D
[2026-08-21 15:29:56.954] Enviado: Q | HEX: 1B 51 36 43 0D
[2026-08-21 15:29:56.954] Enviado: S | HEX: 1B 53 36 45 0D
[2026-08-21 15:29:56.955] Recibido ASCII: <SOH>S00   20000-  21  <ESC>R6D<CR>
[2026-08-21 15:29:56.955] Recibido HEX: 01 53 30 30 20 20 20 32 30 30 30 30 2D 20 20 32 31 20 20 1B 52 36 44 0D
[2026-08-21 15:29:57.955] Enviado: S | HEX: 1B 53 36 45 0D
[2026-08-21 15:29:57.956] Recibido ASCII: 121FFF01   20000- 181  181FFF05   20000    0  100FFF06   20000    0  120FFF07   20000    0   20FFF08   20000    0  100FFF0A   20000    0   20FFF2A   20000    0   20FFFF3<CR>
[2026-08-21 15:29:57.958] Recibido HEX: 31 32 31 46 46 46 30 31 20 20 20 32 30 30 30 30 2D 20 31 38 31 20 20 31 38 31 46 46 46 30 35 20 20 20 32 30 30 30 30 20 20 20 20 30 20 20 31 30 30 46 46 46 30 36 20 20 20 32 30 30 30 30 20 20 20 20 30 20 20 31 32 30 46 46 46 30 37 20 20 20 32 30 30 30 30 20 20 20 20 30 20 20 20 32 30 46 46 46 30 38 20 20 20 32 30 30 30 30 20 20 20 20 30 20 20 31 30 30 46 46 46 30 41 20 20 20 32 30 30 30 30 20 20 20 20 30 20 20 20 32 30 46 46 46 32 41 20 20 20 32 30 30 30 30 20 20 20 20 30 20 20 20 32 30 46 46 46 46 33 0D
[2026-08-21 15:29:58.959] Enviado: S | HEX: 1B 53 36 45 0D
[2026-08-21 15:29:58.959] Recibido ASCII: <SOH>Q52<CR>
[2026-08-21 15:29:58.959] Recibido HEX: 01 51 35 32 0D
[2026-08-21 15:29:59.960] Enviado: Q | HEX: 1B 51 36 43 0D
[2026-08-21 15:29:59.960] Enviado: S | HEX: 1B 53 36 45 0D
[2026-08-21 15:29:59.961] Recibido ASCII: <SOH>S00   20000-  21  <ESC>R6D<CR>
[2026-08-21 15:29:59.961] Recibido HEX: 01 53 30 30 20 20 20 32 30 30 30 30 2D 20 20 32 31 20 20 1B 52 36 44 0D
[2026-08-21 15:30:00.961] Enviado: S | HEX: 1B 53 36 45 0D
[2026-08-21 15:30:00.962] Recibido ASCII: 121FFF01   20000- 181  181FFF05   20000    0  100FFF06   20000    0  120FFF07   20000    0   20FFF08   20000    0  100FFF0A   20000    0   20FFF2A   20000    0   20FFFF3<CR>
[2026-08-21 15:30:00.962] Recibido HEX: 31 32 31 46 46 46 30 31 20 20 20 32 30 30 30 30 2D 20 31 38 31 20 20 31 38 31 46 46 46 30 35 20 20 20 32 30 30 30 30 20 20 20 20 30 20 20 31 30 30 46 46 46 30 36 20 20 20 32 30 30 30 30 20 20 20 20 30 20 20 31 32 30 46 46 46 30 37 20 20 20 32 30 30 30 30 20 20 20 20 30 20 20 20 32 30 46 46 46 30 38 20 20 20 32 30 30 30 30 20 20 20 20 30 20 20 31 30 30 46 46 46 30 41 20 20 20 32 30 30 30 30 20 20 20 20 30 20 20 20 32 30 46 46 46 32 41 20 20 20 32 30 30 30 30 20 20 20 20 30 20 20 20 32 30 46 46 46 46 33 0D
[2026-08-21 15:30:01.963] Enviado: S | HEX: 1B 53 36 45 0D
[2026-08-21 15:30:01.964] Recibido ASCII: <SOH>Q52<CR>
[2026-08-21 15:30:01.964] Recibido HEX: 01 51 35 32 0D
[2026-08-21 15:30:02.964] Enviado: Q | HEX: 1B 51 36 43 0D
[2026-08-21 15:30:02.965] Enviado: S | HEX: 1B 53 36 45 0D
[2026-08-21 15:30:02.965] Recibido ASCII: <SOH>S00   20000-  21  <ESC>R6D<CR>
[2026-08-21 15:30:02.965] Recibido HEX: 01 53 30 30 20 20 20 32 30 30 30 30 2D 20 20 32 31 20 20 1B 52 36 44 0D
[2026-08-21 15:30:03.966] Enviado: S | HEX: 1B 53 36 45 0D
[2026-08-21 15:30:03.967] Recibido ASCII: 121FFF01   20000- 181  181FFF05   20000    0  100FFF06   20000    0  120FFF07   20000    0   20FFF08   20000    0  100FFF0A   20000    0   20FFF2A   20000    0   20FFFF3<CR>
[2026-08-21 15:30:03.967] Recibido HEX: 31 32 31 46 46 46 30 31 20 20 20 32 30 30 30 30 2D 20 31 38 31 20 20 31 38 31 46 46 46 30 35 20 20 20 32 30 30 30 30 20 20 20 20 30 20 20 31 30 30 46 46 46 30 36 20 20 20 32 30 30 30 30 20 20 20 20 30 20 20 31 32 30 46 46 46 30 37 20 20 20 32 30 30 30 30 20 20 20 20 30 20 20 20 32 30 46 46 46 30 38 20 20 20 32 30 30 30 30 20 20 20 20 30 20 20 31 30 30 46 46 46 30 41 20 20 20 32 30 30 30 30 20 20 20 20 30 20 20 20 32 30 46 46 46 32 41 20 20 20 32 30 30 30 30 20 20 20 20 30 20 20 20 32 30 46 46 46 46 33 0D
[2026-08-21 15:30:04.967] Enviado: S | HEX: 1B 53 36 45 0D
[2026-08-21 15:30:04.968] Recibido ASCII: <SOH>Q52<CR>
[2026-08-21 15:30:04.968] Recibido HEX: 01 51 35 32 0D
[2026-08-21 15:30:05.969] Enviado: Q | HEX: 1B 51 36 43 0D
[2026-08-21 15:30:05.969] Enviado: S | HEX: 1B 53 36 45 0D
[2026-08-21 15:30:05.970] Recibido ASCII: <SOH>S00   20000-  21  <ESC>R6D<CR>
[2026-08-21 15:30:05.970] Recibido HEX: 01 53 30 30 20 20 20 32 30 30 30 30 2D 20 20 32 31 20 20 1B 52 36 44 0D
[2026-08-21 15:30:06.970] Enviado: S | HEX: 1B 53 36 45 0D
[2026-08-21 15:30:06.971] Recibido ASCII: 121FFF01   20000- 181  181FFF05   20000    0  100FFF06   20000    0  120FFF07   20000    0   20FFF08   20000    0  100FFF0A   20000    0   20FFF2A   20000    0   20FFFF3<CR>
[2026-08-21 15:30:06.971] Recibido HEX: 31 32 31 46 46 46 30 31 20 20 20 32 30 30 30 30 2D 20 31 38 31 20 20 31 38 31 46 46 46 30 35 20 20 20 32 30 30 30 30 20 20 20 20 30 20 20 31 30 30 46 46 46 30 36 20 20 20 32 30 30 30 30 20 20 20 20 30 20 20 31 32 30 46 46 46 30 37 20 20 20 32 30 30 30 30 20 20 20 20 30 20 20 20 32 30 46 46 46 30 38 20 20 20 32 30 30 30 30 20 20 20 20 30 20 20 31 30 30 46 46 46 30 41 20 20 20 32 30 30 30 30 20 20 20 20 30 20 20 20 32 30 46 46 46 32 41 20 20 20 32 30 30 30 30 20 20 20 20 30 20 20 20 32 30 46 46 46 46 33 0D
[2026-08-21 15:30:07.972] Enviado: S | HEX: 1B 53 36 45 0D
[2026-08-21 15:30:07.973] Recibido ASCII: <SOH>Q52<CR>
[2026-08-21 15:30:07.973] Recibido HEX: 01 51 35 32 0D
[2026-08-21 15:30:08.973] Enviado: Q | HEX: 1B 51 36 43 0D
[2026-08-21 15:30:08.974] Enviado: S | HEX: 1B 53 36 45 0D
[2026-08-21 15:30:08.974] Recibido ASCII: <SOH>S00   20000-  21  <ESC>R6D<CR>
[2026-08-21 15:30:08.974] Recibido HEX: 01 53 30 30 20 20 20 32 30 30 30 30 2D 20 20 32 31 20 20 1B 52 36 44 0D
[2026-08-21 15:30:09.975] Enviado: S | HEX: 1B 53 36 45 0D
[2026-08-21 15:30:09.976] Recibido ASCII: 121FFF01   20000- 181  181FFF05   20000    0  100FFF06   20000    0  120FFF07   20000    0   20FFF08   20000    0  100FFF0A   20000    0   20FFF2A   20000    0   20FFFF3<CR>
[2026-08-21 15:30:09.976] Recibido HEX: 31 32 31 46 46 46 30 31 20 20 20 32 30 30 30 30 2D 20 31 38 31 20 20 31 38 31 46 46 46 30 35 20 20 20 32 30 30 30 30 20 20 20 20 30 20 20 31 30 30 46 46 46 30 36 20 20 20 32 30 30 30 30 20 20 20 20 30 20 20 31 32 30 46 46 46 30 37 20 20 20 32 30 30 30 30 20 20 20 20 30 20 20 20 32 30 46 46 46 30 38 20 20 20 32 30 30 30 30 20 20 20 20 30 20 20 31 30 30 46 46 46 30 41 20 20 20 32 30 30 30 30 20 20 20 20 30 20 20 20 32 30 46 46 46 32 41 20 20 20 32 30 30 30 30 20 20 20 20 30 20 20 20 32 30 46 46 46 46 33 0D
[2026-08-21 15:30:10.976] Enviado: S | HEX: 1B 53 36 45 0D
[2026-08-21 15:30:10.977] Recibido ASCII: <SOH>Q52<CR>
[2026-08-21 15:30:10.977] Recibido HEX: 01 51 35 32 0D
[2026-08-21 15:30:11.978] Enviado: Q | HEX: 1B 51 36 43 0D
[2026-08-21 15:30:11.978] Enviado: S | HEX: 1B 53 36 45 0D
[2026-08-21 15:30:11.978] Recibido ASCII: <SOH>S00   20000-  21  <ESC>R6D<CR>
[2026-08-21 15:30:11.978] Recibido HEX: 01 53 30 30 20 20 20 32 30 30 30 30 2D 20 20 32 31 20 20 1B 52 36 44 0D
[2026-08-21 15:30:12.979] Enviado: S | HEX: 1B 53 36 45 0D
[2026-08-21 15:30:12.980] Recibido ASCII: 121FFF01   20000- 181  181FFF05   20000    0  100FFF06   20000    0  120FFF07   20000    0   20FFF08   20000    0  100FFF0A   20000    0   20FFF2A   20000    0   20FFFF3<CR>
[2026-08-21 15:30:12.980] Recibido HEX: 31 32 31 46 46 46 30 31 20 20 20 32 30 30 30 30 2D 20 31 38 31 20 20 31 38 31 46 46 46 30 35 20 20 20 32 30 30 30 30 20 20 20 20 30 20 20 31 30 30 46 46 46 30 36 20 20 20 32 30 30 30 30 20 20 20 20 30 20 20 31 32 30 46 46 46 30 37 20 20 20 32 30 30 30 30 20 20 20 20 30 20 20 20 32 30 46 46 46 30 38 20 20 20 32 30 30 30 30 20 20 20 20 30 20 20 31 30 30 46 46 46 30 41 20 20 20 32 30 30 30 30 20 20 20 20 30 20 20 20 32 30 46 46 46 32 41 20 20 20 32 30 30 30 30 20 20 20 20 30 20 20 20 32 30 46 46 46 46 33 0D
[2026-08-21 15:30:13.981] Enviado: S | HEX: 1B 53 36 45 0D
[2026-08-21 15:30:13.981] Recibido ASCII: <SOH>S00   20000-  21  121FFF01   20000- 181  181FFF05   20000    0  100FFF06   20000    0  120FFF07   20000    0   20FFF08   20000    0  100FFF0A   20000    0   20FFF2A   20000    0   20FFFF3<CR>
[2026-08-21 15:30:13.983] Recibido HEX: 01 53 30 30 20 20 20 32 30 30 30 30 2D 20 20 32 31 20 20 31 32 31 46 46 46 30 31 20 20 20 32 30 30 30 30 2D 20 31 38 31 20 20 31 38 31 46 46 46 30 35 20 20 20 32 30 30 30 30 20 20 20 20 30 20 20 31 30 30 46 46 46 30 36 20 20 20 32 30 30 30 30 20 20 20 20 30 20 20 31 32 30 46 46 46 30 37 20 20 20 32 30 30 30 30 20 20 20 20 30 20 20 20 32 30 46 46 46 30 38 20 20 20 32 30 30 30 30 20 20 20 20 30 20 20 31 30 30 46 46 46 30 41 20 20 20 32 30 30 30 30 20 20 20 20 30 20 20 20 32 30 46 46 46 32 41 20 20 20 32 30 30 30 30 20 20 20 20 30 20 20 20 32 30 46 46 46 46 33 0D
[2026-08-21 15:30:14.984] Enviado: S | HEX: 1B 53 36 45 0D
[2026-08-21 15:30:14.984] Recibido ASCII: <SOH>S00   20000-  21  121FFF01   20000- 181  181FFF05   20000    0  100FFF06   20000    0  120FFF07   20000    0   20FFF08   20000    0  100FFF0A   20000    0   20FFF2A   20000    0   20FFFF3<CR>
[2026-08-21 15:30:14.984] Recibido HEX: 01 53 30 30 20 20 20 32 30 30 30 30 2D 20 20 32 31 20 20 31 32 31 46 46 46 30 31 20 20 20 32 30 30 30 30 2D 20 31 38 31 20 20 31 38 31 46 46 46 30 35 20 20 20 32 30 30 30 30 20 20 20 20 30 20 20 31 30 30 46 46 46 30 36 20 20 20 32 30 30 30 30 20 20 20 20 30 20 20 31 32 30 46 46 46 30 37 20 20 20 32 30 30 30 30 20 20 20 20 30 20 20 20 32 30 46 46 46 30 38 20 20 20 32 30 30 30 30 20 20 20 20 30 20 20 31 30 30 46 46 46 30 41 20 20 20 32 30 30 30 30 20 20 20 20 30 20 20 20 32 30 46 46 46 32 41 20 20 20 32 30 30 30 30 20 20 20 20 30 20 20 20 32 30 46 46 46 46 33 0D
[2026-08-21 15:30:15.985] Enviado: S | HEX: 1B 53 36 45 0D
[2026-08-21 15:30:15.985] Recibido ASCII: <SOH>Q52<CR>
[2026-08-21 15:30:15.985] Recibido HEX: 01 51 35 32 0D
[2026-08-21 15:30:16.986] Enviado: Q | HEX: 1B 51 36 43 0D
[2026-08-21 15:30:16.986] Enviado: S | HEX: 1B 53 36 45 0D
[2026-08-21 15:30:16.987] Recibido ASCII: <SOH>S00   20000-  21  <ESC>R6D<CR>
[2026-08-21 15:30:16.987] Recibido HEX: 01 53 30 30 20 20 20 32 30 30 30 30 2D 20 20 32 31 20 20 1B 52 36 44 0D
[2026-08-21 15:30:17.988] Enviado: S | HEX: 1B 53 36 45 0D
[2026-08-21 15:30:17.988] Recibido ASCII: 121FFF01   20000- 181  181FFF05   20000    0  100FFF06   20000    0  120FFF07   20000    0   20FFF08   20000    0  100FFF0A   20000    0   20FFF2A   20000    0   20FFFF3<CR>
[2026-08-21 15:30:17.988] Recibido HEX: 31 32 31 46 46 46 30 31 20 20 20 32 30 30 30 30 2D 20 31 38 31 20 20 31 38 31 46 46 46 30 35 20 20 20 32 30 30 30 30 20 20 20 20 30 20 20 31 30 30 46 46 46 30 36 20 20 20 32 30 30 30 30 20 20 20 20 30 20 20 31 32 30 46 46 46 30 37 20 20 20 32 30 30 30 30 20 20 20 20 30 20 20 20 32 30 46 46 46 30 38 20 20 20 32 30 30 30 30 20 20 20 20 30 20 20 31 30 30 46 46 46 30 41 20 20 20 32 30 30 30 30 20 20 20 20 30 20 20 20 32 30 46 46 46 32 41 20 20 20 32 30 30 30 30 20 20 20 20 30 20 20 20 32 30 46 46 46 46 33 0D
[2026-08-21 15:30:18.989] Enviado: S | HEX: 1B 53 36 45 0D
[2026-08-21 15:30:18.990] Recibido ASCII: <SOH>S00   20000-  21  121FFF01   20000- 181  181FFF05   20000    0  100FFF06   20000    0  120FFF07   20000    0   20FFF08   20000    0  100FFF0A   20000    0   20FFF2A   20000    0   20FFFF3<CR>
[2026-08-21 15:30:18.990] Recibido HEX: 01 53 30 30 20 20 20 32 30 30 30 30 2D 20 20 32 31 20 20 31 32 31 46 46 46 30 31 20 20 20 32 30 30 30 30 2D 20 31 38 31 20 20 31 38 31 46 46 46 30 35 20 20 20 32 30 30 30 30 20 20 20 20 30 20 20 31 30 30 46 46 46 30 36 20 20 20 32 30 30 30 30 20 20 20 20 30 20 20 31 32 30 46 46 46 30 37 20 20 20 32 30 30 30 30 20 20 20 20 30 20 20 20 32 30 46 46 46 30 38 20 20 20 32 30 30 30 30 20 20 20 20 30 20 20 31 30 30 46 46 46 30 41 20 20 20 32 30 30 30 30 20 20 20 20 30 20 20 20 32 30 46 46 46 32 41 20 20 20 32 30 30 30 30 20 20 20 20 30 20 20 20 32 30 46 46 46 46 33 0D
[2026-08-21 15:30:19.991] Enviado: S | HEX: 1B 53 36 45 0D
[2026-08-21 15:30:19.991] Recibido ASCII: <SOH>S00   20000-  21  121FFF01   20000- 181  181FFF05   20000    0  100FFF06   20000    0  120FFF07   20000    0   20FFF08   20000    0  100FFF0A   20000    0   20FFF2A   20000    0   20FFFF3<CR>
[2026-08-21 15:30:19.991] Recibido HEX: 01 53 30 30 20 20 20 32 30 30 30 30 2D 20 20 32 31 20 20 31 32 31 46 46 46 30 31 20 20 20 32 30 30 30 30 2D 20 31 38 31 20 20 31 38 31 46 46 46 30 35 20 20 20 32 30 30 30 30 20 20 20 20 30 20 20 31 30 30 46 46 46 30 36 20 20 20 32 30 30 30 30 20 20 20 20 30 20 20 31 32 30 46 46 46 30 37 20 20 20 32 30 30 30 30 20 20 20 20 30 20 20 20 32 30 46 46 46 30 38 20 20 20 32 30 30 30 30 20 20 20 20 30 20 20 31 30 30 46 46 46 30 41 20 20 20 32 30 30 30 30 20 20 20 20 30 20 20 20 32 30 46 46 46 32 41 20 20 20 32 30 30 30 30 20 20 20 20 30 20 20 20 32 30 46 46 46 46 33 0D
[2026-08-21 15:30:20.992] Enviado: S | HEX: 1B 53 36 45 0D
[2026-08-21 15:30:20.993] Recibido ASCII: <SOH>Q52<CR>
[2026-08-21 15:30:20.993] Recibido HEX: 01 51 35 32 0D
[2026-08-21 15:30:21.993] Enviado: Q | HEX: 1B 51 36 43 0D
[2026-08-21 15:30:21.994] Enviado: S | HEX: 1B 53 36 45 0D
[2026-08-21 15:30:21.994] Recibido ASCII: <SOH>S00   20000-  21  <ESC>R6D<CR>
[2026-08-21 15:30:21.994] Recibido HEX: 01 53 30 30 20 20 20 32 30 30 30 30 2D 20 20 32 31 20 20 1B 52 36 44 0D
[2026-08-21 15:30:22.995] Enviado: S | HEX: 1B 53 36 45 0D
[2026-08-21 15:30:22.995] Recibido ASCII: 121FFF01   20000- 181  181FFF05   20000    0  100FFF06   20000    0  120FFF07   20000    0   20FFF08   20000    0  100FFF0A   20000    0   20FFF2A   20000    0   20FFFF3<CR>
[2026-08-21 15:30:22.996] Recibido HEX: 31 32 31 46 46 46 30 31 20 20 20 32 30 30 30 30 2D 20 31 38 31 20 20 31 38 31 46 46 46 30 35 20 20 20 32 30 30 30 30 20 20 20 20 30 20 20 31 30 30 46 46 46 30 36 20 20 20 32 30 30 30 30 20 20 20 20 30 20 20 31 32 30 46 46 46 30 37 20 20 20 32 30 30 30 30 20 20 20 20 30 20 20 20 32 30 46 46 46 30 38 20 20 20 32 30 30 30 30 20 20 20 20 30 20 20 31 30 30 46 46 46 30 41 20 20 20 32 30 30 30 30 20 20 20 20 30 20 20 20 32 30 46 46 46 32 41 20 20 20 32 30 30 30 30 20 20 20 20 30 20 20 20 32 30 46 46 46 46 33 0D
[2026-08-21 15:30:23.996] Enviado: S | HEX: 1B 53 36 45 0D
[2026-08-21 15:30:23.997] Recibido ASCII: <SOH>S00   20000-  21  121FFF01   20000- 181  181FFF05   20000    0  100FFF06   20000    0  120FFF07   20000    0   20FFF08   20000    0  100FFF0A   20000    0   20FFF2A   20000    0   20FFFF3<CR>
[2026-08-21 15:30:23.997] Recibido HEX: 01 53 30 30 20 20 20 32 30 30 30 30 2D 20 20 32 31 20 20 31 32 31 46 46 46 30 31 20 20 20 32 30 30 30 30 2D 20 31 38 31 20 20 31 38 31 46 46 46 30 35 20 20 20 32 30 30 30 30 20 20 20 20 30 20 20 31 30 30 46 46 46 30 36 20 20 20 32 30 30 30 30 20 20 20 20 30 20 20 31 32 30 46 46 46 30 37 20 20 20 32 30 30 30 30 20 20 20 20 30 20 20 20 32 30 46 46 46 30 38 20 20 20 32 30 30 30 30 20 20 20 20 30 20 20 31 30 30 46 46 46 30 41 20 20 20 32 30 30 30 30 20 20 20 20 30 20 20 20 32 30 46 46 46 32 41 20 20 20 32 30 30 30 30 20 20 20 20 30 20 20 20 32 30 46 46 46 46 33 0D
[2026-08-21 15:30:24.997] Enviado: S | HEX: 1B 53 36 45 0D
[2026-08-21 15:30:24.998] Recibido ASCII: <SOH>S00   20000-  21  121FFF01   20000- 181  181FFF05   20000    0  100FFF06   20000    0  120FFF07   20000    0   20FFF08   20000    0  100FFF0A   20000    0   20FFF2A   20000    0   20FFFF3<CR>
[2026-08-21 15:30:24.999] Recibido HEX: 01 53 30 30 20 20 20 32 30 30 30 30 2D 20 20 32 31 20 20 31 32 31 46 46 46 30 31 20 20 20 32 30 30 30 30 2D 20 31 38 31 20 20 31 38 31 46 46 46 30 35 20 20 20 32 30 30 30 30 20 20 20 20 30 20 20 31 30 30 46 46 46 30 36 20 20 20 32 30 30 30 30 20 20 20 20 30 20 20 31 32 30 46 46 46 30 37 20 20 20 32 30 30 30 30 20 20 20 20 30 20 20 20 32 30 46 46 46 30 38 20 20 20 32 30 30 30 30 20 20 20 20 30 20 20 31 30 30 46 46 46 30 41 20 20 20 32 30 30 30 30 20 20 20 20 30 20 20 20 32 30 46 46 46 32 41 20 20 20 32 30 30 30 30 20 20 20 20 30 20 20 20 32 30 46 46 46 46 33 0D
[2026-08-21 15:30:25.999] Enviado: S | HEX: 1B 53 36 45 0D
[2026-08-21 15:30:26.000] Recibido ASCII: <SOH>Q52<CR>
[2026-08-21 15:30:26.000] Recibido HEX: 01 51 35 32 0D
[2026-08-21 15:30:27.000] Enviado: Q | HEX: 1B 51 36 43 0D
[2026-08-21 15:30:27.001] Enviado: S | HEX: 1B 53 36 45 0D
[2026-08-21 15:30:27.001] Recibido ASCII: <SOH>S00   20000-  21  <ESC>R6D<CR>
[2026-08-21 15:30:27.001] Recibido HEX: 01 53 30 30 20 20 20 32 30 30 30 30 2D 20 20 32 31 20 20 1B 52 36 44 0D
[2026-08-21 15:31:35.106] Iniciando comunicación con Atlan A350 XL (8E1)...
[2026-08-21 15:31:35.112] Enviado: Q | HEX: 1B 51 36 43 0D
[2026-08-21 15:31:35.114] Recibido ASCII: <CR>
[2026-08-21 15:31:35.115] Recibido HEX: 0D
[2026-08-21 15:31:37.198] Iniciando comunicación con Atlan A350 XL (8E1)...
[2026-08-21 15:31:37.203] Enviado: Q | HEX: 1B 51 36 43 0D
[2026-08-21 15:31:37.242] Recibido ASCII: <SOH>Q52<CR>
[2026-08-21 15:31:37.243] Recibido HEX: 01 51 35 32 0D
[2026-08-21 15:31:37.247] Enviado: R | HEX: 1B 52 36 44 0D
[2026-08-21 15:31:37.352] Recibido ASCII: <SOH>R5555'A3XX'02.10:0<ESC>R6D<CR>
[2026-08-21 15:31:37.353] Recibido HEX: 01 52 35 35 35 35 27 41 33 58 58 27 30 32 2E 31 30 3A 30 1B 52 36 44 0D
[2026-08-21 15:31:37.354] Enviado: 6666'Hola'00.20:04.01 | HEX: 1B 36 36 36 36 27 48 6F 6C 61 27 30 30 2E 32 30 3A 30 34 2E 30 31 45 32 0D
[2026-08-21 15:31:37.354] Recibido ASCII: 6.00B8<CR>
[2026-08-21 15:31:37.355] Recibido HEX: 36 2E 30 30 42 38 0D
[2026-08-21 15:31:38.356] Enviado: $ | HEX: 1B 24 33 46 0D
[2026-08-21 15:31:38.357] Recibido ASCII: <SOH>637<CR>
[2026-08-21 15:31:38.357] Recibido HEX: 01 36 33 37 0D
[2026-08-21 15:31:39.358] Enviado: $ | HEX: 1B 24 33 46 0D
[2026-08-21 15:31:39.359] Recibido ASCII: <SOH>$25<CR>
[2026-08-21 15:31:39.359] Recibido HEX: 01 24 32 35 0D
[2026-08-21 15:31:40.360] Enviado: $ | HEX: 1B 24 33 46 0D
[2026-08-21 15:31:40.361] Recibido ASCII: <SOH>$25<CR>
[2026-08-21 15:31:40.361] Recibido HEX: 01 24 32 35 0D
[2026-08-21 15:31:41.362] Enviado: $ | HEX: 1B 24 33 46 0D
[2026-08-21 15:31:41.362] Recibido ASCII: <SOH>$25<CR>
[2026-08-21 15:31:41.363] Recibido HEX: 01 24 32 35 0D
[2026-08-21 15:31:42.363] Enviado: $ | HEX: 1B 24 33 46 0D
[2026-08-21 15:31:42.364] Recibido ASCII: <SOH>$25<CR>
[2026-08-21 15:31:42.365] Recibido HEX: 01 24 32 35 0D
[2026-08-21 15:31:43.366] Enviado: $ | HEX: 1B 24 33 46 0D
[2026-08-21 15:31:43.366] Recibido ASCII: <SOH>$25<CR>
[2026-08-21 15:31:43.367] Recibido HEX: 01 24 32 35 0D
[2026-08-21 15:31:44.367] Enviado: $ | HEX: 1B 24 33 46 0D
[2026-08-21 15:31:44.368] Recibido ASCII: <SOH>$25<CR>
[2026-08-21 15:31:44.368] Recibido HEX: 01 24 32 35 0D
[2026-08-21 15:31:45.369] Enviado: $ | HEX: 1B 24 33 46 0D
[2026-08-21 15:31:45.370] Recibido ASCII: <SOH>$25<CR>
[2026-08-21 15:31:45.370] Recibido HEX: 01 24 32 35 0D
[2026-08-21 15:31:46.371] Enviado: $ | HEX: 1B 24 33 46 0D
[2026-08-21 15:31:46.372] Recibido ASCII: <SOH>$25<CR>
[2026-08-21 15:31:46.372] Recibido HEX: 01 24 32 35 0D
[2026-08-21 15:34:28.627] Iniciando comunicación con Atlan A350 XL (8E1)...
[2026-08-21 15:34:28.632] Enviado: Q | HEX: 1B 51 36 43 0D
[2026-08-21 15:34:28.656] Recibido ASCII: <SOH>Q52<CR>
[2026-08-21 15:34:28.656] Recibido HEX: 01 51 35 32 0D
[2026-08-21 15:34:28.661] Enviado: R | HEX: 1B 52 36 44 0D
[2026-08-21 15:34:28.766] Recibido ASCII: <SOH>R5555'A3XX'02.10:0<ESC>R6D<CR>
[2026-08-21 15:34:28.767] Recibido HEX: 01 52 35 35 35 35 27 41 33 58 58 27 30 32 2E 31 30 3A 30 1B 52 36 44 0D
[2026-08-21 15:34:28.768] Enviado: 6666'Hola'00.20:04.01 | HEX: 1B 36 36 36 36 27 48 6F 6C 61 27 30 30 2E 32 30 3A 30 34 2E 30 31 45 32 0D
[2026-08-21 15:34:28.768] Recibido ASCII: 6.00B8<CR>
[2026-08-21 15:34:28.768] Recibido HEX: 36 2E 30 30 42 38 0D
[2026-08-21 15:34:29.769] Enviado: ' | HEX: 1B 27 34 32 0D
[2026-08-21 15:34:29.770] Recibido ASCII: <SOH>637<CR>
[2026-08-21 15:34:29.770] Recibido HEX: 01 36 33 37 0D
[2026-08-21 15:34:30.771] Enviado: ' | HEX: 1B 27 34 32 0D
[2026-08-21 15:34:30.771] Recibido ASCII: <SOH>'28<CR>
[2026-08-21 15:34:30.772] Recibido HEX: 01 27 32 38 0D
[2026-08-21 15:34:31.772] Enviado: ' | HEX: 1B 27 34 32 0D
[2026-08-21 15:34:31.773] Recibido ASCII: <SOH>'28<CR>
[2026-08-21 15:34:31.775] Recibido HEX: 01 27 32 38 0D
[2026-08-21 15:34:32.776] Enviado: ' | HEX: 1B 27 34 32 0D
[2026-08-21 15:34:32.776] Recibido ASCII: <SOH>'28<CR>
[2026-08-21 15:34:32.777] Recibido HEX: 01 27 32 38 0D
[2026-08-21 15:34:33.778] Enviado: ' | HEX: 1B 27 34 32 0D
[2026-08-21 15:34:33.778] Recibido ASCII: <SOH>'28<CR>
[2026-08-21 15:34:33.778] Recibido HEX: 01 27 32 38 0D
[2026-08-21 15:34:34.779] Enviado: ' | HEX: 1B 27 34 32 0D
[2026-08-21 15:34:34.780] Recibido ASCII: <SOH>'28<CR>
[2026-08-21 15:34:34.780] Recibido HEX: 01 27 32 38 0D
[2026-08-21 15:34:35.781] Enviado: ' | HEX: 1B 27 34 32 0D
[2026-08-21 15:34:35.781] Recibido ASCII: <SOH>'28<CR>
[2026-08-21 15:34:35.782] Recibido HEX: 01 27 32 38 0D
[2026-08-21 15:34:36.783] Enviado: ' | HEX: 1B 27 34 32 0D
[2026-08-21 15:34:36.783] Recibido ASCII: <SOH>'28<CR>
[2026-08-21 15:34:36.784] Recibido HEX: 01 27 32 38 0D
[2026-08-21 15:34:37.785] Enviado: ' | HEX: 1B 27 34 32 0D
[2026-08-21 15:34:37.786] Recibido ASCII: <SOH>'28<CR>
[2026-08-21 15:34:37.786] Recibido HEX: 01 27 32 38 0D
[2026-08-21 15:34:38.787] Enviado: ' | HEX: 1B 27 34 32 0D
[2026-08-21 15:34:38.787] Recibido ASCII: <SOH>'28<CR>
[2026-08-21 15:34:38.788] Recibido HEX: 01 27 32 38 0D
[2026-08-21 15:34:39.788] Enviado: ' | HEX: 1B 27 34 32 0D
[2026-08-21 15:34:39.789] Recibido ASCII: <SOH>'28<CR>
[2026-08-21 15:34:39.789] Recibido HEX: 01 27 32 38 0D
[2026-08-21 15:34:40.791] Enviado: ' | HEX: 1B 27 34 32 0D
[2026-08-21 15:34:40.791] Recibido ASCII: <ESC>R6D<CR>
[2026-08-21 15:34:40.792] Recibido HEX: 1B 52 36 44 0D
[2026-08-21 15:34:41.793] Enviado: 6666'Hola'00.20:04.01 | HEX: 1B 36 36 36 36 27 48 6F 6C 61 27 30 30 2E 32 30 3A 30 34 2E 30 31 45 32 0D
[2026-08-21 15:34:41.794] Enviado: ' | HEX: 1B 27 34 32 0D
[2026-08-21 15:34:41.794] Recibido ASCII: <SOH>'28<CR>
[2026-08-21 15:34:41.794] Recibido HEX: 01 27 32 38 0D
[2026-08-21 15:34:42.795] Enviado: ' | HEX: 1B 27 34 32 0D
[2026-08-21 15:34:42.795] Recibido ASCII: <SOH>'28<CR>
[2026-08-21 15:34:42.796] Recibido HEX: 01 27 32 38 0D
[2026-08-21 15:34:43.797] Enviado: ' | HEX: 1B 27 34 32 0D
[2026-08-21 15:34:43.797] Recibido ASCII: <SOH>637<CR>
[2026-08-21 15:34:43.798] Recibido HEX: 01 36 33 37 0D
[2026-08-21 15:34:44.799] Enviado: ' | HEX: 1B 27 34 32 0D
[2026-08-21 15:34:44.800] Recibido ASCII: <SOH>'28<CR>
[2026-08-21 15:34:44.800] Recibido HEX: 01 27 32 38 0D
[2026-08-21 15:34:45.801] Enviado: ' | HEX: 1B 27 34 32 0D
[2026-08-21 15:34:45.802] Recibido ASCII: <SOH>'28<CR>
[2026-08-21 15:34:45.802] Recibido HEX: 01 27 32 38 0D
[2026-08-21 15:34:46.803] Enviado: ' | HEX: 1B 27 34 32 0D
[2026-08-21 15:34:46.803] Recibido ASCII: <SOH>'28<CR>
[2026-08-21 15:34:46.804] Recibido HEX: 01 27 32 38 0D
[2026-08-21 15:34:47.805] Enviado: ' | HEX: 1B 27 34 32 0D
[2026-08-21 15:34:47.805] Recibido ASCII: <SOH>'28<CR>
[2026-08-21 15:34:47.805] Recibido HEX: 01 27 32 38 0D
[2026-08-21 15:34:48.806] Enviado: ' | HEX: 1B 27 34 32 0D
[2026-08-21 15:34:48.807] Recibido ASCII: <SOH>'28<CR>
[2026-08-21 15:34:48.807] Recibido HEX: 01 27 32 38 0D
[2026-08-21 15:34:49.808] Enviado: ' | HEX: 1B 27 34 32 0D
[2026-08-21 15:34:49.809] Recibido ASCII: <SOH>'28<CR>
[2026-08-21 15:34:49.809] Recibido HEX: 01 27 32 38 0D
[2026-08-21 15:34:50.810] Enviado: ' | HEX: 1B 27 34 32 0D
[2026-08-21 15:34:50.810] Recibido ASCII: <SOH>'28<CR>
[2026-08-21 15:34:50.811] Recibido HEX: 01 27 32 38 0D
[2026-08-21 15:34:51.812] Enviado: ' | HEX: 1B 27 34 32 0D
[2026-08-21 15:34:51.812] Recibido ASCII: <SOH>'28<CR>
[2026-08-21 15:34:51.812] Recibido HEX: 01 27 32 38 0D
[2026-08-21 15:34:52.813] Enviado: ' | HEX: 1B 27 34 32 0D
[2026-08-21 15:34:52.814] Recibido ASCII: <SOH>'28<CR>
[2026-08-21 15:34:52.814] Recibido HEX: 01 27 32 38 0D
[2026-08-21 15:34:53.816] Enviado: ' | HEX: 1B 27 34 32 0D
[2026-08-21 15:34:53.817] Recibido ASCII: <ESC>R6D<CR>
[2026-08-21 15:34:53.817] Recibido HEX: 1B 52 36 44 0D
[2026-08-21 15:34:54.818] Enviado: 6666'Hola'00.20:04.01 | HEX: 1B 36 36 36 36 27 48 6F 6C 61 27 30 30 2E 32 30 3A 30 34 2E 30 31 45 32 0D
[2026-08-21 15:34:54.819] Enviado: ' | HEX: 1B 27 34 32 0D
[2026-08-21 15:34:54.819] Recibido ASCII: <SOH>'28<CR>
[2026-08-21 15:34:54.819] Recibido HEX: 01 27 32 38 0D
[2026-08-21 15:34:55.820] Enviado: ' | HEX: 1B 27 34 32 0D
[2026-08-21 15:34:55.821] Recibido ASCII: <SOH>'28<CR>
[2026-08-21 15:34:55.821] Recibido HEX: 01 27 32 38 0D
[2026-08-21 15:34:56.822] Enviado: ' | HEX: 1B 27 34 32 0D
[2026-08-21 15:34:56.823] Recibido ASCII: <SOH>'28<CR>
[2026-08-21 15:34:56.823] Recibido HEX: 01 27 32 38 0D
[2026-08-21 15:34:57.824] Enviado: ' | HEX: 1B 27 34 32 0D
[2026-08-21 15:34:57.825] Recibido ASCII: <SOH>'28<CR>
[2026-08-21 15:34:57.825] Recibido HEX: 01 27 32 38 0D
[2026-08-21 15:34:58.826] Enviado: ' | HEX: 1B 27 34 32 0D
[2026-08-21 15:34:58.826] Recibido ASCII: <SOH>637<CR>
[2026-08-21 15:34:58.827] Recibido HEX: 01 36 33 37 0D
[2026-08-21 15:34:59.828] Enviado: ' | HEX: 1B 27 34 32 0D
[2026-08-21 15:34:59.828] Recibido ASCII: <SOH>'28<CR>
[2026-08-21 15:34:59.828] Recibido HEX: 01 27 32 38 0D
[2026-08-21 15:35:00.829] Enviado: ' | HEX: 1B 27 34 32 0D
[2026-08-21 15:35:00.830] Recibido ASCII: <SOH>'28<CR>
[2026-08-21 15:35:00.830] Recibido HEX: 01 27 32 38 0D
[2026-08-21 15:35:01.831] Enviado: ' | HEX: 1B 27 34 32 0D
[2026-08-21 15:35:01.832] Recibido ASCII: <SOH>'28<CR>
[2026-08-21 15:35:01.832] Recibido HEX: 01 27 32 38 0D
[2026-08-21 15:35:02.833] Enviado: ' | HEX: 1B 27 34 32 0D
[2026-08-21 15:35:02.833] Recibido ASCII: <SOH>'28<CR>
[2026-08-21 15:35:02.834] Recibido HEX: 01 27 32 38 0D
[2026-08-21 15:35:03.835] Enviado: ' | HEX: 1B 27 34 32 0D
[2026-08-21 15:35:03.835] Recibido ASCII: <SOH>'28<CR>
[2026-08-21 15:35:03.835] Recibido HEX: 01 27 32 38 0D
[2026-08-21 15:35:04.836] Enviado: ' | HEX: 1B 27 34 32 0D
[2026-08-21 15:35:04.837] Recibido ASCII: <SOH>'28<CR>
[2026-08-21 15:35:04.837] Recibido HEX: 01 27 32 38 0D
[2026-08-21 15:35:05.838] Enviado: ' | HEX: 1B 27 34 32 0D
[2026-08-21 15:35:05.839] Recibido ASCII: <ESC>Q6C<CR>
[2026-08-21 15:35:05.839] Recibido HEX: 1B 51 36 43 0D
[2026-08-21 15:35:06.840] Enviado: Q | HEX: 1B 51 36 43 0D
[2026-08-21 15:35:06.840] Enviado: ' | HEX: 1B 27 34 32 0D
[2026-08-21 15:35:06.840] Recibido ASCII: <SOH>.16<CR>
[2026-08-21 15:35:06.841] Recibido HEX: 01 15 31 36 0D
[2026-08-21 15:35:07.842] Enviado: Q | HEX: 1B 51 36 43 0D
[2026-08-21 15:35:07.842] Enviado: ' | HEX: 1B 27 34 32 0D
[2026-08-21 15:35:07.844] Recibido ASCII: <SOH>.16<CR>
[2026-08-21 15:35:07.845] Recibido HEX: 01 15 31 36 0D
[2026-08-21 15:35:08.845] Enviado: Q | HEX: 1B 51 36 43 0D
[2026-08-21 15:35:08.845] Enviado: ' | HEX: 1B 27 34 32 0D
[2026-08-21 15:35:08.846] Recibido ASCII: <SOH>.16<CR>
[2026-08-21 15:35:08.846] Recibido HEX: 01 15 31 36 0D
[2026-08-21 15:35:09.847] Enviado: Q | HEX: 1B 51 36 43 0D
[2026-08-21 15:35:09.847] Enviado: ' | HEX: 1B 27 34 32 0D
[2026-08-21 15:35:09.847] Recibido ASCII: <SOH>.16<CR>
[2026-08-21 15:35:09.848] Recibido HEX: 01 15 31 36 0D
[2026-08-21 15:35:10.848] Enviado: Q | HEX: 1B 51 36 43 0D
[2026-08-21 15:35:10.849] Enviado: ' | HEX: 1B 27 34 32 0D
[2026-08-21 15:35:10.849] Recibido ASCII: <SOH>.16<CR>
[2026-08-21 15:35:10.849] Recibido HEX: 01 15 31 36 0D
[2026-08-21 15:35:11.850] Enviado: Q | HEX: 1B 51 36 43 0D
[2026-08-21 15:35:11.850] Enviado: ' | HEX: 1B 27 34 32 0D
[2026-08-21 15:35:11.851] Recibido ASCII: <SOH>.16<CR>
[2026-08-21 15:35:11.851] Recibido HEX: 01 15 31 36 0D
[2026-08-21 15:35:12.852] Enviado: Q | HEX: 1B 51 36 43 0D
[2026-08-21 15:35:12.852] Enviado: ' | HEX: 1B 27 34 32 0D
[2026-08-21 15:35:12.854] Recibido ASCII: <SOH>Q52<CR>
[2026-08-21 15:35:12.854] Recibido HEX: 01 51 35 32 0D
[2026-08-21 15:35:13.855] Enviado: Q | HEX: 1B 51 36 43 0D
[2026-08-21 15:35:13.855] Enviado: ' | HEX: 1B 27 34 32 0D
[2026-08-21 15:35:13.856] Recibido ASCII: <SOH>'28<CR>
[2026-08-21 15:35:13.856] Recibido HEX: 01 27 32 38 0D
[2026-08-21 15:35:14.856] Enviado: ' | HEX: 1B 27 34 32 0D
[2026-08-21 15:35:14.857] Recibido ASCII: <ESC>R6D<CR>
[2026-08-21 15:35:14.857] Recibido HEX: 1B 52 36 44 0D
[2026-08-21 15:35:15.858] Enviado: 6666'Hola'00.20:04.01 | HEX: 1B 36 36 36 36 27 48 6F 6C 61 27 30 30 2E 32 30 3A 30 34 2E 30 31 45 32 0D
[2026-08-21 15:35:15.858] Enviado: ' | HEX: 1B 27 34 32 0D
[2026-08-21 15:35:15.859] Recibido ASCII: <SOH>Q52<CR>
[2026-08-21 15:35:15.859] Recibido HEX: 01 51 35 32 0D
[2026-08-21 15:35:16.860] Enviado: Q | HEX: 1B 51 36 43 0D
[2026-08-21 15:35:16.860] Enviado: ' | HEX: 1B 27 34 32 0D
[2026-08-21 15:35:16.861] Recibido ASCII: <SOH>'28<CR>
[2026-08-21 15:35:16.861] Recibido HEX: 01 27 32 38 0D
[2026-08-21 15:35:17.862] Enviado: ' | HEX: 1B 27 34 32 0D
[2026-08-21 15:35:17.862] Recibido ASCII: <ESC>R6D<CR>
[2026-08-21 15:35:17.864] Recibido HEX: 1B 52 36 44 0D
[2026-08-21 15:35:18.865] Enviado: 6666'Hola'00.20:04.01 | HEX: 1B 36 36 36 36 27 48 6F 6C 61 27 30 30 2E 32 30 3A 30 34 2E 30 31 45 32 0D
[2026-08-21 15:35:18.866] Enviado: ' | HEX: 1B 27 34 32 0D
[2026-08-21 15:35:18.866] Recibido ASCII: <SOH>Q52<CR>
[2026-08-21 15:35:18.866] Recibido HEX: 01 51 35 32 0D
[2026-08-21 15:35:19.867] Enviado: Q | HEX: 1B 51 36 43 0D
[2026-08-21 15:35:19.867] Enviado: ' | HEX: 1B 27 34 32 0D
[2026-08-21 15:35:19.867] Recibido ASCII: <SOH>'28<CR>
[2026-08-21 15:35:19.868] Recibido HEX: 01 27 32 38 0D
[2026-08-21 15:35:20.868] Enviado: ' | HEX: 1B 27 34 32 0D
[2026-08-21 15:35:20.869] Recibido ASCII: <ESC>R6D<CR>
[2026-08-21 15:35:20.869] Recibido HEX: 1B 52 36 44 0D
[2026-08-21 15:35:21.870] Enviado: 6666'Hola'00.20:04.01 | HEX: 1B 36 36 36 36 27 48 6F 6C 61 27 30 30 2E 32 30 3A 30 34 2E 30 31 45 32 0D
[2026-08-21 15:35:21.870] Enviado: ' | HEX: 1B 27 34 32 0D
[2026-08-21 15:35:21.870] Recibido ASCII: <SOH>Q52<CR>
[2026-08-21 15:35:21.870] Recibido HEX: 01 51 35 32 0D
[2026-08-21 15:35:22.871] Enviado: Q | HEX: 1B 51 36 43 0D
[2026-08-21 15:35:22.871] Enviado: ' | HEX: 1B 27 34 32 0D
[2026-08-21 15:35:22.872] Recibido ASCII: <SOH>'28<CR>
[2026-08-21 15:35:22.872] Recibido HEX: 01 27 32 38 0D
[2026-08-21 15:35:23.873] Enviado: ' | HEX: 1B 27 34 32 0D
[2026-08-21 15:35:23.873] Recibido ASCII: <ESC>R6D<CR>
[2026-08-21 15:35:23.873] Recibido HEX: 1B 52 36 44 0D
[2026-08-21 15:35:24.874] Enviado: 6666'Hola'00.20:04.01 | HEX: 1B 36 36 36 36 27 48 6F 6C 61 27 30 30 2E 32 30 3A 30 34 2E 30 31 45 32 0D
[2026-08-21 15:35:24.874] Enviado: ' | HEX: 1B 27 34 32 0D
[2026-08-21 15:35:24.875] Recibido ASCII: <SOH>Q52<CR>
[2026-08-21 15:35:24.875] Recibido HEX: 01 51 35 32 0D
[2026-08-21 15:35:25.876] Enviado: Q | HEX: 1B 51 36 43 0D
[2026-08-21 15:35:25.876] Enviado: ' | HEX: 1B 27 34 32 0D
[2026-08-21 15:35:25.876] Recibido ASCII: <SOH>'28<CR>
[2026-08-21 15:35:25.876] Recibido HEX: 01 27 32 38 0D
[2026-08-21 15:35:26.877] Enviado: ' | HEX: 1B 27 34 32 0D
[2026-08-21 15:35:26.878] Recibido ASCII: <ESC>R6D<CR>
[2026-08-21 15:35:26.878] Recibido HEX: 1B 52 36 44 0D
[2026-08-21 15:35:27.878] Enviado: 6666'Hola'00.20:04.01 | HEX: 1B 36 36 36 36 27 48 6F 6C 61 27 30 30 2E 32 30 3A 30 34 2E 30 31 45 32 0D
[2026-08-21 15:35:27.879] Enviado: ' | HEX: 1B 27 34 32 0D
[2026-08-21 15:35:27.879] Recibido ASCII: <SOH>Q52<CR>
[2026-08-21 15:35:27.879] Recibido HEX: 01 51 35 32 0D
[2026-08-21 15:35:28.881] Enviado: Q | HEX: 1B 51 36 43 0D
[2026-08-21 15:35:28.881] Enviado: ' | HEX: 1B 27 34 32 0D
[2026-08-21 15:35:28.882] Recibido ASCII: <SOH>'28<CR>
[2026-08-21 15:35:28.882] Recibido HEX: 01 27 32 38 0D
[2026-08-21 15:35:29.882] Enviado: ' | HEX: 1B 27 34 32 0D
[2026-08-21 15:35:29.883] Recibido ASCII: <ESC>R6D<CR>
[2026-08-21 15:35:29.883] Recibido HEX: 1B 52 36 44 0D
[2026-08-21 15:37:01.268] Iniciando comunicación con Atlan A350 XL (8E1)...
[2026-08-21 15:37:01.274] Enviado: Q | HEX: 1B 51 36 43 0D
[2026-08-21 15:37:01.363] Recibido ASCII: <SOH>Q52<CR>
[2026-08-21 15:37:01.364] Recibido HEX: 01 51 35 32 0D
[2026-08-21 15:37:01.368] Enviado: R | HEX: 1B 52 36 44 0D
[2026-08-21 15:37:01.474] Recibido ASCII: <SOH>R5555'A3XX'02.10:0<ESC>R6D<CR>
[2026-08-21 15:37:01.475] Recibido HEX: 01 52 35 35 35 35 27 41 33 58 58 27 30 32 2E 31 30 3A 30 1B 52 36 44 0D
[2026-08-21 15:37:01.475] Enviado: 6666'Hola'00.20:04.01 | HEX: 1B 36 36 36 36 27 48 6F 6C 61 27 30 30 2E 32 30 3A 30 34 2E 30 31 45 32 0D
[2026-08-21 15:37:01.475] Recibido ASCII: 6.00B8<CR>
[2026-08-21 15:37:01.476] Recibido HEX: 36 2E 30 30 42 38 0D
[2026-08-21 15:37:02.477] Enviado: * | HEX: 1B 2A 34 35 0D
[2026-08-21 15:37:02.478] Recibido ASCII: <SOH>637<CR>
[2026-08-21 15:37:02.478] Recibido HEX: 01 36 33 37 0D
[2026-08-21 15:37:03.479] Enviado: * | HEX: 1B 2A 34 35 0D
[2026-08-21 15:37:03.480] Recibido ASCII: <SOH>*2B<CR>
[2026-08-21 15:37:03.480] Recibido HEX: 01 2A 32 42 0D
[2026-08-21 15:37:04.481] Enviado: * | HEX: 1B 2A 34 35 0D
[2026-08-21 15:37:04.482] Recibido ASCII: <SOH>*2B<CR>
[2026-08-21 15:37:04.482] Recibido HEX: 01 2A 32 42 0D
[2026-08-21 15:37:05.483] Enviado: * | HEX: 1B 2A 34 35 0D
[2026-08-21 15:37:05.484] Recibido ASCII: <SOH>*2B<CR>
[2026-08-21 15:37:05.484] Recibido HEX: 01 2A 32 42 0D
[2026-08-21 15:37:06.485] Enviado: * | HEX: 1B 2A 34 35 0D
[2026-08-21 15:37:06.486] Recibido ASCII: <SOH>*2B<CR>
[2026-08-21 15:37:06.486] Recibido HEX: 01 2A 32 42 0D
[2026-08-21 15:37:07.487] Enviado: * | HEX: 1B 2A 34 35 0D
[2026-08-21 15:37:07.487] Recibido ASCII: <SOH>*2B<CR>
[2026-08-21 15:37:07.489] Recibido HEX: 01 2A 32 42 0D
[2026-08-21 15:37:08.491] Enviado: * | HEX: 1B 2A 34 35 0D
[2026-08-21 15:37:08.491] Recibido ASCII: <SOH>*2B<CR>
[2026-08-21 15:37:08.491] Recibido HEX: 01 2A 32 42 0D
[2026-08-21 15:37:09.492] Enviado: * | HEX: 1B 2A 34 35 0D
[2026-08-21 15:37:09.493] Recibido ASCII: <SOH>*2B<CR>
[2026-08-21 15:37:09.493] Recibido HEX: 01 2A 32 42 0D
[2026-08-21 15:37:10.494] Enviado: * | HEX: 1B 2A 34 35 0D
[2026-08-21 15:37:10.495] Recibido ASCII: <SOH>*2B<CR>
[2026-08-21 15:37:10.495] Recibido HEX: 01 2A 32 42 0D
[2026-08-21 15:37:11.497] Enviado: * | HEX: 1B 2A 34 35 0D
[2026-08-21 15:37:11.497] Recibido ASCII: <SOH>*2B<CR>
[2026-08-21 15:37:11.497] Recibido HEX: 01 2A 32 42 0D
[2026-08-21 15:37:12.499] Enviado: * | HEX: 1B 2A 34 35 0D
[2026-08-21 15:37:12.499] Recibido ASCII: <SOH>*2B<CR>
[2026-08-21 15:37:12.501] Recibido HEX: 01 2A 32 42 0D
[2026-08-21 15:37:13.503] Enviado: * | HEX: 1B 2A 34 35 0D
[2026-08-21 15:37:13.503] Recibido ASCII: <ESC>R6D<CR>
[2026-08-21 15:37:13.503] Recibido HEX: 1B 52 36 44 0D
[2026-08-21 15:37:14.505] Enviado: 6666'Hola'00.20:04.01 | HEX: 1B 36 36 36 36 27 48 6F 6C 61 27 30 30 2E 32 30 3A 30 34 2E 30 31 45 32 0D
[2026-08-21 15:37:14.505] Enviado: * | HEX: 1B 2A 34 35 0D
[2026-08-21 15:37:14.506] Recibido ASCII: <SOH>*2B<CR>
[2026-08-21 15:37:14.506] Recibido HEX: 01 2A 32 42 0D
[2026-08-21 15:37:15.507] Enviado: * | HEX: 1B 2A 34 35 0D
[2026-08-21 15:37:15.508] Recibido ASCII: <SOH>*2B<CR>
[2026-08-21 15:37:15.508] Recibido HEX: 01 2A 32 42 0D
[2026-08-21 15:37:16.509] Enviado: * | HEX: 1B 2A 34 35 0D
[2026-08-21 15:37:16.509] Recibido ASCII: <SOH>637<CR>
[2026-08-21 15:37:16.510] Recibido HEX: 01 36 33 37 0D
[2026-08-21 15:37:17.511] Enviado: * | HEX: 1B 2A 34 35 0D
[2026-08-21 15:37:17.511] Recibido ASCII: <SOH>*2B<CR>
[2026-08-21 15:37:17.513] Recibido HEX: 01 2A 32 42 0D
[2026-08-21 15:37:18.515] Enviado: * | HEX: 1B 2A 34 35 0D
[2026-08-21 15:37:18.515] Recibido ASCII: <SOH>*2B<CR>
[2026-08-21 15:37:18.515] Recibido HEX: 01 2A 32 42 0D
[2026-08-21 15:40:50.033] Iniciando comunicación con Atlan A350 XL (8E1)...
[2026-08-21 15:40:50.038] Enviado: Q | HEX: 1B 51 36 43 0D
[2026-08-21 15:40:50.040] Recibido ASCII: <CR>
[2026-08-21 15:40:50.041] Recibido HEX: 0D
[2026-08-21 15:40:52.310] Iniciando comunicación con Atlan A350 XL (8E1)...
[2026-08-21 15:40:52.315] Enviado: Q | HEX: 1B 51 36 43 0D
[2026-08-21 15:40:52.372] Recibido ASCII: <SOH>Q52<CR>
[2026-08-21 15:40:52.373] Recibido HEX: 01 51 35 32 0D
[2026-08-21 15:40:52.378] Enviado: R | HEX: 1B 52 36 44 0D
[2026-08-21 15:40:52.482] Recibido ASCII: <SOH>R5555'A3XX'02.10:0<ESC>R6D<CR>
[2026-08-21 15:40:52.483] Recibido HEX: 01 52 35 35 35 35 27 41 33 58 58 27 30 32 2E 31 30 3A 30 1B 52 36 44 0D
[2026-08-21 15:40:52.484] Enviado: 6666'Hola'00.20:04.01 | HEX: 1B 36 36 36 36 27 48 6F 6C 61 27 30 30 2E 32 30 3A 30 34 2E 30 31 45 32 0D
[2026-08-21 15:40:52.484] Recibido ASCII: 6.00B8<CR>
[2026-08-21 15:40:52.484] Recibido HEX: 36 2E 30 30 42 38 0D
[2026-08-21 15:40:53.486] Enviado:  | HEX: 1B 01 31 43 0D
[2026-08-21 15:40:53.486] Recibido ASCII: <SOH>637<CR>
[2026-08-21 15:40:53.489] Recibido HEX: 01 36 33 37 0D
[2026-08-21 15:40:54.490] Enviado:  | HEX: 1B 02 31 44 0D
[2026-08-21 15:40:54.491] Recibido ASCII: <ESC>R6D<CR>
[2026-08-21 15:40:54.491] Recibido HEX: 1B 52 36 44 0D
[2026-08-21 15:40:55.492] Enviado: 6666'Hola'00.20:04.01 | HEX: 1B 36 36 36 36 27 48 6F 6C 61 27 30 30 2E 32 30 3A 30 34 2E 30 31 45 32 0D
[2026-08-21 15:40:55.493] Enviado:  | HEX: 1B 03 31 45 0D
[2026-08-21 15:40:55.493] Recibido ASCII: <SOH>.03<CR>
[2026-08-21 15:40:55.494] Recibido HEX: 01 02 30 33 0D
[2026-08-21 15:40:56.495] Enviado:  | HEX: 1B 04 31 46 0D
[2026-08-21 15:40:56.495] Recibido ASCII: <SOH>637<CR>
[2026-08-21 15:40:56.495] Recibido HEX: 01 36 33 37 0D
[2026-08-21 15:40:57.497] Enviado:  | HEX: 1B 05 32 30 0D
[2026-08-21 15:40:57.497] Recibido ASCII: <SOH>.04<CR>
[2026-08-21 15:40:57.497] Recibido HEX: 01 03 30 34 0D
[2026-08-21 15:40:58.498] Enviado:  | HEX: 1B 06 32 31 0D
[2026-08-21 15:40:58.499] Recibido ASCII: <SOH>.05<CR>
[2026-08-21 15:40:58.499] Recibido HEX: 01 04 30 35 0D
[2026-08-21 15:40:59.501] Enviado:  | HEX: 1B 07 32 32 0D
[2026-08-21 15:40:59.502] Recibido ASCII: <SOH>.06<CR>
[2026-08-21 15:40:59.502] Recibido HEX: 01 05 30 36 0D
[2026-08-21 15:41:00.503] Enviado:  | HEX: 1B 08 32 33 0D
[2026-08-21 15:41:00.503] Recibido ASCII: <SOH>.07<CR>
[2026-08-21 15:41:00.504] Recibido HEX: 01 06 30 37 0D
[2026-08-21 15:41:01.505] Enviado: 	 | HEX: 1B 09 32 34 0D
[2026-08-21 15:41:01.505] Recibido ASCII: <SOH>.08<CR>
[2026-08-21 15:41:01.506] Recibido HEX: 01 07 30 38 0D
[2026-08-21 15:41:02.507] Enviado: 
 | HEX: 1B 0A 32 35 0D
[2026-08-21 15:41:02.507] Recibido ASCII: <SOH>.09<CR>
[2026-08-21 15:41:02.508] Recibido HEX: 01 08 30 39 0D
[2026-08-21 15:41:03.509] Enviado:  | HEX: 1B 0B 32 36 0D
[2026-08-21 15:41:03.509] Recibido ASCII: <SOH>.0A<CR>
[2026-08-21 15:41:03.510] Recibido HEX: 01 09 30 41 0D
[2026-08-21 15:41:04.511] Enviado:  | HEX: 1B 0C 32 37 0D
[2026-08-21 15:41:04.511] Recibido ASCII: <SOH>.0B<CR>
[2026-08-21 15:41:04.512] Recibido HEX: 01 0A 30 42 0D
[2026-08-21 15:41:05.513] Enviado: 
 | HEX: 1B 0D 32 38 0D
[2026-08-21 15:41:05.513] Recibido ASCII: <SOH>.0C<CR>
[2026-08-21 15:41:05.513] Recibido HEX: 01 0B 30 43 0D
[2026-08-21 15:41:06.515] Enviado:  | HEX: 1B 0E 32 39 0D
[2026-08-21 15:41:06.515] Recibido ASCII: <ESC>R6D<CR>
[2026-08-21 15:41:06.515] Recibido HEX: 1B 52 36 44 0D
[2026-08-21 15:41:07.517] Enviado: 6666'Hola'00.20:04.01 | HEX: 1B 36 36 36 36 27 48 6F 6C 61 27 30 30 2E 32 30 3A 30 34 2E 30 31 45 32 0D
[2026-08-21 15:41:07.517] Enviado:  | HEX: 1B 0F 32 41 0D
[2026-08-21 15:41:07.519] Recibido ASCII: <SOH>.0D<CR>
[2026-08-21 15:41:07.519] Recibido HEX: 01 0C 30 44 0D
[2026-08-21 15:41:08.520] Enviado:  | HEX: 1B 10 32 42 0D
[2026-08-21 15:41:08.521] Recibido ASCII: <SOH>.16<CR>
[2026-08-21 15:41:08.521] Recibido HEX: 01 15 31 36 0D
[2026-08-21 15:41:09.522] Enviado: Q | HEX: 1B 51 36 43 0D
[2026-08-21 15:41:09.523] Enviado:  | HEX: 1B 11 32 43 0D
[2026-08-21 15:41:09.523] Recibido ASCII: <ESC>Q6C<CR>
[2026-08-21 15:41:09.523] Recibido HEX: 1B 51 36 43 0D
[2026-08-21 15:41:10.524] Enviado: Q | HEX: 1B 51 36 43 0D
[2026-08-21 15:41:10.525] Enviado:  | HEX: 1B 12 32 44 0D
[2026-08-21 15:41:10.525] Recibido ASCII: <SOH>.16<CR>
[2026-08-21 15:41:10.525] Recibido HEX: 01 15 31 36 0D
[2026-08-21 15:41:11.526] Enviado: Q | HEX: 1B 51 36 43 0D
[2026-08-21 15:41:11.527] Enviado:  | HEX: 1B 13 32 45 0D
[2026-08-21 15:41:11.527] Recibido ASCII: <SOH>.16<CR>
[2026-08-21 15:41:11.527] Recibido HEX: 01 15 31 36 0D
[2026-08-21 15:41:12.528] Enviado: Q | HEX: 1B 51 36 43 0D
[2026-08-21 15:41:12.529] Enviado:  | HEX: 1B 14 32 46 0D
[2026-08-21 15:41:12.529] Recibido ASCII: <SOH>.16<CR>
[2026-08-21 15:41:12.529] Recibido HEX: 01 15 31 36 0D
[2026-08-21 15:41:13.531] Enviado: Q | HEX: 1B 51 36 43 0D
[2026-08-21 15:41:13.531] Enviado:  | HEX: 1B 15 33 30 0D
[2026-08-21 15:41:13.532] Recibido ASCII: <SOH>.16<CR>
[2026-08-21 15:41:13.532] Recibido HEX: 01 15 31 36 0D
[2026-08-21 15:41:14.533] Enviado: Q | HEX: 1B 51 36 43 0D
[2026-08-21 15:41:14.534] Enviado:  | HEX: 1B 16 33 31 0D
[2026-08-21 15:41:14.534] Recibido ASCII: <SOH>Q52<CR>
[2026-08-21 15:41:14.534] Recibido HEX: 01 51 35 32 0D
[2026-08-21 15:41:15.535] Enviado: Q | HEX: 1B 51 36 43 0D
[2026-08-21 15:41:15.536] Enviado:  | HEX: 1B 17 33 32 0D
[2026-08-21 15:41:15.536] Recibido ASCII: <SOH>Q52<CR>
[2026-08-21 15:41:15.537] Recibido HEX: 01 51 35 32 0D
[2026-08-21 15:41:16.538] Enviado: Q | HEX: 1B 51 36 43 0D
[2026-08-21 15:41:16.538] Enviado:  | HEX: 1B 18 33 33 0D
[2026-08-21 15:41:16.538] Recibido ASCII: <SOH>.13<CR>
[2026-08-21 15:41:16.539] Recibido HEX: 01 12 31 33 0D
[2026-08-21 15:41:17.540] Enviado:  | HEX: 1B 19 33 34 0D
[2026-08-21 15:41:17.540] Recibido ASCII: <ESC>R6D<CR>
[2026-08-21 15:41:17.540] Recibido HEX: 1B 52 36 44 0D
[2026-08-21 15:41:18.542] Enviado: 6666'Hola'00.20:04.01 | HEX: 1B 36 36 36 36 27 48 6F 6C 61 27 30 30 2E 32 30 3A 30 34 2E 30 31 45 32 0D
[2026-08-21 15:41:18.542] Enviado:  | HEX: 1B 1A 33 35 0D
[2026-08-21 15:41:18.542] Recibido ASCII: <SOH>Q52<CR>
[2026-08-21 15:41:18.543] Recibido HEX: 01 51 35 32 0D
[2026-08-21 15:41:19.544] Enviado: Q | HEX: 1B 51 36 43 0D
[2026-08-21 15:41:19.544] Enviado:  | HEX: 1B 1B 33 36 0D
[2026-08-21 15:41:19.544] Recibido ASCII: <SOH>.16<CR>
[2026-08-21 15:41:19.544] Recibido HEX: 01 15 31 36 0D
[2026-08-21 15:41:20.545] Enviado: Q | HEX: 1B 51 36 43 0D
[2026-08-21 15:41:20.546] Enviado:  | HEX: 1B 1C 33 37 0D
[2026-08-21 15:41:20.546] Recibido ASCII: <ESC>R6D<CR>
[2026-08-21 15:41:20.547] Recibido HEX: 1B 52 36 44 0D
[2026-08-21 15:41:21.548] Enviado: 6666'Hola'00.20:04.01 | HEX: 1B 36 36 36 36 27 48 6F 6C 61 27 30 30 2E 32 30 3A 30 34 2E 30 31 45 32 0D
[2026-08-21 15:41:21.548] Enviado:  | HEX: 1B 1D 33 38 0D
[2026-08-21 15:41:21.548] Recibido ASCII: <SOH>Q52<CR>
[2026-08-21 15:41:21.549] Recibido HEX: 01 51 35 32 0D
[2026-08-21 15:41:22.550] Enviado: Q | HEX: 1B 51 36 43 0D
[2026-08-21 15:41:22.550] Enviado:  | HEX: 1B 1E 33 39 0D
[2026-08-21 15:41:22.550] Recibido ASCII: <SOH>.15<CR>
[2026-08-21 15:41:22.551] Recibido HEX: 01 14 31 35 0D
[2026-08-21 15:41:23.552] Enviado:  | HEX: 1B 1F 33 41 0D
[2026-08-21 15:41:23.552] Recibido ASCII: <ESC>R6D<CR>
[2026-08-21 15:41:23.552] Recibido HEX: 1B 52 36 44 0D
[2026-08-21 15:41:24.554] Enviado: 6666'Hola'00.20:04.01 | HEX: 1B 36 36 36 36 27 48 6F 6C 61 27 30 30 2E 32 30 3A 30 34 2E 30 31 45 32 0D
[2026-08-21 15:41:24.554] Enviado:   | HEX: 1B 20 33 42 0D
[2026-08-21 15:41:24.554] Recibido ASCII: <SOH>Q52<CR>
[2026-08-21 15:41:24.554] Recibido HEX: 01 51 35 32 0D
[2026-08-21 15:41:25.555] Enviado: Q | HEX: 1B 51 36 43 0D
[2026-08-21 15:41:25.556] Enviado: ! | HEX: 1B 21 33 43 0D
[2026-08-21 15:41:25.556] Recibido ASCII: <SOH>.16<CR>
[2026-08-21 15:41:25.556] Recibido HEX: 01 15 31 36 0D
[2026-08-21 15:41:26.557] Enviado: Q | HEX: 1B 51 36 43 0D
[2026-08-21 15:41:26.558] Enviado: " | HEX: 1B 22 33 44 0D
[2026-08-21 15:41:26.558] Recibido ASCII: <ESC>R6D<CR>
[2026-08-21 15:41:26.558] Recibido HEX: 1B 52 36 44 0D
[2026-08-21 15:41:27.559] Enviado: 6666'Hola'00.20:04.01 | HEX: 1B 36 36 36 36 27 48 6F 6C 61 27 30 30 2E 32 30 3A 30 34 2E 30 31 45 32 0D
[2026-08-21 15:41:27.560] Enviado: # | HEX: 1B 23 33 45 0D
[2026-08-21 15:41:27.562] Recibido ASCII: <SOH>Q52<CR>
[2026-08-21 15:41:27.562] Recibido HEX: 01 51 35 32 0D
[2026-08-21 15:41:28.563] Enviado: Q | HEX: 1B 51 36 43 0D
[2026-08-21 15:41:28.564] Enviado: $ | HEX: 1B 24 33 46 0D
[2026-08-21 15:41:28.564] Recibido ASCII: <SOH>.17<CR>
[2026-08-21 15:41:28.564] Recibido HEX: 01 16 31 37 0D
[2026-08-21 15:41:29.565] Enviado: % | HEX: 1B 25 34 30 0D
[2026-08-21 15:41:29.566] Recibido ASCII: <ESC>R6D<CR>
[2026-08-21 15:41:29.566] Recibido HEX: 1B 52 36 44 0D
[2026-08-21 15:41:30.567] Enviado: 6666'Hola'00.20:04.01 | HEX: 1B 36 36 36 36 27 48 6F 6C 61 27 30 30 2E 32 30 3A 30 34 2E 30 31 45 32 0D
[2026-08-21 15:41:30.567] Enviado: & | HEX: 1B 26 34 31 0D
[2026-08-21 15:41:30.567] Recibido ASCII: <SOH>Q52<CR>
[2026-08-21 15:41:30.568] Recibido HEX: 01 51 35 32 0D
[2026-08-21 15:41:31.568] Enviado: Q | HEX: 1B 51 36 43 0D
[2026-08-21 15:41:31.569] Enviado: ' | HEX: 1B 27 34 32 0D
[2026-08-21 15:41:31.569] Recibido ASCII: <SOH>.18<CR>
[2026-08-21 15:41:31.569] Recibido HEX: 01 17 31 38 0D
[2026-08-21 15:41:32.570] Enviado: ( | HEX: 1B 28 34 33 0D
[2026-08-21 15:41:32.571] Recibido ASCII: <ESC>R6D<CR>
[2026-08-21 15:41:32.571] Recibido HEX: 1B 52 36 44 0D
[2026-08-21 15:41:33.574] Enviado: 6666'Hola'00.20:04.01 | HEX: 1B 36 36 36 36 27 48 6F 6C 61 27 30 30 2E 32 30 3A 30 34 2E 30 31 45 32 0D
[2026-08-21 15:41:33.574] Enviado: ) | HEX: 1B 29 34 34 0D
[2026-08-21 15:41:33.574] Recibido ASCII: <SOH>Q52<CR>
[2026-08-21 15:41:33.574] Recibido HEX: 01 51 35 32 0D
[2026-08-21 15:41:34.575] Enviado: Q | HEX: 1B 51 36 43 0D
[2026-08-21 15:41:34.575] Enviado: * | HEX: 1B 2A 34 35 0D
[2026-08-21 15:41:34.576] Recibido ASCII: <SOH>.16<CR>
[2026-08-21 15:41:34.576] Recibido HEX: 01 15 31 36 0D
[2026-08-21 15:41:35.576] Enviado: Q | HEX: 1B 51 36 43 0D
[2026-08-21 15:41:35.577] Enviado: + | HEX: 1B 2B 34 36 0D
[2026-08-21 15:41:35.577] Recibido ASCII: <ESC>R6D<CR>
[2026-08-21 15:41:35.577] Recibido HEX: 1B 52 36 44 0D
[2026-08-21 15:41:36.578] Enviado: 6666'Hola'00.20:04.01 | HEX: 1B 36 36 36 36 27 48 6F 6C 61 27 30 30 2E 32 30 3A 30 34 2E 30 31 45 32 0D
[2026-08-21 15:41:36.578] Enviado: , | HEX: 1B 2C 34 37 0D
[2026-08-21 15:41:36.579] Recibido ASCII: <SOH>.1A<CR>
[2026-08-21 15:41:36.579] Recibido HEX: 01 19 31 41 0D
[2026-08-21 15:41:37.580] Enviado: - | HEX: 1B 2D 34 38 0D
[2026-08-21 15:41:37.580] Recibido ASCII: <SOH>637<CR>
[2026-08-21 15:41:37.582] Recibido HEX: 01 36 33 37 0D
[2026-08-21 15:41:38.583] Enviado: . | HEX: 1B 2E 34 39 0D
[2026-08-21 15:41:38.583] Recibido ASCII: <SOH>.1B<CR>
[2026-08-21 15:41:38.584] Recibido HEX: 01 1A 31 42 0D
[2026-08-21 15:41:39.584] Enviado: / | HEX: 1B 2F 34 41 0D
[2026-08-21 15:41:39.585] Recibido ASCII: <SOH>Q52<CR>
[2026-08-21 15:41:39.585] Recibido HEX: 01 51 35 32 0D
[2026-08-21 15:41:40.586] Enviado: Q | HEX: 1B 51 36 43 0D
[2026-08-21 15:41:40.587] Enviado: 0 | HEX: 1B 30 34 42 0D
[2026-08-21 15:41:40.587] Recibido ASCII: <SOH>.16<CR>
[2026-08-21 15:41:40.587] Recibido HEX: 01 15 31 36 0D
[2026-08-21 15:41:41.588] Enviado: Q | HEX: 1B 51 36 43 0D
[2026-08-21 15:41:41.588] Enviado: 1 | HEX: 1B 31 34 43 0D
[2026-08-21 15:41:41.589] Recibido ASCII: <ESC>R6D<CR>
[2026-08-21 15:41:41.589] Recibido HEX: 1B 52 36 44 0D
[2026-08-21 15:41:42.590] Enviado: 6666'Hola'00.20:04.01 | HEX: 1B 36 36 36 36 27 48 6F 6C 61 27 30 30 2E 32 30 3A 30 34 2E 30 31 45 32 0D
[2026-08-21 15:41:42.590] Enviado: 2 | HEX: 1B 32 34 44 0D
[2026-08-21 15:41:42.590] Recibido ASCII: <SOH>Q52<CR>
[2026-08-21 15:41:42.590] Recibido HEX: 01 51 35 32 0D
[2026-08-21 15:41:43.591] Enviado: Q | HEX: 1B 51 36 43 0D
[2026-08-21 15:41:43.591] Enviado: 3 | HEX: 1B 33 34 45 0D
[2026-08-21 15:41:43.592] Recibido ASCII: <SOH>.1D<CR>
[2026-08-21 15:41:43.592] Recibido HEX: 01 1C 31 44 0D
[2026-08-21 15:41:44.593] Enviado: 4 | HEX: 1B 34 34 46 0D
[2026-08-21 15:41:44.593] Recibido ASCII: <ESC>R6D<CR>
[2026-08-21 15:41:44.593] Recibido HEX: 1B 52 36 44 0D
[2026-08-21 15:41:45.594] Enviado: 6666'Hola'00.20:04.01 | HEX: 1B 36 36 36 36 27 48 6F 6C 61 27 30 30 2E 32 30 3A 30 34 2E 30 31 45 32 0D
[2026-08-21 15:41:45.594] Enviado: 5 | HEX: 1B 35 35 30 0D
[2026-08-21 15:41:45.595] Recibido ASCII: <SOH>637<CR>
[2026-08-21 15:41:45.595] Recibido HEX: 01 36 33 37 0D
[2026-08-21 15:41:46.596] Enviado: 6 | HEX: 1B 36 35 31 0D
[2026-08-21 15:41:46.596] Recibido ASCII: <SOH>.1E<CR>
[2026-08-21 15:41:46.596] Recibido HEX: 01 1D 31 45 0D
[2026-08-21 15:41:47.597] Enviado: 7 | HEX: 1B 37 35 32 0D
[2026-08-21 15:41:47.597] Recibido ASCII: <SOH>Q52<CR>
[2026-08-21 15:41:47.599] Recibido HEX: 01 51 35 32 0D
[2026-08-21 15:41:48.600] Enviado: Q | HEX: 1B 51 36 43 0D
[2026-08-21 15:41:48.601] Enviado: 8 | HEX: 1B 38 35 33 0D
[2026-08-21 15:41:48.601] Recibido ASCII: <SOH>.1F<CR>
[2026-08-21 15:41:48.601] Recibido HEX: 01 1E 31 46 0D
[2026-08-21 15:41:49.602] Enviado: 9 | HEX: 1B 39 35 34 0D
[2026-08-21 15:41:49.602] Recibido ASCII: <ESC>R6D<CR>
[2026-08-21 15:41:49.602] Recibido HEX: 1B 52 36 44 0D
[2026-08-21 15:41:50.603] Enviado: 6666'Hola'00.20:04.01 | HEX: 1B 36 36 36 36 27 48 6F 6C 61 27 30 30 2E 32 30 3A 30 34 2E 30 31 45 32 0D
[2026-08-21 15:41:50.604] Enviado: : | HEX: 1B 3A 35 35 0D
[2026-08-21 15:41:50.604] Recibido ASCII: <SOH>.20<CR>
[2026-08-21 15:41:50.604] Recibido HEX: 01 1F 32 30 0D
[2026-08-21 15:41:51.605] Enviado: ; | HEX: 1B 3B 35 36 0D
[2026-08-21 15:41:51.606] Recibido ASCII: <SOH>637<CR>
[2026-08-21 15:41:51.606] Recibido HEX: 01 36 33 37 0D
[2026-08-21 15:41:52.607] Enviado: < | HEX: 1B 3C 35 37 0D
[2026-08-21 15:41:52.607] Recibido ASCII: <SOH> 21<CR>
[2026-08-21 15:41:52.608] Recibido HEX: 01 20 32 31 0D
[2026-08-21 15:41:53.609] Enviado: = | HEX: 1B 3D 35 38 0D
[2026-08-21 15:41:53.610] Recibido ASCII: <SOH>Q52<CR>
[2026-08-21 15:41:53.610] Recibido HEX: 01 51 35 32 0D
[2026-08-21 15:41:54.611] Enviado: Q | HEX: 1B 51 36 43 0D
[2026-08-21 15:41:54.611] Enviado: > | HEX: 1B 3E 35 39 0D
[2026-08-21 15:41:54.611] Recibido ASCII: <SOH>!22<CR>
[2026-08-21 15:41:54.611] Recibido HEX: 01 21 32 32 0D
[2026-08-21 15:41:55.612] Enviado: ? | HEX: 1B 3F 35 41 0D
[2026-08-21 15:41:55.612] Recibido ASCII: <ESC>R6D<CR>
[2026-08-21 15:41:55.612] Recibido HEX: 1B 52 36 44 0D
[2026-08-21 15:41:56.613] Enviado: 6666'Hola'00.20:04.01 | HEX: 1B 36 36 36 36 27 48 6F 6C 61 27 30 30 2E 32 30 3A 30 34 2E 30 31 45 32 0D
[2026-08-21 15:41:56.613] Enviado: @ | HEX: 1B 40 35 42 0D
[2026-08-21 15:41:56.614] Recibido ASCII: <SOH>Q52<CR>
[2026-08-21 15:41:56.614] Recibido HEX: 01 51 35 32 0D
[2026-08-21 15:41:57.614] Enviado: Q | HEX: 1B 51 36 43 0D
[2026-08-21 15:41:57.615] Enviado: A | HEX: 1B 41 35 43 0D
[2026-08-21 15:41:57.616] Recibido ASCII: <SOH>"23<CR>
[2026-08-21 15:41:57.616] Recibido HEX: 01 22 32 33 0D
[2026-08-21 15:41:58.617] Enviado: B | HEX: 1B 42 35 44 0D
[2026-08-21 15:41:58.618] Recibido ASCII: <ESC>R6D<CR>
[2026-08-21 15:41:58.618] Recibido HEX: 1B 52 36 44 0D
[2026-08-21 15:41:59.619] Enviado: 6666'Hola'00.20:04.01 | HEX: 1B 36 36 36 36 27 48 6F 6C 61 27 30 30 2E 32 30 3A 30 34 2E 30 31 45 32 0D
[2026-08-21 15:41:59.619] Enviado: C | HEX: 1B 43 35 45 0D
[2026-08-21 15:41:59.619] Recibido ASCII: <SOH>637<CR>
[2026-08-21 15:41:59.619] Recibido HEX: 01 36 33 37 0D
[2026-08-21 15:42:00.620] Enviado: D | HEX: 1B 44 35 46 0D
[2026-08-21 15:42:00.621] Recibido ASCII: <SOH>#24<CR>
[2026-08-21 15:42:00.621] Recibido HEX: 01 23 32 34 0D
[2026-08-21 15:42:01.622] Enviado: E | HEX: 1B 45 36 30 0D
[2026-08-21 15:42:01.622] Recibido ASCII: <SOH>Q52<CR>
[2026-08-21 15:42:01.622] Recibido HEX: 01 51 35 32 0D
[2026-08-21 15:42:02.623] Enviado: Q | HEX: 1B 51 36 43 0D
[2026-08-21 15:42:02.623] Enviado: F | HEX: 1B 46 36 31 0D
[2026-08-21 15:42:02.624] Recibido ASCII: <SOH>$25<CR>
[2026-08-21 15:42:02.624] Recibido HEX: 01 24 32 35 0D
[2026-08-21 15:42:03.625] Enviado: G | HEX: 1B 47 36 32 0D
[2026-08-21 15:42:03.625] Recibido ASCII: <ESC>R6D<CR>
[2026-08-21 15:42:03.625] Recibido HEX: 1B 52 36 44 0D
[2026-08-21 15:42:04.626] Enviado: 6666'Hola'00.20:04.01 | HEX: 1B 36 36 36 36 27 48 6F 6C 61 27 30 30 2E 32 30 3A 30 34 2E 30 31 45 32 0D
[2026-08-21 15:42:04.626] Enviado: H | HEX: 1B 48 36 33 0D
[2026-08-21 15:42:04.626] Recibido ASCII: <SOH>%26<CR>
[2026-08-21 15:42:04.627] Recibido HEX: 01 25 32 36 0D
[2026-08-21 15:42:05.627] Enviado: I | HEX: 1B 49 36 34 0D
[2026-08-21 15:42:05.628] Recibido ASCII: <SOH>637<CR>
[2026-08-21 15:42:05.628] Recibido HEX: 01 36 33 37 0D
[2026-08-21 15:42:06.629] Enviado: J | HEX: 1B 4A 36 35 0D
[2026-08-21 15:42:06.629] Recibido ASCII: <SOH>&27<CR>
[2026-08-21 15:42:06.629] Recibido HEX: 01 26 32 37 0D
[2026-08-21 15:42:07.630] Enviado: K | HEX: 1B 4B 36 36 0D
[2026-08-21 15:42:07.630] Recibido ASCII: <SOH>Q52<CR>
[2026-08-21 15:42:07.632] Recibido HEX: 01 51 35 32 0D
[2026-08-21 15:42:08.633] Enviado: Q | HEX: 1B 51 36 43 0D
[2026-08-21 15:42:08.633] Enviado: L | HEX: 1B 4C 36 37 0D
[2026-08-21 15:42:08.633] Recibido ASCII: <SOH>'28<CR>
[2026-08-21 15:42:08.633] Recibido HEX: 01 27 32 38 0D
[2026-08-21 15:42:09.634] Enviado: M | HEX: 1B 4D 36 38 0D
[2026-08-21 15:42:09.634] Recibido ASCII: <ESC>R6D<CR>
[2026-08-21 15:42:09.634] Recibido HEX: 1B 52 36 44 0D
[2026-08-21 15:42:10.635] Enviado: 6666'Hola'00.20:04.01 | HEX: 1B 36 36 36 36 27 48 6F 6C 61 27 30 30 2E 32 30 3A 30 34 2E 30 31 45 32 0D
[2026-08-21 15:42:10.635] Enviado: N | HEX: 1B 4E 36 39 0D
[2026-08-21 15:42:10.636] Recibido ASCII: <SOH>(15:41:3121-AUG-26CE<CR>
[2026-08-21 15:42:10.636] Recibido HEX: 01 28 31 35 3A 34 31 3A 33 31 32 31 2D 41 55 47 2D 32 36 43 45 0D
[2026-08-21 15:42:11.637] Enviado: O | HEX: 1B 4F 36 41 0D
[2026-08-21 15:42:11.637] Recibido ASCII: <SOH>637<CR>
[2026-08-21 15:42:11.637] Recibido HEX: 01 36 33 37 0D
[2026-08-21 15:42:12.638] Enviado: P | HEX: 1B 50 36 42 0D
[2026-08-21 15:42:12.638] Recibido ASCII: <SOH>)2A<CR>
[2026-08-21 15:42:12.638] Recibido HEX: 01 29 32 41 0D
[2026-08-21 15:42:13.639] Enviado: Q | HEX: 1B 51 36 43 0D
[2026-08-21 15:42:13.639] Recibido ASCII: <SOH>Q52<CR>
[2026-08-21 15:42:13.639] Recibido HEX: 01 51 35 32 0D
[2026-08-21 15:42:14.640] Enviado: Q | HEX: 1B 51 36 43 0D
[2026-08-21 15:42:14.641] Enviado: R | HEX: 1B 52 36 44 0D
[2026-08-21 15:42:14.641] Recibido ASCII: <SOH>*2B<CR>
[2026-08-21 15:42:14.641] Recibido HEX: 01 2A 32 42 0D
[2026-08-21 15:42:15.642] Enviado: S | HEX: 1B 53 36 45 0D
[2026-08-21 15:42:15.642] Recibido ASCII: <ESC>R6D<CR>
[2026-08-21 15:42:15.642] Recibido HEX: 1B 52 36 44 0D
[2026-08-21 15:42:16.643] Enviado: 6666'Hola'00.20:04.01 | HEX: 1B 36 36 36 36 27 48 6F 6C 61 27 30 30 2E 32 30 3A 30 34 2E 30 31 45 32 0D
[2026-08-21 15:42:16.643] Enviado: T | HEX: 1B 54 36 46 0D
[2026-08-21 15:42:16.644] Recibido ASCII: <SOH>Q52<CR>
[2026-08-21 15:42:16.644] Recibido HEX: 01 51 35 32 0D
[2026-08-21 15:42:17.644] Enviado: Q | HEX: 1B 51 36 43 0D
[2026-08-21 15:42:17.645] Enviado: U | HEX: 1B 55 37 30 0D
[2026-08-21 15:42:17.645] Recibido ASCII: <SOH>+2C<CR>
[2026-08-21 15:42:17.645] Recibido HEX: 01 2B 32 43 0D
[2026-08-21 15:42:18.646] Enviado: V | HEX: 1B 56 37 31 0D
[2026-08-21 15:42:18.646] Recibido ASCII: <ESC>R6D<CR>
[2026-08-21 15:42:18.648] Recibido HEX: 1B 52 36 44 0D
[2026-08-21 15:42:19.649] Enviado: 6666'Hola'00.20:04.01 | HEX: 1B 36 36 36 36 27 48 6F 6C 61 27 30 30 2E 32 30 3A 30 34 2E 30 31 45 32 0D
[2026-08-21 15:42:19.649] Enviado: W | HEX: 1B 57 37 32 0D
[2026-08-21 15:42:19.650] Recibido ASCII: <SOH>637<CR>
[2026-08-21 15:42:19.650] Recibido HEX: 01 36 33 37 0D
[2026-08-21 15:42:20.651] Enviado: X | HEX: 1B 58 37 33 0D
[2026-08-21 15:42:20.651] Recibido ASCII: <SOH>,2D<CR>
[2026-08-21 15:42:20.651] Recibido HEX: 01 2C 32 44 0D
[2026-08-21 15:42:21.652] Enviado: Y | HEX: 1B 59 37 34 0D
[2026-08-21 15:42:21.652] Recibido ASCII: <SOH>-2E<CR>
[2026-08-21 15:42:21.652] Recibido HEX: 01 2D 32 45 0D
[2026-08-21 15:42:22.653] Enviado: Z | HEX: 1B 5A 37 35 0D
[2026-08-21 15:42:22.654] Recibido ASCII: <SOH>.2F<CR>
[2026-08-21 15:42:22.654] Recibido HEX: 01 2E 32 46 0D
[2026-08-21 15:42:23.655] Enviado: [ | HEX: 1B 5B 37 36 0D
[2026-08-21 15:42:23.655] Recibido ASCII: <SOH>/30<CR>
[2026-08-21 15:42:23.655] Recibido HEX: 01 2F 33 30 0D
[2026-08-21 15:42:24.656] Enviado: \ | HEX: 1B 5C 37 37 0D
[2026-08-21 15:42:24.656] Recibido ASCII: <SOH>Q52<CR>
[2026-08-21 15:42:24.657] Recibido HEX: 01 51 35 32 0D
[2026-08-21 15:42:25.657] Enviado: Q | HEX: 1B 51 36 43 0D
[2026-08-21 15:42:25.658] Enviado: ] | HEX: 1B 5D 37 38 0D
[2026-08-21 15:42:25.658] Recibido ASCII: <SOH>031<CR>
[2026-08-21 15:42:25.658] Recibido HEX: 01 30 33 31 0D
[2026-08-21 15:42:26.659] Enviado: ^ | HEX: 1B 5E 37 39 0D
[2026-08-21 15:42:26.659] Recibido ASCII: <ESC>R6D<CR>
[2026-08-21 15:42:26.659] Recibido HEX: 1B 52 36 44 0D
[2026-08-21 15:42:27.660] Enviado: 6666'Hola'00.20:04.01 | HEX: 1B 36 36 36 36 27 48 6F 6C 61 27 30 30 2E 32 30 3A 30 34 2E 30 31 45 32 0D
[2026-08-21 15:42:27.660] Enviado: _ | HEX: 1B 5F 37 41 0D
[2026-08-21 15:42:27.663] Recibido ASCII: <SOH>Q52<CR>
[2026-08-21 15:42:27.663] Recibido HEX: 01 51 35 32 0D
[2026-08-21 15:42:28.664] Enviado: Q | HEX: 1B 51 36 43 0D
[2026-08-21 15:42:28.664] Enviado: ` | HEX: 1B 60 37 42 0D
[2026-08-21 15:42:28.664] Recibido ASCII: <SOH>132<CR>
[2026-08-21 15:42:28.664] Recibido HEX: 01 31 33 32 0D
[2026-08-21 15:42:29.665] Enviado: a | HEX: 1B 61 37 43 0D
[2026-08-21 15:42:29.666] Recibido ASCII: <ESC>R6D<CR>
[2026-08-21 15:42:29.666] Recibido HEX: 1B 52 36 44 0D
[2026-08-21 15:42:30.667] Enviado: 6666'Hola'00.20:04.01 | HEX: 1B 36 36 36 36 27 48 6F 6C 61 27 30 30 2E 32 30 3A 30 34 2E 30 31 45 32 0D
[2026-08-21 15:42:30.667] Enviado: b | HEX: 1B 62 37 44 0D
[2026-08-21 15:42:30.667] Recibido ASCII: <SOH>637<CR>
[2026-08-21 15:42:30.667] Recibido HEX: 01 36 33 37 0D
[2026-08-21 15:42:31.668] Enviado: c | HEX: 1B 63 37 45 0D
[2026-08-21 15:42:31.668] Recibido ASCII: <SOH>233<CR>
[2026-08-21 15:42:31.669] Recibido HEX: 01 32 33 33 0D
[2026-08-21 15:42:32.670] Enviado: d | HEX: 1B 64 37 46 0D
[2026-08-21 15:42:32.670] Recibido ASCII: <SOH>Q52<CR>
[2026-08-21 15:42:32.670] Recibido HEX: 01 51 35 32 0D
[2026-08-21 15:42:33.671] Enviado: Q | HEX: 1B 51 36 43 0D
[2026-08-21 15:42:33.671] Enviado: e | HEX: 1B 65 38 30 0D
[2026-08-21 15:42:33.671] Recibido ASCII: <SOH>334<CR>
[2026-08-21 15:42:33.671] Recibido HEX: 01 33 33 34 0D
[2026-08-21 15:42:34.672] Enviado: f | HEX: 1B 66 38 31 0D
[2026-08-21 15:42:34.673] Recibido ASCII: <ESC>R6D<CR>
[2026-08-21 15:42:34.673] Recibido HEX: 1B 52 36 44 0D
[2026-08-21 15:42:35.673] Enviado: 6666'Hola'00.20:04.01 | HEX: 1B 36 36 36 36 27 48 6F 6C 61 27 30 30 2E 32 30 3A 30 34 2E 30 31 45 32 0D
[2026-08-21 15:42:35.674] Enviado: g | HEX: 1B 67 38 32 0D
[2026-08-21 15:42:35.674] Recibido ASCII: <SOH>435<CR>
[2026-08-21 15:42:35.674] Recibido HEX: 01 34 33 35 0D
[2026-08-21 15:42:36.675] Enviado: h | HEX: 1B 68 38 33 0D
[2026-08-21 15:42:36.675] Recibido ASCII: <SOH>637<CR>
[2026-08-21 15:42:36.675] Recibido HEX: 01 36 33 37 0D
[2026-08-21 15:42:37.676] Enviado: i | HEX: 1B 69 38 34 0D
[2026-08-21 15:42:37.677] Recibido ASCII: <SOH>536<CR>
[2026-08-21 15:42:37.677] Recibido HEX: 01 35 33 36 0D
[2026-08-21 15:42:38.677] Enviado: j | HEX: 1B 6A 38 35 0D
[2026-08-21 15:42:38.678] Recibido ASCII: <SOH>637<CR>
[2026-08-21 15:42:38.678] Recibido HEX: 01 36 33 37 0D
[2026-08-21 15:42:39.679] Enviado: k | HEX: 1B 6B 38 36 0D
[2026-08-21 15:42:39.679] Recibido ASCII: <SOH>738<CR>
[2026-08-21 15:42:39.679] Recibido HEX: 01 37 33 38 0D
[2026-08-21 15:42:40.680] Enviado: l | HEX: 1B 6C 38 37 0D
[2026-08-21 15:42:40.681] Recibido ASCII: <SOH>Q52<CR>
[2026-08-21 15:42:40.681] Recibido HEX: 01 51 35 32 0D
[2026-08-21 15:42:41.681] Enviado: Q | HEX: 1B 51 36 43 0D
[2026-08-21 15:42:41.682] Enviado: m | HEX: 1B 6D 38 38 0D
[2026-08-21 15:42:41.682] Recibido ASCII: <SOH>839<CR>
[2026-08-21 15:42:41.682] Recibido HEX: 01 38 33 39 0D
[2026-08-21 15:42:42.683] Enviado: n | HEX: 1B 6E 38 39 0D
[2026-08-21 15:42:42.683] Recibido ASCII: <ESC>R6D<CR>
[2026-08-21 15:42:42.683] Recibido HEX: 1B 52 36 44 0D
[2026-08-21 15:42:43.684] Enviado: 6666'Hola'00.20:04.01 | HEX: 1B 36 36 36 36 27 48 6F 6C 61 27 30 30 2E 32 30 3A 30 34 2E 30 31 45 32 0D
[2026-08-21 15:42:43.684] Enviado: o | HEX: 1B 6F 38 41 0D
[2026-08-21 15:42:43.685] Recibido ASCII: <SOH>93A<CR>
[2026-08-21 15:42:43.685] Recibido HEX: 01 39 33 41 0D
[2026-08-21 15:42:44.686] Enviado: p | HEX: 1B 70 38 42 0D
[2026-08-21 15:42:44.686] Recibido ASCII: <SOH>637<CR>
[2026-08-21 15:42:44.686] Recibido HEX: 01 36 33 37 0D
[2026-08-21 15:42:45.687] Enviado: q | HEX: 1B 71 38 43 0D
[2026-08-21 15:42:45.687] Recibido ASCII: <SOH>:3B<CR>
[2026-08-21 15:42:45.687] Recibido HEX: 01 3A 33 42 0D
[2026-08-21 15:42:46.688] Enviado: r | HEX: 1B 72 38 44 0D
[2026-08-21 15:42:46.688] Recibido ASCII: <SOH>;3C<CR>
[2026-08-21 15:42:46.689] Recibido HEX: 01 3B 33 43 0D
[2026-08-21 15:42:47.689] Enviado: s | HEX: 1B 73 38 45 0D
[2026-08-21 15:42:47.690] Recibido ASCII: <SOH><3D<CR>
[2026-08-21 15:42:47.690] Recibido HEX: 01 3C 33 44 0D
[2026-08-21 15:42:48.691] Enviado: t | HEX: 1B 74 38 46 0D
[2026-08-21 15:42:48.691] Recibido ASCII: <SOH>=3E<CR>
[2026-08-21 15:42:48.691] Recibido HEX: 01 3D 33 45 0D
[2026-08-21 15:42:49.692] Enviado: u | HEX: 1B 75 39 30 0D
[2026-08-21 15:42:49.692] Recibido ASCII: <SOH>Q52<CR>
[2026-08-21 15:42:49.692] Recibido HEX: 01 51 35 32 0D
[2026-08-21 15:42:50.693] Enviado: Q | HEX: 1B 51 36 43 0D
[2026-08-21 15:42:50.693] Enviado: v | HEX: 1B 76 39 31 0D
[2026-08-21 15:42:50.694] Recibido ASCII: <SOH>>3F<CR>
[2026-08-21 15:42:50.694] Recibido HEX: 01 3E 33 46 0D
[2026-08-21 15:42:51.694] Enviado: w | HEX: 1B 77 39 32 0D
[2026-08-21 15:42:51.695] Recibido ASCII: <ESC>R6D<CR>
[2026-08-21 15:42:51.695] Recibido HEX: 1B 52 36 44 0D
[2026-08-21 15:42:52.696] Enviado: 6666'Hola'00.20:04.01 | HEX: 1B 36 36 36 36 27 48 6F 6C 61 27 30 30 2E 32 30 3A 30 34 2E 30 31 45 32 0D
[2026-08-21 15:42:52.696] Enviado: x | HEX: 1B 78 39 33 0D
[2026-08-21 15:42:52.696] Recibido ASCII: <SOH>?40<CR>
[2026-08-21 15:42:52.696] Recibido HEX: 01 3F 34 30 0D
[2026-08-21 15:42:53.697] Enviado: y | HEX: 1B 79 39 34 0D
[2026-08-21 15:42:53.697] Recibido ASCII: <SOH>637<CR>
[2026-08-21 15:42:53.699] Recibido HEX: 01 36 33 37 0D
[2026-08-21 15:42:54.700] Enviado: z | HEX: 1B 7A 39 35 0D
[2026-08-21 15:42:54.700] Recibido ASCII: <SOH>@41<CR>
[2026-08-21 15:42:54.700] Recibido HEX: 01 40 34 31 0D
[2026-08-21 15:42:55.701] Enviado: { | HEX: 1B 7B 39 36 0D
[2026-08-21 15:42:55.701] Recibido ASCII: <SOH>Q52<CR>
[2026-08-21 15:42:55.702] Recibido HEX: 01 51 35 32 0D
[2026-08-21 15:42:56.702] Enviado: Q | HEX: 1B 51 36 43 0D
[2026-08-21 15:42:56.702] Enviado: | | HEX: 1B 7C 39 37 0D
[2026-08-21 15:42:56.703] Recibido ASCII: <SOH>A42<CR>
[2026-08-21 15:42:56.703] Recibido HEX: 01 41 34 32 0D
[2026-08-21 15:42:57.704] Enviado: } | HEX: 1B 7D 39 38 0D
[2026-08-21 15:42:57.704] Recibido ASCII: <ESC>R6D<CR>
[2026-08-21 15:42:57.704] Recibido HEX: 1B 52 36 44 0D
[2026-08-21 15:42:58.705] Enviado: 6666'Hola'00.20:04.01 | HEX: 1B 36 36 36 36 27 48 6F 6C 61 27 30 30 2E 32 30 3A 30 34 2E 30 31 45 32 0D
[2026-08-21 15:42:58.705] Enviado: ~ | HEX: 1B 7E 39 39 0D
[2026-08-21 15:42:58.707] Recibido ASCII: <SOH>B43<CR>
[2026-08-21 15:42:58.707] Recibido HEX: 01 42 34 33 0D
[2026-08-21 15:42:59.708] Enviado:  | HEX: 1B 7F 39 41 0D
[2026-08-21 15:42:59.709] Recibido ASCII: <SOH>637<CR>
[2026-08-21 15:42:59.709] Recibido HEX: 01 36 33 37 0D
[2026-08-21 15:43:00.710] Enviado:  | HEX: 1B 3F 35 41 0D
[2026-08-21 15:43:00.710] Recibido ASCII: <SOH>C44<CR>
[2026-08-21 15:43:00.710] Recibido HEX: 01 43 34 34 0D
[2026-08-21 15:43:01.711] Enviado:  | HEX: 1B 3F 35 41 0D
[2026-08-21 15:43:01.711] Recibido ASCII: <SOH>D45<CR>
[2026-08-21 15:43:01.711] Recibido HEX: 01 44 34 35 0D
[2026-08-21 15:43:02.712] Enviado:  | HEX: 1B 3F 35 41 0D
[2026-08-21 15:43:02.712] Recibido ASCII: <SOH>E46<CR>
[2026-08-21 15:43:02.713] Recibido HEX: 01 45 34 36 0D
[2026-08-21 15:43:03.713] Enviado:  | HEX: 1B 3F 35 41 0D
[2026-08-21 15:43:03.714] Recibido ASCII: <SOH>Q52<CR>
[2026-08-21 15:43:03.714] Recibido HEX: 01 51 35 32 0D
[2026-08-21 15:43:04.715] Enviado: Q | HEX: 1B 51 36 43 0D
[2026-08-21 15:43:04.715] Enviado:  | HEX: 1B 3F 35 41 0D
[2026-08-21 15:43:04.715] Recibido ASCII: <SOH>F47<CR>
[2026-08-21 15:43:04.715] Recibido HEX: 01 46 34 37 0D
[2026-08-21 15:43:05.716] Enviado:  | HEX: 1B 3F 35 41 0D
[2026-08-21 15:43:05.716] Recibido ASCII: <ESC>R6D<CR>
[2026-08-21 15:43:05.716] Recibido HEX: 1B 52 36 44 0D
[2026-08-21 15:43:06.717] Enviado: 6666'Hola'00.20:04.01 | HEX: 1B 36 36 36 36 27 48 6F 6C 61 27 30 30 2E 32 30 3A 30 34 2E 30 31 45 32 0D
[2026-08-21 15:43:06.717] Enviado:  | HEX: 1B 3F 35 41 0D
[2026-08-21 15:43:06.718] Recibido ASCII: <SOH>G48<CR>
[2026-08-21 15:43:06.718] Recibido HEX: 01 47 34 38 0D
[2026-08-21 15:43:07.719] Enviado:  | HEX: 1B 3F 35 41 0D
[2026-08-21 15:43:07.719] Recibido ASCII: <SOH>637<CR>
[2026-08-21 15:43:07.721] Recibido HEX: 01 36 33 37 0D
[2026-08-21 15:43:08.722] Enviado:  | HEX: 1B 3F 35 41 0D
[2026-08-21 15:43:08.722] Recibido ASCII: <SOH>H49<CR>
[2026-08-21 15:43:08.722] Recibido HEX: 01 48 34 39 0D
[2026-08-21 15:43:09.723] Enviado:  | HEX: 1B 3F 35 41 0D
[2026-08-21 15:43:09.723] Recibido ASCII: <SOH>I4A<CR>
[2026-08-21 15:43:09.723] Recibido HEX: 01 49 34 41 0D
[2026-08-21 15:43:10.724] Enviado:  | HEX: 1B 3F 35 41 0D
[2026-08-21 15:43:10.725] Recibido ASCII: <SOH>J4B<CR>
[2026-08-21 15:43:10.725] Recibido HEX: 01 4A 34 42 0D
[2026-08-21 15:43:11.726] Enviado:  | HEX: 1B 3F 35 41 0D
[2026-08-21 15:43:11.726] Recibido ASCII: <SOH>K4C<CR>
[2026-08-21 15:43:11.726] Recibido HEX: 01 4B 34 43 0D
[2026-08-21 15:43:12.727] Enviado:  | HEX: 1B 3F 35 41 0D
[2026-08-21 15:43:12.727] Recibido ASCII: <SOH>Q52<CR>
[2026-08-21 15:43:12.727] Recibido HEX: 01 51 35 32 0D
[2026-08-21 15:43:13.729] Enviado: Q | HEX: 1B 51 36 43 0D
[2026-08-21 15:43:13.730] Enviado:  | HEX: 1B 3F 35 41 0D
[2026-08-21 15:43:13.730] Recibido ASCII: <SOH>L4D<CR>
[2026-08-21 15:43:13.730] Recibido HEX: 01 4C 34 44 0D
[2026-08-21 15:43:14.731] Enviado:  | HEX: 1B 3F 35 41 0D
[2026-08-21 15:43:14.731] Recibido ASCII: <ESC>R6D<CR>
[2026-08-21 15:43:14.731] Recibido HEX: 1B 52 36 44 0D
[2026-08-21 15:43:15.732] Enviado: 6666'Hola'00.20:04.01 | HEX: 1B 36 36 36 36 27 48 6F 6C 61 27 30 30 2E 32 30 3A 30 34 2E 30 31 45 32 0D
[2026-08-21 15:43:15.732] Enviado:  | HEX: 1B 3F 35 41 0D
[2026-08-21 15:43:15.732] Recibido ASCII: <SOH>M4E<CR>
[2026-08-21 15:43:15.732] Recibido HEX: 01 4D 34 45 0D
[2026-08-21 15:43:16.733] Enviado:  | HEX: 1B 3F 35 41 0D
[2026-08-21 15:43:16.733] Recibido ASCII: <SOH>637<CR>
[2026-08-21 15:43:16.734] Recibido HEX: 01 36 33 37 0D
[2026-08-21 15:43:17.734] Enviado:  | HEX: 1B 3F 35 41 0D
[2026-08-21 15:43:17.735] Recibido ASCII: <SOH>N4F<CR>
[2026-08-21 15:43:17.735] Recibido HEX: 01 4E 34 46 0D
[2026-08-21 15:43:18.736] Enviado:  | HEX: 1B 3F 35 41 0D
[2026-08-21 15:43:18.736] Recibido ASCII: <SOH>O50<CR>
[2026-08-21 15:43:18.736] Recibido HEX: 01 4F 35 30 0D
[2026-08-21 15:43:19.737] Enviado:  | HEX: 1B 3F 35 41 0D
[2026-08-21 15:43:19.737] Recibido ASCII: <SOH>P51<CR>
[2026-08-21 15:43:19.737] Recibido HEX: 01 50 35 31 0D
[2026-08-21 15:43:20.738] Enviado:  | HEX: 1B 3F 35 41 0D
[2026-08-21 15:43:20.739] Recibido ASCII: <SOH>Q52<CR>
[2026-08-21 15:43:20.739] Recibido HEX: 01 51 35 32 0D
[2026-08-21 15:43:21.740] Enviado: Q | HEX: 1B 51 36 43 0D
[2026-08-21 15:43:21.740] Enviado:  | HEX: 1B 3F 35 41 0D
[2026-08-21 15:43:21.740] Recibido ASCII: <ESC>R6D<CR>
[2026-08-21 15:43:21.742] Recibido HEX: 1B 52 36 44 0D
[2026-08-21 15:43:22.743] Enviado: 6666'Hola'00.20:04.01 | HEX: 1B 36 36 36 36 27 48 6F 6C 61 27 30 30 2E 32 30 3A 30 34 2E 30 31 45 32 0D
[2026-08-21 15:43:22.743] Enviado:  | HEX: 1B 3F 35 41 0D
[2026-08-21 15:43:22.743] Recibido ASCII: <SOH>Q52<CR>
[2026-08-21 15:43:22.743] Recibido HEX: 01 51 35 32 0D
[2026-08-21 15:43:23.744] Enviado: Q | HEX: 1B 51 36 43 0D
[2026-08-21 15:43:23.744] Enviado:  | HEX: 1B 3F 35 41 0D
[2026-08-21 15:43:23.744] Recibido ASCII: <SOH>R5555'A3XX'02.10:0<ESC>R6D<CR>
[2026-08-21 15:43:23.744] Recibido HEX: 01 52 35 35 35 35 27 41 33 58 58 27 30 32 2E 31 30 3A 30 1B 52 36 44 0D
[2026-08-21 15:43:24.745] Enviado: 6666'Hola'00.20:04.01 | HEX: 1B 36 36 36 36 27 48 6F 6C 61 27 30 30 2E 32 30 3A 30 34 2E 30 31 45 32 0D
[2026-08-21 15:43:24.745] Enviado:  | HEX: 1B 3F 35 41 0D
[2026-08-21 15:43:24.746] Recibido ASCII: 6.00B8<CR>
[2026-08-21 15:43:24.746] Recibido HEX: 36 2E 30 30 42 38 0D
[2026-08-21 15:43:25.746] Enviado:  | HEX: 1B 3F 35 41 0D
[2026-08-21 15:43:25.747] Recibido ASCII: <SOH>S00   20000-  21  121FFF01   20000- 181  181FFF05   20000    0  100FFF06   20000    0  120FFF07   20000    0   20FFF08   20000    0  100FFF0A   20000    0   20FFF2A   20000    0   20FFFF3<CR>
[2026-08-21 15:43:25.747] Recibido HEX: 01 53 30 30 20 20 20 32 30 30 30 30 2D 20 20 32 31 20 20 31 32 31 46 46 46 30 31 20 20 20 32 30 30 30 30 2D 20 31 38 31 20 20 31 38 31 46 46 46 30 35 20 20 20 32 30 30 30 30 20 20 20 20 30 20 20 31 30 30 46 46 46 30 36 20 20 20 32 30 30 30 30 20 20 20 20 30 20 20 31 32 30 46 46 46 30 37 20 20 20 32 30 30 30 30 20 20 20 20 30 20 20 20 32 30 46 46 46 30 38 20 20 20 32 30 30 30 30 20 20 20 20 30 20 20 31 30 30 46 46 46 30 41 20 20 20 32 30 30 30 30 20 20 20 20 30 20 20 20 32 30 46 46 46 32 41 20 20 20 32 30 30 30 30 20 20 20 20 30 20 20 20 32 30 46 46 46 46 33 0D
[2026-08-21 15:43:26.748] Enviado:  | HEX: 1B 3F 35 41 0D
[2026-08-21 15:43:26.748] Recibido ASCII: <SOH>637<CR>
[2026-08-21 15:43:26.750] Recibido HEX: 01 36 33 37 0D
[2026-08-21 15:43:27.751] Enviado:  | HEX: 1B 3F 35 41 0D
[2026-08-21 15:43:27.751] Recibido ASCII: <SOH>T55<CR>
[2026-08-21 15:43:27.751] Recibido HEX: 01 54 35 35 0D
[2026-08-21 15:43:28.752] Enviado:  | HEX: 1B 3F 35 41 0D
[2026-08-21 15:43:28.752] Recibido ASCII: <SOH>Q52<CR>
[2026-08-21 15:43:28.752] Recibido HEX: 01 51 35 32 0D
[2026-08-21 15:43:29.753] Enviado: Q | HEX: 1B 51 36 43 0D
[2026-08-21 15:43:29.753] Enviado:  | HEX: 1B 3F 35 41 0D
[2026-08-21 15:43:29.753] Recibido ASCII: <SOH>U56<CR>
[2026-08-21 15:43:29.754] Recibido HEX: 01 55 35 36 0D
[2026-08-21 15:43:30.754] Enviado:  | HEX: 1B 3F 35 41 0D
[2026-08-21 15:43:30.755] Recibido ASCII: <ESC>R6D<CR>
[2026-08-21 15:43:30.755] Recibido HEX: 1B 52 36 44 0D
[2026-08-21 15:43:31.755] Enviado: 6666'Hola'00.20:04.01 | HEX: 1B 36 36 36 36 27 48 6F 6C 61 27 30 30 2E 32 30 3A 30 34 2E 30 31 45 32 0D
[2026-08-21 15:43:31.755] Enviado:  | HEX: 1B 3F 35 41 0D
[2026-08-21 15:43:31.756] Recibido ASCII: <SOH>V57<CR>
[2026-08-21 15:43:31.756] Recibido HEX: 01 56 35 37 0D
[2026-08-21 15:43:32.756] Enviado:   | HEX: 1B 3F 35 41 0D
[2026-08-21 15:43:32.756] Recibido ASCII: <SOH>637<CR>
[2026-08-21 15:43:32.756] Recibido HEX: 01 36 33 37 0D
[2026-08-21 15:43:33.757] Enviado: ¡ | HEX: 1B 3F 35 41 0D
[2026-08-21 15:43:33.757] Recibido ASCII: <SOH>W58<CR>
[2026-08-21 15:43:33.758] Recibido HEX: 01 57 35 38 0D
[2026-08-21 15:43:34.758] Enviado: ¢ | HEX: 1B 3F 35 41 0D
[2026-08-21 15:43:34.759] Recibido ASCII: <SOH>X59<CR>
[2026-08-21 15:43:34.759] Recibido HEX: 01 58 35 39 0D
[2026-08-21 15:43:35.759] Enviado: £ | HEX: 1B 3F 35 41 0D
[2026-08-21 15:43:35.760] Recibido ASCII: <SOH>Y5A<CR>
[2026-08-21 15:43:35.760] Recibido HEX: 01 59 35 41 0D
[2026-08-21 15:43:36.760] Enviado: ¤ | HEX: 1B 3F 35 41 0D
[2026-08-21 15:43:36.761] Recibido ASCII: <SOH>Z5B<CR>
[2026-08-21 15:43:36.761] Recibido HEX: 01 5A 35 42 0D
[2026-08-21 15:43:37.761] Enviado: ¥ | HEX: 1B 3F 35 41 0D
[2026-08-21 15:43:37.762] Recibido ASCII: <SOH>[5C<CR>
[2026-08-21 15:43:37.762] Recibido HEX: 01 5B 35 43 0D
[2026-08-21 15:43:38.762] Enviado: ¦ | HEX: 1B 3F 35 41 0D
[2026-08-21 15:43:38.763] Recibido ASCII: <SOH>\5D<CR>
[2026-08-21 15:43:38.763] Recibido HEX: 01 5C 35 44 0D
[2026-08-21 15:43:39.763] Enviado: § | HEX: 1B 3F 35 41 0D
[2026-08-21 15:43:39.764] Recibido ASCII: <SOH>Q52<CR>
[2026-08-21 15:43:39.764] Recibido HEX: 01 51 35 32 0D
[2026-08-21 15:43:40.764] Enviado: Q | HEX: 1B 51 36 43 0D
[2026-08-21 15:43:40.765] Enviado: ¨ | HEX: 1B 3F 35 41 0D
[2026-08-21 15:43:40.765] Recibido ASCII: <SOH>]5E<CR>
[2026-08-21 15:43:40.765] Recibido HEX: 01 5D 35 45 0D
[2026-08-21 15:43:41.765] Enviado: © | HEX: 1B 3F 35 41 0D
[2026-08-21 15:43:41.765] Recibido ASCII: <ESC>R6D<CR>
[2026-08-21 15:43:41.766] Recibido HEX: 1B 52 36 44 0D
[2026-08-21 15:43:42.766] Enviado: 6666'Hola'00.20:04.01 | HEX: 1B 36 36 36 36 27 48 6F 6C 61 27 30 30 2E 32 30 3A 30 34 2E 30 31 45 32 0D
[2026-08-21 15:43:42.767] Enviado: ª | HEX: 1B 3F 35 41 0D
[2026-08-21 15:43:42.767] Recibido ASCII: <SOH>^5F<CR>
[2026-08-21 15:43:42.767] Recibido HEX: 01 5E 35 46 0D
[2026-08-21 15:43:43.767] Enviado: « | HEX: 1B 3F 35 41 0D
[2026-08-21 15:43:43.768] Recibido ASCII: <SOH>637<CR>
[2026-08-21 15:43:43.768] Recibido HEX: 01 36 33 37 0D
[2026-08-21 15:43:44.768] Enviado: ¬ | HEX: 1B 3F 35 41 0D
[2026-08-21 15:43:44.769] Recibido ASCII: <SOH>_60<CR>
[2026-08-21 15:43:44.769] Recibido HEX: 01 5F 36 30 0D
[2026-08-21 15:43:45.769] Enviado: ­ | HEX: 1B 3F 35 41 0D
[2026-08-21 15:43:45.770] Recibido ASCII: <SOH>Q52<CR>
[2026-08-21 15:43:45.770] Recibido HEX: 01 51 35 32 0D
[2026-08-21 15:43:46.770] Enviado: Q | HEX: 1B 51 36 43 0D
[2026-08-21 15:43:46.771] Enviado: ® | HEX: 1B 3F 35 41 0D
[2026-08-21 15:43:46.771] Recibido ASCII: <SOH>`61<CR>
[2026-08-21 15:43:46.771] Recibido HEX: 01 60 36 31 0D
[2026-08-21 15:43:47.771] Enviado: ¯ | HEX: 1B 3F 35 41 0D
[2026-08-21 15:43:47.772] Recibido ASCII: <ESC>R6D<CR>
[2026-08-21 15:43:47.772] Recibido HEX: 1B 52 36 44 0D
[2026-08-21 15:43:48.773] Enviado: 6666'Hola'00.20:04.01 | HEX: 1B 36 36 36 36 27 48 6F 6C 61 27 30 30 2E 32 30 3A 30 34 2E 30 31 45 32 0D
[2026-08-21 15:43:48.773] Enviado: ° | HEX: 1B 3F 35 41 0D
[2026-08-21 15:43:48.773] Recibido ASCII: <SOH>a62<CR>
[2026-08-21 15:43:48.773] Recibido HEX: 01 61 36 32 0D
[2026-08-21 15:43:49.774] Enviado: ± | HEX: 1B 3F 35 41 0D
[2026-08-21 15:43:49.774] Recibido ASCII: <SOH>637<CR>
[2026-08-21 15:43:49.774] Recibido HEX: 01 36 33 37 0D
[2026-08-21 15:43:50.775] Enviado: ² | HEX: 1B 3F 35 41 0D
[2026-08-21 15:43:50.775] Recibido ASCII: <SOH>b63<CR>
[2026-08-21 15:43:50.775] Recibido HEX: 01 62 36 33 0D
[2026-08-21 15:43:51.776] Enviado: ³ | HEX: 1B 3F 35 41 0D
[2026-08-21 15:43:51.776] Recibido ASCII: <SOH>c64<CR>
[2026-08-21 15:43:51.777] Recibido HEX: 01 63 36 34 0D
[2026-08-21 15:43:52.777] Enviado: ´ | HEX: 1B 3F 35 41 0D
[2026-08-21 15:43:52.778] Recibido ASCII: <SOH>d65<CR>
[2026-08-21 15:43:52.778] Recibido HEX: 01 64 36 35 0D
[2026-08-21 15:43:53.778] Enviado: µ | HEX: 1B 3F 35 41 0D
[2026-08-21 15:43:53.779] Recibido ASCII: <SOH>Q52<CR>
[2026-08-21 15:43:53.779] Recibido HEX: 01 51 35 32 0D
[2026-08-21 15:43:54.780] Enviado: Q | HEX: 1B 51 36 43 0D
[2026-08-21 15:43:54.780] Enviado: ¶ | HEX: 1B 3F 35 41 0D
[2026-08-21 15:43:54.780] Recibido ASCII: <SOH>e66<CR>
[2026-08-21 15:43:54.780] Recibido HEX: 01 65 36 36 0D
[2026-08-21 15:43:55.781] Enviado: · | HEX: 1B 3F 35 41 0D
[2026-08-21 15:43:55.781] Recibido ASCII: <ESC>R6D<CR>
[2026-08-21 15:43:55.781] Recibido HEX: 1B 52 36 44 0D
[2026-08-21 15:43:56.782] Enviado: 6666'Hola'00.20:04.01 | HEX: 1B 36 36 36 36 27 48 6F 6C 61 27 30 30 2E 32 30 3A 30 34 2E 30 31 45 32 0D
[2026-08-21 15:43:56.782] Enviado: ¸ | HEX: 1B 3F 35 41 0D
[2026-08-21 15:43:56.783] Recibido ASCII: <SOH>f67<CR>
[2026-08-21 15:43:56.783] Recibido HEX: 01 66 36 37 0D
[2026-08-21 15:43:57.783] Enviado: ¹ | HEX: 1B 3F 35 41 0D
[2026-08-21 15:43:57.784] Recibido ASCII: <SOH>637<CR>
[2026-08-21 15:43:57.784] Recibido HEX: 01 36 33 37 0D
[2026-08-21 15:43:58.784] Enviado: º | HEX: 1B 3F 35 41 0D
[2026-08-21 15:43:58.785] Recibido ASCII: <SOH>g68<CR>
[2026-08-21 15:43:58.786] Recibido HEX: 01 67 36 38 0D
[2026-08-21 15:43:59.787] Enviado: » | HEX: 1B 3F 35 41 0D
[2026-08-21 15:43:59.787] Recibido ASCII: <SOH>h69<CR>
[2026-08-21 15:43:59.787] Recibido HEX: 01 68 36 39 0D
[2026-08-21 15:44:00.788] Enviado: ¼ | HEX: 1B 3F 35 41 0D
[2026-08-21 15:44:00.788] Recibido ASCII: <SOH>i6A<CR>
[2026-08-21 15:44:00.788] Recibido HEX: 01 69 36 41 0D
[2026-08-21 15:44:01.789] Enviado: ½ | HEX: 1B 3F 35 41 0D
[2026-08-21 15:44:01.789] Recibido ASCII: <SOH>j6B<CR>
[2026-08-21 15:44:01.789] Recibido HEX: 01 6A 36 42 0D
[2026-08-21 15:44:02.790] Enviado: ¾ | HEX: 1B 3F 35 41 0D
[2026-08-21 15:44:02.790] Recibido ASCII: <SOH>k6C<CR>
[2026-08-21 15:44:02.790] Recibido HEX: 01 6B 36 43 0D
[2026-08-21 15:44:03.791] Enviado: ¿ | HEX: 1B 3F 35 41 0D
[2026-08-21 15:44:03.791] Recibido ASCII: <SOH>l6D<CR>
[2026-08-21 15:44:03.791] Recibido HEX: 01 6C 36 44 0D
[2026-08-21 15:44:04.792] Enviado: À | HEX: 1B 3F 35 41 0D
[2026-08-21 15:44:04.792] Recibido ASCII: <SOH>Q52<CR>
[2026-08-21 15:44:04.793] Recibido HEX: 01 51 35 32 0D
[2026-08-21 15:44:05.793] Enviado: Q | HEX: 1B 51 36 43 0D
[2026-08-21 15:44:05.793] Enviado: Á | HEX: 1B 3F 35 41 0D
[2026-08-21 15:44:05.793] Recibido ASCII: <SOH>m6E<CR>
[2026-08-21 15:44:05.794] Recibido HEX: 01 6D 36 45 0D
[2026-08-21 15:44:06.794] Enviado: Â | HEX: 1B 3F 35 41 0D
[2026-08-21 15:44:06.794] Recibido ASCII: <ESC>R6D<CR>
[2026-08-21 15:44:06.794] Recibido HEX: 1B 52 36 44 0D
[2026-08-21 15:44:07.795] Enviado: 6666'Hola'00.20:04.01 | HEX: 1B 36 36 36 36 27 48 6F 6C 61 27 30 30 2E 32 30 3A 30 34 2E 30 31 45 32 0D
[2026-08-21 15:44:07.795] Enviado: Ã | HEX: 1B 3F 35 41 0D
[2026-08-21 15:44:07.795] Recibido ASCII: <SOH>n6F<CR>
[2026-08-21 15:44:07.795] Recibido HEX: 01 6E 36 46 0D
[2026-08-21 15:44:08.796] Enviado: Ä | HEX: 1B 3F 35 41 0D
[2026-08-21 15:44:08.796] Recibido ASCII: <SOH>637<CR>
[2026-08-21 15:44:08.796] Recibido HEX: 01 36 33 37 0D
[2026-08-21 15:44:09.797] Enviado: Å | HEX: 1B 3F 35 41 0D
[2026-08-21 15:44:09.797] Recibido ASCII: <SOH>o70<CR>
[2026-08-21 15:44:09.798] Recibido HEX: 01 6F 37 30 0D
[2026-08-21 15:44:10.798] Enviado: Æ | HEX: 1B 3F 35 41 0D
[2026-08-21 15:44:10.799] Recibido ASCII: <SOH>p71<CR>
[2026-08-21 15:44:10.799] Recibido HEX: 01 70 37 31 0D
[2026-08-21 15:44:11.799] Enviado: Ç | HEX: 1B 3F 35 41 0D
[2026-08-21 15:44:11.800] Recibido ASCII: <SOH>q72<CR>
[2026-08-21 15:44:11.800] Recibido HEX: 01 71 37 32 0D
[2026-08-21 15:44:12.801] Enviado: È | HEX: 1B 3F 35 41 0D
[2026-08-21 15:44:12.801] Recibido ASCII: <SOH>r73<CR>
[2026-08-21 15:44:12.801] Recibido HEX: 01 72 37 33 0D
[2026-08-21 15:44:13.802] Enviado: É | HEX: 1B 3F 35 41 0D
[2026-08-21 15:44:13.802] Recibido ASCII: <SOH>s74<CR>
[2026-08-21 15:44:13.802] Recibido HEX: 01 73 37 34 0D
[2026-08-21 15:44:14.803] Enviado: Ê | HEX: 1B 3F 35 41 0D
[2026-08-21 15:44:14.803] Recibido ASCII: <SOH>t75<CR>
[2026-08-21 15:44:14.803] Recibido HEX: 01 74 37 35 0D
[2026-08-21 15:44:15.803] Enviado: Ë | HEX: 1B 3F 35 41 0D
[2026-08-21 15:44:15.804] Recibido ASCII: <SOH>u76<CR>
[2026-08-21 15:44:15.804] Recibido HEX: 01 75 37 36 0D
[2026-08-21 15:44:16.804] Enviado: Ì | HEX: 1B 3F 35 41 0D
[2026-08-21 15:44:16.805] Recibido ASCII: <SOH>Q52<CR>
[2026-08-21 15:44:16.805] Recibido HEX: 01 51 35 32 0D
[2026-08-21 15:44:17.805] Enviado: Q | HEX: 1B 51 36 43 0D
[2026-08-21 15:44:17.806] Enviado: Í | HEX: 1B 3F 35 41 0D
[2026-08-21 15:44:17.806] Recibido ASCII: <SOH>v77<CR>
[2026-08-21 15:44:17.806] Recibido HEX: 01 76 37 37 0D
[2026-08-21 15:44:18.807] Enviado: Î | HEX: 1B 3F 35 41 0D
[2026-08-21 15:44:18.807] Recibido ASCII: <ESC>R6D<CR>
[2026-08-21 15:44:18.807] Recibido HEX: 1B 52 36 44 0D
[2026-08-21 15:44:19.808] Enviado: 6666'Hola'00.20:04.01 | HEX: 1B 36 36 36 36 27 48 6F 6C 61 27 30 30 2E 32 30 3A 30 34 2E 30 31 45 32 0D
[2026-08-21 15:44:19.808] Enviado: Ï | HEX: 1B 3F 35 41 0D
[2026-08-21 15:44:19.808] Recibido ASCII: <SOH>w78<CR>
[2026-08-21 15:44:19.808] Recibido HEX: 01 77 37 38 0D
[2026-08-21 15:44:20.809] Enviado: Ð | HEX: 1B 3F 35 41 0D
[2026-08-21 15:44:20.809] Recibido ASCII: <SOH>637<CR>
[2026-08-21 15:44:20.809] Recibido HEX: 01 36 33 37 0D
[2026-08-21 15:44:21.810] Enviado: Ñ | HEX: 1B 3F 35 41 0D
[2026-08-21 15:44:21.810] Recibido ASCII: <SOH>x79<CR>
[2026-08-21 15:44:21.810] Recibido HEX: 01 78 37 39 0D
[2026-08-21 15:44:22.811] Enviado: Ò | HEX: 1B 3F 35 41 0D
[2026-08-21 15:44:22.811] Recibido ASCII: <SOH>y7A<CR>
[2026-08-21 15:44:22.811] Recibido HEX: 01 79 37 41 0D
[2026-08-21 15:44:23.812] Enviado: Ó | HEX: 1B 3F 35 41 0D
[2026-08-21 15:44:23.812] Recibido ASCII: <SOH>z7B<CR>
[2026-08-21 15:44:23.812] Recibido HEX: 01 7A 37 42 0D
[2026-08-21 15:44:24.813] Enviado: Ô | HEX: 1B 3F 35 41 0D
[2026-08-21 15:44:24.813] Recibido ASCII: <SOH>{7C<CR>
[2026-08-21 15:44:24.813] Recibido HEX: 01 7B 37 43 0D
[2026-08-21 15:44:25.814] Enviado: Õ | HEX: 1B 3F 35 41 0D
[2026-08-21 15:44:25.814] Recibido ASCII: <SOH>Q52<CR>
[2026-08-21 15:44:25.814] Recibido HEX: 01 51 35 32 0D
[2026-08-21 15:44:26.815] Enviado: Q | HEX: 1B 51 36 43 0D
[2026-08-21 15:44:26.815] Enviado: Ö | HEX: 1B 3F 35 41 0D
[2026-08-21 15:44:26.815] Recibido ASCII: <SOH>|7D<CR>
[2026-08-21 15:44:26.815] Recibido HEX: 01 7C 37 44 0D
[2026-08-21 15:44:27.816] Enviado: × | HEX: 1B 3F 35 41 0D
[2026-08-21 15:44:27.816] Recibido ASCII: <ESC>R6D<CR>
[2026-08-21 15:44:27.818] Recibido HEX: 1B 52 36 44 0D
[2026-08-21 15:44:28.819] Enviado: 6666'Hola'00.20:04.01 | HEX: 1B 36 36 36 36 27 48 6F 6C 61 27 30 30 2E 32 30 3A 30 34 2E 30 31 45 32 0D
[2026-08-21 15:44:28.819] Enviado: Ø | HEX: 1B 3F 35 41 0D
[2026-08-21 15:44:28.819] Recibido ASCII: <SOH>}7E<CR>
[2026-08-21 15:44:28.819] Recibido HEX: 01 7D 37 45 0D
[2026-08-21 15:44:29.820] Enviado: Ù | HEX: 1B 3F 35 41 0D
[2026-08-21 15:44:29.820] Recibido ASCII: <SOH>637<CR>
[2026-08-21 15:44:29.821] Recibido HEX: 01 36 33 37 0D
[2026-08-21 15:44:30.821] Enviado: Ú | HEX: 1B 3F 35 41 0D
[2026-08-21 15:44:30.822] Recibido ASCII: <SOH>~7F<CR>
[2026-08-21 15:44:30.822] Recibido HEX: 01 7E 37 46 0D
[2026-08-21 15:44:31.822] Enviado: Û | HEX: 1B 3F 35 41 0D
[2026-08-21 15:44:31.823] Recibido ASCII: <SOH>.80<CR>
[2026-08-21 15:44:31.823] Recibido HEX: 01 7F 38 30 0D
[2026-08-21 15:44:32.823] Enviado: Ü | HEX: 1B 3F 35 41 0D
[2026-08-21 15:44:32.824] Recibido ASCII: <SOH>?40<CR>
[2026-08-21 15:44:32.824] Recibido HEX: 01 3F 34 30 0D
[2026-08-21 15:44:33.824] Enviado: Ý | HEX: 1B 3F 35 41 0D
[2026-08-21 15:44:33.825] Recibido ASCII: <SOH>?40<CR>
[2026-08-21 15:44:33.825] Recibido HEX: 01 3F 34 30 0D
[2026-08-21 15:44:34.825] Enviado: Þ | HEX: 1B 3F 35 41 0D
[2026-08-21 15:44:34.826] Recibido ASCII: <SOH>?40<CR>
[2026-08-21 15:44:34.826] Recibido HEX: 01 3F 34 30 0D
[2026-08-21 15:44:35.827] Enviado: ß | HEX: 1B 3F 35 41 0D
[2026-08-21 15:44:35.827] Recibido ASCII: <SOH>?40<CR>
[2026-08-21 15:44:35.827] Recibido HEX: 01 3F 34 30 0D
[2026-08-21 15:44:36.828] Enviado: à | HEX: 1B 3F 35 41 0D
[2026-08-21 15:44:36.828] Recibido ASCII: <SOH>Q52<CR>
[2026-08-21 15:44:36.828] Recibido HEX: 01 51 35 32 0D
[2026-08-21 15:44:37.828] Enviado: Q | HEX: 1B 51 36 43 0D
[2026-08-21 15:44:37.829] Enviado: á | HEX: 1B 3F 35 41 0D
[2026-08-21 15:44:37.829] Recibido ASCII: <SOH>?40<CR>
[2026-08-21 15:44:37.829] Recibido HEX: 01 3F 34 30 0D
[2026-08-21 15:44:38.830] Enviado: â | HEX: 1B 3F 35 41 0D
[2026-08-21 15:44:38.830] Recibido ASCII: <ESC>R6D<CR>
[2026-08-21 15:44:38.830] Recibido HEX: 1B 52 36 44 0D
[2026-08-21 15:44:39.831] Enviado: 6666'Hola'00.20:04.01 | HEX: 1B 36 36 36 36 27 48 6F 6C 61 27 30 30 2E 32 30 3A 30 34 2E 30 31 45 32 0D
[2026-08-21 15:44:39.831] Enviado: ã | HEX: 1B 3F 35 41 0D
[2026-08-21 15:44:39.831] Recibido ASCII: <SOH>?40<CR>
[2026-08-21 15:44:39.831] Recibido HEX: 01 3F 34 30 0D
[2026-08-21 15:44:40.832] Enviado: ä | HEX: 1B 3F 35 41 0D
[2026-08-21 15:44:40.833] Recibido ASCII: <SOH>637<CR>
[2026-08-21 15:44:40.833] Recibido HEX: 01 36 33 37 0D
[2026-08-21 15:44:41.833] Enviado: å | HEX: 1B 3F 35 41 0D
[2026-08-21 15:44:41.834] Recibido ASCII: <SOH>?40<CR>
[2026-08-21 15:44:41.834] Recibido HEX: 01 3F 34 30 0D
[2026-08-21 15:44:42.834] Enviado: æ | HEX: 1B 3F 35 41 0D
[2026-08-21 15:44:42.835] Recibido ASCII: <SOH>?40<CR>
[2026-08-21 15:44:42.835] Recibido HEX: 01 3F 34 30 0D
[2026-08-21 15:44:43.835] Enviado: ç | HEX: 1B 3F 35 41 0D
[2026-08-21 15:44:43.836] Recibido ASCII: <SOH>?40<CR>
[2026-08-21 15:44:43.836] Recibido HEX: 01 3F 34 30 0D
[2026-08-21 15:44:44.836] Enviado: è | HEX: 1B 3F 35 41 0D
[2026-08-21 15:44:44.837] Recibido ASCII: <SOH>?40<CR>
[2026-08-21 15:44:44.837] Recibido HEX: 01 3F 34 30 0D
[2026-08-21 15:44:45.837] Enviado: é | HEX: 1B 3F 35 41 0D
[2026-08-21 15:44:45.837] Recibido ASCII: <SOH>?40<CR>
[2026-08-21 15:44:45.838] Recibido HEX: 01 3F 34 30 0D
[2026-08-21 15:44:46.838] Enviado: ê | HEX: 1B 3F 35 41 0D
[2026-08-21 15:44:46.838] Recibido ASCII: <SOH>?40<CR>
[2026-08-21 15:44:46.839] Recibido HEX: 01 3F 34 30 0D
[2026-08-21 15:44:47.839] Enviado: ë | HEX: 1B 3F 35 41 0D
[2026-08-21 15:44:47.839] Recibido ASCII: <SOH>?40<CR>
[2026-08-21 15:44:47.840] Recibido HEX: 01 3F 34 30 0D
[2026-08-21 15:44:48.840] Enviado: ì | HEX: 1B 3F 35 41 0D
[2026-08-21 15:44:48.841] Recibido ASCII: <SOH>Q52<CR>
[2026-08-21 15:44:48.841] Recibido HEX: 01 51 35 32 0D
[2026-08-21 15:44:49.841] Enviado: Q | HEX: 1B 51 36 43 0D
[2026-08-21 15:44:49.841] Enviado: í | HEX: 1B 3F 35 41 0D
[2026-08-21 15:44:49.842] Recibido ASCII: <SOH>?40<CR>
[2026-08-21 15:44:49.842] Recibido HEX: 01 3F 34 30 0D
[2026-08-21 15:44:50.842] Enviado: î | HEX: 1B 3F 35 41 0D
[2026-08-21 15:44:50.843] Recibido ASCII: <ESC>R6D<CR>
[2026-08-21 15:44:50.843] Recibido HEX: 1B 52 36 44 0D
[2026-08-21 15:44:51.843] Enviado: 6666'Hola'00.20:04.01 | HEX: 1B 36 36 36 36 27 48 6F 6C 61 27 30 30 2E 32 30 3A 30 34 2E 30 31 45 32 0D
[2026-08-21 15:44:51.844] Enviado: ï | HEX: 1B 3F 35 41 0D
[2026-08-21 15:44:51.844] Recibido ASCII: <SOH>?40<CR>
[2026-08-21 15:44:51.844] Recibido HEX: 01 3F 34 30 0D
[2026-08-21 15:44:52.844] Enviado: ð | HEX: 1B 3F 35 41 0D
[2026-08-21 15:44:52.845] Recibido ASCII: <SOH>637<CR>
[2026-08-21 15:44:52.845] Recibido HEX: 01 36 33 37 0D
[2026-08-21 15:44:53.845] Enviado: ñ | HEX: 1B 3F 35 41 0D
[2026-08-21 15:44:53.846] Recibido ASCII: <SOH>?40<CR>
[2026-08-21 15:44:53.846] Recibido HEX: 01 3F 34 30 0D
[2026-08-21 15:44:54.846] Enviado: ò | HEX: 1B 3F 35 41 0D
[2026-08-21 15:44:54.847] Recibido ASCII: <SOH>?40<CR>
[2026-08-21 15:44:54.847] Recibido HEX: 01 3F 34 30 0D
[2026-08-21 15:44:55.847] Enviado: ó | HEX: 1B 3F 35 41 0D
[2026-08-21 15:44:55.847] Recibido ASCII: <SOH>?40<CR>
[2026-08-21 15:44:55.848] Recibido HEX: 01 3F 34 30 0D
[2026-08-21 15:44:56.848] Enviado: ô | HEX: 1B 3F 35 41 0D
[2026-08-21 15:44:56.849] Recibido ASCII: <SOH>?40<CR>
[2026-08-21 15:44:56.849] Recibido HEX: 01 3F 34 30 0D
[2026-08-21 15:44:57.849] Enviado: õ | HEX: 1B 3F 35 41 0D
[2026-08-21 15:44:57.849] Recibido ASCII: <SOH>?40<CR>
[2026-08-21 15:44:57.850] Recibido HEX: 01 3F 34 30 0D
[2026-08-21 15:44:58.850] Enviado: ö | HEX: 1B 3F 35 41 0D
[2026-08-21 15:44:58.851] Recibido ASCII: <SOH>?40<CR>
[2026-08-21 15:44:58.851] Recibido HEX: 01 3F 34 30 0D
[2026-08-21 15:44:59.851] Enviado: ÷ | HEX: 1B 3F 35 41 0D
[2026-08-21 15:44:59.851] Recibido ASCII: <SOH>Q52<CR>
[2026-08-21 15:44:59.851] Recibido HEX: 01 51 35 32 0D
[2026-08-21 15:45:00.852] Enviado: Q | HEX: 1B 51 36 43 0D
[2026-08-21 15:45:00.852] Enviado: ø | HEX: 1B 3F 35 41 0D
[2026-08-21 15:45:00.852] Recibido ASCII: <SOH>?40<CR>
[2026-08-21 15:45:00.852] Recibido HEX: 01 3F 34 30 0D
[2026-08-21 15:45:01.853] Enviado: ù | HEX: 1B 3F 35 41 0D
[2026-08-21 15:45:01.853] Recibido ASCII: <ESC>R6D<CR>
[2026-08-21 15:45:01.853] Recibido HEX: 1B 52 36 44 0D
[2026-08-21 15:45:02.854] Enviado: 6666'Hola'00.20:04.01 | HEX: 1B 36 36 36 36 27 48 6F 6C 61 27 30 30 2E 32 30 3A 30 34 2E 30 31 45 32 0D
[2026-08-21 15:45:02.854] Enviado: ú | HEX: 1B 3F 35 41 0D
[2026-08-21 15:45:02.854] Recibido ASCII: <SOH>637<CR>
[2026-08-21 15:45:02.854] Recibido HEX: 01 36 33 37 0D
[2026-08-21 15:45:03.855] Enviado: û | HEX: 1B 3F 35 41 0D
[2026-08-21 15:45:03.855] Recibido ASCII: <SOH>?40<CR>
[2026-08-21 15:45:03.855] Recibido HEX: 01 3F 34 30 0D
[2026-08-21 15:45:04.856] Enviado: ü | HEX: 1B 3F 35 41 0D
[2026-08-21 15:45:04.856] Recibido ASCII: <SOH>Q52<CR>
[2026-08-21 15:45:04.856] Recibido HEX: 01 51 35 32 0D
[2026-08-21 15:45:05.857] Enviado: Q | HEX: 1B 51 36 43 0D
[2026-08-21 15:45:05.857] Enviado: ý | HEX: 1B 3F 35 41 0D
[2026-08-21 15:45:05.858] Recibido ASCII: <SOH>?40<CR>
[2026-08-21 15:45:05.858] Recibido HEX: 01 3F 34 30 0D
[2026-08-21 15:45:06.858] Enviado: þ | HEX: 1B 3F 35 41 0D
[2026-08-21 15:45:06.859] Recibido ASCII: <ESC>R6D<CR>
[2026-08-21 15:45:06.859] Recibido HEX: 1B 52 36 44 0D
[2026-08-21 15:45:07.860] Enviado: 6666'Hola'00.20:04.01 | HEX: 1B 36 36 36 36 27 48 6F 6C 61 27 30 30 2E 32 30 3A 30 34 2E 30 31 45 32 0D
[2026-08-21 15:45:07.860] Enviado: ÿ | HEX: 1B 3F 35 41 0D
[2026-08-21 15:45:07.860] Recibido ASCII: <SOH>637<CR>
[2026-08-21 15:45:07.860] Recibido HEX: 01 36 33 37 0D
[2026-08-21 15:45:08.861] Enviado: Ā | HEX: 1B 3F 35 41 0D
[2026-08-21 15:45:08.861] Recibido ASCII: <SOH>?40<CR>
[2026-08-21 15:45:08.861] Recibido HEX: 01 3F 34 30 0D
[2026-08-21 15:45:09.862] Enviado: ā | HEX: 1B 3F 35 41 0D
[2026-08-21 15:45:09.862] Recibido ASCII: <SOH>?40<CR>
[2026-08-21 15:45:09.862] Recibido HEX: 01 3F 34 30 0D
[2026-08-21 15:45:10.863] Enviado:  | HEX: 1B 01 31 43 0D
[2026-08-21 15:45:10.863] Recibido ASCII: <SOH>?40<CR>
[2026-08-21 15:45:10.863] Recibido HEX: 01 3F 34 30 0D
[2026-08-21 15:45:11.863] Enviado:  | HEX: 1B 02 31 44 0D
[2026-08-21 15:45:11.864] Recibido ASCII: <SOH>?40<CR>
[2026-08-21 15:45:11.864] Recibido HEX: 01 3F 34 30 0D
[2026-08-21 15:45:12.864] Enviado:  | HEX: 1B 03 31 45 0D
[2026-08-21 15:45:12.865] Recibido ASCII: <SOH>?40<CR>
[2026-08-21 15:45:12.866] Recibido HEX: 01 3F 34 30 0D
[2026-08-21 15:45:13.867] Enviado:  | HEX: 1B 04 31 46 0D
[2026-08-21 15:45:13.867] Recibido ASCII: <SOH>Q52<CR>
[2026-08-21 15:45:13.867] Recibido HEX: 01 51 35 32 0D
[2026-08-21 15:45:14.868] Enviado: Q | HEX: 1B 51 36 43 0D
[2026-08-21 15:45:14.868] Enviado:  | HEX: 1B 05 32 30 0D
[2026-08-21 15:45:14.868] Recibido ASCII: <SOH>?40<CR>
[2026-08-21 15:45:14.868] Recibido HEX: 01 3F 34 30 0D
[2026-08-21 15:45:15.869] Enviado:  | HEX: 1B 06 32 31 0D
[2026-08-21 15:45:15.869] Recibido ASCII: <ESC>R6D<CR>
[2026-08-21 15:45:15.869] Recibido HEX: 1B 52 36 44 0D
[2026-08-21 15:45:16.870] Enviado: 6666'Hola'00.20:04.01 | HEX: 1B 36 36 36 36 27 48 6F 6C 61 27 30 30 2E 32 30 3A 30 34 2E 30 31 45 32 0D
[2026-08-21 15:45:16.870] Enviado:  | HEX: 1B 07 32 32 0D
[2026-08-21 15:45:16.870] Recibido ASCII: <SOH>?40<CR>
[2026-08-21 15:45:16.870] Recibido HEX: 01 3F 34 30 0D
[2026-08-21 15:45:17.871] Enviado:  | HEX: 1B 08 32 33 0D
[2026-08-21 15:45:17.871] Recibido ASCII: <SOH>637<CR>
[2026-08-21 15:45:17.871] Recibido HEX: 01 36 33 37 0D
[2026-08-21 15:45:18.872] Enviado: 	 | HEX: 1B 09 32 34 0D
[2026-08-21 15:45:18.872] Recibido ASCII: <SOH>?40<CR>
[2026-08-21 15:45:18.872] Recibido HEX: 01 3F 34 30 0D
[2026-08-21 15:45:19.872] Enviado: 
 | HEX: 1B 0A 32 35 0D
[2026-08-21 15:45:19.873] Recibido ASCII: <SOH>?40<CR>
[2026-08-21 15:45:19.873] Recibido HEX: 01 3F 34 30 0D
[2026-08-21 15:45:20.873] Enviado:  | HEX: 1B 0B 32 36 0D
[2026-08-21 15:45:20.874] Recibido ASCII: <SOH>?40<CR>
[2026-08-21 15:45:20.874] Recibido HEX: 01 3F 34 30 0D
[2026-08-21 15:45:21.874] Enviado:  | HEX: 1B 0C 32 37 0D
[2026-08-21 15:45:21.875] Recibido ASCII: <SOH>?40<CR>
[2026-08-21 15:45:21.875] Recibido HEX: 01 3F 34 30 0D
[2026-08-21 15:45:22.875] Enviado: 
 | HEX: 1B 0D 32 38 0D
[2026-08-21 15:45:22.876] Recibido ASCII: <SOH>?40<CR>
[2026-08-21 15:45:22.876] Recibido HEX: 01 3F 34 30 0D
[2026-08-21 15:45:23.876] Enviado:  | HEX: 1B 0E 32 39 0D
[2026-08-21 15:45:23.876] Recibido ASCII: <SOH>?40<CR>
[2026-08-21 15:45:23.876] Recibido HEX: 01 3F 34 30 0D
[2026-08-21 15:45:24.877] Enviado:  | HEX: 1B 0F 32 41 0D
[2026-08-21 15:45:24.877] Recibido ASCII: <SOH>?40<CR>
[2026-08-21 15:45:24.877] Recibido HEX: 01 3F 34 30 0D
[2026-08-21 15:45:25.878] Enviado:  | HEX: 1B 10 32 42 0D
[2026-08-21 15:45:25.878] Recibido ASCII: <SOH>?40<CR>
[2026-08-21 15:45:25.878] Recibido HEX: 01 3F 34 30 0D
[2026-08-21 15:45:26.879] Enviado:  | HEX: 1B 11 32 43 0D
[2026-08-21 15:45:26.879] Recibido ASCII: <SOH>?40<CR>
[2026-08-21 15:45:26.879] Recibido HEX: 01 3F 34 30 0D
[2026-08-21 15:45:27.880] Enviado:  | HEX: 1B 12 32 44 0D
[2026-08-21 15:45:27.880] Recibido ASCII: <ESC>R6D<CR>
[2026-08-21 15:45:27.880] Recibido HEX: 1B 52 36 44 0D
[2026-08-21 15:45:28.881] Enviado: 6666'Hola'00.20:04.01 | HEX: 1B 36 36 36 36 27 48 6F 6C 61 27 30 30 2E 32 30 3A 30 34 2E 30 31 45 32 0D
[2026-08-21 15:45:28.881] Enviado:  | HEX: 1B 13 32 45 0D
[2026-08-21 15:45:28.881] Recibido ASCII: <SOH>Q52<CR>
[2026-08-21 15:45:28.881] Recibido HEX: 01 51 35 32 0D
[2026-08-21 15:45:29.882] Enviado: Q | HEX: 1B 51 36 43 0D
[2026-08-21 15:45:29.882] Enviado:  | HEX: 1B 14 32 46 0D
[2026-08-21 15:45:29.882] Recibido ASCII: <SOH>?40<CR>
[2026-08-21 15:45:29.882] Recibido HEX: 01 3F 34 30 0D
[2026-08-21 15:45:30.883] Enviado:  | HEX: 1B 15 33 30 0D
[2026-08-21 15:45:30.883] Recibido ASCII: <ESC>R6D<CR>
[2026-08-21 15:45:30.883] Recibido HEX: 1B 52 36 44 0D
[2026-08-21 15:45:31.884] Enviado: 6666'Hola'00.20:04.01 | HEX: 1B 36 36 36 36 27 48 6F 6C 61 27 30 30 2E 32 30 3A 30 34 2E 30 31 45 32 0D
[2026-08-21 15:45:31.884] Enviado:  | HEX: 1B 16 33 31 0D
[2026-08-21 15:45:31.884] Recibido ASCII: <SOH>?40<CR>
[2026-08-21 15:45:31.884] Recibido HEX: 01 3F 34 30 0D
[2026-08-21 15:45:32.885] Enviado:  | HEX: 1B 17 33 32 0D
[2026-08-21 15:45:32.885] Recibido ASCII: <SOH>637<CR>
[2026-08-21 15:45:32.887] Recibido HEX: 01 36 33 37 0D
[2026-08-21 15:45:33.888] Enviado:  | HEX: 1B 18 33 33 0D
[2026-08-21 15:45:33.888] Recibido ASCII: <SOH>?40<CR>
[2026-08-21 15:45:33.888] Recibido HEX: 01 3F 34 30 0D
[2026-08-21 15:45:34.889] Enviado:  | HEX: 1B 19 33 34 0D
[2026-08-21 15:45:34.889] Recibido ASCII: <SOH>?40<CR>
[2026-08-21 15:45:34.889] Recibido HEX: 01 3F 34 30 0D
[2026-08-21 15:45:35.889] Enviado:  | HEX: 1B 1A 33 35 0D
[2026-08-21 15:45:35.890] Recibido ASCII: <SOH>?40<CR>
[2026-08-21 15:45:35.890] Recibido HEX: 01 3F 34 30 0D
[2026-08-21 15:45:36.890] Enviado:  | HEX: 1B 1B 33 36 0D
[2026-08-21 15:45:36.890] Recibido ASCII: <SOH>?40<CR>
[2026-08-21 15:45:36.891] Recibido HEX: 01 3F 34 30 0D
[2026-08-21 15:45:37.891] Enviado:  | HEX: 1B 1C 33 37 0D
[2026-08-21 15:45:37.892] Recibido ASCII: <SOH>Q52<CR>
[2026-08-21 15:45:37.892] Recibido HEX: 01 51 35 32 0D
[2026-08-21 15:45:38.892] Enviado: Q | HEX: 1B 51 36 43 0D
[2026-08-21 15:45:38.892] Enviado:  | HEX: 1B 1D 33 38 0D
[2026-08-21 15:45:38.893] Recibido ASCII: <SOH>?40<CR>
[2026-08-21 15:45:38.893] Recibido HEX: 01 3F 34 30 0D
[2026-08-21 15:45:39.893] Enviado:  | HEX: 1B 1E 33 39 0D
[2026-08-21 15:45:39.893] Recibido ASCII: <ESC>R6D<CR>
[2026-08-21 15:45:39.893] Recibido HEX: 1B 52 36 44 0D
[2026-08-21 15:45:40.894] Enviado: 6666'Hola'00.20:04.01 | HEX: 1B 36 36 36 36 27 48 6F 6C 61 27 30 30 2E 32 30 3A 30 34 2E 30 31 45 32 0D
[2026-08-21 15:45:40.894] Enviado:  | HEX: 1B 1F 33 41 0D
[2026-08-21 15:45:40.894] Recibido ASCII: <SOH>?40<CR>
[2026-08-21 15:45:40.894] Recibido HEX: 01 3F 34 30 0D
[2026-08-21 15:45:41.895] Enviado:   | HEX: 1B 20 33 42 0D
[2026-08-21 15:45:41.895] Recibido ASCII: <SOH>637<CR>
[2026-08-21 15:45:41.895] Recibido HEX: 01 36 33 37 0D
[2026-08-21 15:45:42.896] Enviado: ! | HEX: 1B 21 33 43 0D
[2026-08-21 15:45:42.896] Recibido ASCII: <SOH>?40<CR>
[2026-08-21 15:45:42.896] Recibido HEX: 01 3F 34 30 0D
[2026-08-21 15:45:43.897] Enviado: " | HEX: 1B 22 33 44 0D
[2026-08-21 15:45:43.897] Recibido ASCII: <SOH>?40<CR>
[2026-08-21 15:45:43.897] Recibido HEX: 01 3F 34 30 0D
[2026-08-21 15:45:44.898] Enviado: # | HEX: 1B 23 33 45 0D
[2026-08-21 15:45:44.898] Recibido ASCII: <SOH>?40<CR>
[2026-08-21 15:45:44.898] Recibido HEX: 01 3F 34 30 0D
[2026-08-21 15:45:45.898] Enviado: $ | HEX: 1B 24 33 46 0D
[2026-08-21 15:45:45.898] Recibido ASCII: <SOH>?40<CR>
[2026-08-21 15:45:45.899] Recibido HEX: 01 3F 34 30 0D
[2026-08-21 15:45:46.899] Enviado: % | HEX: 1B 25 34 30 0D
[2026-08-21 15:45:46.899] Recibido ASCII: <SOH>?40<CR>
[2026-08-21 15:45:46.899] Recibido HEX: 01 3F 34 30 0D
[2026-08-21 15:45:47.900] Enviado: & | HEX: 1B 26 34 31 0D
[2026-08-21 15:45:47.900] Recibido ASCII: <SOH>?40<CR>
[2026-08-21 15:45:47.900] Recibido HEX: 01 3F 34 30 0D
[2026-08-21 15:45:48.901] Enviado: ' | HEX: 1B 27 34 32 0D
[2026-08-21 15:45:48.901] Recibido ASCII: <SOH>Q52<CR>
[2026-08-21 15:45:48.901] Recibido HEX: 01 51 35 32 0D
[2026-08-21 15:45:49.902] Enviado: Q | HEX: 1B 51 36 43 0D
[2026-08-21 15:45:49.902] Enviado: ( | HEX: 1B 28 34 33 0D
[2026-08-21 15:45:49.902] Recibido ASCII: <SOH>?40<CR>
[2026-08-21 15:45:49.902] Recibido HEX: 01 3F 34 30 0D
[2026-08-21 15:45:50.903] Enviado: ) | HEX: 1B 29 34 34 0D
[2026-08-21 15:45:50.903] Recibido ASCII: <ESC>R6D<CR>
[2026-08-21 15:45:50.903] Recibido HEX: 1B 52 36 44 0D
[2026-08-21 15:45:51.904] Enviado: 6666'Hola'00.20:04.01 | HEX: 1B 36 36 36 36 27 48 6F 6C 61 27 30 30 2E 32 30 3A 30 34 2E 30 31 45 32 0D
[2026-08-21 15:45:51.904] Enviado: * | HEX: 1B 2A 34 35 0D
[2026-08-21 15:45:51.904] Recibido ASCII: <SOH>?40<CR>
[2026-08-21 15:45:51.904] Recibido HEX: 01 3F 34 30 0D
[2026-08-21 15:45:52.905] Enviado: + | HEX: 1B 2B 34 36 0D
[2026-08-21 15:45:52.905] Recibido ASCII: <SOH>637<CR>
[2026-08-21 15:45:52.905] Recibido HEX: 01 36 33 37 0D
[2026-08-21 15:45:53.905] Enviado: , | HEX: 1B 2C 34 37 0D
[2026-08-21 15:45:53.905] Recibido ASCII: <SOH>?40<CR>
[2026-08-21 15:45:53.905] Recibido HEX: 01 3F 34 30 0D
[2026-08-21 15:48:29.964] Iniciando comunicación con Atlan A350 XL (8E1)...
[2026-08-21 15:48:29.969] Enviado: Q | HEX: 1B 51 36 43 0D
[2026-08-21 15:48:29.974] Enviado: R | HEX: 1B 52 36 44 0D
[2026-08-21 15:48:29.975] Enviado: 6666'Hola'00.20:04.01 | HEX: 1B 36 36 36 36 27 48 6F 6C 61 27 30 30 2E 32 30 3A 30 34 2E 30 31 45 32 0D
[2026-08-21 15:48:30.977] Enviado:  | HEX: 1B 01 31 43 0D
[2026-08-21 15:48:31.978] Enviado:  | HEX: 1B 02 31 44 0D
[2026-08-21 15:48:32.979] Enviado:  | HEX: 1B 03 31 45 0D
[2026-08-21 15:48:33.981] Enviado:  | HEX: 1B 04 31 46 0D
[2026-08-21 15:48:34.982] Enviado:  | HEX: 1B 05 32 30 0D
[2026-08-21 15:48:35.983] Enviado:  | HEX: 1B 06 32 31 0D
[2026-08-21 15:48:36.985] Enviado:  | HEX: 1B 07 32 32 0D
[2026-08-21 15:48:37.986] Enviado:  | HEX: 1B 08 32 33 0D
[2026-08-21 15:48:38.987] Enviado: 	 | HEX: 1B 09 32 34 0D
[2026-08-21 15:48:39.989] Enviado: 
 | HEX: 1B 0A 32 35 0D
[2026-08-21 15:48:40.990] Enviado:  | HEX: 1B 0B 32 36 0D
[2026-08-21 15:48:41.991] Enviado:  | HEX: 1B 0C 32 37 0D
[2026-08-21 15:48:42.993] Enviado: 
 | HEX: 1B 0D 32 38 0D
[2026-08-21 15:48:43.994] Enviado:  | HEX: 1B 0E 32 39 0D
[2026-08-21 15:48:44.995] Enviado:  | HEX: 1B 0F 32 41 0D
[2026-08-21 15:48:45.996] Enviado:  | HEX: 1B 10 32 42 0D
[2026-08-21 15:48:46.998] Enviado:  | HEX: 1B 11 32 43 0D
[2026-08-21 15:48:47.999] Enviado:  | HEX: 1B 12 32 44 0D
[2026-08-21 15:48:49.000] Enviado:  | HEX: 1B 13 32 45 0D
[2026-08-21 15:48:50.001] Enviado:  | HEX: 1B 14 32 46 0D
[2026-08-21 15:48:51.002] Enviado:  | HEX: 1B 15 33 30 0D
[2026-08-21 15:48:52.003] Enviado:  | HEX: 1B 16 33 31 0D
[2026-08-21 15:48:53.005] Enviado:  | HEX: 1B 17 33 32 0D
[2026-08-21 15:48:54.006] Enviado:  | HEX: 1B 18 33 33 0D
[2026-08-21 15:48:55.007] Enviado:  | HEX: 1B 19 33 34 0D
[2026-08-21 15:48:56.008] Enviado:  | HEX: 1B 1A 33 35 0D
[2026-08-21 15:48:57.009] Enviado:  | HEX: 1B 1B 33 36 0D
[2026-08-21 15:48:58.011] Enviado:  | HEX: 1B 1C 33 37 0D
[2026-08-21 15:48:59.012] Enviado:  | HEX: 1B 1D 33 38 0D
[2026-08-21 15:49:00.013] Enviado:  | HEX: 1B 1E 33 39 0D
[2026-08-21 15:49:01.014] Enviado:  | HEX: 1B 1F 33 41 0D
[2026-08-21 15:49:02.015] Enviado:   | HEX: 1B 20 33 42 0D
[2026-08-21 15:49:03.017] Enviado: ! | HEX: 1B 21 33 43 0D
[2026-08-21 15:49:04.018] Enviado: " | HEX: 1B 22 33 44 0D
[2026-08-21 15:49:05.019] Enviado: # | HEX: 1B 23 33 45 0D
[2026-08-21 15:49:06.020] Enviado: $ | HEX: 1B 24 33 46 0D
[2026-08-21 15:49:07.021] Enviado: % | HEX: 1B 25 34 30 0D
[2026-08-21 15:49:08.023] Enviado: & | HEX: 1B 26 34 31 0D
[2026-08-21 15:49:09.024] Enviado: ' | HEX: 1B 27 34 32 0D
[2026-08-21 15:49:10.025] Enviado: ( | HEX: 1B 28 34 33 0D
[2026-08-21 15:49:11.027] Enviado: ) | HEX: 1B 29 34 34 0D
[2026-08-21 15:49:12.028] Enviado: * | HEX: 1B 2A 34 35 0D
[2026-08-21 15:49:13.029] Enviado: + | HEX: 1B 2B 34 36 0D
[2026-08-21 15:49:14.031] Enviado: , | HEX: 1B 2C 34 37 0D
[2026-08-21 15:49:15.032] Enviado: - | HEX: 1B 2D 34 38 0D
[2026-08-21 15:49:16.033] Enviado: . | HEX: 1B 2E 34 39 0D
[2026-08-21 15:49:17.034] Enviado: / | HEX: 1B 2F 34 41 0D
[2026-08-21 15:49:18.036] Enviado: 0 | HEX: 1B 30 34 42 0D
[2026-08-21 15:49:19.037] Enviado: 1 | HEX: 1B 31 34 43 0D
[2026-08-21 15:49:20.038] Enviado: 2 | HEX: 1B 32 34 44 0D
[2026-08-21 15:49:21.039] Enviado: 3 | HEX: 1B 33 34 45 0D
[2026-08-21 15:49:22.041] Enviado: 4 | HEX: 1B 34 34 46 0D
[2026-08-21 15:49:23.042] Enviado: 5 | HEX: 1B 35 35 30 0D
[2026-08-21 15:49:24.043] Enviado: 6 | HEX: 1B 36 35 31 0D
[2026-08-21 15:49:25.045] Enviado: 7 | HEX: 1B 37 35 32 0D
[2026-08-21 15:49:26.046] Enviado: 8 | HEX: 1B 38 35 33 0D
[2026-08-21 15:49:27.047] Enviado: 9 | HEX: 1B 39 35 34 0D
[2026-08-21 15:49:28.048] Enviado: : | HEX: 1B 3A 35 35 0D
[2026-08-21 15:49:29.050] Enviado: ; | HEX: 1B 3B 35 36 0D
[2026-08-21 15:49:30.051] Enviado: < | HEX: 1B 3C 35 37 0D
[2026-08-21 15:49:31.052] Enviado: = | HEX: 1B 3D 35 38 0D
[2026-08-21 15:49:32.054] Enviado: > | HEX: 1B 3E 35 39 0D
[2026-08-21 15:49:33.055] Enviado: ? | HEX: 1B 3F 35 41 0D
[2026-08-21 15:49:34.056] Enviado: @ | HEX: 1B 40 35 42 0D
[2026-08-21 15:49:35.057] Enviado: A | HEX: 1B 41 35 43 0D
[2026-08-21 15:49:36.058] Enviado: B | HEX: 1B 42 35 44 0D
[2026-08-21 15:49:37.059] Enviado: C | HEX: 1B 43 35 45 0D
[2026-08-21 15:49:38.060] Enviado: D | HEX: 1B 44 35 46 0D
[2026-08-21 15:49:39.061] Enviado: E | HEX: 1B 45 36 30 0D
[2026-08-21 15:49:40.063] Enviado: F | HEX: 1B 46 36 31 0D
[2026-08-21 15:49:41.064] Enviado: G | HEX: 1B 47 36 32 0D
[2026-08-21 15:49:42.065] Enviado: H | HEX: 1B 48 36 33 0D
[2026-08-21 15:49:43.066] Enviado: I | HEX: 1B 49 36 34 0D
[2026-08-21 15:49:44.068] Enviado: J | HEX: 1B 4A 36 35 0D
[2026-08-21 15:49:45.069] Enviado: K | HEX: 1B 4B 36 36 0D
[2026-08-21 15:49:46.070] Enviado: L | HEX: 1B 4C 36 37 0D
[2026-08-21 15:49:47.071] Enviado: M | HEX: 1B 4D 36 38 0D
[2026-08-21 15:49:48.073] Enviado: N | HEX: 1B 4E 36 39 0D
[2026-08-21 15:49:49.074] Enviado: O | HEX: 1B 4F 36 41 0D
[2026-08-21 15:49:50.075] Enviado: P | HEX: 1B 50 36 42 0D
[2026-08-21 15:49:51.077] Enviado: Q | HEX: 1B 51 36 43 0D
[2026-08-21 15:49:52.078] Enviado: R | HEX: 1B 52 36 44 0D
[2026-08-21 15:49:53.079] Enviado: S | HEX: 1B 53 36 45 0D
[2026-08-21 15:49:54.080] Enviado: T | HEX: 1B 54 36 46 0D
[2026-08-21 15:49:55.081] Enviado: U | HEX: 1B 55 37 30 0D
[2026-08-21 15:49:56.082] Enviado: V | HEX: 1B 56 37 31 0D
[2026-08-21 15:49:57.084] Enviado: W | HEX: 1B 57 37 32 0D
[2026-08-21 15:49:58.085] Enviado: X | HEX: 1B 58 37 33 0D
[2026-08-21 15:49:59.086] Enviado: Y | HEX: 1B 59 37 34 0D
[2026-08-21 15:50:00.087] Enviado: Z | HEX: 1B 5A 37 35 0D
[2026-08-21 15:50:01.088] Enviado: [ | HEX: 1B 5B 37 36 0D
[2026-08-21 15:50:02.090] Enviado: \ | HEX: 1B 5C 37 37 0D
[2026-08-21 15:50:03.091] Enviado: ] | HEX: 1B 5D 37 38 0D
[2026-08-21 15:50:04.092] Enviado: ^ | HEX: 1B 5E 37 39 0D
[2026-08-21 15:50:05.093] Enviado: _ | HEX: 1B 5F 37 41 0D
[2026-08-21 15:50:06.094] Enviado: ` | HEX: 1B 60 37 42 0D
[2026-08-21 15:50:07.094] Enviado: a | HEX: 1B 61 37 43 0D
[2026-08-21 15:50:08.095] Enviado: b | HEX: 1B 62 37 44 0D
[2026-08-21 15:50:09.096] Enviado: c | HEX: 1B 63 37 45 0D
[2026-08-21 15:50:10.097] Enviado: d | HEX: 1B 64 37 46 0D
[2026-08-21 15:50:11.098] Enviado: e | HEX: 1B 65 38 30 0D
[2026-08-21 15:50:12.099] Enviado: f | HEX: 1B 66 38 31 0D
[2026-08-21 15:50:13.099] Enviado: g | HEX: 1B 67 38 32 0D
[2026-08-21 15:50:14.100] Enviado: h | HEX: 1B 68 38 33 0D
[2026-08-21 15:50:15.101] Enviado: i | HEX: 1B 69 38 34 0D
[2026-08-21 15:50:16.102] Enviado: j | HEX: 1B 6A 38 35 0D
[2026-08-21 15:50:17.103] Enviado: k | HEX: 1B 6B 38 36 0D
[2026-08-21 15:50:18.104] Enviado: l | HEX: 1B 6C 38 37 0D
[2026-08-21 15:50:19.105] Enviado: m | HEX: 1B 6D 38 38 0D
[2026-08-21 15:54:20.715] Iniciando comunicación con Atlan A350 XL (8E1)...
[2026-08-21 15:54:20.720] Enviado: Q | HEX: 1B 51 36 43 0D
[2026-08-21 15:54:20.725] Enviado: R | HEX: 1B 52 36 44 0D
[2026-08-21 15:54:20.725] Enviado: 6666'Hola'00.20:04.01 | HEX: 1B 36 36 36 36 27 48 6F 6C 61 27 30 30 2E 32 30 3A 30 34 2E 30 31 45 32 0D
[2026-08-21 15:54:21.727] Enviado:  | HEX: 1B 01 31 43 0D
[2026-08-21 15:54:21.730] Recibido ASCII: ������
[2026-08-21 15:54:21.731] Recibido HEX: B3 8D 93 B3 8D 93
[2026-08-21 15:54:22.732] Enviado:  | HEX: 1B 02 31 44 0D
[2026-08-21 15:54:23.733] Enviado:  | HEX: 1B 03 31 45 0D
[2026-08-21 15:54:23.734] Recibido ASCII: ���
[2026-08-21 15:54:23.734] Recibido HEX: B3 8D 93
[2026-08-21 15:54:24.735] Enviado:  | HEX: 1B 04 31 46 0D
[2026-08-21 15:54:25.737] Enviado:  | HEX: 1B 05 32 30 0D
[2026-08-21 15:54:25.737] Recibido ASCII: ���
[2026-08-21 15:54:25.737] Recibido HEX: B3 8D 93
[2026-08-21 15:54:26.738] Enviado:  | HEX: 1B 06 32 31 0D
[2026-08-21 15:54:26.739] Recibido ASCII: ���
[2026-08-21 15:54:26.739] Recibido HEX: B3 8D 93
[2026-08-21 15:54:27.740] Enviado:  | HEX: 1B 07 32 32 0D
[2026-08-21 15:54:27.740] Recibido ASCII: ���
[2026-08-21 15:54:27.742] Recibido HEX: B3 8D 93
[2026-08-21 15:54:28.744] Enviado:  | HEX: 1B 08 32 33 0D
[2026-08-21 15:54:28.744] Recibido ASCII: ���
[2026-08-21 15:54:28.744] Recibido HEX: B3 8D 93
[2026-08-21 15:54:29.745] Enviado: 	 | HEX: 1B 09 32 34 0D
[2026-08-21 15:54:30.747] Enviado: 
 | HEX: 1B 0A 32 35 0D
[2026-08-21 15:54:30.747] Recibido ASCII: ���
[2026-08-21 15:54:30.747] Recibido HEX: B3 8D 93
[2026-08-21 15:54:31.748] Enviado:  | HEX: 1B 0B 32 36 0D
[2026-08-21 15:54:31.749] Recibido ASCII: ���
[2026-08-21 15:54:31.749] Recibido HEX: B3 8D 93
[2026-08-21 15:54:32.750] Enviado:  | HEX: 1B 0C 32 37 0D
[2026-08-21 15:54:32.750] Recibido ASCII: ���
[2026-08-21 15:54:32.752] Recibido HEX: B3 8D 93
[2026-08-21 15:54:33.753] Enviado: 
 | HEX: 1B 0D 32 38 0D
[2026-08-21 15:54:34.754] Enviado:  | HEX: 1B 0E 32 39 0D
[2026-08-21 15:54:34.755] Recibido ASCII: ���
[2026-08-21 15:54:34.755] Recibido HEX: B3 8D 93
[2026-08-21 15:54:35.756] Enviado:  | HEX: 1B 0F 32 41 0D
[2026-08-21 15:54:36.757] Enviado:  | HEX: 1B 10 32 42 0D
[2026-08-21 15:54:37.758] Enviado:  | HEX: 1B 11 32 43 0D
[2026-08-21 15:54:37.759] Recibido ASCII: ���
[2026-08-21 15:54:37.759] Recibido HEX: B3 8D 93
[2026-08-21 15:54:38.761] Enviado:  | HEX: 1B 12 32 44 0D
[2026-08-21 15:54:38.762] Recibido ASCII: ���
[2026-08-21 15:54:38.762] Recibido HEX: B3 8D 93
[2026-08-21 15:54:39.763] Enviado:  | HEX: 1B 13 32 45 0D
[2026-08-21 15:54:39.764] Recibido ASCII: ���
[2026-08-21 15:54:39.764] Recibido HEX: B3 8D 93
[2026-08-21 16:00:41.893] Iniciando comunicación con Atlan A350 XL (8E1)...
[2026-08-21 16:00:41.898] Enviado: Q | HEX: 1B 51 36 43 0D
[2026-08-21 16:00:41.900] Recibido ASCII: .�
[2026-08-21 16:00:41.901] Recibido HEX: 00 93
[2026-08-21 16:00:41.905] Enviado: R | HEX: 1B 52 36 44 0D
[2026-08-21 16:00:41.906] Enviado: 6666'Hola'00.20:04.01 | HEX: 1B 36 36 36 36 27 48 6F 6C 61 27 30 30 2E 32 30 3A 30 34 2E 30 31 45 32 0D
[2026-08-21 16:00:42.907] Enviado: $ | HEX: 1B 24 33 46 0D
[2026-08-21 16:00:42.908] Recibido ASCII: ���
[2026-08-21 16:00:42.908] Recibido HEX: B3 8D 93
[2026-08-21 16:00:42.908] Enviado: % | HEX: 1B 25 34 30 0D
[2026-08-21 16:00:42.909] Enviado: & | HEX: 1B 26 34 31 0D
[2026-08-21 16:00:42.909] Enviado: + | HEX: 1B 2B 34 36 0D
[2026-08-21 16:00:42.909] Enviado: , | HEX: 1B 2C 34 37 0D
[2026-08-21 16:00:42.909] Enviado: - | HEX: 1B 2D 34 38 0D
[2026-08-21 16:00:43.910] Enviado: $ | HEX: 1B 24 33 46 0D
[2026-08-21 16:00:43.911] Recibido ASCII: ���
[2026-08-21 16:00:43.911] Recibido HEX: B3 8D 93
[2026-08-21 16:00:43.912] Enviado: % | HEX: 1B 25 34 30 0D
[2026-08-21 16:00:43.912] Enviado: & | HEX: 1B 26 34 31 0D
[2026-08-21 16:00:43.912] Enviado: + | HEX: 1B 2B 34 36 0D
[2026-08-21 16:00:43.913] Enviado: , | HEX: 1B 2C 34 37 0D
[2026-08-21 16:00:43.913] Enviado: - | HEX: 1B 2D 34 38 0D
[2026-08-21 16:00:44.914] Enviado: $ | HEX: 1B 24 33 46 0D
[2026-08-21 16:00:44.915] Recibido ASCII: ���
[2026-08-21 16:00:44.915] Recibido HEX: B3 8D 93
[2026-08-21 16:00:44.915] Enviado: % | HEX: 1B 25 34 30 0D
[2026-08-21 16:00:44.915] Enviado: & | HEX: 1B 26 34 31 0D
[2026-08-21 16:00:44.916] Enviado: + | HEX: 1B 2B 34 36 0D
[2026-08-21 16:00:44.916] Enviado: , | HEX: 1B 2C 34 37 0D
[2026-08-21 16:00:44.916] Enviado: - | HEX: 1B 2D 34 38 0D
[2026-08-21 16:00:45.917] Enviado: $ | HEX: 1B 24 33 46 0D
[2026-08-21 16:00:45.918] Recibido ASCII: ���
[2026-08-21 16:00:45.918] Recibido HEX: B3 8D 93
[2026-08-21 16:00:45.918] Enviado: % | HEX: 1B 25 34 30 0D
[2026-08-21 16:00:45.918] Enviado: & | HEX: 1B 26 34 31 0D
[2026-08-21 16:00:45.919] Enviado: + | HEX: 1B 2B 34 36 0D
[2026-08-21 16:00:45.919] Enviado: , | HEX: 1B 2C 34 37 0D
[2026-08-21 16:00:45.919] Enviado: - | HEX: 1B 2D 34 38 0D
[2026-08-21 16:00:46.920] Enviado: $ | HEX: 1B 24 33 46 0D
[2026-08-21 16:00:46.921] Recibido ASCII: ���
[2026-08-21 16:00:46.921] Recibido HEX: B3 8D 93
[2026-08-21 16:00:46.922] Enviado: % | HEX: 1B 25 34 30 0D
[2026-08-21 16:00:46.922] Enviado: & | HEX: 1B 26 34 31 0D
[2026-08-21 16:00:46.922] Enviado: + | HEX: 1B 2B 34 36 0D
[2026-08-21 16:00:46.922] Enviado: , | HEX: 1B 2C 34 37 0D
[2026-08-21 16:00:46.923] Enviado: - | HEX: 1B 2D 34 38 0D
[2026-08-21 16:01:19.959] Iniciando comunicación con Atlan A350 XL (8E1)...
[2026-08-21 16:01:19.964] Enviado: Q | HEX: 1B 51 36 43 0D
[2026-08-21 16:01:19.969] Enviado: R | HEX: 1B 52 36 44 0D
[2026-08-21 16:01:19.969] Enviado: 6666'Hola'00.20:04.01 | HEX: 1B 36 36 36 36 27 48 6F 6C 61 27 30 30 2E 32 30 3A 30 34 2E 30 31 45 32 0D
[2026-08-21 16:01:20.971] Enviado: $ | HEX: 1B 24 33 46 0D
[2026-08-21 16:01:20.973] Recibido ASCII: ���
[2026-08-21 16:01:20.974] Recibido HEX: B3 8D 93
[2026-08-21 16:01:20.974] Enviado: % | HEX: 1B 25 34 30 0D
[2026-08-21 16:01:20.974] Enviado: & | HEX: 1B 26 34 31 0D
[2026-08-21 16:01:20.975] Enviado: + | HEX: 1B 2B 34 36 0D
[2026-08-21 16:01:20.975] Enviado: , | HEX: 1B 2C 34 37 0D
[2026-08-21 16:01:20.975] Enviado: - | HEX: 1B 2D 34 38 0D
[2026-08-21 16:01:21.976] Enviado: $ | HEX: 1B 24 33 46 0D
[2026-08-21 16:01:21.977] Recibido ASCII: ���
[2026-08-21 16:01:21.977] Recibido HEX: B3 8D 93
[2026-08-21 16:01:21.978] Enviado: % | HEX: 1B 25 34 30 0D
[2026-08-21 16:01:21.978] Enviado: & | HEX: 1B 26 34 31 0D
[2026-08-21 16:01:21.978] Enviado: + | HEX: 1B 2B 34 36 0D
[2026-08-21 16:01:21.979] Enviado: , | HEX: 1B 2C 34 37 0D
[2026-08-21 16:01:21.979] Enviado: - | HEX: 1B 2D 34 38 0D
[2026-08-21 16:01:22.980] Enviado: $ | HEX: 1B 24 33 46 0D
[2026-08-21 16:01:22.980] Recibido ASCII: ���
[2026-08-21 16:01:22.981] Recibido HEX: B3 8D 93
[2026-08-21 16:01:22.981] Enviado: % | HEX: 1B 25 34 30 0D
[2026-08-21 16:01:22.982] Enviado: & | HEX: 1B 26 34 31 0D
[2026-08-21 16:01:22.982] Enviado: + | HEX: 1B 2B 34 36 0D
[2026-08-21 16:01:22.982] Enviado: , | HEX: 1B 2C 34 37 0D
[2026-08-21 16:01:22.983] Enviado: - | HEX: 1B 2D 34 38 0D
[2026-08-21 16:01:23.983] Enviado: $ | HEX: 1B 24 33 46 0D
[2026-08-21 16:01:23.984] Recibido ASCII: ���
[2026-08-21 16:01:23.984] Recibido HEX: B3 8D 93
[2026-08-21 16:01:23.985] Enviado: % | HEX: 1B 25 34 30 0D
[2026-08-21 16:01:23.985] Enviado: & | HEX: 1B 26 34 31 0D
[2026-08-21 16:01:23.985] Enviado: + | HEX: 1B 2B 34 36 0D
[2026-08-21 16:01:23.986] Enviado: , | HEX: 1B 2C 34 37 0D
[2026-08-21 16:01:23.986] Enviado: - | HEX: 1B 2D 34 38 0D
[2026-08-21 16:01:24.987] Enviado: $ | HEX: 1B 24 33 46 0D
[2026-08-21 16:01:24.987] Recibido ASCII: ���
[2026-08-21 16:01:24.987] Recibido HEX: B3 8D 93
[2026-08-21 16:01:24.988] Enviado: % | HEX: 1B 25 34 30 0D
[2026-08-21 16:01:24.988] Enviado: & | HEX: 1B 26 34 31 0D
[2026-08-21 16:01:24.989] Enviado: + | HEX: 1B 2B 34 36 0D
[2026-08-21 16:01:24.989] Enviado: , | HEX: 1B 2C 34 37 0D
[2026-08-21 16:01:24.989] Enviado: - | HEX: 1B 2D 34 38 0D
[2026-08-21 16:01:25.990] Enviado: $ | HEX: 1B 24 33 46 0D
[2026-08-21 16:01:25.991] Recibido ASCII: ���
[2026-08-21 16:01:25.991] Recibido HEX: B3 8D 93
[2026-08-21 16:01:25.992] Enviado: % | HEX: 1B 25 34 30 0D
[2026-08-21 16:01:25.992] Enviado: & | HEX: 1B 26 34 31 0D
[2026-08-21 16:01:25.992] Enviado: + | HEX: 1B 2B 34 36 0D
[2026-08-21 16:01:25.992] Enviado: , | HEX: 1B 2C 34 37 0D
[2026-08-21 16:01:25.993] Enviado: - | HEX: 1B 2D 34 38 0D
[2026-08-21 16:01:26.994] Enviado: $ | HEX: 1B 24 33 46 0D
[2026-08-21 16:01:26.994] Recibido ASCII: ���
[2026-08-21 16:01:26.994] Recibido HEX: B3 8D 93
[2026-08-21 16:01:26.995] Enviado: % | HEX: 1B 25 34 30 0D
[2026-08-21 16:01:26.995] Enviado: & | HEX: 1B 26 34 31 0D
[2026-08-21 16:01:26.996] Enviado: + | HEX: 1B 2B 34 36 0D
[2026-08-21 16:01:26.996] Enviado: , | HEX: 1B 2C 34 37 0D
[2026-08-21 16:01:26.996] Enviado: - | HEX: 1B 2D 34 38 0D
[2026-08-21 16:01:27.997] Enviado: $ | HEX: 1B 24 33 46 0D
[2026-08-21 16:01:27.997] Recibido ASCII: ���
[2026-08-21 16:01:27.998] Recibido HEX: B3 8D 93
[2026-08-21 16:01:27.998] Enviado: % | HEX: 1B 25 34 30 0D
[2026-08-21 16:01:27.999] Enviado: & | HEX: 1B 26 34 31 0D
[2026-08-21 16:01:27.999] Enviado: + | HEX: 1B 2B 34 36 0D
[2026-08-21 16:01:27.999] Enviado: , | HEX: 1B 2C 34 37 0D
[2026-08-21 16:01:27.999] Enviado: - | HEX: 1B 2D 34 38 0D
[2026-08-21 16:01:29.000] Enviado: $ | HEX: 1B 24 33 46 0D
[2026-08-21 16:01:29.001] Recibido ASCII: ���
[2026-08-21 16:01:29.001] Recibido HEX: B3 8D 93
[2026-08-21 16:01:29.001] Enviado: % | HEX: 1B 25 34 30 0D
[2026-08-21 16:01:29.001] Enviado: & | HEX: 1B 26 34 31 0D
[2026-08-21 16:01:29.002] Enviado: + | HEX: 1B 2B 34 36 0D
[2026-08-21 16:01:29.002] Enviado: , | HEX: 1B 2C 34 37 0D
[2026-08-21 16:01:29.002] Enviado: - | HEX: 1B 2D 34 38 0D
[2026-08-21 16:01:30.003] Enviado: $ | HEX: 1B 24 33 46 0D
[2026-08-21 16:01:30.003] Recibido ASCII: ������
[2026-08-21 16:01:30.004] Recibido HEX: B3 8D 93 B3 8D 93
[2026-08-21 16:01:30.004] Enviado: % | HEX: 1B 25 34 30 0D
[2026-08-21 16:01:30.004] Enviado: & | HEX: 1B 26 34 31 0D
[2026-08-21 16:01:30.005] Enviado: + | HEX: 1B 2B 34 36 0D
[2026-08-21 16:01:30.005] Enviado: , | HEX: 1B 2C 34 37 0D
[2026-08-21 16:01:30.005] Enviado: - | HEX: 1B 2D 34 38 0D
[2026-08-21 16:01:31.006] Enviado: $ | HEX: 1B 24 33 46 0D
[2026-08-21 16:01:31.006] Recibido ASCII: ���
[2026-08-21 16:01:31.006] Recibido HEX: B3 8D 93
[2026-08-21 16:01:31.007] Enviado: % | HEX: 1B 25 34 30 0D
[2026-08-21 16:01:31.007] Enviado: & | HEX: 1B 26 34 31 0D
[2026-08-21 16:01:31.007] Enviado: + | HEX: 1B 2B 34 36 0D
[2026-08-21 16:01:31.007] Enviado: , | HEX: 1B 2C 34 37 0D
[2026-08-21 16:01:31.007] Enviado: - | HEX: 1B 2D 34 38 0D
[2026-08-21 16:01:32.008] Enviado: $ | HEX: 1B 24 33 46 0D
[2026-08-21 16:01:32.008] Recibido ASCII: ���
[2026-08-21 16:01:32.009] Recibido HEX: B3 8D 93
[2026-08-21 16:01:32.009] Enviado: % | HEX: 1B 25 34 30 0D
[2026-08-21 16:01:32.009] Enviado: & | HEX: 1B 26 34 31 0D
[2026-08-21 16:01:32.010] Enviado: + | HEX: 1B 2B 34 36 0D
[2026-08-21 16:01:32.010] Enviado: , | HEX: 1B 2C 34 37 0D
[2026-08-21 16:01:32.010] Enviado: - | HEX: 1B 2D 34 38 0D
[2026-08-21 16:01:33.011] Enviado: $ | HEX: 1B 24 33 46 0D
[2026-08-21 16:01:33.011] Recibido ASCII: ������
[2026-08-21 16:01:33.013] Recibido HEX: B3 8D 93 B3 8D 93
[2026-08-21 16:01:33.013] Enviado: % | HEX: 1B 25 34 30 0D
[2026-08-21 16:01:33.013] Enviado: & | HEX: 1B 26 34 31 0D
[2026-08-21 16:01:33.013] Enviado: + | HEX: 1B 2B 34 36 0D
[2026-08-21 16:01:33.014] Enviado: , | HEX: 1B 2C 34 37 0D
[2026-08-21 16:01:33.014] Enviado: - | HEX: 1B 2D 34 38 0D
[2026-08-21 16:01:34.015] Enviado: $ | HEX: 1B 24 33 46 0D
[2026-08-21 16:01:34.015] Recibido ASCII: ���
[2026-08-21 16:01:34.016] Recibido HEX: B3 8D 93
[2026-08-21 16:01:34.016] Enviado: % | HEX: 1B 25 34 30 0D
[2026-08-21 16:01:34.016] Enviado: & | HEX: 1B 26 34 31 0D
[2026-08-21 16:01:34.017] Enviado: + | HEX: 1B 2B 34 36 0D
[2026-08-21 16:01:34.017] Enviado: , | HEX: 1B 2C 34 37 0D
[2026-08-21 16:01:34.017] Enviado: - | HEX: 1B 2D 34 38 0D
[2026-08-21 16:01:35.018] Enviado: $ | HEX: 1B 24 33 46 0D
[2026-08-21 16:01:35.018] Recibido ASCII: ���
[2026-08-21 16:01:35.018] Recibido HEX: B3 8D 93
[2026-08-21 16:01:35.019] Enviado: % | HEX: 1B 25 34 30 0D
[2026-08-21 16:01:35.019] Enviado: & | HEX: 1B 26 34 31 0D
[2026-08-21 16:01:35.019] Enviado: + | HEX: 1B 2B 34 36 0D
[2026-08-21 16:01:35.019] Enviado: , | HEX: 1B 2C 34 37 0D
[2026-08-21 16:01:35.020] Enviado: - | HEX: 1B 2D 34 38 0D
[2026-08-21 16:01:36.020] Enviado: $ | HEX: 1B 24 33 46 0D
[2026-08-21 16:01:36.021] Recibido ASCII: ������
[2026-08-21 16:01:36.021] Recibido HEX: B3 8D 93 B3 8D 93
[2026-08-21 16:01:36.021] Enviado: % | HEX: 1B 25 34 30 0D
[2026-08-21 16:01:36.022] Enviado: & | HEX: 1B 26 34 31 0D
[2026-08-21 16:01:36.022] Enviado: + | HEX: 1B 2B 34 36 0D
[2026-08-21 16:01:36.022] Enviado: , | HEX: 1B 2C 34 37 0D
[2026-08-21 16:01:36.022] Enviado: - | HEX: 1B 2D 34 38 0D
[2026-08-21 16:01:37.023] Enviado: $ | HEX: 1B 24 33 46 0D
[2026-08-21 16:01:37.023] Recibido ASCII: ���
[2026-08-21 16:01:37.024] Recibido HEX: B3 8D 93
[2026-08-21 16:01:37.024] Enviado: % | HEX: 1B 25 34 30 0D
[2026-08-21 16:01:37.024] Enviado: & | HEX: 1B 26 34 31 0D
[2026-08-21 16:01:37.025] Enviado: + | HEX: 1B 2B 34 36 0D
[2026-08-21 16:01:37.025] Enviado: , | HEX: 1B 2C 34 37 0D
[2026-08-21 16:01:37.025] Enviado: - | HEX: 1B 2D 34 38 0D
[2026-08-21 16:04:06.992] Iniciando comunicación con Atlan A350 XL (8E1)...
[2026-08-21 16:04:06.997] Enviado: Q | HEX: 1B 51 36 43 0D
[2026-08-21 16:04:07.002] Enviado: R | HEX: 1B 52 36 44 0D
[2026-08-21 16:04:07.003] Enviado: 6666'Hola'00.20:04.01 | HEX: 1B 36 36 36 36 27 48 6F 6C 61 27 30 30 2E 32 30 3A 30 34 2E 30 31 45 32 0D
[2026-08-21 16:04:08.004] Enviado: $ | HEX: 1B 24 33 46 0D
[2026-08-21 16:04:08.007] Recibido ASCII: ���
[2026-08-21 16:04:08.007] Recibido HEX: B3 8D 93
[2026-08-21 16:04:09.008] Enviado: % | HEX: 1B 25 34 30 0D
[2026-08-21 16:04:09.008] Recibido ASCII: .5�
[2026-08-21 16:04:09.009] Recibido HEX: 05 35 E7
[2026-08-21 16:04:10.010] Enviado: & | HEX: 1B 26 34 31 0D
[2026-08-21 16:04:10.010] Recibido ASCII: ���
[2026-08-21 16:04:10.012] Recibido HEX: B3 8D 93
[2026-08-21 16:04:11.012] Enviado: + | HEX: 1B 2B 34 36 0D
[2026-08-21 16:04:11.012] Recibido ASCII: ���
[2026-08-21 16:04:11.013] Recibido HEX: B3 8D 93
[2026-08-21 16:04:12.013] Enviado: , | HEX: 1B 2C 34 37 0D
[2026-08-21 16:04:12.014] Recibido ASCII: ���
[2026-08-21 16:04:12.014] Recibido HEX: B3 8D 93
[2026-08-21 16:04:13.015] Enviado: - | HEX: 1B 2D 34 38 0D
[2026-08-21 16:04:15.016] Enviado: $ | HEX: 1B 24 33 46 0D
[2026-08-21 16:04:15.017] Recibido ASCII: ���
[2026-08-21 16:04:15.017] Recibido HEX: B3 8D 93
[2026-08-21 16:04:16.018] Enviado: % | HEX: 1B 25 34 30 0D
[2026-08-21 16:04:16.018] Recibido ASCII: ���
[2026-08-21 16:04:16.019] Recibido HEX: B3 8D 93
[2026-08-21 16:04:17.019] Enviado: & | HEX: 1B 26 34 31 0D
[2026-08-21 16:04:17.020] Recibido ASCII: ���
[2026-08-21 16:04:17.020] Recibido HEX: B3 8D 93
[2026-08-21 16:04:18.021] Enviado: + | HEX: 1B 2B 34 36 0D
[2026-08-21 16:04:18.021] Recibido ASCII: ���
[2026-08-21 16:04:18.021] Recibido HEX: B3 8D 93
[2026-08-21 16:06:43.997] Iniciando comunicación con Atlan A350 XL (8E1)...
[2026-08-21 16:06:44.003] Enviado: Q | HEX: 1B 51 36 43 0D
[2026-08-21 16:06:44.058] Recibido ASCII: <SOH>Q52<CR>
[2026-08-21 16:06:44.059] Recibido HEX: 01 51 35 32 0D
[2026-08-21 16:06:44.063] Enviado: R | HEX: 1B 52 36 44 0D
[2026-08-21 16:06:44.063] Recibido ASCII: <ESC>R6D<CR>
[2026-08-21 16:06:44.064] Recibido HEX: 1B 52 36 44 0D
[2026-08-21 16:06:44.064] Enviado: 6666'Hola'00.20:04.01 | HEX: 1B 36 36 36 36 27 48 6F 6C 61 27 30 30 2E 32 30 3A 30 34 2E 30 31 45 32 0D
[2026-08-21 16:06:44.168] Recibido ASCII: <SOH>R5555'A3XX'02.10:06.00B8<CR>
[2026-08-21 16:06:44.170] Recibido HEX: 01 52 35 35 35 35 27 41 33 58 58 27 30 32 2E 31 30 3A 30 36 2E 30 30 42 38 0D
[2026-08-21 16:06:45.171] Enviado: 6666'Hola'00.20:04.01 | HEX: 1B 36 36 36 36 27 48 6F 6C 61 27 30 30 2E 32 30 3A 30 34 2E 30 31 45 32 0D
[2026-08-21 16:06:45.172] Enviado: $ | HEX: 1B 24 33 46 0D
[2026-08-21 16:06:45.172] Recibido ASCII: <SOH>637<CR>
[2026-08-21 16:06:45.172] Recibido HEX: 01 36 33 37 0D
[2026-08-21 16:06:46.173] Enviado: % | HEX: 1B 25 34 30 0D
[2026-08-21 16:06:46.174] Recibido ASCII: <SOH>637<CR>
[2026-08-21 16:06:46.174] Recibido HEX: 01 36 33 37 0D
[2026-08-21 16:06:47.175] Enviado: & | HEX: 1B 26 34 31 0D
[2026-08-21 16:06:47.175] Recibido ASCII: <SOH>$25<CR>
[2026-08-21 16:06:47.176] Recibido HEX: 01 24 32 35 0D
[2026-08-21 16:06:48.176] Enviado: + | HEX: 1B 2B 34 36 0D
[2026-08-21 16:06:48.177] Recibido ASCII: <SOH>%26<CR>
[2026-08-21 16:06:48.178] Recibido HEX: 01 25 32 36 0D
[2026-08-21 16:06:49.178] Enviado: , | HEX: 1B 2C 34 37 0D
[2026-08-21 16:06:49.179] Recibido ASCII: <SOH>&27<CR>
[2026-08-21 16:06:49.179] Recibido HEX: 01 26 32 37 0D
[2026-08-21 16:06:50.180] Enviado: - | HEX: 1B 2D 34 38 0D
[2026-08-21 16:06:50.181] Recibido ASCII: <SOH>+2C<CR>
[2026-08-21 16:06:50.181] Recibido HEX: 01 2B 32 43 0D
[2026-08-21 16:06:52.182] Enviado: $ | HEX: 1B 24 33 46 0D
[2026-08-21 16:06:52.182] Recibido ASCII: <SOH>,2D<CR>
[2026-08-21 16:06:52.182] Recibido HEX: 01 2C 32 44 0D
[2026-08-21 16:06:53.183] Enviado: % | HEX: 1B 25 34 30 0D
[2026-08-21 16:06:53.184] Recibido ASCII: <SOH>-2E<CR>
[2026-08-21 16:06:53.184] Recibido HEX: 01 2D 32 45 0D
[2026-08-21 16:06:54.185] Enviado: & | HEX: 1B 26 34 31 0D
[2026-08-21 16:06:54.185] Recibido ASCII: <SOH>$25<CR>
[2026-08-21 16:06:54.186] Recibido HEX: 01 24 32 35 0D
[2026-08-21 16:06:55.187] Enviado: + | HEX: 1B 2B 34 36 0D
[2026-08-21 16:06:55.187] Recibido ASCII: <SOH>%26<CR>
[2026-08-21 16:06:55.188] Recibido HEX: 01 25 32 36 0D
[2026-08-21 16:06:56.188] Enviado: , | HEX: 1B 2C 34 37 0D
[2026-08-21 16:06:56.189] Recibido ASCII: <SOH>&27<CR>
[2026-08-21 16:06:56.189] Recibido HEX: 01 26 32 37 0D
[2026-08-21 16:06:57.190] Enviado: - | HEX: 1B 2D 34 38 0D
[2026-08-21 16:06:57.191] Recibido ASCII: <ESC>R6D<CR>
[2026-08-21 16:06:57.192] Recibido HEX: 1B 52 36 44 0D
[2026-08-21 16:06:59.193] Enviado: 6666'Hola'00.20:04.01 | HEX: 1B 36 36 36 36 27 48 6F 6C 61 27 30 30 2E 32 30 3A 30 34 2E 30 31 45 32 0D
[2026-08-21 16:06:59.194] Enviado: $ | HEX: 1B 24 33 46 0D
[2026-08-21 16:06:59.194] Recibido ASCII: <SOH>+2C<CR>
[2026-08-21 16:06:59.194] Recibido HEX: 01 2B 32 43 0D
[2026-08-21 16:07:00.195] Enviado: % | HEX: 1B 25 34 30 0D
[2026-08-21 16:07:00.196] Recibido ASCII: <SOH>,2D<CR>
[2026-08-21 16:07:00.196] Recibido HEX: 01 2C 32 44 0D
[2026-08-21 16:07:01.197] Enviado: & | HEX: 1B 26 34 31 0D
[2026-08-21 16:07:01.197] Recibido ASCII: <SOH>-2E<CR>
[2026-08-21 16:07:01.198] Recibido HEX: 01 2D 32 45 0D
[2026-08-21 16:07:02.198] Enviado: + | HEX: 1B 2B 34 36 0D
[2026-08-21 16:07:02.199] Recibido ASCII: <SOH>637<CR>
[2026-08-21 16:07:02.199] Recibido HEX: 01 36 33 37 0D
[2026-08-21 16:07:03.200] Enviado: , | HEX: 1B 2C 34 37 0D
[2026-08-21 16:07:03.201] Recibido ASCII: <SOH>$25<CR>
[2026-08-21 16:07:03.201] Recibido HEX: 01 24 32 35 0D
