[2026-10-02 17:18:39.789] Iniciando comunicación con Atlan A350 XL (8E1)...
[2026-10-02 17:18:39.799] Enviado: Q | HEX: 1B 51 36 43 0D
[2026-10-02 17:18:39.862] Recibido ASCII: <SOH>Q52<CR>
[2026-10-02 17:18:39.863] Recibido HEX: 01 51 35 32 0D
[2026-10-02 17:18:40.866] Enviado: R | HEX: 1B 52 36 44 0D
[2026-10-02 17:18:40.867] Recibido ASCII: <ESC>R6D<CR>
[2026-10-02 17:18:40.868] Recibido HEX: 1B 52 36 44 0D
[2026-10-02 17:18:41.870] Enviado: R | HEX: 01 52 35 33 0D
[2026-10-02 17:18:41.872] Recibido ASCII: <SOH>R5555'A3XX'02.11:06.00B9<CR>
[2026-10-02 17:18:41.873] Recibido HEX: 01 52 35 35 35 35 27 41 33 58 58 27 30 32 2E 31 31 3A 30 36 2E 30 30 42 39 0D
[2026-10-02 17:18:41.877] Enviado: S | HEX: 1B 53 36 45 0D
[2026-10-02 17:18:41.959] Recibido ASCII: <ESC>)44<CR>
[2026-10-02 17:18:41.960] Recibido HEX: 1B 29 34 34 0D
[2026-10-02 17:18:42.962] Sin registros de realtime configuration, se omite el paso <54H>
[2026-10-02 17:18:42.982] Datos recibidos (189 bytes): 01 53 30 30 20 20 20 32 30 30 30 30 2D 20 20 32 31 20 20 31 32 31 46 46 46 30 31 20 20 20 32 30 30 30 30 2D 20 31 38 31 20 20 31 38 31 46 46 46 30 35 20 20 20 32 30 30 30 30 20 20 20 20 30 20 20 31 30 30 46 46 46 30 36 20 20 20 32 30 30 30 30 20 20 20 20 30 20 20 31 32 30 46 46 46 30 37 20 20 20 32 30 30 30 30 20 20 20 20 30 20 20 20 32 30 46 46 46 30 38 20 20 20 32 30 30 30 30 20 20 20 20 30 20 20 31 30 30 46 46 46 30 41 20 20 20 32 30 30 30 30 20 20 20 20 30 20 20 20 32 30 46 46 46 32 41 20 20 20 32 30 30 30 30 20 20 20 20 30 20 20 20 32 30 46 46 46 46 33 0D
[2026-10-02 17:18:42.984] [Bytes recibidos]: 1
[2026-10-02 17:18:42.984] [Bytes recibidos]: 83
[2026-10-02 17:18:42.985] [Bytes recibidos]: 48
[2026-10-02 17:18:42.985] [Bytes recibidos]: 48
[2026-10-02 17:18:42.986] [Bytes recibidos]: 32
[2026-10-02 17:18:42.986] [Bytes recibidos]: 32
[2026-10-02 17:18:42.987] [Bytes recibidos]: 32
[2026-10-02 17:18:42.987] [Bytes recibidos]: 50
[2026-10-02 17:18:42.988] [Bytes recibidos]: 48
[2026-10-02 17:18:42.988] [Bytes recibidos]: 48
[2026-10-02 17:18:42.988] [Bytes recibidos]: 48
[2026-10-02 17:18:42.989] [Bytes recibidos]: 48
[2026-10-02 17:18:42.989] [Bytes recibidos]: 45
[2026-10-02 17:18:42.990] [Bytes recibidos]: 32
[2026-10-02 17:18:42.990] [Bytes recibidos]: 32
[2026-10-02 17:18:42.991] [Bytes recibidos]: 50
[2026-10-02 17:18:42.991] [Bytes recibidos]: 49
[2026-10-02 17:18:42.992] [Bytes recibidos]: 32
[2026-10-02 17:18:42.992] [Bytes recibidos]: 32
[2026-10-02 17:18:42.992] [Bytes recibidos]: 49
[2026-10-02 17:18:42.993] [Bytes recibidos]: 50
[2026-10-02 17:18:42.993] [Bytes recibidos]: 49
[2026-10-02 17:18:42.994] [Bytes recibidos]: 70
[2026-10-02 17:18:42.994] [Bytes recibidos]: 70
[2026-10-02 17:18:42.995] [Bytes recibidos]: 70
[2026-10-02 17:18:42.995] [Bytes recibidos]: 48
[2026-10-02 17:18:42.996] [Bytes recibidos]: 49
[2026-10-02 17:18:42.996] [Bytes recibidos]: 32
[2026-10-02 17:18:42.996] [Bytes recibidos]: 32
[2026-10-02 17:18:42.997] [Bytes recibidos]: 32
[2026-10-02 17:18:42.997] [Bytes recibidos]: 50
[2026-10-02 17:18:42.998] [Bytes recibidos]: 48
[2026-10-02 17:18:42.998] [Bytes recibidos]: 48
[2026-10-02 17:18:42.998] [Bytes recibidos]: 48
[2026-10-02 17:18:42.999] [Bytes recibidos]: 48
[2026-10-02 17:18:42.999] [Bytes recibidos]: 45
[2026-10-02 17:18:43.000] [Bytes recibidos]: 32
[2026-10-02 17:18:43.000] [Bytes recibidos]: 49
[2026-10-02 17:18:43.000] [Bytes recibidos]: 56
[2026-10-02 17:18:43.001] [Bytes recibidos]: 49
[2026-10-02 17:18:43.001] [Bytes recibidos]: 32
[2026-10-02 17:18:43.002] [Bytes recibidos]: 32
[2026-10-02 17:18:43.002] [Bytes recibidos]: 49
[2026-10-02 17:18:43.002] [Bytes recibidos]: 56
[2026-10-02 17:18:43.003] [Bytes recibidos]: 49
[2026-10-02 17:18:43.003] [Bytes recibidos]: 70
[2026-10-02 17:18:43.004] [Bytes recibidos]: 70
[2026-10-02 17:18:43.004] [Bytes recibidos]: 70
[2026-10-02 17:18:43.004] [Bytes recibidos]: 48
[2026-10-02 17:18:43.005] [Bytes recibidos]: 53
[2026-10-02 17:18:43.005] [Bytes recibidos]: 32
[2026-10-02 17:18:43.006] [Bytes recibidos]: 32
[2026-10-02 17:18:43.006] [Bytes recibidos]: 32
[2026-10-02 17:18:43.006] [Bytes recibidos]: 50
[2026-10-02 17:18:43.007] [Bytes recibidos]: 48
[2026-10-02 17:18:43.007] [Bytes recibidos]: 48
[2026-10-02 17:18:43.007] [Bytes recibidos]: 48
[2026-10-02 17:18:43.008] [Bytes recibidos]: 48
[2026-10-02 17:18:43.008] [Bytes recibidos]: 32
[2026-10-02 17:18:43.009] [Bytes recibidos]: 32
[2026-10-02 17:18:43.009] [Bytes recibidos]: 32
[2026-10-02 17:18:43.010] [Bytes recibidos]: 32
[2026-10-02 17:18:43.010] [Bytes recibidos]: 48
[2026-10-02 17:18:43.010] [Bytes recibidos]: 32
[2026-10-02 17:18:43.011] [Bytes recibidos]: 32
[2026-10-02 17:18:43.011] [Bytes recibidos]: 49
[2026-10-02 17:18:43.012] [Bytes recibidos]: 48
[2026-10-02 17:18:43.012] [Bytes recibidos]: 48
[2026-10-02 17:18:43.013] [Bytes recibidos]: 70
[2026-10-02 17:18:43.013] [Bytes recibidos]: 70
[2026-10-02 17:18:43.013] [Bytes recibidos]: 70
[2026-10-02 17:18:43.014] [Bytes recibidos]: 48
[2026-10-02 17:18:43.014] [Bytes recibidos]: 54
[2026-10-02 17:18:43.015] [Bytes recibidos]: 32
[2026-10-02 17:18:43.015] [Bytes recibidos]: 32
[2026-10-02 17:18:43.015] [Bytes recibidos]: 32
[2026-10-02 17:18:43.016] [Bytes recibidos]: 50
[2026-10-02 17:18:43.016] [Bytes recibidos]: 48
[2026-10-02 17:18:43.016] [Bytes recibidos]: 48
[2026-10-02 17:18:43.017] [Bytes recibidos]: 48
[2026-10-02 17:18:43.017] [Bytes recibidos]: 48
[2026-10-02 17:18:43.017] [Bytes recibidos]: 32
[2026-10-02 17:18:43.018] [Bytes recibidos]: 32
[2026-10-02 17:18:43.018] [Bytes recibidos]: 32
[2026-10-02 17:18:43.019] [Bytes recibidos]: 32
[2026-10-02 17:18:43.019] [Bytes recibidos]: 48
[2026-10-02 17:18:43.019] [Bytes recibidos]: 32
[2026-10-02 17:18:43.020] [Bytes recibidos]: 32
[2026-10-02 17:18:43.020] [Bytes recibidos]: 49
[2026-10-02 17:18:43.021] [Bytes recibidos]: 50
[2026-10-02 17:18:43.021] [Bytes recibidos]: 48
[2026-10-02 17:18:43.021] [Bytes recibidos]: 70
[2026-10-02 17:18:43.022] [Bytes recibidos]: 70
[2026-10-02 17:18:43.022] [Bytes recibidos]: 70
[2026-10-02 17:18:43.023] [Bytes recibidos]: 48
[2026-10-02 17:18:43.023] [Bytes recibidos]: 55
[2026-10-02 17:18:43.024] [Bytes recibidos]: 32
[2026-10-02 17:18:43.024] [Bytes recibidos]: 32
[2026-10-02 17:18:43.025] [Bytes recibidos]: 32
[2026-10-02 17:18:43.025] [Bytes recibidos]: 50
[2026-10-02 17:18:43.026] [Bytes recibidos]: 48
[2026-10-02 17:18:43.026] [Bytes recibidos]: 48
[2026-10-02 17:18:43.027] [Bytes recibidos]: 48
[2026-10-02 17:18:43.027] [Bytes recibidos]: 48
[2026-10-02 17:18:43.028] [Bytes recibidos]: 32
[2026-10-02 17:18:43.028] [Bytes recibidos]: 32
[2026-10-02 17:18:43.028] [Bytes recibidos]: 32
[2026-10-02 17:18:43.029] [Bytes recibidos]: 32
[2026-10-02 17:18:43.029] [Bytes recibidos]: 48
[2026-10-02 17:18:43.030] [Bytes recibidos]: 32
[2026-10-02 17:18:43.031] [Bytes recibidos]: 32
[2026-10-02 17:18:43.031] [Bytes recibidos]: 32
[2026-10-02 17:18:43.032] [Bytes recibidos]: 50
[2026-10-02 17:18:43.032] [Bytes recibidos]: 48
[2026-10-02 17:18:43.033] [Bytes recibidos]: 70
[2026-10-02 17:18:43.033] [Bytes recibidos]: 70
[2026-10-02 17:18:43.034] [Bytes recibidos]: 70
[2026-10-02 17:18:43.034] [Bytes recibidos]: 48
[2026-10-02 17:18:43.034] [Bytes recibidos]: 56
[2026-10-02 17:18:43.035] [Bytes recibidos]: 32
[2026-10-02 17:18:43.035] [Bytes recibidos]: 32
[2026-10-02 17:18:43.036] [Bytes recibidos]: 32
[2026-10-02 17:18:43.036] [Bytes recibidos]: 50
[2026-10-02 17:18:43.037] [Bytes recibidos]: 48
[2026-10-02 17:18:43.037] [Bytes recibidos]: 48
[2026-10-02 17:18:43.038] [Bytes recibidos]: 48
[2026-10-02 17:18:43.038] [Bytes recibidos]: 48
[2026-10-02 17:18:43.039] [Bytes recibidos]: 32
[2026-10-02 17:18:43.039] [Bytes recibidos]: 32
[2026-10-02 17:18:43.040] [Bytes recibidos]: 32
[2026-10-02 17:18:43.040] [Bytes recibidos]: 32
[2026-10-02 17:18:43.041] [Bytes recibidos]: 48
[2026-10-02 17:18:43.041] [Bytes recibidos]: 32
[2026-10-02 17:18:43.041] [Bytes recibidos]: 32
[2026-10-02 17:18:43.042] [Bytes recibidos]: 49
[2026-10-02 17:18:43.042] [Bytes recibidos]: 48
[2026-10-02 17:18:43.043] [Bytes recibidos]: 48
[2026-10-02 17:18:43.043] [Bytes recibidos]: 70
[2026-10-02 17:18:43.043] [Bytes recibidos]: 70
[2026-10-02 17:18:43.044] [Bytes recibidos]: 70
[2026-10-02 17:18:43.044] [Bytes recibidos]: 48
[2026-10-02 17:18:43.045] [Bytes recibidos]: 65
[2026-10-02 17:18:43.045] [Bytes recibidos]: 32
[2026-10-02 17:18:43.045] [Bytes recibidos]: 32
[2026-10-02 17:18:43.046] [Bytes recibidos]: 32
[2026-10-02 17:18:43.046] [Bytes recibidos]: 50
[2026-10-02 17:18:43.047] [Bytes recibidos]: 48
[2026-10-02 17:18:43.047] [Bytes recibidos]: 48
[2026-10-02 17:18:43.047] [Bytes recibidos]: 48
[2026-10-02 17:18:43.048] [Bytes recibidos]: 48
[2026-10-02 17:18:43.048] [Bytes recibidos]: 32
[2026-10-02 17:18:43.049] [Bytes recibidos]: 32
[2026-10-02 17:18:43.049] [Bytes recibidos]: 32
[2026-10-02 17:18:43.050] [Bytes recibidos]: 32
[2026-10-02 17:18:43.051] [Bytes recibidos]: 48
[2026-10-02 17:18:43.051] [Bytes recibidos]: 32
[2026-10-02 17:18:43.051] [Bytes recibidos]: 32
[2026-10-02 17:18:43.052] [Bytes recibidos]: 32
[2026-10-02 17:18:43.052] [Bytes recibidos]: 50
[2026-10-02 17:18:43.053] [Bytes recibidos]: 48
[2026-10-02 17:18:43.053] [Bytes recibidos]: 70
[2026-10-02 17:18:43.053] [Bytes recibidos]: 70
[2026-10-02 17:18:43.054] [Bytes recibidos]: 70
[2026-10-02 17:18:43.054] [Bytes recibidos]: 50
[2026-10-02 17:18:43.055] [Bytes recibidos]: 65
[2026-10-02 17:18:43.055] [Bytes recibidos]: 32
[2026-10-02 17:18:43.055] [Bytes recibidos]: 32
[2026-10-02 17:18:43.056] [Bytes recibidos]: 32
[2026-10-02 17:18:43.056] [Bytes recibidos]: 50
[2026-10-02 17:18:43.056] [Bytes recibidos]: 48
[2026-10-02 17:18:43.057] [Bytes recibidos]: 48
[2026-10-02 17:18:43.057] [Bytes recibidos]: 48
[2026-10-02 17:18:43.058] [Bytes recibidos]: 48
[2026-10-02 17:18:43.058] [Bytes recibidos]: 32
[2026-10-02 17:18:43.058] [Bytes recibidos]: 32
[2026-10-02 17:18:43.059] [Bytes recibidos]: 32
[2026-10-02 17:18:43.059] [Bytes recibidos]: 32
[2026-10-02 17:18:43.059] [Bytes recibidos]: 48
[2026-10-02 17:18:43.060] [Bytes recibidos]: 32
[2026-10-02 17:18:43.060] [Bytes recibidos]: 32
[2026-10-02 17:18:43.060] [Bytes recibidos]: 32
[2026-10-02 17:18:43.061] [Bytes recibidos]: 50
[2026-10-02 17:18:43.061] [Bytes recibidos]: 48
[2026-10-02 17:18:43.061] [Bytes recibidos]: 70
[2026-10-02 17:18:43.062] [Bytes recibidos]: 70
[2026-10-02 17:18:43.062] [Bytes recibidos]: 70
[2026-10-02 17:18:43.062] [Bytes recibidos]: 70
[2026-10-02 17:18:43.063] [Bytes recibidos]: 51
[2026-10-02 17:18:43.063] [Bytes recibidos]: 13
[2026-10-02 17:18:45.065] Enviado: S | HEX: 1B 53 36 45 0D
[2026-10-02 17:18:45.278] Recibido ASCII: <SOH>S00   20000-  21  121FFF01   20000- 181  181FFF05   20000    0  100FFF06   20000    0  120FFF07   20000    0   20FFF08   20000    0  100FFF0A   20000    0   20FFF2A   20000    0   20FFFF3<CR>
[2026-10-02 17:18:45.279] Recibido HEX: 01 53 30 30 20 20 20 32 30 30 30 30 2D 20 20 32 31 20 20 31 32 31 46 46 46 30 31 20 20 20 32 30 30 30 30 2D 20 31 38 31 20 20 31 38 31 46 46 46 30 35 20 20 20 32 30 30 30 30 20 20 20 20 30 20 20 31 30 30 46 46 46 30 36 20 20 20 32 30 30 30 30 20 20 20 20 30 20 20 31 32 30 46 46 46 30 37 20 20 20 32 30 30 30 30 20 20 20 20 30 20 20 20 32 30 46 46 46 30 38 20 20 20 32 30 30 30 30 20 20 20 20 30 20 20 31 30 30 46 46 46 30 41 20 20 20 32 30 30 30 30 20 20 20 20 30 20 20 20 32 30 46 46 46 32 41 20 20 20 32 30 30 30 30 20 20 20 20 30 20 20 20 32 30 46 46 46 46 33 0D
[2026-10-02 17:18:46.286] Enviado: T0001010105010601070108010A012A01 | HEX: 1B 54 30 30 30 31 30 31 30 31 30 35 30 31 30 36 30 31 30 37 30 31 30 38 30 31 30 41 30 31 32 41 30 31 42 36 0D
[2026-10-02 17:18:46.368] Recibido ASCII: <SOH>T55<CR>
[2026-10-02 17:18:46.368] Recibido HEX: 01 54 35 35 0D
[2026-10-02 17:18:48.385] Datos recibidos (413 bytes): D0 C6 C0 C0 C0 DF A3 92 BE A3 B6 BF 80 80 DF A6 92 BE A3 B6 BF 80 80 DF AC 92 BE A3 B6 BF 80 80 DF B5 92 BF A3 B6 BF 80 80 DF BB 92 BF A3 B6 BF 80 80 DF 81 93 BF A3 B6 BF 80 80 DF 84 93 BF A3 B6 BF 80 80 DF 89 93 BF A3 B6 BF 80 80 DF 91 93 80 A4 B6 BF 80 80 DF 93 93 80 A4 B6 BF 80 80 DF 9A 93 81 A4 B6 BF 80 80 DF 9D 93 82 A4 B6 BF 80 80 DF A1 93 83 A4 B6 BF 80 80 DF A5 93 86 A4 B6 BF 80 80 DF A5 93 89 A4 B6 BF 80 80 DF A5 93 8D A4 B6 BF 80 80 DF A4 93 8D A4 B6 BF 80 80 DF A1 93 84 A4 B6 BF 80 80 DF 96 93 98 A3 B6 BF 80 80 DF 91 93 83 A3 B6 BF 80 80 DF 82 93 BC A1 B6 BF 80 80 DF BD 92 A6 A1 B6 BF 80 80 DF B4 92 BF A0 B6 BF 80 80 DF AA 92 98 A0 B6 BF 80 80 DF A8 92 8F A0 B6 BF 80 80 DF A4 92 85 A0 B6 BF 80 80 DF A2 92 80 A0 B6 BF 80 80 DF A1 92 BE 9F B6 BF 80 80 DF A0 92 BE 9F B6 BF 80 80 DF A0 92 BF 9F B6 BF 80 80 DF 9F 92 BF 9F B6 BF 80 80 DF 9F 92 80 A0 B6 BF 80 80 DF 9E 92 80 A0 B6 BF 80 80 DF 9D 92 80 A0 B6 BF 80 80 DF 9A 92 BE 9F B6 BF 80 80 DF 97 92 BB 9F B6 BF 80 80 DF 8E 92 AA 9F B6 BF 80 80 DF BF 91 88 9F B6 BF 80 80 DF 9F 91 BB 9D B6 BF 80 80 DF 91 91 9D 9D B6 BF 80 80 DF A4 90 84 9C B6 BF 80 80 DF 95 90 A9 9B B6 BF 80 80 DF B7 8F BC 9A B6 BF 80 80 DF 8F 8F 89 9A B6 BF 80 80 DF 83 8F BC 99 B6 BF 80 80 DF A5 8E
[2026-10-02 17:18:48.385] [Bytes recibidos]: 208
[2026-10-02 17:18:48.386] [Bytes recibidos]: 198
[2026-10-02 17:18:48.386] [Bytes recibidos]: 192
[2026-10-02 17:18:48.386] [Bytes recibidos]: 192
[2026-10-02 17:18:48.387] [Bytes recibidos]: 192
[2026-10-02 17:18:48.387] [Bytes recibidos]: 223
[2026-10-02 17:18:48.387] [Bytes recibidos]: 163
[2026-10-02 17:18:48.388] [Bytes recibidos]: 146
[2026-10-02 17:18:48.388] [Bytes recibidos]: 190
[2026-10-02 17:18:48.388] [Bytes recibidos]: 163
[2026-10-02 17:18:48.389] [Bytes recibidos]: 182
[2026-10-02 17:18:48.389] [Bytes recibidos]: 191
[2026-10-02 17:18:48.389] [Bytes recibidos]: 128
[2026-10-02 17:18:48.389] [Bytes recibidos]: 128
[2026-10-02 17:18:48.390] [Bytes recibidos]: 223
[2026-10-02 17:18:48.390] [Bytes recibidos]: 166
[2026-10-02 17:18:48.390] [Bytes recibidos]: 146
[2026-10-02 17:18:48.391] [Bytes recibidos]: 190
[2026-10-02 17:18:48.391] [Bytes recibidos]: 163
[2026-10-02 17:18:48.391] [Bytes recibidos]: 182
[2026-10-02 17:18:48.392] [Bytes recibidos]: 191
[2026-10-02 17:18:48.392] [Bytes recibidos]: 128
[2026-10-02 17:18:48.393] [Bytes recibidos]: 128
[2026-10-02 17:18:48.393] [Bytes recibidos]: 223
[2026-10-02 17:18:48.393] [Bytes recibidos]: 172
[2026-10-02 17:18:48.394] [Bytes recibidos]: 146
[2026-10-02 17:18:48.394] [Bytes recibidos]: 190
[2026-10-02 17:18:48.395] [Bytes recibidos]: 163
[2026-10-02 17:18:48.395] [Bytes recibidos]: 182
[2026-10-02 17:18:48.395] [Bytes recibidos]: 191
[2026-10-02 17:18:48.396] [Bytes recibidos]: 128
[2026-10-02 17:18:48.396] [Bytes recibidos]: 128
[2026-10-02 17:18:48.396] [Bytes recibidos]: 223
[2026-10-02 17:18:48.397] [Bytes recibidos]: 181
[2026-10-02 17:18:48.397] [Bytes recibidos]: 146
[2026-10-02 17:18:48.397] [Bytes recibidos]: 191
[2026-10-02 17:18:48.398] [Bytes recibidos]: 163
[2026-10-02 17:18:48.398] [Bytes recibidos]: 182
[2026-10-02 17:18:48.398] [Bytes recibidos]: 191
[2026-10-02 17:18:48.399] [Bytes recibidos]: 128
[2026-10-02 17:18:48.399] [Bytes recibidos]: 128
[2026-10-02 17:18:48.399] [Bytes recibidos]: 223
[2026-10-02 17:18:48.400] [Bytes recibidos]: 187
[2026-10-02 17:18:48.400] [Bytes recibidos]: 146
[2026-10-02 17:18:48.401] [Bytes recibidos]: 191
[2026-10-02 17:18:48.401] [Bytes recibidos]: 163
[2026-10-02 17:18:48.402] [Bytes recibidos]: 182
[2026-10-02 17:18:48.402] [Bytes recibidos]: 191
[2026-10-02 17:18:48.402] [Bytes recibidos]: 128
[2026-10-02 17:18:48.402] [Bytes recibidos]: 128
[2026-10-02 17:18:48.403] [Bytes recibidos]: 223
[2026-10-02 17:18:48.403] [Bytes recibidos]: 129
[2026-10-02 17:18:48.403] [Bytes recibidos]: 147
[2026-10-02 17:18:48.403] [Bytes recibidos]: 191
[2026-10-02 17:18:48.404] [Bytes recibidos]: 163
[2026-10-02 17:18:48.404] [Bytes recibidos]: 182
[2026-10-02 17:18:48.404] [Bytes recibidos]: 191
[2026-10-02 17:18:48.405] [Bytes recibidos]: 128
[2026-10-02 17:18:48.405] [Bytes recibidos]: 128
[2026-10-02 17:18:48.405] [Bytes recibidos]: 223
[2026-10-02 17:18:48.406] [Bytes recibidos]: 132
[2026-10-02 17:18:48.406] [Bytes recibidos]: 147
[2026-10-02 17:18:48.406] [Bytes recibidos]: 191
[2026-10-02 17:18:48.406] [Bytes recibidos]: 163
[2026-10-02 17:18:48.407] [Bytes recibidos]: 182
[2026-10-02 17:18:48.407] [Bytes recibidos]: 191
[2026-10-02 17:18:48.407] [Bytes recibidos]: 128
[2026-10-02 17:18:48.407] [Bytes recibidos]: 128
[2026-10-02 17:18:48.408] [Bytes recibidos]: 223
[2026-10-02 17:18:48.408] [Bytes recibidos]: 137
[2026-10-02 17:18:48.408] [Bytes recibidos]: 147
[2026-10-02 17:18:48.408] [Bytes recibidos]: 191
[2026-10-02 17:18:48.409] [Bytes recibidos]: 163
[2026-10-02 17:18:48.409] [Bytes recibidos]: 182
[2026-10-02 17:18:48.409] [Bytes recibidos]: 191
[2026-10-02 17:18:48.409] [Bytes recibidos]: 128
[2026-10-02 17:18:48.410] [Bytes recibidos]: 128
[2026-10-02 17:18:48.410] [Bytes recibidos]: 223
[2026-10-02 17:18:48.410] [Bytes recibidos]: 145
[2026-10-02 17:18:48.411] [Bytes recibidos]: 147
[2026-10-02 17:18:48.411] [Bytes recibidos]: 128
[2026-10-02 17:18:48.411] [Bytes recibidos]: 164
[2026-10-02 17:18:48.411] [Bytes recibidos]: 182
[2026-10-02 17:18:48.412] [Bytes recibidos]: 191
[2026-10-02 17:18:48.412] [Bytes recibidos]: 128
[2026-10-02 17:18:48.413] [Bytes recibidos]: 128
[2026-10-02 17:18:48.413] [Bytes recibidos]: 223
[2026-10-02 17:18:48.413] [Bytes recibidos]: 147
[2026-10-02 17:18:48.414] [Bytes recibidos]: 147
[2026-10-02 17:18:48.414] [Bytes recibidos]: 128
[2026-10-02 17:18:48.414] [Bytes recibidos]: 164
[2026-10-02 17:18:48.414] [Bytes recibidos]: 182
[2026-10-02 17:18:48.415] [Bytes recibidos]: 191
[2026-10-02 17:18:48.415] [Bytes recibidos]: 128
[2026-10-02 17:18:48.415] [Bytes recibidos]: 128
[2026-10-02 17:18:48.415] [Bytes recibidos]: 223
[2026-10-02 17:18:48.416] [Bytes recibidos]: 154
[2026-10-02 17:18:48.416] [Bytes recibidos]: 147
[2026-10-02 17:18:48.416] [Bytes recibidos]: 129
[2026-10-02 17:18:48.416] [Bytes recibidos]: 164
[2026-10-02 17:18:48.417] [Bytes recibidos]: 182
[2026-10-02 17:18:48.417] [Bytes recibidos]: 191
[2026-10-02 17:18:48.417] [Bytes recibidos]: 128
[2026-10-02 17:18:48.417] [Bytes recibidos]: 128
[2026-10-02 17:18:48.418] [Bytes recibidos]: 223
[2026-10-02 17:18:48.418] [Bytes recibidos]: 157
[2026-10-02 17:18:48.418] [Bytes recibidos]: 147
[2026-10-02 17:18:48.418] [Bytes recibidos]: 130
[2026-10-02 17:18:48.419] [Bytes recibidos]: 164
[2026-10-02 17:18:48.419] [Bytes recibidos]: 182
[2026-10-02 17:18:48.419] [Bytes recibidos]: 191
[2026-10-02 17:18:48.419] [Bytes recibidos]: 128
[2026-10-02 17:18:48.420] [Bytes recibidos]: 128
[2026-10-02 17:18:48.420] [Bytes recibidos]: 223
[2026-10-02 17:18:48.420] [Bytes recibidos]: 161
[2026-10-02 17:18:48.420] [Bytes recibidos]: 147
[2026-10-02 17:18:48.420] [Bytes recibidos]: 131
[2026-10-02 17:18:48.421] [Bytes recibidos]: 164
[2026-10-02 17:18:48.421] [Bytes recibidos]: 182
[2026-10-02 17:18:48.421] [Bytes recibidos]: 191
[2026-10-02 17:18:48.421] [Bytes recibidos]: 128
[2026-10-02 17:18:48.422] [Bytes recibidos]: 128
[2026-10-02 17:18:48.422] [Bytes recibidos]: 223
[2026-10-02 17:18:48.422] [Bytes recibidos]: 165
[2026-10-02 17:18:48.422] [Bytes recibidos]: 147
[2026-10-02 17:18:48.423] [Bytes recibidos]: 134
[2026-10-02 17:18:48.423] [Bytes recibidos]: 164
[2026-10-02 17:18:48.423] [Bytes recibidos]: 182
[2026-10-02 17:18:48.423] [Bytes recibidos]: 191
[2026-10-02 17:18:48.423] [Bytes recibidos]: 128
[2026-10-02 17:18:48.424] [Bytes recibidos]: 128
[2026-10-02 17:18:48.424] [Bytes recibidos]: 223
[2026-10-02 17:18:48.424] [Bytes recibidos]: 165
[2026-10-02 17:18:48.424] [Bytes recibidos]: 147
[2026-10-02 17:18:48.424] [Bytes recibidos]: 137
[2026-10-02 17:18:48.425] [Bytes recibidos]: 164
[2026-10-02 17:18:48.425] [Bytes recibidos]: 182
[2026-10-02 17:18:48.425] [Bytes recibidos]: 191
[2026-10-02 17:18:48.425] [Bytes recibidos]: 128
[2026-10-02 17:18:48.426] [Bytes recibidos]: 128
[2026-10-02 17:18:48.426] [Bytes recibidos]: 223
[2026-10-02 17:18:48.426] [Bytes recibidos]: 165
[2026-10-02 17:18:48.426] [Bytes recibidos]: 147
[2026-10-02 17:18:48.426] [Bytes recibidos]: 141
[2026-10-02 17:18:48.427] [Bytes recibidos]: 164
[2026-10-02 17:18:48.427] [Bytes recibidos]: 182
[2026-10-02 17:18:48.427] [Bytes recibidos]: 191
[2026-10-02 17:18:48.427] [Bytes recibidos]: 128
[2026-10-02 17:18:48.427] [Bytes recibidos]: 128
[2026-10-02 17:18:48.428] [Bytes recibidos]: 223
[2026-10-02 17:18:48.428] [Bytes recibidos]: 164
[2026-10-02 17:18:48.428] [Bytes recibidos]: 147
[2026-10-02 17:18:48.428] [Bytes recibidos]: 141
[2026-10-02 17:18:48.428] [Bytes recibidos]: 164
[2026-10-02 17:18:48.429] [Bytes recibidos]: 182
[2026-10-02 17:18:48.429] [Bytes recibidos]: 191
[2026-10-02 17:18:48.429] [Bytes recibidos]: 128
[2026-10-02 17:18:48.429] [Bytes recibidos]: 128
[2026-10-02 17:18:48.430] [Bytes recibidos]: 223
[2026-10-02 17:18:48.430] [Bytes recibidos]: 161
[2026-10-02 17:18:48.430] [Bytes recibidos]: 147
[2026-10-02 17:18:48.430] [Bytes recibidos]: 132
[2026-10-02 17:18:48.431] [Bytes recibidos]: 164
[2026-10-02 17:18:48.431] [Bytes recibidos]: 182
[2026-10-02 17:18:48.431] [Bytes recibidos]: 191
[2026-10-02 17:18:48.431] [Bytes recibidos]: 128
[2026-10-02 17:18:48.431] [Bytes recibidos]: 128
[2026-10-02 17:18:48.432] [Bytes recibidos]: 223
[2026-10-02 17:18:48.432] [Bytes recibidos]: 150
[2026-10-02 17:18:48.432] [Bytes recibidos]: 147
[2026-10-02 17:18:48.433] [Bytes recibidos]: 152
[2026-10-02 17:18:48.433] [Bytes recibidos]: 163
[2026-10-02 17:18:48.433] [Bytes recibidos]: 182
[2026-10-02 17:18:48.434] [Bytes recibidos]: 191
[2026-10-02 17:18:48.434] [Bytes recibidos]: 128
[2026-10-02 17:18:48.434] [Bytes recibidos]: 128
[2026-10-02 17:18:48.434] [Bytes recibidos]: 223
[2026-10-02 17:18:48.435] [Bytes recibidos]: 145
[2026-10-02 17:18:48.435] [Bytes recibidos]: 147
[2026-10-02 17:18:48.435] [Bytes recibidos]: 131
[2026-10-02 17:18:48.435] [Bytes recibidos]: 163
[2026-10-02 17:18:48.436] [Bytes recibidos]: 182
[2026-10-02 17:18:48.436] [Bytes recibidos]: 191
[2026-10-02 17:18:48.436] [Bytes recibidos]: 128
[2026-10-02 17:18:48.436] [Bytes recibidos]: 128
[2026-10-02 17:18:48.437] [Bytes recibidos]: 223
[2026-10-02 17:18:48.437] [Bytes recibidos]: 130
[2026-10-02 17:18:48.437] [Bytes recibidos]: 147
[2026-10-02 17:18:48.437] [Bytes recibidos]: 188
[2026-10-02 17:18:48.437] [Bytes recibidos]: 161
[2026-10-02 17:18:48.438] [Bytes recibidos]: 182
[2026-10-02 17:18:48.438] [Bytes recibidos]: 191
[2026-10-02 17:18:48.438] [Bytes recibidos]: 128
[2026-10-02 17:18:48.438] [Bytes recibidos]: 128
[2026-10-02 17:18:48.439] [Bytes recibidos]: 223
[2026-10-02 17:18:48.439] [Bytes recibidos]: 189
[2026-10-02 17:18:48.439] [Bytes recibidos]: 146
[2026-10-02 17:18:48.439] [Bytes recibidos]: 166
[2026-10-02 17:18:48.440] [Bytes recibidos]: 161
[2026-10-02 17:18:48.440] [Bytes recibidos]: 182
[2026-10-02 17:18:48.440] [Bytes recibidos]: 191
[2026-10-02 17:18:48.440] [Bytes recibidos]: 128
[2026-10-02 17:18:48.440] [Bytes recibidos]: 128
[2026-10-02 17:18:48.441] [Bytes recibidos]: 223
[2026-10-02 17:18:48.441] [Bytes recibidos]: 180
[2026-10-02 17:18:48.441] [Bytes recibidos]: 146
[2026-10-02 17:18:48.441] [Bytes recibidos]: 191
[2026-10-02 17:18:48.442] [Bytes recibidos]: 160
[2026-10-02 17:18:48.442] [Bytes recibidos]: 182
[2026-10-02 17:18:48.442] [Bytes recibidos]: 191
[2026-10-02 17:18:48.442] [Bytes recibidos]: 128
[2026-10-02 17:18:48.442] [Bytes recibidos]: 128
[2026-10-02 17:18:48.443] [Bytes recibidos]: 223
[2026-10-02 17:18:48.443] [Bytes recibidos]: 170
[2026-10-02 17:18:48.443] [Bytes recibidos]: 146
[2026-10-02 17:18:48.443] [Bytes recibidos]: 152
[2026-10-02 17:18:48.444] [Bytes recibidos]: 160
[2026-10-02 17:18:48.444] [Bytes recibidos]: 182
[2026-10-02 17:18:48.444] [Bytes recibidos]: 191
[2026-10-02 17:18:48.444] [Bytes recibidos]: 128
[2026-10-02 17:18:48.444] [Bytes recibidos]: 128
[2026-10-02 17:18:48.445] [Bytes recibidos]: 223
[2026-10-02 17:18:48.445] [Bytes recibidos]: 168
[2026-10-02 17:18:48.445] [Bytes recibidos]: 146
[2026-10-02 17:18:48.445] [Bytes recibidos]: 143
[2026-10-02 17:18:48.445] [Bytes recibidos]: 160
[2026-10-02 17:18:48.446] [Bytes recibidos]: 182
[2026-10-02 17:18:48.446] [Bytes recibidos]: 191
[2026-10-02 17:18:48.446] [Bytes recibidos]: 128
[2026-10-02 17:18:48.446] [Bytes recibidos]: 128
[2026-10-02 17:18:48.446] [Bytes recibidos]: 223
[2026-10-02 17:18:48.447] [Bytes recibidos]: 164
[2026-10-02 17:18:48.447] [Bytes recibidos]: 146
[2026-10-02 17:18:48.447] [Bytes recibidos]: 133
[2026-10-02 17:18:48.447] [Bytes recibidos]: 160
[2026-10-02 17:18:48.447] [Bytes recibidos]: 182
[2026-10-02 17:18:48.448] [Bytes recibidos]: 191
[2026-10-02 17:18:48.448] [Bytes recibidos]: 128
[2026-10-02 17:18:48.448] [Bytes recibidos]: 128
[2026-10-02 17:18:48.448] [Bytes recibidos]: 223
[2026-10-02 17:18:48.448] [Bytes recibidos]: 162
[2026-10-02 17:18:48.449] [Bytes recibidos]: 146
[2026-10-02 17:18:48.449] [Bytes recibidos]: 128
[2026-10-02 17:18:48.449] [Bytes recibidos]: 160
[2026-10-02 17:18:48.450] [Bytes recibidos]: 182
[2026-10-02 17:18:48.450] [Bytes recibidos]: 191
[2026-10-02 17:18:48.450] [Bytes recibidos]: 128
[2026-10-02 17:18:48.450] [Bytes recibidos]: 128
[2026-10-02 17:18:48.450] [Bytes recibidos]: 223
[2026-10-02 17:18:48.451] [Bytes recibidos]: 161
[2026-10-02 17:18:48.451] [Bytes recibidos]: 146
[2026-10-02 17:18:48.451] [Bytes recibidos]: 190
[2026-10-02 17:18:48.451] [Bytes recibidos]: 159
[2026-10-02 17:18:48.451] [Bytes recibidos]: 182
[2026-10-02 17:18:48.452] [Bytes recibidos]: 191
[2026-10-02 17:18:48.452] [Bytes recibidos]: 128
[2026-10-02 17:18:48.452] [Bytes recibidos]: 128
[2026-10-02 17:18:48.452] [Bytes recibidos]: 223
[2026-10-02 17:18:48.453] [Bytes recibidos]: 160
[2026-10-02 17:18:48.453] [Bytes recibidos]: 146
[2026-10-02 17:18:48.453] [Bytes recibidos]: 190
[2026-10-02 17:18:48.453] [Bytes recibidos]: 159
[2026-10-02 17:18:48.453] [Bytes recibidos]: 182
[2026-10-02 17:18:48.454] [Bytes recibidos]: 191
[2026-10-02 17:18:48.454] [Bytes recibidos]: 128
[2026-10-02 17:18:48.454] [Bytes recibidos]: 128
[2026-10-02 17:18:48.454] [Bytes recibidos]: 223
[2026-10-02 17:18:48.454] [Bytes recibidos]: 160
[2026-10-02 17:18:48.455] [Bytes recibidos]: 146
[2026-10-02 17:18:48.455] [Bytes recibidos]: 191
[2026-10-02 17:18:48.455] [Bytes recibidos]: 159
[2026-10-02 17:18:48.455] [Bytes recibidos]: 182
[2026-10-02 17:18:48.455] [Bytes recibidos]: 191
[2026-10-02 17:18:48.456] [Bytes recibidos]: 128
[2026-10-02 17:18:48.456] [Bytes recibidos]: 128
[2026-10-02 17:18:48.456] [Bytes recibidos]: 223
[2026-10-02 17:18:48.456] [Bytes recibidos]: 159
[2026-10-02 17:18:48.456] [Bytes recibidos]: 146
[2026-10-02 17:18:48.457] [Bytes recibidos]: 191
[2026-10-02 17:18:48.457] [Bytes recibidos]: 159
[2026-10-02 17:18:48.457] [Bytes recibidos]: 182
[2026-10-02 17:18:48.457] [Bytes recibidos]: 191
[2026-10-02 17:18:48.457] [Bytes recibidos]: 128
[2026-10-02 17:18:48.457] [Bytes recibidos]: 128
[2026-10-02 17:18:48.458] [Bytes recibidos]: 223
[2026-10-02 17:18:48.458] [Bytes recibidos]: 159
[2026-10-02 17:18:48.458] [Bytes recibidos]: 146
[2026-10-02 17:18:48.458] [Bytes recibidos]: 128
[2026-10-02 17:18:48.459] [Bytes recibidos]: 160
[2026-10-02 17:18:48.459] [Bytes recibidos]: 182
[2026-10-02 17:18:48.459] [Bytes recibidos]: 191
[2026-10-02 17:18:48.459] [Bytes recibidos]: 128
[2026-10-02 17:18:48.459] [Bytes recibidos]: 128
[2026-10-02 17:18:48.460] [Bytes recibidos]: 223
[2026-10-02 17:18:48.460] [Bytes recibidos]: 158
[2026-10-02 17:18:48.460] [Bytes recibidos]: 146
[2026-10-02 17:18:48.460] [Bytes recibidos]: 128
[2026-10-02 17:18:48.460] [Bytes recibidos]: 160
[2026-10-02 17:18:48.461] [Bytes recibidos]: 182
[2026-10-02 17:18:48.461] [Bytes recibidos]: 191
[2026-10-02 17:18:48.462] [Bytes recibidos]: 128
[2026-10-02 17:18:48.462] [Bytes recibidos]: 128
[2026-10-02 17:18:48.462] [Bytes recibidos]: 223
[2026-10-02 17:18:48.462] [Bytes recibidos]: 157
[2026-10-02 17:18:48.462] [Bytes recibidos]: 146
[2026-10-02 17:18:48.463] [Bytes recibidos]: 128
[2026-10-02 17:18:48.463] [Bytes recibidos]: 160
[2026-10-02 17:18:48.463] [Bytes recibidos]: 182
[2026-10-02 17:18:48.463] [Bytes recibidos]: 191
[2026-10-02 17:18:48.463] [Bytes recibidos]: 128
[2026-10-02 17:18:48.463] [Bytes recibidos]: 128
[2026-10-02 17:18:48.464] [Bytes recibidos]: 223
[2026-10-02 17:18:48.464] [Bytes recibidos]: 154
[2026-10-02 17:18:48.464] [Bytes recibidos]: 146
[2026-10-02 17:18:48.464] [Bytes recibidos]: 190
[2026-10-02 17:18:48.464] [Bytes recibidos]: 159
[2026-10-02 17:18:48.465] [Bytes recibidos]: 182
[2026-10-02 17:18:48.465] [Bytes recibidos]: 191
[2026-10-02 17:18:48.465] [Bytes recibidos]: 128
[2026-10-02 17:18:48.465] [Bytes recibidos]: 128
[2026-10-02 17:18:48.465] [Bytes recibidos]: 223
[2026-10-02 17:18:48.465] [Bytes recibidos]: 151
[2026-10-02 17:18:48.466] [Bytes recibidos]: 146
[2026-10-02 17:18:48.466] [Bytes recibidos]: 187
[2026-10-02 17:18:48.466] [Bytes recibidos]: 159
[2026-10-02 17:18:48.466] [Bytes recibidos]: 182
[2026-10-02 17:18:48.466] [Bytes recibidos]: 191
[2026-10-02 17:18:48.466] [Bytes recibidos]: 128
[2026-10-02 17:18:48.467] [Bytes recibidos]: 128
[2026-10-02 17:18:48.467] [Bytes recibidos]: 223
[2026-10-02 17:18:48.467] [Bytes recibidos]: 142
[2026-10-02 17:18:48.467] [Bytes recibidos]: 146
[2026-10-02 17:18:48.467] [Bytes recibidos]: 170
[2026-10-02 17:18:48.467] [Bytes recibidos]: 159
[2026-10-02 17:18:48.467] [Bytes recibidos]: 182
[2026-10-02 17:18:48.468] [Bytes recibidos]: 191
[2026-10-02 17:18:48.468] [Bytes recibidos]: 128
[2026-10-02 17:18:48.468] [Bytes recibidos]: 128
[2026-10-02 17:18:48.468] [Bytes recibidos]: 223
[2026-10-02 17:18:48.468] [Bytes recibidos]: 191
[2026-10-02 17:18:48.469] [Bytes recibidos]: 145
[2026-10-02 17:18:48.469] [Bytes recibidos]: 136
[2026-10-02 17:18:48.469] [Bytes recibidos]: 159
[2026-10-02 17:18:48.469] [Bytes recibidos]: 182
[2026-10-02 17:18:48.469] [Bytes recibidos]: 191
[2026-10-02 17:18:48.469] [Bytes recibidos]: 128
[2026-10-02 17:18:48.469] [Bytes recibidos]: 128
[2026-10-02 17:18:48.470] [Bytes recibidos]: 223
[2026-10-02 17:18:48.470] [Bytes recibidos]: 159
[2026-10-02 17:18:48.470] [Bytes recibidos]: 145
[2026-10-02 17:18:48.470] [Bytes recibidos]: 187
[2026-10-02 17:18:48.470] [Bytes recibidos]: 157
[2026-10-02 17:18:48.470] [Bytes recibidos]: 182
[2026-10-02 17:18:48.471] [Bytes recibidos]: 191
[2026-10-02 17:18:48.471] [Bytes recibidos]: 128
[2026-10-02 17:18:48.471] [Bytes recibidos]: 128
[2026-10-02 17:18:48.471] [Bytes recibidos]: 223
[2026-10-02 17:18:48.471] [Bytes recibidos]: 145
[2026-10-02 17:18:48.471] [Bytes recibidos]: 145
[2026-10-02 17:18:48.471] [Bytes recibidos]: 157
[2026-10-02 17:18:48.472] [Bytes recibidos]: 157
[2026-10-02 17:18:48.472] [Bytes recibidos]: 182
[2026-10-02 17:18:48.472] [Bytes recibidos]: 191
[2026-10-02 17:18:48.472] [Bytes recibidos]: 128
[2026-10-02 17:18:48.472] [Bytes recibidos]: 128
[2026-10-02 17:18:48.473] [Bytes recibidos]: 223
[2026-10-02 17:18:48.473] [Bytes recibidos]: 164
[2026-10-02 17:18:48.473] [Bytes recibidos]: 144
[2026-10-02 17:18:48.473] [Bytes recibidos]: 132
[2026-10-02 17:18:48.473] [Bytes recibidos]: 156
[2026-10-02 17:18:48.473] [Bytes recibidos]: 182
[2026-10-02 17:18:48.473] [Bytes recibidos]: 191
[2026-10-02 17:18:48.474] [Bytes recibidos]: 128
[2026-10-02 17:18:48.474] [Bytes recibidos]: 128
[2026-10-02 17:18:48.474] [Bytes recibidos]: 223
[2026-10-02 17:18:48.474] [Bytes recibidos]: 149
[2026-10-02 17:18:48.474] [Bytes recibidos]: 144
[2026-10-02 17:18:48.474] [Bytes recibidos]: 169
[2026-10-02 17:18:48.475] [Bytes recibidos]: 155
[2026-10-02 17:18:48.475] [Bytes recibidos]: 182
[2026-10-02 17:18:48.475] [Bytes recibidos]: 191
[2026-10-02 17:18:48.475] [Bytes recibidos]: 128
[2026-10-02 17:18:48.475] [Bytes recibidos]: 128
[2026-10-02 17:18:48.475] [Bytes recibidos]: 223
[2026-10-02 17:18:48.476] [Bytes recibidos]: 183
[2026-10-02 17:18:48.476] [Bytes recibidos]: 143
[2026-10-02 17:18:48.476] [Bytes recibidos]: 188
[2026-10-02 17:18:48.476] [Bytes recibidos]: 154
[2026-10-02 17:18:48.476] [Bytes recibidos]: 182
[2026-10-02 17:18:48.476] [Bytes recibidos]: 191
[2026-10-02 17:18:48.477] [Bytes recibidos]: 128
[2026-10-02 17:18:48.477] [Bytes recibidos]: 128
[2026-10-02 17:18:48.477] [Bytes recibidos]: 223
[2026-10-02 17:18:48.477] [Bytes recibidos]: 143
[2026-10-02 17:18:48.477] [Bytes recibidos]: 143
[2026-10-02 17:18:48.477] [Bytes recibidos]: 137
[2026-10-02 17:18:48.477] [Bytes recibidos]: 154
[2026-10-02 17:18:48.478] [Bytes recibidos]: 182
[2026-10-02 17:18:48.478] [Bytes recibidos]: 191
[2026-10-02 17:18:48.478] [Bytes recibidos]: 128
[2026-10-02 17:18:48.478] [Bytes recibidos]: 128
[2026-10-02 17:18:48.478] [Bytes recibidos]: 223
[2026-10-02 17:18:48.478] [Bytes recibidos]: 131
[2026-10-02 17:18:48.478] [Bytes recibidos]: 143
[2026-10-02 17:18:48.478] [Bytes recibidos]: 188
[2026-10-02 17:18:48.478] [Bytes recibidos]: 153
[2026-10-02 17:18:48.479] [Bytes recibidos]: 182
[2026-10-02 17:18:48.479] [Bytes recibidos]: 191
[2026-10-02 17:18:48.479] [Bytes recibidos]: 128
[2026-10-02 17:18:48.479] [Bytes recibidos]: 128
[2026-10-02 17:18:48.479] [Bytes recibidos]: 223
[2026-10-02 17:18:48.479] [Bytes recibidos]: 165
[2026-10-02 17:18:48.479] [Bytes recibidos]: 142
[2026-10-02 17:18:48.483] [Data Recibida]: -7.129426129426129
[2026-10-02 17:18:48.484] [MIN]: -21
[2026-10-02 17:18:48.484] [MAX]: 121
[2026-10-02 17:18:48.485] [MAXBIN]: 4095
[2026-10-02 17:18:48.485] [Data Recibida]: -181.0
[2026-10-02 17:18:48.485] [MIN]: -181
[2026-10-02 17:18:48.485] [MAX]: 181
[2026-10-02 17:18:48.485] [MAXBIN]: 4095
[2026-10-02 17:18:48.486] [Data Recibida]: 48.44932844932845
[2026-10-02 17:18:48.486] [MIN]: 0
[2026-10-02 17:18:48.486] [MAX]: 100
[2026-10-02 17:18:48.486] [MAXBIN]: 4095
[2026-10-02 17:18:48.486] [Data Recibida]: 34.78388278388278
[2026-10-02 17:18:48.486] [MIN]: 0
[2026-10-02 17:18:48.487] [MAX]: 120
[2026-10-02 17:18:48.487] [MAXBIN]: 4095
[2026-10-02 17:18:48.487] [Data Recibida]: 11.242979242979242
[2026-10-02 17:18:48.487] [MIN]: 0
[2026-10-02 17:18:48.487] [MAX]: 20
[2026-10-02 17:18:48.487] [MAXBIN]: 4095
[2026-10-02 17:18:48.488] [Data Recibida]: 99.78021978021978
[2026-10-02 17:18:48.488] [MIN]: 0
[2026-10-02 17:18:48.488] [MAX]: 100
[2026-10-02 17:18:48.488] [MAXBIN]: 4095
[2026-10-02 17:18:48.488] [Data Recibida]: 0.0
[2026-10-02 17:18:48.488] [MIN]: 0
[2026-10-02 17:18:48.489] [MAX]: 20
[2026-10-02 17:18:48.489] [MAXBIN]: 4095
[2026-10-02 17:18:48.489] [Data Recibida]: 12.02930402930403
[2026-10-02 17:18:48.489] [MIN]: 0
[2026-10-02 17:18:48.489] [MAX]: 20
[2026-10-02 17:18:48.489] [MAXBIN]: 4095
[2026-10-02 17:18:50.505] Datos recibidos (960 bytes): 96 99 B6 BF 80 80 DF 9B 8E 8A 99 B6 BF 80 80 DF 8A 8E B4 98 B6 BF 80 80 DF B1 8D 9A 98 B6 BF 80 80 DF AA 8D 94 98 B6 BF 80 80 DF 96 8D 8A 98 B6 BF 80 80 DF 8F 8D 88 98 B6 BF 80 80 DF 84 8D 88 98 B6 BF 80 80 DF B6 8C 8A 98 B6 BF 80 80 DF B2 8C 8B 98 B6 BF 80 80 DF A7 8C 8F 98 B6 BF 80 80 DF A3 8C 90 98 B6 BF 80 80 DF 9C 8C 93 98 B6 BF 80 80 DF 93 8C 97 98 B6 BF 80 80 DF 90 8C 99 98 B6 BF 80 80 DF 88 8C 9F 98 B6 BF 80 80 DF 85 8C A1 98 B6 BF 80 80 DF 80 8C A6 98 B6 BF 80 80 DF B8 8B B0 98 B6 BF 80 80 DF B5 8B B4 98 B6 BF 80 80 DF AD 8B 85 99 B6 BF 80 80 DF AB 8B 8D 99 B6 BF 80 80 DF A6 8B 9E 99 B6 BF 80 80 DF A0 8B BD 99 B6 BF 80 80 DF 9E 8B 88 9A B6 BF 80 80 DF 9B 8B AD 9A B6 BF 80 80 DF 9A 8B B9 9A B6 BF 80 80 DF 98 8B 93 9B B6 BF 80 80 DF 96 8B BA 9B B6 BF 80 80 DF 95 8B 86 9C B6 BF 80 80 DF 93 8B AA 9C B6 BF 80 80 DF 92 8B B6 9C B6 BF 80 80 DF 90 8B 8C 9D B6 BF 80 80 DF 8D 8B AB 9D B6 BF 80 80 DF 8B 8B B4 9D B7 BF 80 80 DF 89 8B 8E 9E B7 BF 80 80 DF 88 8B 96 9E B7 BF 80 80 DF 86 8B A5 9E B7 BF 80 80 DF 84 8B B8 9E B7 BF 80 80 DF 82 8B 83 9F B7 BF 80 80 DF 81 8B 8D 9F B7 BF 80 80 DF 80 8B 92 9F B7 BF 80 80 DF BF 8A 9A 9F B7 BF 80 80 DF BE 8A A4 9F B8 BF 80 80 DF BE 8A A7 9F B8 BF 80 80 DF BD 8A AE 9F B8 BF 80 80 DF BD 8A AF 9F B8 BF 80 80 DF BD 8A B2 9F B8 BF 80 80 DF BC 8A B5 9F B8 BF 80 80 DF BC 8A B6 9F B8 BF 80 80 DF BC 8A B8 9F B9 BF 80 80 DF BC 8A B9 9F B9 BF 80 80 DF BC 8A BA 9F B9 BF 80 80 DF BC 8A BB 9F B9 BF 80 80 DF BC 8A BB 9F B9 BF 80 80 DF BC 8A BB 9F B9 BF 80 80 DF BC 8A BB 9F B9 BF 80 80 DF BC 8A BB 9F B9 BF 80 80 DF BC 8A BB 9F B9 BF 80 80 DF BC 8A BB 9F B9 BF 80 80 DF BC 8A BB 9F B9 BF 80 80 DF BC 8A BB 9F BA BF 80 80 DF BB 8A BC 9F BA BF 80 80 DF BB 8A BC 9F BA BF 80 80 DF BB 8A BC 9F BA BF 80 80 DF BB 8A BD 9F BA BF 80 80 DF BB 8A BD 9F BA BF 80 80 DF BB 8A BD 9F BA BF 80 80 DF BB 8A BD 9F BA BF 80 80 DF BB 8A BD 9F BB BF 80 80 DF BB 8A BD 9F BB BF 80 80 DF BA 8A BE 9F BB BF 80 80 DF BA 8A BE 9F BB BF 80 80 DF BA 8A BE 9F BB BF 80 80 DF BA 8A BE 9F BB BF 80 80 DF BA 8A BE 9F BB BF 80 80 DF BA 8A BE 9F BB BF 80 80 DF BA 8A BE 9F BB BF 80 80 DF BA 8A BE 9F BB BF 80 80 DF BA 8A BE 9F BB BF 80 80 DF BA 8A BE 9F BB BF 80 80 DF BA 8A BF 9F BC BF 80 80 DF B9 8A BF 9F BC BF 80 80 DF B9 8A BF 9F BC BF 80 80 DF B9 8A BF 9F BC BF 80 80 DF B9 8A BF 9F BC BF 80 80 DF B9 8A BF 9F BC BF 80 80 DF B9 8A BF 9F BC BF 80 80 DF B9 8A BF 9F BC BF 80 80 DF B8 8A BF 9F BC BF 80 80 DF B8 8A BF 9F BC BF 80 80 DF B8 8A BF 9F BC BF 80 80 DF B8 8A BF 9F BC BF 80 80 DF B8 8A BF 9F BD BF 80 80 DF B8 8A BF 9F BD BF 80 80 DF B8 8A BF 9F BD BF 80 80 DF B8 8A BF 9F BD BF 80 80 DF B8 8A 80 A0 BD BF 80 80 DF B8 8A 80 A0 BD BF 80 80 DF B7 8A BF 9F BD BF 80 80 DF B7 8A BF 9F BD BF 80 80 DF B7 8A BF 9F BD BF 80 80 DF B7 8A BF 9F BD BF 80 80 DF B7 8A 80 A0 BD BF 80 80 DF B7 8A 80 A0 BD BF 80 80 DF B7 8A 80 A0 BD BF 80 80 DF B6 8A 80 A0 BD BF 80 80
[2026-10-02 17:18:50.505] [Bytes recibidos]: 150
[2026-10-02 17:18:50.505] [Bytes recibidos]: 153
[2026-10-02 17:18:50.506] [Bytes recibidos]: 182
[2026-10-02 17:18:50.506] [Bytes recibidos]: 191
[2026-10-02 17:18:50.506] [Bytes recibidos]: 128
[2026-10-02 17:18:50.506] [Bytes recibidos]: 128
[2026-10-02 17:18:50.506] [Bytes recibidos]: 223
[2026-10-02 17:18:50.506] [Bytes recibidos]: 155
[2026-10-02 17:18:50.507] [Bytes recibidos]: 142
[2026-10-02 17:18:50.507] [Bytes recibidos]: 138
[2026-10-02 17:18:50.507] [Bytes recibidos]: 153
[2026-10-02 17:18:50.507] [Bytes recibidos]: 182
[2026-10-02 17:18:50.507] [Bytes recibidos]: 191
[2026-10-02 17:18:50.507] [Bytes recibidos]: 128
[2026-10-02 17:18:50.507] [Bytes recibidos]: 128
[2026-10-02 17:18:50.508] [Bytes recibidos]: 223
[2026-10-02 17:18:50.508] [Bytes recibidos]: 138
[2026-10-02 17:18:50.508] [Bytes recibidos]: 142
[2026-10-02 17:18:50.508] [Bytes recibidos]: 180
[2026-10-02 17:18:50.508] [Bytes recibidos]: 152
[2026-10-02 17:18:50.508] [Bytes recibidos]: 182
[2026-10-02 17:18:50.508] [Bytes recibidos]: 191
[2026-10-02 17:18:50.509] [Bytes recibidos]: 128
[2026-10-02 17:18:50.509] [Bytes recibidos]: 128
[2026-10-02 17:18:50.509] [Bytes recibidos]: 223
[2026-10-02 17:18:50.509] [Bytes recibidos]: 177
[2026-10-02 17:18:50.509] [Bytes recibidos]: 141
[2026-10-02 17:18:50.509] [Bytes recibidos]: 154
[2026-10-02 17:18:50.509] [Bytes recibidos]: 152
[2026-10-02 17:18:50.509] [Bytes recibidos]: 182
[2026-10-02 17:18:50.509] [Bytes recibidos]: 191
[2026-10-02 17:18:50.510] [Bytes recibidos]: 128
[2026-10-02 17:18:50.510] [Bytes recibidos]: 128
[2026-10-02 17:18:50.510] [Bytes recibidos]: 223
[2026-10-02 17:18:50.510] [Bytes recibidos]: 170
[2026-10-02 17:18:50.510] [Bytes recibidos]: 141
[2026-10-02 17:18:50.510] [Bytes recibidos]: 148
[2026-10-02 17:18:50.510] [Bytes recibidos]: 152
[2026-10-02 17:18:50.510] [Bytes recibidos]: 182
[2026-10-02 17:18:50.510] [Bytes recibidos]: 191
[2026-10-02 17:18:50.511] [Bytes recibidos]: 128
[2026-10-02 17:18:50.511] [Bytes recibidos]: 128
[2026-10-02 17:18:50.511] [Bytes recibidos]: 223
[2026-10-02 17:18:50.511] [Bytes recibidos]: 150
[2026-10-02 17:18:50.511] [Bytes recibidos]: 141
[2026-10-02 17:18:50.511] [Bytes recibidos]: 138
[2026-10-02 17:18:50.511] [Bytes recibidos]: 152
[2026-10-02 17:18:50.511] [Bytes recibidos]: 182
[2026-10-02 17:18:50.512] [Bytes recibidos]: 191
[2026-10-02 17:18:50.512] [Bytes recibidos]: 128
[2026-10-02 17:18:50.512] [Bytes recibidos]: 128
[2026-10-02 17:18:50.512] [Bytes recibidos]: 223
[2026-10-02 17:18:50.512] [Bytes recibidos]: 143
[2026-10-02 17:18:50.512] [Bytes recibidos]: 141
[2026-10-02 17:18:50.512] [Bytes recibidos]: 136
[2026-10-02 17:18:50.512] [Bytes recibidos]: 152
[2026-10-02 17:18:50.513] [Bytes recibidos]: 182
[2026-10-02 17:18:50.513] [Bytes recibidos]: 191
[2026-10-02 17:18:50.513] [Bytes recibidos]: 128
[2026-10-02 17:18:50.513] [Bytes recibidos]: 128
[2026-10-02 17:18:50.513] [Bytes recibidos]: 223
[2026-10-02 17:18:50.513] [Bytes recibidos]: 132
[2026-10-02 17:18:50.513] [Bytes recibidos]: 141
[2026-10-02 17:18:50.513] [Bytes recibidos]: 136
[2026-10-02 17:18:50.513] [Bytes recibidos]: 152
[2026-10-02 17:18:50.514] [Bytes recibidos]: 182
[2026-10-02 17:18:50.514] [Bytes recibidos]: 191
[2026-10-02 17:18:50.514] [Bytes recibidos]: 128
[2026-10-02 17:18:50.514] [Bytes recibidos]: 128
[2026-10-02 17:18:50.514] [Bytes recibidos]: 223
[2026-10-02 17:18:50.514] [Bytes recibidos]: 182
[2026-10-02 17:18:50.514] [Bytes recibidos]: 140
[2026-10-02 17:18:50.515] [Bytes recibidos]: 138
[2026-10-02 17:18:50.515] [Bytes recibidos]: 152
[2026-10-02 17:18:50.515] [Bytes recibidos]: 182
[2026-10-02 17:18:50.515] [Bytes recibidos]: 191
[2026-10-02 17:18:50.515] [Bytes recibidos]: 128
[2026-10-02 17:18:50.515] [Bytes recibidos]: 128
[2026-10-02 17:18:50.515] [Bytes recibidos]: 223
[2026-10-02 17:18:50.516] [Bytes recibidos]: 178
[2026-10-02 17:18:50.516] [Bytes recibidos]: 140
[2026-10-02 17:18:50.516] [Bytes recibidos]: 139
[2026-10-02 17:18:50.516] [Bytes recibidos]: 152
[2026-10-02 17:18:50.516] [Bytes recibidos]: 182
[2026-10-02 17:18:50.516] [Bytes recibidos]: 191
[2026-10-02 17:18:50.516] [Bytes recibidos]: 128
[2026-10-02 17:18:50.517] [Bytes recibidos]: 128
[2026-10-02 17:18:50.517] [Bytes recibidos]: 223
[2026-10-02 17:18:50.517] [Bytes recibidos]: 167
[2026-10-02 17:18:50.517] [Bytes recibidos]: 140
[2026-10-02 17:18:50.517] [Bytes recibidos]: 143
[2026-10-02 17:18:50.517] [Bytes recibidos]: 152
[2026-10-02 17:18:50.517] [Bytes recibidos]: 182
[2026-10-02 17:18:50.518] [Bytes recibidos]: 191
[2026-10-02 17:18:50.518] [Bytes recibidos]: 128
[2026-10-02 17:18:50.518] [Bytes recibidos]: 128
[2026-10-02 17:18:50.518] [Bytes recibidos]: 223
[2026-10-02 17:18:50.518] [Bytes recibidos]: 163
[2026-10-02 17:18:50.518] [Bytes recibidos]: 140
[2026-10-02 17:18:50.519] [Bytes recibidos]: 144
[2026-10-02 17:18:50.519] [Bytes recibidos]: 152
[2026-10-02 17:18:50.519] [Bytes recibidos]: 182
[2026-10-02 17:18:50.519] [Bytes recibidos]: 191
[2026-10-02 17:18:50.519] [Bytes recibidos]: 128
[2026-10-02 17:18:50.519] [Bytes recibidos]: 128
[2026-10-02 17:18:50.519] [Bytes recibidos]: 223
[2026-10-02 17:18:50.520] [Bytes recibidos]: 156
[2026-10-02 17:18:50.520] [Bytes recibidos]: 140
[2026-10-02 17:18:50.520] [Bytes recibidos]: 147
[2026-10-02 17:18:50.520] [Bytes recibidos]: 152
[2026-10-02 17:18:50.520] [Bytes recibidos]: 182
[2026-10-02 17:18:50.520] [Bytes recibidos]: 191
[2026-10-02 17:18:50.521] [Bytes recibidos]: 128
[2026-10-02 17:18:50.521] [Bytes recibidos]: 128
[2026-10-02 17:18:50.521] [Bytes recibidos]: 223
[2026-10-02 17:18:50.521] [Bytes recibidos]: 147
[2026-10-02 17:18:50.521] [Bytes recibidos]: 140
[2026-10-02 17:18:50.521] [Bytes recibidos]: 151
[2026-10-02 17:18:50.521] [Bytes recibidos]: 152
[2026-10-02 17:18:50.522] [Bytes recibidos]: 182
[2026-10-02 17:18:50.522] [Bytes recibidos]: 191
[2026-10-02 17:18:50.522] [Bytes recibidos]: 128
[2026-10-02 17:18:50.522] [Bytes recibidos]: 128
[2026-10-02 17:18:50.522] [Bytes recibidos]: 223
[2026-10-02 17:18:50.522] [Bytes recibidos]: 144
[2026-10-02 17:18:50.522] [Bytes recibidos]: 140
[2026-10-02 17:18:50.523] [Bytes recibidos]: 153
[2026-10-02 17:18:50.523] [Bytes recibidos]: 152
[2026-10-02 17:18:50.523] [Bytes recibidos]: 182
[2026-10-02 17:18:50.523] [Bytes recibidos]: 191
[2026-10-02 17:18:50.523] [Bytes recibidos]: 128
[2026-10-02 17:18:50.523] [Bytes recibidos]: 128
[2026-10-02 17:18:50.524] [Bytes recibidos]: 223
[2026-10-02 17:18:50.524] [Bytes recibidos]: 136
[2026-10-02 17:18:50.524] [Bytes recibidos]: 140
[2026-10-02 17:18:50.524] [Bytes recibidos]: 159
[2026-10-02 17:18:50.524] [Bytes recibidos]: 152
[2026-10-02 17:18:50.524] [Bytes recibidos]: 182
[2026-10-02 17:18:50.525] [Bytes recibidos]: 191
[2026-10-02 17:18:50.525] [Bytes recibidos]: 128
[2026-10-02 17:18:50.525] [Bytes recibidos]: 128
[2026-10-02 17:18:50.525] [Bytes recibidos]: 223
[2026-10-02 17:18:50.525] [Bytes recibidos]: 133
[2026-10-02 17:18:50.525] [Bytes recibidos]: 140
[2026-10-02 17:18:50.525] [Bytes recibidos]: 161
[2026-10-02 17:18:50.526] [Bytes recibidos]: 152
[2026-10-02 17:18:50.526] [Bytes recibidos]: 182
[2026-10-02 17:18:50.526] [Bytes recibidos]: 191
[2026-10-02 17:18:50.526] [Bytes recibidos]: 128
[2026-10-02 17:18:50.526] [Bytes recibidos]: 128
[2026-10-02 17:18:50.526] [Bytes recibidos]: 223
[2026-10-02 17:18:50.526] [Bytes recibidos]: 128
[2026-10-02 17:18:50.526] [Bytes recibidos]: 140
[2026-10-02 17:18:50.527] [Bytes recibidos]: 166
[2026-10-02 17:18:50.527] [Bytes recibidos]: 152
[2026-10-02 17:18:50.527] [Bytes recibidos]: 182
[2026-10-02 17:18:50.527] [Bytes recibidos]: 191
[2026-10-02 17:18:50.527] [Bytes recibidos]: 128
[2026-10-02 17:18:50.527] [Bytes recibidos]: 128
[2026-10-02 17:18:50.527] [Bytes recibidos]: 223
[2026-10-02 17:18:50.527] [Bytes recibidos]: 184
[2026-10-02 17:18:50.528] [Bytes recibidos]: 139
[2026-10-02 17:18:50.528] [Bytes recibidos]: 176
[2026-10-02 17:18:50.528] [Bytes recibidos]: 152
[2026-10-02 17:18:50.528] [Bytes recibidos]: 182
[2026-10-02 17:18:50.528] [Bytes recibidos]: 191
[2026-10-02 17:18:50.528] [Bytes recibidos]: 128
[2026-10-02 17:18:50.528] [Bytes recibidos]: 128
[2026-10-02 17:18:50.529] [Bytes recibidos]: 223
[2026-10-02 17:18:50.529] [Bytes recibidos]: 181
[2026-10-02 17:18:50.529] [Bytes recibidos]: 139
[2026-10-02 17:18:50.529] [Bytes recibidos]: 180
[2026-10-02 17:18:50.529] [Bytes recibidos]: 152
[2026-10-02 17:18:50.529] [Bytes recibidos]: 182
[2026-10-02 17:18:50.529] [Bytes recibidos]: 191
[2026-10-02 17:18:50.529] [Bytes recibidos]: 128
[2026-10-02 17:18:50.530] [Bytes recibidos]: 128
[2026-10-02 17:18:50.530] [Bytes recibidos]: 223
[2026-10-02 17:18:50.530] [Bytes recibidos]: 173
[2026-10-02 17:18:50.530] [Bytes recibidos]: 139
[2026-10-02 17:18:50.530] [Bytes recibidos]: 133
[2026-10-02 17:18:50.530] [Bytes recibidos]: 153
[2026-10-02 17:18:50.530] [Bytes recibidos]: 182
[2026-10-02 17:18:50.531] [Bytes recibidos]: 191
[2026-10-02 17:18:50.531] [Bytes recibidos]: 128
[2026-10-02 17:18:50.531] [Bytes recibidos]: 128
[2026-10-02 17:18:50.531] [Bytes recibidos]: 223
[2026-10-02 17:18:50.531] [Bytes recibidos]: 171
[2026-10-02 17:18:50.531] [Bytes recibidos]: 139
[2026-10-02 17:18:50.532] [Bytes recibidos]: 141
[2026-10-02 17:18:50.532] [Bytes recibidos]: 153
[2026-10-02 17:18:50.532] [Bytes recibidos]: 182
[2026-10-02 17:18:50.532] [Bytes recibidos]: 191
[2026-10-02 17:18:50.532] [Bytes recibidos]: 128
[2026-10-02 17:18:50.532] [Bytes recibidos]: 128
[2026-10-02 17:18:50.533] [Bytes recibidos]: 223
[2026-10-02 17:18:50.533] [Bytes recibidos]: 166
[2026-10-02 17:18:50.533] [Bytes recibidos]: 139
[2026-10-02 17:18:50.533] [Bytes recibidos]: 158
[2026-10-02 17:18:50.533] [Bytes recibidos]: 153
[2026-10-02 17:18:50.533] [Bytes recibidos]: 182
[2026-10-02 17:18:50.534] [Bytes recibidos]: 191
[2026-10-02 17:18:50.534] [Bytes recibidos]: 128
[2026-10-02 17:18:50.534] [Bytes recibidos]: 128
[2026-10-02 17:18:50.534] [Bytes recibidos]: 223
[2026-10-02 17:18:50.534] [Bytes recibidos]: 160
[2026-10-02 17:18:50.534] [Bytes recibidos]: 139
[2026-10-02 17:18:50.534] [Bytes recibidos]: 189
[2026-10-02 17:18:50.535] [Bytes recibidos]: 153
[2026-10-02 17:18:50.535] [Bytes recibidos]: 182
[2026-10-02 17:18:50.535] [Bytes recibidos]: 191
[2026-10-02 17:18:50.535] [Bytes recibidos]: 128
[2026-10-02 17:18:50.535] [Bytes recibidos]: 128
[2026-10-02 17:18:50.535] [Bytes recibidos]: 223
[2026-10-02 17:18:50.535] [Bytes recibidos]: 158
[2026-10-02 17:18:50.536] [Bytes recibidos]: 139
[2026-10-02 17:18:50.536] [Bytes recibidos]: 136
[2026-10-02 17:18:50.536] [Bytes recibidos]: 154
[2026-10-02 17:18:50.536] [Bytes recibidos]: 182
[2026-10-02 17:18:50.536] [Bytes recibidos]: 191
[2026-10-02 17:18:50.536] [Bytes recibidos]: 128
[2026-10-02 17:18:50.536] [Bytes recibidos]: 128
[2026-10-02 17:18:50.537] [Bytes recibidos]: 223
[2026-10-02 17:18:50.537] [Bytes recibidos]: 155
[2026-10-02 17:18:50.537] [Bytes recibidos]: 139
[2026-10-02 17:18:50.537] [Bytes recibidos]: 173
[2026-10-02 17:18:50.537] [Bytes recibidos]: 154
[2026-10-02 17:18:50.537] [Bytes recibidos]: 182
[2026-10-02 17:18:50.537] [Bytes recibidos]: 191
[2026-10-02 17:18:50.538] [Bytes recibidos]: 128
[2026-10-02 17:18:50.538] [Bytes recibidos]: 128
[2026-10-02 17:18:50.538] [Bytes recibidos]: 223
[2026-10-02 17:18:50.538] [Bytes recibidos]: 154
[2026-10-02 17:18:50.538] [Bytes recibidos]: 139
[2026-10-02 17:18:50.538] [Bytes recibidos]: 185
[2026-10-02 17:18:50.538] [Bytes recibidos]: 154
[2026-10-02 17:18:50.539] [Bytes recibidos]: 182
[2026-10-02 17:18:50.539] [Bytes recibidos]: 191
[2026-10-02 17:18:50.539] [Bytes recibidos]: 128
[2026-10-02 17:18:50.539] [Bytes recibidos]: 128
[2026-10-02 17:18:50.539] [Bytes recibidos]: 223
[2026-10-02 17:18:50.539] [Bytes recibidos]: 152
[2026-10-02 17:18:50.539] [Bytes recibidos]: 139
[2026-10-02 17:18:50.540] [Bytes recibidos]: 147
[2026-10-02 17:18:50.540] [Bytes recibidos]: 155
[2026-10-02 17:18:50.540] [Bytes recibidos]: 182
[2026-10-02 17:18:50.540] [Bytes recibidos]: 191
[2026-10-02 17:18:50.540] [Bytes recibidos]: 128
[2026-10-02 17:18:50.540] [Bytes recibidos]: 128
[2026-10-02 17:18:50.540] [Bytes recibidos]: 223
[2026-10-02 17:18:50.540] [Bytes recibidos]: 150
[2026-10-02 17:18:50.540] [Bytes recibidos]: 139
[2026-10-02 17:18:50.541] [Bytes recibidos]: 186
[2026-10-02 17:18:50.541] [Bytes recibidos]: 155
[2026-10-02 17:18:50.541] [Bytes recibidos]: 182
[2026-10-02 17:18:50.541] [Bytes recibidos]: 191
[2026-10-02 17:18:50.541] [Bytes recibidos]: 128
[2026-10-02 17:18:50.541] [Bytes recibidos]: 128
[2026-10-02 17:18:50.541] [Bytes recibidos]: 223
[2026-10-02 17:18:50.541] [Bytes recibidos]: 149
[2026-10-02 17:18:50.542] [Bytes recibidos]: 139
[2026-10-02 17:18:50.542] [Bytes recibidos]: 134
[2026-10-02 17:18:50.542] [Bytes recibidos]: 156
[2026-10-02 17:18:50.542] [Bytes recibidos]: 182
[2026-10-02 17:18:50.542] [Bytes recibidos]: 191
[2026-10-02 17:18:50.542] [Bytes recibidos]: 128
[2026-10-02 17:18:50.542] [Bytes recibidos]: 128
[2026-10-02 17:18:50.542] [Bytes recibidos]: 223
[2026-10-02 17:18:50.543] [Bytes recibidos]: 147
[2026-10-02 17:18:50.543] [Bytes recibidos]: 139
[2026-10-02 17:18:50.543] [Bytes recibidos]: 170
[2026-10-02 17:18:50.543] [Bytes recibidos]: 156
[2026-10-02 17:18:50.543] [Bytes recibidos]: 182
[2026-10-02 17:18:50.543] [Bytes recibidos]: 191
[2026-10-02 17:18:50.543] [Bytes recibidos]: 128
[2026-10-02 17:18:50.543] [Bytes recibidos]: 128
[2026-10-02 17:18:50.543] [Bytes recibidos]: 223
[2026-10-02 17:18:50.544] [Bytes recibidos]: 146
[2026-10-02 17:18:50.544] [Bytes recibidos]: 139
[2026-10-02 17:18:50.544] [Bytes recibidos]: 182
[2026-10-02 17:18:50.544] [Bytes recibidos]: 156
[2026-10-02 17:18:50.544] [Bytes recibidos]: 182
[2026-10-02 17:18:50.544] [Bytes recibidos]: 191
[2026-10-02 17:18:50.544] [Bytes recibidos]: 128
[2026-10-02 17:18:50.544] [Bytes recibidos]: 128
[2026-10-02 17:18:50.544] [Bytes recibidos]: 223
[2026-10-02 17:18:50.545] [Bytes recibidos]: 144
[2026-10-02 17:18:50.545] [Bytes recibidos]: 139
[2026-10-02 17:18:50.545] [Bytes recibidos]: 140
[2026-10-02 17:18:50.545] [Bytes recibidos]: 157
[2026-10-02 17:18:50.545] [Bytes recibidos]: 182
[2026-10-02 17:18:50.545] [Bytes recibidos]: 191
[2026-10-02 17:18:50.545] [Bytes recibidos]: 128
[2026-10-02 17:18:50.545] [Bytes recibidos]: 128
[2026-10-02 17:18:50.546] [Bytes recibidos]: 223
[2026-10-02 17:18:50.546] [Bytes recibidos]: 141
[2026-10-02 17:18:50.546] [Bytes recibidos]: 139
[2026-10-02 17:18:50.546] [Bytes recibidos]: 171
[2026-10-02 17:18:50.546] [Bytes recibidos]: 157
[2026-10-02 17:18:50.546] [Bytes recibidos]: 182
[2026-10-02 17:18:50.546] [Bytes recibidos]: 191
[2026-10-02 17:18:50.546] [Bytes recibidos]: 128
[2026-10-02 17:18:50.546] [Bytes recibidos]: 128
[2026-10-02 17:18:50.547] [Bytes recibidos]: 223
[2026-10-02 17:18:50.547] [Bytes recibidos]: 139
[2026-10-02 17:18:50.547] [Bytes recibidos]: 139
[2026-10-02 17:18:50.547] [Bytes recibidos]: 180
[2026-10-02 17:18:50.547] [Bytes recibidos]: 157
[2026-10-02 17:18:50.547] [Bytes recibidos]: 183
[2026-10-02 17:18:50.547] [Bytes recibidos]: 191
[2026-10-02 17:18:50.547] [Bytes recibidos]: 128
[2026-10-02 17:18:50.547] [Bytes recibidos]: 128
[2026-10-02 17:18:50.548] [Bytes recibidos]: 223
[2026-10-02 17:18:50.548] [Bytes recibidos]: 137
[2026-10-02 17:18:50.548] [Bytes recibidos]: 139
[2026-10-02 17:18:50.548] [Bytes recibidos]: 142
[2026-10-02 17:18:50.548] [Bytes recibidos]: 158
[2026-10-02 17:18:50.548] [Bytes recibidos]: 183
[2026-10-02 17:18:50.548] [Bytes recibidos]: 191
[2026-10-02 17:18:50.548] [Bytes recibidos]: 128
[2026-10-02 17:18:50.548] [Bytes recibidos]: 128
[2026-10-02 17:18:50.549] [Bytes recibidos]: 223
[2026-10-02 17:18:50.549] [Bytes recibidos]: 136
[2026-10-02 17:18:50.549] [Bytes recibidos]: 139
[2026-10-02 17:18:50.549] [Bytes recibidos]: 150
[2026-10-02 17:18:50.549] [Bytes recibidos]: 158
[2026-10-02 17:18:50.549] [Bytes recibidos]: 183
[2026-10-02 17:18:50.549] [Bytes recibidos]: 191
[2026-10-02 17:18:50.549] [Bytes recibidos]: 128
[2026-10-02 17:18:50.549] [Bytes recibidos]: 128
[2026-10-02 17:18:50.550] [Bytes recibidos]: 223
[2026-10-02 17:18:50.550] [Bytes recibidos]: 134
[2026-10-02 17:18:50.550] [Bytes recibidos]: 139
[2026-10-02 17:18:50.550] [Bytes recibidos]: 165
[2026-10-02 17:18:50.550] [Bytes recibidos]: 158
[2026-10-02 17:18:50.550] [Bytes recibidos]: 183
[2026-10-02 17:18:50.550] [Bytes recibidos]: 191
[2026-10-02 17:18:50.550] [Bytes recibidos]: 128
[2026-10-02 17:18:50.551] [Bytes recibidos]: 128
[2026-10-02 17:18:50.551] [Bytes recibidos]: 223
[2026-10-02 17:18:50.551] [Bytes recibidos]: 132
[2026-10-02 17:18:50.551] [Bytes recibidos]: 139
[2026-10-02 17:18:50.551] [Bytes recibidos]: 184
[2026-10-02 17:18:50.551] [Bytes recibidos]: 158
[2026-10-02 17:18:50.551] [Bytes recibidos]: 183
[2026-10-02 17:18:50.551] [Bytes recibidos]: 191
[2026-10-02 17:18:50.551] [Bytes recibidos]: 128
[2026-10-02 17:18:50.551] [Bytes recibidos]: 128
[2026-10-02 17:18:50.551] [Bytes recibidos]: 223
[2026-10-02 17:18:50.552] [Bytes recibidos]: 130
[2026-10-02 17:18:50.552] [Bytes recibidos]: 139
[2026-10-02 17:18:50.552] [Bytes recibidos]: 131
[2026-10-02 17:18:50.552] [Bytes recibidos]: 159
[2026-10-02 17:18:50.552] [Bytes recibidos]: 183
[2026-10-02 17:18:50.552] [Bytes recibidos]: 191
[2026-10-02 17:18:50.552] [Bytes recibidos]: 128
[2026-10-02 17:18:50.552] [Bytes recibidos]: 128
[2026-10-02 17:18:50.552] [Bytes recibidos]: 223
[2026-10-02 17:18:50.553] [Bytes recibidos]: 129
[2026-10-02 17:18:50.553] [Bytes recibidos]: 139
[2026-10-02 17:18:50.553] [Bytes recibidos]: 141
[2026-10-02 17:18:50.553] [Bytes recibidos]: 159
[2026-10-02 17:18:50.553] [Bytes recibidos]: 183
[2026-10-02 17:18:50.553] [Bytes recibidos]: 191
[2026-10-02 17:18:50.553] [Bytes recibidos]: 128
[2026-10-02 17:18:50.553] [Bytes recibidos]: 128
[2026-10-02 17:18:50.553] [Bytes recibidos]: 223
[2026-10-02 17:18:50.553] [Bytes recibidos]: 128
[2026-10-02 17:18:50.554] [Bytes recibidos]: 139
[2026-10-02 17:18:50.554] [Bytes recibidos]: 146
[2026-10-02 17:18:50.554] [Bytes recibidos]: 159
[2026-10-02 17:18:50.554] [Bytes recibidos]: 183
[2026-10-02 17:18:50.554] [Bytes recibidos]: 191
[2026-10-02 17:18:50.554] [Bytes recibidos]: 128
[2026-10-02 17:18:50.554] [Bytes recibidos]: 128
[2026-10-02 17:18:50.554] [Bytes recibidos]: 223
[2026-10-02 17:18:50.554] [Bytes recibidos]: 191
[2026-10-02 17:18:50.554] [Bytes recibidos]: 138
[2026-10-02 17:18:50.555] [Bytes recibidos]: 154
[2026-10-02 17:18:50.555] [Bytes recibidos]: 159
[2026-10-02 17:18:50.555] [Bytes recibidos]: 183
[2026-10-02 17:18:50.555] [Bytes recibidos]: 191
[2026-10-02 17:18:50.555] [Bytes recibidos]: 128
[2026-10-02 17:18:50.555] [Bytes recibidos]: 128
[2026-10-02 17:18:50.555] [Bytes recibidos]: 223
[2026-10-02 17:18:50.555] [Bytes recibidos]: 190
[2026-10-02 17:18:50.555] [Bytes recibidos]: 138
[2026-10-02 17:18:50.555] [Bytes recibidos]: 164
[2026-10-02 17:18:50.555] [Bytes recibidos]: 159
[2026-10-02 17:18:50.556] [Bytes recibidos]: 184
[2026-10-02 17:18:50.556] [Bytes recibidos]: 191
[2026-10-02 17:18:50.556] [Bytes recibidos]: 128
[2026-10-02 17:18:50.556] [Bytes recibidos]: 128
[2026-10-02 17:18:50.556] [Bytes recibidos]: 223
[2026-10-02 17:18:50.556] [Bytes recibidos]: 190
[2026-10-02 17:18:50.556] [Bytes recibidos]: 138
[2026-10-02 17:18:50.556] [Bytes recibidos]: 167
[2026-10-02 17:18:50.556] [Bytes recibidos]: 159
[2026-10-02 17:18:50.556] [Bytes recibidos]: 184
[2026-10-02 17:18:50.556] [Bytes recibidos]: 191
[2026-10-02 17:18:50.557] [Bytes recibidos]: 128
[2026-10-02 17:18:50.557] [Bytes recibidos]: 128
[2026-10-02 17:18:50.557] [Bytes recibidos]: 223
[2026-10-02 17:18:50.557] [Bytes recibidos]: 189
[2026-10-02 17:18:50.557] [Bytes recibidos]: 138
[2026-10-02 17:18:50.557] [Bytes recibidos]: 174
[2026-10-02 17:18:50.557] [Bytes recibidos]: 159
[2026-10-02 17:18:50.557] [Bytes recibidos]: 184
[2026-10-02 17:18:50.557] [Bytes recibidos]: 191
[2026-10-02 17:18:50.557] [Bytes recibidos]: 128
[2026-10-02 17:18:50.557] [Bytes recibidos]: 128
[2026-10-02 17:18:50.557] [Bytes recibidos]: 223
[2026-10-02 17:18:50.558] [Bytes recibidos]: 189
[2026-10-02 17:18:50.558] [Bytes recibidos]: 138
[2026-10-02 17:18:50.558] [Bytes recibidos]: 175
[2026-10-02 17:18:50.558] [Bytes recibidos]: 159
[2026-10-02 17:18:50.558] [Bytes recibidos]: 184
[2026-10-02 17:18:50.558] [Bytes recibidos]: 191
[2026-10-02 17:18:50.558] [Bytes recibidos]: 128
[2026-10-02 17:18:50.558] [Bytes recibidos]: 128
[2026-10-02 17:18:50.558] [Bytes recibidos]: 223
[2026-10-02 17:18:50.558] [Bytes recibidos]: 189
[2026-10-02 17:18:50.559] [Bytes recibidos]: 138
[2026-10-02 17:18:50.559] [Bytes recibidos]: 178
[2026-10-02 17:18:50.559] [Bytes recibidos]: 159
[2026-10-02 17:18:50.559] [Bytes recibidos]: 184
[2026-10-02 17:18:50.559] [Bytes recibidos]: 191
[2026-10-02 17:18:50.559] [Bytes recibidos]: 128
[2026-10-02 17:18:50.559] [Bytes recibidos]: 128
[2026-10-02 17:18:50.559] [Bytes recibidos]: 223
[2026-10-02 17:18:50.559] [Bytes recibidos]: 188
[2026-10-02 17:18:50.559] [Bytes recibidos]: 138
[2026-10-02 17:18:50.559] [Bytes recibidos]: 181
[2026-10-02 17:18:50.560] [Bytes recibidos]: 159
[2026-10-02 17:18:50.560] [Bytes recibidos]: 184
[2026-10-02 17:18:50.560] [Bytes recibidos]: 191
[2026-10-02 17:18:50.560] [Bytes recibidos]: 128
[2026-10-02 17:18:50.560] [Bytes recibidos]: 128
[2026-10-02 17:18:50.560] [Bytes recibidos]: 223
[2026-10-02 17:18:50.560] [Bytes recibidos]: 188
[2026-10-02 17:18:50.560] [Bytes recibidos]: 138
[2026-10-02 17:18:50.560] [Bytes recibidos]: 182
[2026-10-02 17:18:50.560] [Bytes recibidos]: 159
[2026-10-02 17:18:50.561] [Bytes recibidos]: 184
[2026-10-02 17:18:50.561] [Bytes recibidos]: 191
[2026-10-02 17:18:50.561] [Bytes recibidos]: 128
[2026-10-02 17:18:50.561] [Bytes recibidos]: 128
[2026-10-02 17:18:50.561] [Bytes recibidos]: 223
[2026-10-02 17:18:50.561] [Bytes recibidos]: 188
[2026-10-02 17:18:50.561] [Bytes recibidos]: 138
[2026-10-02 17:18:50.561] [Bytes recibidos]: 184
[2026-10-02 17:18:50.561] [Bytes recibidos]: 159
[2026-10-02 17:18:50.561] [Bytes recibidos]: 185
[2026-10-02 17:18:50.562] [Bytes recibidos]: 191
[2026-10-02 17:18:50.562] [Bytes recibidos]: 128
[2026-10-02 17:18:50.562] [Bytes recibidos]: 128
[2026-10-02 17:18:50.562] [Bytes recibidos]: 223
[2026-10-02 17:18:50.562] [Bytes recibidos]: 188
[2026-10-02 17:18:50.562] [Bytes recibidos]: 138
[2026-10-02 17:18:50.562] [Bytes recibidos]: 185
[2026-10-02 17:18:50.562] [Bytes recibidos]: 159
[2026-10-02 17:18:50.562] [Bytes recibidos]: 185
[2026-10-02 17:18:50.562] [Bytes recibidos]: 191
[2026-10-02 17:18:50.562] [Bytes recibidos]: 128
[2026-10-02 17:18:50.563] [Bytes recibidos]: 128
[2026-10-02 17:18:50.563] [Bytes recibidos]: 223
[2026-10-02 17:18:50.563] [Bytes recibidos]: 188
[2026-10-02 17:18:50.563] [Bytes recibidos]: 138
[2026-10-02 17:18:50.563] [Bytes recibidos]: 186
[2026-10-02 17:18:50.563] [Bytes recibidos]: 159
[2026-10-02 17:18:50.563] [Bytes recibidos]: 185
[2026-10-02 17:18:50.563] [Bytes recibidos]: 191
[2026-10-02 17:18:50.563] [Bytes recibidos]: 128
[2026-10-02 17:18:50.563] [Bytes recibidos]: 128
[2026-10-02 17:18:50.563] [Bytes recibidos]: 223
[2026-10-02 17:18:50.563] [Bytes recibidos]: 188
[2026-10-02 17:18:50.564] [Bytes recibidos]: 138
[2026-10-02 17:18:50.564] [Bytes recibidos]: 187
[2026-10-02 17:18:50.564] [Bytes recibidos]: 159
[2026-10-02 17:18:50.564] [Bytes recibidos]: 185
[2026-10-02 17:18:50.564] [Bytes recibidos]: 191
[2026-10-02 17:18:50.564] [Bytes recibidos]: 128
[2026-10-02 17:18:50.564] [Bytes recibidos]: 128
[2026-10-02 17:18:50.564] [Bytes recibidos]: 223
[2026-10-02 17:18:50.564] [Bytes recibidos]: 188
[2026-10-02 17:18:50.564] [Bytes recibidos]: 138
[2026-10-02 17:18:50.564] [Bytes recibidos]: 187
[2026-10-02 17:18:50.565] [Bytes recibidos]: 159
[2026-10-02 17:18:50.565] [Bytes recibidos]: 185
[2026-10-02 17:18:50.565] [Bytes recibidos]: 191
[2026-10-02 17:18:50.565] [Bytes recibidos]: 128
[2026-10-02 17:18:50.565] [Bytes recibidos]: 128
[2026-10-02 17:18:50.565] [Bytes recibidos]: 223
[2026-10-02 17:18:50.565] [Bytes recibidos]: 188
[2026-10-02 17:18:50.565] [Bytes recibidos]: 138
[2026-10-02 17:18:50.565] [Bytes recibidos]: 187
[2026-10-02 17:18:50.565] [Bytes recibidos]: 159
[2026-10-02 17:18:50.565] [Bytes recibidos]: 185
[2026-10-02 17:18:50.566] [Bytes recibidos]: 191
[2026-10-02 17:18:50.566] [Bytes recibidos]: 128
[2026-10-02 17:18:50.566] [Bytes recibidos]: 128
[2026-10-02 17:18:50.566] [Bytes recibidos]: 223
[2026-10-02 17:18:50.566] [Bytes recibidos]: 188
[2026-10-02 17:18:50.566] [Bytes recibidos]: 138
[2026-10-02 17:18:50.566] [Bytes recibidos]: 187
[2026-10-02 17:18:50.566] [Bytes recibidos]: 159
[2026-10-02 17:18:50.566] [Bytes recibidos]: 185
[2026-10-02 17:18:50.566] [Bytes recibidos]: 191
[2026-10-02 17:18:50.566] [Bytes recibidos]: 128
[2026-10-02 17:18:50.566] [Bytes recibidos]: 128
[2026-10-02 17:18:50.567] [Bytes recibidos]: 223
[2026-10-02 17:18:50.567] [Bytes recibidos]: 188
[2026-10-02 17:18:50.567] [Bytes recibidos]: 138
[2026-10-02 17:18:50.567] [Bytes recibidos]: 187
[2026-10-02 17:18:50.567] [Bytes recibidos]: 159
[2026-10-02 17:18:50.567] [Bytes recibidos]: 185
[2026-10-02 17:18:50.567] [Bytes recibidos]: 191
[2026-10-02 17:18:50.567] [Bytes recibidos]: 128
[2026-10-02 17:18:50.567] [Bytes recibidos]: 128
[2026-10-02 17:18:50.567] [Bytes recibidos]: 223
[2026-10-02 17:18:50.567] [Bytes recibidos]: 188
[2026-10-02 17:18:50.567] [Bytes recibidos]: 138
[2026-10-02 17:18:50.567] [Bytes recibidos]: 187
[2026-10-02 17:18:50.568] [Bytes recibidos]: 159
[2026-10-02 17:18:50.568] [Bytes recibidos]: 185
[2026-10-02 17:18:50.568] [Bytes recibidos]: 191
[2026-10-02 17:18:50.568] [Bytes recibidos]: 128
[2026-10-02 17:18:50.568] [Bytes recibidos]: 128
[2026-10-02 17:18:50.568] [Bytes recibidos]: 223
[2026-10-02 17:18:50.568] [Bytes recibidos]: 188
[2026-10-02 17:18:50.568] [Bytes recibidos]: 138
[2026-10-02 17:18:50.568] [Bytes recibidos]: 187
[2026-10-02 17:18:50.568] [Bytes recibidos]: 159
[2026-10-02 17:18:50.568] [Bytes recibidos]: 185
[2026-10-02 17:18:50.569] [Bytes recibidos]: 191
[2026-10-02 17:18:50.569] [Bytes recibidos]: 128
[2026-10-02 17:18:50.569] [Bytes recibidos]: 128
[2026-10-02 17:18:50.569] [Bytes recibidos]: 223
[2026-10-02 17:18:50.569] [Bytes recibidos]: 188
[2026-10-02 17:18:50.569] [Bytes recibidos]: 138
[2026-10-02 17:18:50.569] [Bytes recibidos]: 187
[2026-10-02 17:18:50.569] [Bytes recibidos]: 159
[2026-10-02 17:18:50.569] [Bytes recibidos]: 185
[2026-10-02 17:18:50.569] [Bytes recibidos]: 191
[2026-10-02 17:18:50.569] [Bytes recibidos]: 128
[2026-10-02 17:18:50.570] [Bytes recibidos]: 128
[2026-10-02 17:18:50.570] [Bytes recibidos]: 223
[2026-10-02 17:18:50.570] [Bytes recibidos]: 188
[2026-10-02 17:18:50.570] [Bytes recibidos]: 138
[2026-10-02 17:18:50.570] [Bytes recibidos]: 187
[2026-10-02 17:18:50.570] [Bytes recibidos]: 159
[2026-10-02 17:18:50.570] [Bytes recibidos]: 186
[2026-10-02 17:18:50.570] [Bytes recibidos]: 191
[2026-10-02 17:18:50.570] [Bytes recibidos]: 128
[2026-10-02 17:18:50.570] [Bytes recibidos]: 128
[2026-10-02 17:18:50.570] [Bytes recibidos]: 223
[2026-10-02 17:18:50.570] [Bytes recibidos]: 187
[2026-10-02 17:18:50.570] [Bytes recibidos]: 138
[2026-10-02 17:18:50.571] [Bytes recibidos]: 188
[2026-10-02 17:18:50.571] [Bytes recibidos]: 159
[2026-10-02 17:18:50.571] [Bytes recibidos]: 186
[2026-10-02 17:18:50.571] [Bytes recibidos]: 191
[2026-10-02 17:18:50.571] [Bytes recibidos]: 128
[2026-10-02 17:18:50.571] [Bytes recibidos]: 128
[2026-10-02 17:18:50.571] [Bytes recibidos]: 223
[2026-10-02 17:18:50.571] [Bytes recibidos]: 187
[2026-10-02 17:18:50.571] [Bytes recibidos]: 138
[2026-10-02 17:18:50.571] [Bytes recibidos]: 188
[2026-10-02 17:18:50.571] [Bytes recibidos]: 159
[2026-10-02 17:18:50.572] [Bytes recibidos]: 186
[2026-10-02 17:18:50.572] [Bytes recibidos]: 191
[2026-10-02 17:18:50.572] [Bytes recibidos]: 128
[2026-10-02 17:18:50.572] [Bytes recibidos]: 128
[2026-10-02 17:18:50.572] [Bytes recibidos]: 223
[2026-10-02 17:18:50.572] [Bytes recibidos]: 187
[2026-10-02 17:18:50.572] [Bytes recibidos]: 138
[2026-10-02 17:18:50.572] [Bytes recibidos]: 188
[2026-10-02 17:18:50.572] [Bytes recibidos]: 159
[2026-10-02 17:18:50.572] [Bytes recibidos]: 186
[2026-10-02 17:18:50.572] [Bytes recibidos]: 191
[2026-10-02 17:18:50.573] [Bytes recibidos]: 128
[2026-10-02 17:18:50.573] [Bytes recibidos]: 128
[2026-10-02 17:18:50.573] [Bytes recibidos]: 223
[2026-10-02 17:18:50.573] [Bytes recibidos]: 187
[2026-10-02 17:18:50.573] [Bytes recibidos]: 138
[2026-10-02 17:18:50.573] [Bytes recibidos]: 189
[2026-10-02 17:18:50.573] [Bytes recibidos]: 159
[2026-10-02 17:18:50.573] [Bytes recibidos]: 186
[2026-10-02 17:18:50.573] [Bytes recibidos]: 191
[2026-10-02 17:18:50.573] [Bytes recibidos]: 128
[2026-10-02 17:18:50.573] [Bytes recibidos]: 128
[2026-10-02 17:18:50.574] [Bytes recibidos]: 223
[2026-10-02 17:18:50.574] [Bytes recibidos]: 187
[2026-10-02 17:18:50.574] [Bytes recibidos]: 138
[2026-10-02 17:18:50.574] [Bytes recibidos]: 189
[2026-10-02 17:18:50.574] [Bytes recibidos]: 159
[2026-10-02 17:18:50.574] [Bytes recibidos]: 186
[2026-10-02 17:18:50.574] [Bytes recibidos]: 191
[2026-10-02 17:18:50.574] [Bytes recibidos]: 128
[2026-10-02 17:18:50.574] [Bytes recibidos]: 128
[2026-10-02 17:18:50.574] [Bytes recibidos]: 223
[2026-10-02 17:18:50.574] [Bytes recibidos]: 187
[2026-10-02 17:18:50.575] [Bytes recibidos]: 138
[2026-10-02 17:18:50.575] [Bytes recibidos]: 189
[2026-10-02 17:18:50.575] [Bytes recibidos]: 159
[2026-10-02 17:18:50.575] [Bytes recibidos]: 186
[2026-10-02 17:18:50.575] [Bytes recibidos]: 191
[2026-10-02 17:18:50.575] [Bytes recibidos]: 128
[2026-10-02 17:18:50.575] [Bytes recibidos]: 128
[2026-10-02 17:18:50.575] [Bytes recibidos]: 223
[2026-10-02 17:18:50.575] [Bytes recibidos]: 187
[2026-10-02 17:18:50.575] [Bytes recibidos]: 138
[2026-10-02 17:18:50.575] [Bytes recibidos]: 189
[2026-10-02 17:18:50.575] [Bytes recibidos]: 159
[2026-10-02 17:18:50.576] [Bytes recibidos]: 186
[2026-10-02 17:18:50.576] [Bytes recibidos]: 191
[2026-10-02 17:18:50.576] [Bytes recibidos]: 128
[2026-10-02 17:18:50.576] [Bytes recibidos]: 128
[2026-10-02 17:18:50.576] [Bytes recibidos]: 223
[2026-10-02 17:18:50.576] [Bytes recibidos]: 187
[2026-10-02 17:18:50.576] [Bytes recibidos]: 138
[2026-10-02 17:18:50.576] [Bytes recibidos]: 189
[2026-10-02 17:18:50.576] [Bytes recibidos]: 159
[2026-10-02 17:18:50.576] [Bytes recibidos]: 187
[2026-10-02 17:18:50.576] [Bytes recibidos]: 191
[2026-10-02 17:18:50.576] [Bytes recibidos]: 128
[2026-10-02 17:18:50.577] [Bytes recibidos]: 128
[2026-10-02 17:18:50.577] [Bytes recibidos]: 223
[2026-10-02 17:18:50.577] [Bytes recibidos]: 187
[2026-10-02 17:18:50.577] [Bytes recibidos]: 138
[2026-10-02 17:18:50.577] [Bytes recibidos]: 189
[2026-10-02 17:18:50.577] [Bytes recibidos]: 159
[2026-10-02 17:18:50.577] [Bytes recibidos]: 187
[2026-10-02 17:18:50.577] [Bytes recibidos]: 191
[2026-10-02 17:18:50.577] [Bytes recibidos]: 128
[2026-10-02 17:18:50.577] [Bytes recibidos]: 128
[2026-10-02 17:18:50.577] [Bytes recibidos]: 223
[2026-10-02 17:18:50.578] [Bytes recibidos]: 186
[2026-10-02 17:18:50.578] [Bytes recibidos]: 138
[2026-10-02 17:18:50.578] [Bytes recibidos]: 190
[2026-10-02 17:18:50.578] [Bytes recibidos]: 159
[2026-10-02 17:18:50.578] [Bytes recibidos]: 187
[2026-10-02 17:18:50.578] [Bytes recibidos]: 191
[2026-10-02 17:18:50.578] [Bytes recibidos]: 128
[2026-10-02 17:18:50.578] [Bytes recibidos]: 128
[2026-10-02 17:18:50.578] [Bytes recibidos]: 223
[2026-10-02 17:18:50.578] [Bytes recibidos]: 186
[2026-10-02 17:18:50.578] [Bytes recibidos]: 138
[2026-10-02 17:18:50.578] [Bytes recibidos]: 190
[2026-10-02 17:18:50.579] [Bytes recibidos]: 159
[2026-10-02 17:18:50.579] [Bytes recibidos]: 187
[2026-10-02 17:18:50.579] [Bytes recibidos]: 191
[2026-10-02 17:18:50.579] [Bytes recibidos]: 128
[2026-10-02 17:18:50.579] [Bytes recibidos]: 128
[2026-10-02 17:18:50.579] [Bytes recibidos]: 223
[2026-10-02 17:18:50.579] [Bytes recibidos]: 186
[2026-10-02 17:18:50.579] [Bytes recibidos]: 138
[2026-10-02 17:18:50.579] [Bytes recibidos]: 190
[2026-10-02 17:18:50.579] [Bytes recibidos]: 159
[2026-10-02 17:18:50.579] [Bytes recibidos]: 187
[2026-10-02 17:18:50.580] [Bytes recibidos]: 191
[2026-10-02 17:18:50.580] [Bytes recibidos]: 128
[2026-10-02 17:18:50.580] [Bytes recibidos]: 128
[2026-10-02 17:18:50.580] [Bytes recibidos]: 223
[2026-10-02 17:18:50.580] [Bytes recibidos]: 186
[2026-10-02 17:18:50.580] [Bytes recibidos]: 138
[2026-10-02 17:18:50.580] [Bytes recibidos]: 190
[2026-10-02 17:18:50.580] [Bytes recibidos]: 159
[2026-10-02 17:18:50.580] [Bytes recibidos]: 187
[2026-10-02 17:18:50.580] [Bytes recibidos]: 191
[2026-10-02 17:18:50.580] [Bytes recibidos]: 128
[2026-10-02 17:18:50.580] [Bytes recibidos]: 128
[2026-10-02 17:18:50.581] [Bytes recibidos]: 223
[2026-10-02 17:18:50.581] [Bytes recibidos]: 186
[2026-10-02 17:18:50.581] [Bytes recibidos]: 138
[2026-10-02 17:18:50.581] [Bytes recibidos]: 190
[2026-10-02 17:18:50.581] [Bytes recibidos]: 159
[2026-10-02 17:18:50.581] [Bytes recibidos]: 187
[2026-10-02 17:18:50.581] [Bytes recibidos]: 191
[2026-10-02 17:18:50.581] [Bytes recibidos]: 128
[2026-10-02 17:18:50.581] [Bytes recibidos]: 128
[2026-10-02 17:18:50.581] [Bytes recibidos]: 223
[2026-10-02 17:18:50.581] [Bytes recibidos]: 186
[2026-10-02 17:18:50.582] [Bytes recibidos]: 138
[2026-10-02 17:18:50.582] [Bytes recibidos]: 190
[2026-10-02 17:18:50.582] [Bytes recibidos]: 159
[2026-10-02 17:18:50.582] [Bytes recibidos]: 187
[2026-10-02 17:18:50.582] [Bytes recibidos]: 191
[2026-10-02 17:18:50.582] [Bytes recibidos]: 128
[2026-10-02 17:18:50.582] [Bytes recibidos]: 128
[2026-10-02 17:18:50.582] [Bytes recibidos]: 223
[2026-10-02 17:18:50.582] [Bytes recibidos]: 186
[2026-10-02 17:18:50.582] [Bytes recibidos]: 138
[2026-10-02 17:18:50.582] [Bytes recibidos]: 190
[2026-10-02 17:18:50.582] [Bytes recibidos]: 159
[2026-10-02 17:18:50.582] [Bytes recibidos]: 187
[2026-10-02 17:18:50.583] [Bytes recibidos]: 191
[2026-10-02 17:18:50.583] [Bytes recibidos]: 128
[2026-10-02 17:18:50.583] [Bytes recibidos]: 128
[2026-10-02 17:18:50.583] [Bytes recibidos]: 223
[2026-10-02 17:18:50.583] [Bytes recibidos]: 186
[2026-10-02 17:18:50.583] [Bytes recibidos]: 138
[2026-10-02 17:18:50.583] [Bytes recibidos]: 190
[2026-10-02 17:18:50.583] [Bytes recibidos]: 159
[2026-10-02 17:18:50.583] [Bytes recibidos]: 187
[2026-10-02 17:18:50.583] [Bytes recibidos]: 191
[2026-10-02 17:18:50.583] [Bytes recibidos]: 128
[2026-10-02 17:18:50.583] [Bytes recibidos]: 128
[2026-10-02 17:18:50.584] [Bytes recibidos]: 223
[2026-10-02 17:18:50.584] [Bytes recibidos]: 186
[2026-10-02 17:18:50.584] [Bytes recibidos]: 138
[2026-10-02 17:18:50.584] [Bytes recibidos]: 190
[2026-10-02 17:18:50.584] [Bytes recibidos]: 159
[2026-10-02 17:18:50.584] [Bytes recibidos]: 187
[2026-10-02 17:18:50.584] [Bytes recibidos]: 191
[2026-10-02 17:18:50.584] [Bytes recibidos]: 128
[2026-10-02 17:18:50.584] [Bytes recibidos]: 128
[2026-10-02 17:18:50.584] [Bytes recibidos]: 223
[2026-10-02 17:18:50.584] [Bytes recibidos]: 186
[2026-10-02 17:18:50.585] [Bytes recibidos]: 138
[2026-10-02 17:18:50.585] [Bytes recibidos]: 190
[2026-10-02 17:18:50.585] [Bytes recibidos]: 159
[2026-10-02 17:18:50.585] [Bytes recibidos]: 187
[2026-10-02 17:18:50.585] [Bytes recibidos]: 191
[2026-10-02 17:18:50.585] [Bytes recibidos]: 128
[2026-10-02 17:18:50.585] [Bytes recibidos]: 128
[2026-10-02 17:18:50.585] [Bytes recibidos]: 223
[2026-10-02 17:18:50.585] [Bytes recibidos]: 186
[2026-10-02 17:18:50.585] [Bytes recibidos]: 138
[2026-10-02 17:18:50.585] [Bytes recibidos]: 191
[2026-10-02 17:18:50.585] [Bytes recibidos]: 159
[2026-10-02 17:18:50.586] [Bytes recibidos]: 188
[2026-10-02 17:18:50.586] [Bytes recibidos]: 191
[2026-10-02 17:18:50.586] [Bytes recibidos]: 128
[2026-10-02 17:18:50.586] [Bytes recibidos]: 128
[2026-10-02 17:18:50.586] [Bytes recibidos]: 223
[2026-10-02 17:18:50.586] [Bytes recibidos]: 185
[2026-10-02 17:18:50.586] [Bytes recibidos]: 138
[2026-10-02 17:18:50.586] [Bytes recibidos]: 191
[2026-10-02 17:18:50.586] [Bytes recibidos]: 159
[2026-10-02 17:18:50.586] [Bytes recibidos]: 188
[2026-10-02 17:18:50.586] [Bytes recibidos]: 191
[2026-10-02 17:18:50.587] [Bytes recibidos]: 128
[2026-10-02 17:18:50.587] [Bytes recibidos]: 128
[2026-10-02 17:18:50.587] [Bytes recibidos]: 223
[2026-10-02 17:18:50.587] [Bytes recibidos]: 185
[2026-10-02 17:18:50.587] [Bytes recibidos]: 138
[2026-10-02 17:18:50.587] [Bytes recibidos]: 191
[2026-10-02 17:18:50.587] [Bytes recibidos]: 159
[2026-10-02 17:18:50.587] [Bytes recibidos]: 188
[2026-10-02 17:18:50.587] [Bytes recibidos]: 191
[2026-10-02 17:18:50.587] [Bytes recibidos]: 128
[2026-10-02 17:18:50.587] [Bytes recibidos]: 128
[2026-10-02 17:18:50.587] [Bytes recibidos]: 223
[2026-10-02 17:18:50.588] [Bytes recibidos]: 185
[2026-10-02 17:18:50.588] [Bytes recibidos]: 138
[2026-10-02 17:18:50.588] [Bytes recibidos]: 191
[2026-10-02 17:18:50.588] [Bytes recibidos]: 159
[2026-10-02 17:18:50.588] [Bytes recibidos]: 188
[2026-10-02 17:18:50.588] [Bytes recibidos]: 191
[2026-10-02 17:18:50.588] [Bytes recibidos]: 128
[2026-10-02 17:18:50.588] [Bytes recibidos]: 128
[2026-10-02 17:18:50.588] [Bytes recibidos]: 223
[2026-10-02 17:18:50.588] [Bytes recibidos]: 185
[2026-10-02 17:18:50.588] [Bytes recibidos]: 138
[2026-10-02 17:18:50.588] [Bytes recibidos]: 191
[2026-10-02 17:18:50.589] [Bytes recibidos]: 159
[2026-10-02 17:18:50.589] [Bytes recibidos]: 188
[2026-10-02 17:18:50.589] [Bytes recibidos]: 191
[2026-10-02 17:18:50.589] [Bytes recibidos]: 128
[2026-10-02 17:18:50.589] [Bytes recibidos]: 128
[2026-10-02 17:18:50.589] [Bytes recibidos]: 223
[2026-10-02 17:18:50.589] [Bytes recibidos]: 185
[2026-10-02 17:18:50.589] [Bytes recibidos]: 138
[2026-10-02 17:18:50.589] [Bytes recibidos]: 191
[2026-10-02 17:18:50.589] [Bytes recibidos]: 159
[2026-10-02 17:18:50.589] [Bytes recibidos]: 188
[2026-10-02 17:18:50.589] [Bytes recibidos]: 191
[2026-10-02 17:18:50.590] [Bytes recibidos]: 128
[2026-10-02 17:18:50.590] [Bytes recibidos]: 128
[2026-10-02 17:18:50.590] [Bytes recibidos]: 223
[2026-10-02 17:18:50.590] [Bytes recibidos]: 185
[2026-10-02 17:18:50.590] [Bytes recibidos]: 138
[2026-10-02 17:18:50.590] [Bytes recibidos]: 191
[2026-10-02 17:18:50.590] [Bytes recibidos]: 159
[2026-10-02 17:18:50.590] [Bytes recibidos]: 188
[2026-10-02 17:18:50.590] [Bytes recibidos]: 191
[2026-10-02 17:18:50.590] [Bytes recibidos]: 128
[2026-10-02 17:18:50.590] [Bytes recibidos]: 128
[2026-10-02 17:18:50.590] [Bytes recibidos]: 223
[2026-10-02 17:18:50.591] [Bytes recibidos]: 185
[2026-10-02 17:18:50.591] [Bytes recibidos]: 138
[2026-10-02 17:18:50.591] [Bytes recibidos]: 191
[2026-10-02 17:18:50.591] [Bytes recibidos]: 159
[2026-10-02 17:18:50.591] [Bytes recibidos]: 188
[2026-10-02 17:18:50.591] [Bytes recibidos]: 191
[2026-10-02 17:18:50.591] [Bytes recibidos]: 128
[2026-10-02 17:18:50.591] [Bytes recibidos]: 128
[2026-10-02 17:18:50.591] [Bytes recibidos]: 223
[2026-10-02 17:18:50.591] [Bytes recibidos]: 184
[2026-10-02 17:18:50.591] [Bytes recibidos]: 138
[2026-10-02 17:18:50.592] [Bytes recibidos]: 191
[2026-10-02 17:18:50.592] [Bytes recibidos]: 159
[2026-10-02 17:18:50.592] [Bytes recibidos]: 188
[2026-10-02 17:18:50.592] [Bytes recibidos]: 191
[2026-10-02 17:18:50.592] [Bytes recibidos]: 128
[2026-10-02 17:18:50.592] [Bytes recibidos]: 128
[2026-10-02 17:18:50.592] [Bytes recibidos]: 223
[2026-10-02 17:18:50.592] [Bytes recibidos]: 184
[2026-10-02 17:18:50.592] [Bytes recibidos]: 138
[2026-10-02 17:18:50.592] [Bytes recibidos]: 191
[2026-10-02 17:18:50.592] [Bytes recibidos]: 159
[2026-10-02 17:18:50.593] [Bytes recibidos]: 188
[2026-10-02 17:18:50.593] [Bytes recibidos]: 191
[2026-10-02 17:18:50.593] [Bytes recibidos]: 128
[2026-10-02 17:18:50.593] [Bytes recibidos]: 128
[2026-10-02 17:18:50.593] [Bytes recibidos]: 223
[2026-10-02 17:18:50.593] [Bytes recibidos]: 184
[2026-10-02 17:18:50.593] [Bytes recibidos]: 138
[2026-10-02 17:18:50.593] [Bytes recibidos]: 191
[2026-10-02 17:18:50.593] [Bytes recibidos]: 159
[2026-10-02 17:18:50.593] [Bytes recibidos]: 188
[2026-10-02 17:18:50.593] [Bytes recibidos]: 191
[2026-10-02 17:18:50.594] [Bytes recibidos]: 128
[2026-10-02 17:18:50.594] [Bytes recibidos]: 128
[2026-10-02 17:18:50.594] [Bytes recibidos]: 223
[2026-10-02 17:18:50.594] [Bytes recibidos]: 184
[2026-10-02 17:18:50.594] [Bytes recibidos]: 138
[2026-10-02 17:18:50.594] [Bytes recibidos]: 191
[2026-10-02 17:18:50.594] [Bytes recibidos]: 159
[2026-10-02 17:18:50.594] [Bytes recibidos]: 188
[2026-10-02 17:18:50.594] [Bytes recibidos]: 191
[2026-10-02 17:18:50.594] [Bytes recibidos]: 128
[2026-10-02 17:18:50.595] [Bytes recibidos]: 128
[2026-10-02 17:18:50.595] [Bytes recibidos]: 223
[2026-10-02 17:18:50.595] [Bytes recibidos]: 184
[2026-10-02 17:18:50.595] [Bytes recibidos]: 138
[2026-10-02 17:18:50.595] [Bytes recibidos]: 191
[2026-10-02 17:18:50.595] [Bytes recibidos]: 159
[2026-10-02 17:18:50.595] [Bytes recibidos]: 189
[2026-10-02 17:18:50.595] [Bytes recibidos]: 191
[2026-10-02 17:18:50.595] [Bytes recibidos]: 128
[2026-10-02 17:18:50.595] [Bytes recibidos]: 128
[2026-10-02 17:18:50.596] [Bytes recibidos]: 223
[2026-10-02 17:18:50.596] [Bytes recibidos]: 184
[2026-10-02 17:18:50.596] [Bytes recibidos]: 138
[2026-10-02 17:18:50.596] [Bytes recibidos]: 191
[2026-10-02 17:18:50.596] [Bytes recibidos]: 159
[2026-10-02 17:18:50.596] [Bytes recibidos]: 189
[2026-10-02 17:18:50.596] [Bytes recibidos]: 191
[2026-10-02 17:18:50.596] [Bytes recibidos]: 128
[2026-10-02 17:18:50.596] [Bytes recibidos]: 128
[2026-10-02 17:18:50.597] [Bytes recibidos]: 223
[2026-10-02 17:18:50.597] [Bytes recibidos]: 184
[2026-10-02 17:18:50.597] [Bytes recibidos]: 138
[2026-10-02 17:18:50.597] [Bytes recibidos]: 191
[2026-10-02 17:18:50.597] [Bytes recibidos]: 159
[2026-10-02 17:18:50.597] [Bytes recibidos]: 189
[2026-10-02 17:18:50.597] [Bytes recibidos]: 191
[2026-10-02 17:18:50.597] [Bytes recibidos]: 128
[2026-10-02 17:18:50.598] [Bytes recibidos]: 128
[2026-10-02 17:18:50.598] [Bytes recibidos]: 223
[2026-10-02 17:18:50.598] [Bytes recibidos]: 184
[2026-10-02 17:18:50.598] [Bytes recibidos]: 138
[2026-10-02 17:18:50.598] [Bytes recibidos]: 191
[2026-10-02 17:18:50.598] [Bytes recibidos]: 159
[2026-10-02 17:18:50.598] [Bytes recibidos]: 189
[2026-10-02 17:18:50.598] [Bytes recibidos]: 191
[2026-10-02 17:18:50.598] [Bytes recibidos]: 128
[2026-10-02 17:18:50.598] [Bytes recibidos]: 128
[2026-10-02 17:18:50.599] [Bytes recibidos]: 223
[2026-10-02 17:18:50.599] [Bytes recibidos]: 184
[2026-10-02 17:18:50.599] [Bytes recibidos]: 138
[2026-10-02 17:18:50.599] [Bytes recibidos]: 128
[2026-10-02 17:18:50.599] [Bytes recibidos]: 160
[2026-10-02 17:18:50.599] [Bytes recibidos]: 189
[2026-10-02 17:18:50.599] [Bytes recibidos]: 191
[2026-10-02 17:18:50.599] [Bytes recibidos]: 128
[2026-10-02 17:18:50.599] [Bytes recibidos]: 128
[2026-10-02 17:18:50.600] [Bytes recibidos]: 223
[2026-10-02 17:18:50.600] [Bytes recibidos]: 184
[2026-10-02 17:18:50.600] [Bytes recibidos]: 138
[2026-10-02 17:18:50.600] [Bytes recibidos]: 128
[2026-10-02 17:18:50.600] [Bytes recibidos]: 160
[2026-10-02 17:18:50.600] [Bytes recibidos]: 189
[2026-10-02 17:18:50.600] [Bytes recibidos]: 191
[2026-10-02 17:18:50.600] [Bytes recibidos]: 128
[2026-10-02 17:18:50.600] [Bytes recibidos]: 128
[2026-10-02 17:18:50.600] [Bytes recibidos]: 223
[2026-10-02 17:18:50.601] [Bytes recibidos]: 183
[2026-10-02 17:18:50.601] [Bytes recibidos]: 138
[2026-10-02 17:18:50.601] [Bytes recibidos]: 191
[2026-10-02 17:18:50.601] [Bytes recibidos]: 159
[2026-10-02 17:18:50.601] [Bytes recibidos]: 189
[2026-10-02 17:18:50.601] [Bytes recibidos]: 191
[2026-10-02 17:18:50.601] [Bytes recibidos]: 128
[2026-10-02 17:18:50.601] [Bytes recibidos]: 128
[2026-10-02 17:18:50.601] [Bytes recibidos]: 223
[2026-10-02 17:18:50.602] [Bytes recibidos]: 183
[2026-10-02 17:18:50.602] [Bytes recibidos]: 138
[2026-10-02 17:18:50.602] [Bytes recibidos]: 191
[2026-10-02 17:18:50.602] [Bytes recibidos]: 159
[2026-10-02 17:18:50.602] [Bytes recibidos]: 189
[2026-10-02 17:18:50.602] [Bytes recibidos]: 191
[2026-10-02 17:18:50.602] [Bytes recibidos]: 128
[2026-10-02 17:18:50.602] [Bytes recibidos]: 128
[2026-10-02 17:18:50.602] [Bytes recibidos]: 223
[2026-10-02 17:18:50.602] [Bytes recibidos]: 183
[2026-10-02 17:18:50.603] [Bytes recibidos]: 138
[2026-10-02 17:18:50.603] [Bytes recibidos]: 191
[2026-10-02 17:18:50.603] [Bytes recibidos]: 159
[2026-10-02 17:18:50.603] [Bytes recibidos]: 189
[2026-10-02 17:18:50.603] [Bytes recibidos]: 191
[2026-10-02 17:18:50.603] [Bytes recibidos]: 128
[2026-10-02 17:18:50.603] [Bytes recibidos]: 128
[2026-10-02 17:18:50.603] [Bytes recibidos]: 223
[2026-10-02 17:18:50.603] [Bytes recibidos]: 183
[2026-10-02 17:18:50.603] [Bytes recibidos]: 138
[2026-10-02 17:18:50.604] [Bytes recibidos]: 191
[2026-10-02 17:18:50.604] [Bytes recibidos]: 159
[2026-10-02 17:18:50.604] [Bytes recibidos]: 189
[2026-10-02 17:18:50.604] [Bytes recibidos]: 191
[2026-10-02 17:18:50.604] [Bytes recibidos]: 128
[2026-10-02 17:18:50.604] [Bytes recibidos]: 128
[2026-10-02 17:18:50.604] [Bytes recibidos]: 223
[2026-10-02 17:18:50.604] [Bytes recibidos]: 183
[2026-10-02 17:18:50.604] [Bytes recibidos]: 138
[2026-10-02 17:18:50.604] [Bytes recibidos]: 128
[2026-10-02 17:18:50.604] [Bytes recibidos]: 160
[2026-10-02 17:18:50.604] [Bytes recibidos]: 189
[2026-10-02 17:18:50.605] [Bytes recibidos]: 191
[2026-10-02 17:18:50.605] [Bytes recibidos]: 128
[2026-10-02 17:18:50.605] [Bytes recibidos]: 128
[2026-10-02 17:18:50.605] [Bytes recibidos]: 223
[2026-10-02 17:18:50.605] [Bytes recibidos]: 183
[2026-10-02 17:18:50.605] [Bytes recibidos]: 138
[2026-10-02 17:18:50.605] [Bytes recibidos]: 128
[2026-10-02 17:18:50.605] [Bytes recibidos]: 160
[2026-10-02 17:18:50.605] [Bytes recibidos]: 189
[2026-10-02 17:18:50.605] [Bytes recibidos]: 191
[2026-10-02 17:18:50.606] [Bytes recibidos]: 128
[2026-10-02 17:18:50.606] [Bytes recibidos]: 128
[2026-10-02 17:18:50.606] [Bytes recibidos]: 223
[2026-10-02 17:18:50.606] [Bytes recibidos]: 183
[2026-10-02 17:18:50.606] [Bytes recibidos]: 138
[2026-10-02 17:18:50.606] [Bytes recibidos]: 128
[2026-10-02 17:18:50.606] [Bytes recibidos]: 160
[2026-10-02 17:18:50.606] [Bytes recibidos]: 189
[2026-10-02 17:18:50.606] [Bytes recibidos]: 191
[2026-10-02 17:18:50.606] [Bytes recibidos]: 128
[2026-10-02 17:18:50.606] [Bytes recibidos]: 128
[2026-10-02 17:18:50.607] [Bytes recibidos]: 223
[2026-10-02 17:18:50.607] [Bytes recibidos]: 182
[2026-10-02 17:18:50.607] [Bytes recibidos]: 138
[2026-10-02 17:18:50.607] [Bytes recibidos]: 128
[2026-10-02 17:18:50.607] [Bytes recibidos]: 160
[2026-10-02 17:18:50.607] [Bytes recibidos]: 189
[2026-10-02 17:18:50.607] [Bytes recibidos]: 191
[2026-10-02 17:18:50.607] [Bytes recibidos]: 128
[2026-10-02 17:18:50.607] [Bytes recibidos]: 128
[2026-10-02 17:18:50.607] [Data Recibida]: 35.245177045177044
[2026-10-02 17:18:50.608] [MIN]: -21
[2026-10-02 17:18:50.608] [MAX]: 121
[2026-10-02 17:18:50.608] [MAXBIN]: 4095
[2026-10-02 17:18:50.608] [Data Recibida]: 180.2043956043956
[2026-10-02 17:18:50.608] [MIN]: -181
[2026-10-02 17:18:50.608] [MAX]: 181
[2026-10-02 17:18:50.608] [MAXBIN]: 4095
[2026-10-02 17:18:50.608] [Data Recibida]: 0.0
[2026-10-02 17:18:50.608] [MIN]: 0
[2026-10-02 17:18:50.609] [MAX]: 100
[2026-10-02 17:18:50.609] [MAXBIN]: 4095
[2026-10-02 17:18:50.609] [Data Recibida]: 51.54578754578755
[2026-10-02 17:18:50.609] [MIN]: 0
[2026-10-02 17:18:50.609] [MAX]: 120
[2026-10-02 17:18:50.609] [MAXBIN]: 4095
[2026-10-02 17:18:50.609] [Data Recibida]: 3.1941391941391943
[2026-10-02 17:18:50.609] [MIN]: 0
[2026-10-02 17:18:50.609] [MAX]: 20
[2026-10-02 17:18:50.609] [MAXBIN]: 4095
[2026-10-02 17:18:50.610] [Data Recibida]: 85.006105006105
[2026-10-02 17:18:50.610] [MIN]: 0
[2026-10-02 17:18:50.610] [MAX]: 100
[2026-10-02 17:18:50.610] [MAXBIN]: 4095
[2026-10-02 17:18:50.610] [Data Recibida]: 0.3076923076923077
[2026-10-02 17:18:50.610] [MIN]: 0
[2026-10-02 17:18:50.610] [MAX]: 20
[2026-10-02 17:18:50.610] [MAXBIN]: 4095
[2026-10-02 17:18:50.610] [Data Recibida]: 9.68986568986569
[2026-10-02 17:18:50.610] [MIN]: 0
[2026-10-02 17:18:50.611] [MAX]: 20
[2026-10-02 17:18:50.611] [MAXBIN]: 4095
[2026-10-02 17:18:52.619] Datos recibidos (439 bytes): DF B6 8A 80 A0 BD BF 80 80 DF B6 8A BF 9F BD BF 80 80 DF B6 8A BF 9F BD BF 80 80 DF B6 8A BF 9F BD BF 80 80 DF B6 8A BF 9F BD BF 80 80 DF B6 8A BF 9F BD BF 80 80 DF B5 8A BF 9F BD BF 80 80 DF B5 8A BF 9F BD BF 80 80 DF B5 8A BF 9F BD BF 80 80 DF B5 8A BF 9F BD BF 80 80 DF B5 8A BF 9F BD BF 80 80 DF B5 8A BF 9F BD BF 80 80 DF B5 8A 80 A0 BD BF 80 80 DF B4 8A 80 A0 BD BF 80 80 DF B4 8A 80 A0 BD BF 80 80 DF B4 8A 80 A0 BD BF 80 80 DF B4 8A 80 A0 BC BF 80 80 DF B4 8A 80 A0 BC BF 80 80 DF B4 8A 80 A0 BC BF 80 80 DF B4 8A 80 A0 BC BF 80 80 DF B4 8A 80 A0 BC BF 80 80 DF B3 8A 80 A0 BC BF 80 80 DF B3 8A 80 A0 BC BF 80 80 DF B3 8A 80 A0 BC BF 80 80 DF B3 8A 80 A0 BC BF 80 80 DF B3 8A 80 A0 BC BF 80 80 DF B3 8A 80 A0 BC BF 80 80 DF B3 8A 80 A0 BC BF 80 80 DF B2 8A 80 A0 BC BF 80 80 DF B2 8A 80 A0 BC BF 80 80 DF B2 8A 80 A0 BC BF 80 80 DF B2 8A 80 A0 BC BF 80 80 DF B2 8A 80 A0 BC BF 80 80 DF B2 8A 80 A0 BC BF 80 80 DF B1 8A 80 A0 BC BF 80 80 DF B1 8A 80 A0 BC BF 80 80 DF B1 8A 80 A0 BC BF 80 80 DF B1 8A 80 A0 BB BF 80 80 DF B1 8A 80 A0 BB BF 80 80 DF B1 8A 80 A0 BB BF 80 80 DF B1 8A 80 A0 BB BF 80 80 DF B0 8A 80 A0 BB BF 80 80 DF B0 8A 80 A0 BB BF 80 80 DF B0 8A 80 A0 BB BF 80 80 DF B0 8A 80 A0 BB BF 80 80 DF C6 C0 B0 8A 80 A0 BB BF 80 80 DF B0 8A 80 A0 BB BF 80 80 DF B0 8A 84 A0 BB BF 80 80 1B 51 36 43 0D
[2026-10-02 17:18:52.619] [Bytes recibidos]: 223
[2026-10-02 17:18:52.619] [Bytes recibidos]: 182
[2026-10-02 17:18:52.619] [Bytes recibidos]: 138
[2026-10-02 17:18:52.620] [Bytes recibidos]: 128
[2026-10-02 17:18:52.620] [Bytes recibidos]: 160
[2026-10-02 17:18:52.620] [Bytes recibidos]: 189
[2026-10-02 17:18:52.620] [Bytes recibidos]: 191
[2026-10-02 17:18:52.620] [Bytes recibidos]: 128
[2026-10-02 17:18:52.620] [Bytes recibidos]: 128
[2026-10-02 17:18:52.620] [Bytes recibidos]: 223
[2026-10-02 17:18:52.620] [Bytes recibidos]: 182
[2026-10-02 17:18:52.620] [Bytes recibidos]: 138
[2026-10-02 17:18:52.620] [Bytes recibidos]: 191
[2026-10-02 17:18:52.621] [Bytes recibidos]: 159
[2026-10-02 17:18:52.621] [Bytes recibidos]: 189
[2026-10-02 17:18:52.621] [Bytes recibidos]: 191
[2026-10-02 17:18:52.621] [Bytes recibidos]: 128
[2026-10-02 17:18:52.621] [Bytes recibidos]: 128
[2026-10-02 17:18:52.621] [Bytes recibidos]: 223
[2026-10-02 17:18:52.621] [Bytes recibidos]: 182
[2026-10-02 17:18:52.621] [Bytes recibidos]: 138
[2026-10-02 17:18:52.621] [Bytes recibidos]: 191
[2026-10-02 17:18:52.621] [Bytes recibidos]: 159
[2026-10-02 17:18:52.621] [Bytes recibidos]: 189
[2026-10-02 17:18:52.622] [Bytes recibidos]: 191
[2026-10-02 17:18:52.622] [Bytes recibidos]: 128
[2026-10-02 17:18:52.622] [Bytes recibidos]: 128
[2026-10-02 17:18:52.622] [Bytes recibidos]: 223
[2026-10-02 17:18:52.622] [Bytes recibidos]: 182
[2026-10-02 17:18:52.622] [Bytes recibidos]: 138
[2026-10-02 17:18:52.622] [Bytes recibidos]: 191
[2026-10-02 17:18:52.622] [Bytes recibidos]: 159
[2026-10-02 17:18:52.622] [Bytes recibidos]: 189
[2026-10-02 17:18:52.622] [Bytes recibidos]: 191
[2026-10-02 17:18:52.622] [Bytes recibidos]: 128
[2026-10-02 17:18:52.623] [Bytes recibidos]: 128
[2026-10-02 17:18:52.623] [Bytes recibidos]: 223
[2026-10-02 17:18:52.623] [Bytes recibidos]: 182
[2026-10-02 17:18:52.623] [Bytes recibidos]: 138
[2026-10-02 17:18:52.623] [Bytes recibidos]: 191
[2026-10-02 17:18:52.623] [Bytes recibidos]: 159
[2026-10-02 17:18:52.623] [Bytes recibidos]: 189
[2026-10-02 17:18:52.623] [Bytes recibidos]: 191
[2026-10-02 17:18:52.623] [Bytes recibidos]: 128
[2026-10-02 17:18:52.623] [Bytes recibidos]: 128
[2026-10-02 17:18:52.623] [Bytes recibidos]: 223
[2026-10-02 17:18:52.623] [Bytes recibidos]: 182
[2026-10-02 17:18:52.623] [Bytes recibidos]: 138
[2026-10-02 17:18:52.624] [Bytes recibidos]: 191
[2026-10-02 17:18:52.624] [Bytes recibidos]: 159
[2026-10-02 17:18:52.624] [Bytes recibidos]: 189
[2026-10-02 17:18:52.624] [Bytes recibidos]: 191
[2026-10-02 17:18:52.624] [Bytes recibidos]: 128
[2026-10-02 17:18:52.624] [Bytes recibidos]: 128
[2026-10-02 17:18:52.624] [Bytes recibidos]: 223
[2026-10-02 17:18:52.624] [Bytes recibidos]: 181
[2026-10-02 17:18:52.624] [Bytes recibidos]: 138
[2026-10-02 17:18:52.624] [Bytes recibidos]: 191
[2026-10-02 17:18:52.624] [Bytes recibidos]: 159
[2026-10-02 17:18:52.624] [Bytes recibidos]: 189
[2026-10-02 17:18:52.625] [Bytes recibidos]: 191
[2026-10-02 17:18:52.625] [Bytes recibidos]: 128
[2026-10-02 17:18:52.625] [Bytes recibidos]: 128
[2026-10-02 17:18:52.625] [Bytes recibidos]: 223
[2026-10-02 17:18:52.625] [Bytes recibidos]: 181
[2026-10-02 17:18:52.625] [Bytes recibidos]: 138
[2026-10-02 17:18:52.625] [Bytes recibidos]: 191
[2026-10-02 17:18:52.625] [Bytes recibidos]: 159
[2026-10-02 17:18:52.625] [Bytes recibidos]: 189
[2026-10-02 17:18:52.625] [Bytes recibidos]: 191
[2026-10-02 17:18:52.625] [Bytes recibidos]: 128
[2026-10-02 17:18:52.626] [Bytes recibidos]: 128
[2026-10-02 17:18:52.626] [Bytes recibidos]: 223
[2026-10-02 17:18:52.626] [Bytes recibidos]: 181
[2026-10-02 17:18:52.626] [Bytes recibidos]: 138
[2026-10-02 17:18:52.626] [Bytes recibidos]: 191
[2026-10-02 17:18:52.626] [Bytes recibidos]: 159
[2026-10-02 17:18:52.626] [Bytes recibidos]: 189
[2026-10-02 17:18:52.626] [Bytes recibidos]: 191
[2026-10-02 17:18:52.626] [Bytes recibidos]: 128
[2026-10-02 17:18:52.626] [Bytes recibidos]: 128
[2026-10-02 17:18:52.626] [Bytes recibidos]: 223
[2026-10-02 17:18:52.627] [Bytes recibidos]: 181
[2026-10-02 17:18:52.627] [Bytes recibidos]: 138
[2026-10-02 17:18:52.627] [Bytes recibidos]: 191
[2026-10-02 17:18:52.627] [Bytes recibidos]: 159
[2026-10-02 17:18:52.627] [Bytes recibidos]: 189
[2026-10-02 17:18:52.627] [Bytes recibidos]: 191
[2026-10-02 17:18:52.627] [Bytes recibidos]: 128
[2026-10-02 17:18:52.627] [Bytes recibidos]: 128
[2026-10-02 17:18:52.627] [Bytes recibidos]: 223
[2026-10-02 17:18:52.627] [Bytes recibidos]: 181
[2026-10-02 17:18:52.627] [Bytes recibidos]: 138
[2026-10-02 17:18:52.628] [Bytes recibidos]: 191
[2026-10-02 17:18:52.628] [Bytes recibidos]: 159
[2026-10-02 17:18:52.628] [Bytes recibidos]: 189
[2026-10-02 17:18:52.628] [Bytes recibidos]: 191
[2026-10-02 17:18:52.628] [Bytes recibidos]: 128
[2026-10-02 17:18:52.628] [Bytes recibidos]: 128
[2026-10-02 17:18:52.628] [Bytes recibidos]: 223
[2026-10-02 17:18:52.628] [Bytes recibidos]: 181
[2026-10-02 17:18:52.628] [Bytes recibidos]: 138
[2026-10-02 17:18:52.628] [Bytes recibidos]: 191
[2026-10-02 17:18:52.628] [Bytes recibidos]: 159
[2026-10-02 17:18:52.628] [Bytes recibidos]: 189
[2026-10-02 17:18:52.629] [Bytes recibidos]: 191
[2026-10-02 17:18:52.629] [Bytes recibidos]: 128
[2026-10-02 17:18:52.629] [Bytes recibidos]: 128
[2026-10-02 17:18:52.629] [Bytes recibidos]: 223
[2026-10-02 17:18:52.629] [Bytes recibidos]: 181
[2026-10-02 17:18:52.629] [Bytes recibidos]: 138
[2026-10-02 17:18:52.629] [Bytes recibidos]: 128
[2026-10-02 17:18:52.629] [Bytes recibidos]: 160
[2026-10-02 17:18:52.629] [Bytes recibidos]: 189
[2026-10-02 17:18:52.629] [Bytes recibidos]: 191
[2026-10-02 17:18:52.629] [Bytes recibidos]: 128
[2026-10-02 17:18:52.629] [Bytes recibidos]: 128
[2026-10-02 17:18:52.630] [Bytes recibidos]: 223
[2026-10-02 17:18:52.630] [Bytes recibidos]: 180
[2026-10-02 17:18:52.630] [Bytes recibidos]: 138
[2026-10-02 17:18:52.630] [Bytes recibidos]: 128
[2026-10-02 17:18:52.630] [Bytes recibidos]: 160
[2026-10-02 17:18:52.630] [Bytes recibidos]: 189
[2026-10-02 17:18:52.630] [Bytes recibidos]: 191
[2026-10-02 17:18:52.630] [Bytes recibidos]: 128
[2026-10-02 17:18:52.630] [Bytes recibidos]: 128
[2026-10-02 17:18:52.630] [Bytes recibidos]: 223
[2026-10-02 17:18:52.630] [Bytes recibidos]: 180
[2026-10-02 17:18:52.631] [Bytes recibidos]: 138
[2026-10-02 17:18:52.631] [Bytes recibidos]: 128
[2026-10-02 17:18:52.631] [Bytes recibidos]: 160
[2026-10-02 17:18:52.631] [Bytes recibidos]: 189
[2026-10-02 17:18:52.631] [Bytes recibidos]: 191
[2026-10-02 17:18:52.631] [Bytes recibidos]: 128
[2026-10-02 17:18:52.631] [Bytes recibidos]: 128
[2026-10-02 17:18:52.631] [Bytes recibidos]: 223
[2026-10-02 17:18:52.631] [Bytes recibidos]: 180
[2026-10-02 17:18:52.631] [Bytes recibidos]: 138
[2026-10-02 17:18:52.631] [Bytes recibidos]: 128
[2026-10-02 17:18:52.632] [Bytes recibidos]: 160
[2026-10-02 17:18:52.632] [Bytes recibidos]: 189
[2026-10-02 17:18:52.632] [Bytes recibidos]: 191
[2026-10-02 17:18:52.632] [Bytes recibidos]: 128
[2026-10-02 17:18:52.632] [Bytes recibidos]: 128
[2026-10-02 17:18:52.632] [Bytes recibidos]: 223
[2026-10-02 17:18:52.632] [Bytes recibidos]: 180
[2026-10-02 17:18:52.632] [Bytes recibidos]: 138
[2026-10-02 17:18:52.632] [Bytes recibidos]: 128
[2026-10-02 17:18:52.632] [Bytes recibidos]: 160
[2026-10-02 17:18:52.632] [Bytes recibidos]: 188
[2026-10-02 17:18:52.632] [Bytes recibidos]: 191
[2026-10-02 17:18:52.632] [Bytes recibidos]: 128
[2026-10-02 17:18:52.633] [Bytes recibidos]: 128
[2026-10-02 17:18:52.633] [Bytes recibidos]: 223
[2026-10-02 17:18:52.633] [Bytes recibidos]: 180
[2026-10-02 17:18:52.633] [Bytes recibidos]: 138
[2026-10-02 17:18:52.633] [Bytes recibidos]: 128
[2026-10-02 17:18:52.633] [Bytes recibidos]: 160
[2026-10-02 17:18:52.633] [Bytes recibidos]: 188
[2026-10-02 17:18:52.633] [Bytes recibidos]: 191
[2026-10-02 17:18:52.633] [Bytes recibidos]: 128
[2026-10-02 17:18:52.633] [Bytes recibidos]: 128
[2026-10-02 17:18:52.633] [Bytes recibidos]: 223
[2026-10-02 17:18:52.633] [Bytes recibidos]: 180
[2026-10-02 17:18:52.634] [Bytes recibidos]: 138
[2026-10-02 17:18:52.634] [Bytes recibidos]: 128
[2026-10-02 17:18:52.634] [Bytes recibidos]: 160
[2026-10-02 17:18:52.634] [Bytes recibidos]: 188
[2026-10-02 17:18:52.634] [Bytes recibidos]: 191
[2026-10-02 17:18:52.634] [Bytes recibidos]: 128
[2026-10-02 17:18:52.634] [Bytes recibidos]: 128
[2026-10-02 17:18:52.634] [Bytes recibidos]: 223
[2026-10-02 17:18:52.634] [Bytes recibidos]: 180
[2026-10-02 17:18:52.634] [Bytes recibidos]: 138
[2026-10-02 17:18:52.634] [Bytes recibidos]: 128
[2026-10-02 17:18:52.634] [Bytes recibidos]: 160
[2026-10-02 17:18:52.634] [Bytes recibidos]: 188
[2026-10-02 17:18:52.635] [Bytes recibidos]: 191
[2026-10-02 17:18:52.635] [Bytes recibidos]: 128
[2026-10-02 17:18:52.635] [Bytes recibidos]: 128
[2026-10-02 17:18:52.635] [Bytes recibidos]: 223
[2026-10-02 17:18:52.635] [Bytes recibidos]: 180
[2026-10-02 17:18:52.635] [Bytes recibidos]: 138
[2026-10-02 17:18:52.635] [Bytes recibidos]: 128
[2026-10-02 17:18:52.635] [Bytes recibidos]: 160
[2026-10-02 17:18:52.635] [Bytes recibidos]: 188
[2026-10-02 17:18:52.635] [Bytes recibidos]: 191
[2026-10-02 17:18:52.635] [Bytes recibidos]: 128
[2026-10-02 17:18:52.636] [Bytes recibidos]: 128
[2026-10-02 17:18:52.636] [Bytes recibidos]: 223
[2026-10-02 17:18:52.636] [Bytes recibidos]: 179
[2026-10-02 17:18:52.636] [Bytes recibidos]: 138
[2026-10-02 17:18:52.636] [Bytes recibidos]: 128
[2026-10-02 17:18:52.636] [Bytes recibidos]: 160
[2026-10-02 17:18:52.636] [Bytes recibidos]: 188
[2026-10-02 17:18:52.636] [Bytes recibidos]: 191
[2026-10-02 17:18:52.636] [Bytes recibidos]: 128
[2026-10-02 17:18:52.636] [Bytes recibidos]: 128
[2026-10-02 17:18:52.636] [Bytes recibidos]: 223
[2026-10-02 17:18:52.636] [Bytes recibidos]: 179
[2026-10-02 17:18:52.636] [Bytes recibidos]: 138
[2026-10-02 17:18:52.637] [Bytes recibidos]: 128
[2026-10-02 17:18:52.637] [Bytes recibidos]: 160
[2026-10-02 17:18:52.637] [Bytes recibidos]: 188
[2026-10-02 17:18:52.637] [Bytes recibidos]: 191
[2026-10-02 17:18:52.637] [Bytes recibidos]: 128
[2026-10-02 17:18:52.637] [Bytes recibidos]: 128
[2026-10-02 17:18:52.637] [Bytes recibidos]: 223
[2026-10-02 17:18:52.637] [Bytes recibidos]: 179
[2026-10-02 17:18:52.637] [Bytes recibidos]: 138
[2026-10-02 17:18:52.637] [Bytes recibidos]: 128
[2026-10-02 17:18:52.637] [Bytes recibidos]: 160
[2026-10-02 17:18:52.637] [Bytes recibidos]: 188
[2026-10-02 17:18:52.638] [Bytes recibidos]: 191
[2026-10-02 17:18:52.638] [Bytes recibidos]: 128
[2026-10-02 17:18:52.638] [Bytes recibidos]: 128
[2026-10-02 17:18:52.638] [Bytes recibidos]: 223
[2026-10-02 17:18:52.638] [Bytes recibidos]: 179
[2026-10-02 17:18:52.638] [Bytes recibidos]: 138
[2026-10-02 17:18:52.638] [Bytes recibidos]: 128
[2026-10-02 17:18:52.638] [Bytes recibidos]: 160
[2026-10-02 17:18:52.638] [Bytes recibidos]: 188
[2026-10-02 17:18:52.639] [Bytes recibidos]: 191
[2026-10-02 17:18:52.639] [Bytes recibidos]: 128
[2026-10-02 17:18:52.639] [Bytes recibidos]: 128
[2026-10-02 17:18:52.639] [Bytes recibidos]: 223
[2026-10-02 17:18:52.639] [Bytes recibidos]: 179
[2026-10-02 17:18:52.639] [Bytes recibidos]: 138
[2026-10-02 17:18:52.639] [Bytes recibidos]: 128
[2026-10-02 17:18:52.639] [Bytes recibidos]: 160
[2026-10-02 17:18:52.639] [Bytes recibidos]: 188
[2026-10-02 17:18:52.639] [Bytes recibidos]: 191
[2026-10-02 17:18:52.639] [Bytes recibidos]: 128
[2026-10-02 17:18:52.639] [Bytes recibidos]: 128
[2026-10-02 17:18:52.640] [Bytes recibidos]: 223
[2026-10-02 17:18:52.640] [Bytes recibidos]: 179
[2026-10-02 17:18:52.640] [Bytes recibidos]: 138
[2026-10-02 17:18:52.640] [Bytes recibidos]: 128
[2026-10-02 17:18:52.640] [Bytes recibidos]: 160
[2026-10-02 17:18:52.640] [Bytes recibidos]: 188
[2026-10-02 17:18:52.640] [Bytes recibidos]: 191
[2026-10-02 17:18:52.640] [Bytes recibidos]: 128
[2026-10-02 17:18:52.640] [Bytes recibidos]: 128
[2026-10-02 17:18:52.640] [Bytes recibidos]: 223
[2026-10-02 17:18:52.640] [Bytes recibidos]: 179
[2026-10-02 17:18:52.641] [Bytes recibidos]: 138
[2026-10-02 17:18:52.641] [Bytes recibidos]: 128
[2026-10-02 17:18:52.641] [Bytes recibidos]: 160
[2026-10-02 17:18:52.641] [Bytes recibidos]: 188
[2026-10-02 17:18:52.641] [Bytes recibidos]: 191
[2026-10-02 17:18:52.641] [Bytes recibidos]: 128
[2026-10-02 17:18:52.641] [Bytes recibidos]: 128
[2026-10-02 17:18:52.641] [Bytes recibidos]: 223
[2026-10-02 17:18:52.641] [Bytes recibidos]: 178
[2026-10-02 17:18:52.641] [Bytes recibidos]: 138
[2026-10-02 17:18:52.641] [Bytes recibidos]: 128
[2026-10-02 17:18:52.641] [Bytes recibidos]: 160
[2026-10-02 17:18:52.642] [Bytes recibidos]: 188
[2026-10-02 17:18:52.642] [Bytes recibidos]: 191
[2026-10-02 17:18:52.642] [Bytes recibidos]: 128
[2026-10-02 17:18:52.642] [Bytes recibidos]: 128
[2026-10-02 17:18:52.642] [Bytes recibidos]: 223
[2026-10-02 17:18:52.642] [Bytes recibidos]: 178
[2026-10-02 17:18:52.642] [Bytes recibidos]: 138
[2026-10-02 17:18:52.642] [Bytes recibidos]: 128
[2026-10-02 17:18:52.642] [Bytes recibidos]: 160
[2026-10-02 17:18:52.642] [Bytes recibidos]: 188
[2026-10-02 17:18:52.642] [Bytes recibidos]: 191
[2026-10-02 17:18:52.642] [Bytes recibidos]: 128
[2026-10-02 17:18:52.642] [Bytes recibidos]: 128
[2026-10-02 17:18:52.643] [Bytes recibidos]: 223
[2026-10-02 17:18:52.643] [Bytes recibidos]: 178
[2026-10-02 17:18:52.643] [Bytes recibidos]: 138
[2026-10-02 17:18:52.643] [Bytes recibidos]: 128
[2026-10-02 17:18:52.643] [Bytes recibidos]: 160
[2026-10-02 17:18:52.643] [Bytes recibidos]: 188
[2026-10-02 17:18:52.643] [Bytes recibidos]: 191
[2026-10-02 17:18:52.643] [Bytes recibidos]: 128
[2026-10-02 17:18:52.643] [Bytes recibidos]: 128
[2026-10-02 17:18:52.643] [Bytes recibidos]: 223
[2026-10-02 17:18:52.644] [Bytes recibidos]: 178
[2026-10-02 17:18:52.644] [Bytes recibidos]: 138
[2026-10-02 17:18:52.644] [Bytes recibidos]: 128
[2026-10-02 17:18:52.644] [Bytes recibidos]: 160
[2026-10-02 17:18:52.644] [Bytes recibidos]: 188
[2026-10-02 17:18:52.644] [Bytes recibidos]: 191
[2026-10-02 17:18:52.644] [Bytes recibidos]: 128
[2026-10-02 17:18:52.644] [Bytes recibidos]: 128
[2026-10-02 17:18:52.644] [Bytes recibidos]: 223
[2026-10-02 17:18:52.644] [Bytes recibidos]: 178
[2026-10-02 17:18:52.644] [Bytes recibidos]: 138
[2026-10-02 17:18:52.645] [Bytes recibidos]: 128
[2026-10-02 17:18:52.645] [Bytes recibidos]: 160
[2026-10-02 17:18:52.645] [Bytes recibidos]: 188
[2026-10-02 17:18:52.645] [Bytes recibidos]: 191
[2026-10-02 17:18:52.645] [Bytes recibidos]: 128
[2026-10-02 17:18:52.645] [Bytes recibidos]: 128
[2026-10-02 17:18:52.645] [Bytes recibidos]: 223
[2026-10-02 17:18:52.645] [Bytes recibidos]: 178
[2026-10-02 17:18:52.645] [Bytes recibidos]: 138
[2026-10-02 17:18:52.645] [Bytes recibidos]: 128
[2026-10-02 17:18:52.646] [Bytes recibidos]: 160
[2026-10-02 17:18:52.646] [Bytes recibidos]: 188
[2026-10-02 17:18:52.646] [Bytes recibidos]: 191
[2026-10-02 17:18:52.646] [Bytes recibidos]: 128
[2026-10-02 17:18:52.646] [Bytes recibidos]: 128
[2026-10-02 17:18:52.646] [Bytes recibidos]: 223
[2026-10-02 17:18:52.646] [Bytes recibidos]: 177
[2026-10-02 17:18:52.646] [Bytes recibidos]: 138
[2026-10-02 17:18:52.646] [Bytes recibidos]: 128
[2026-10-02 17:18:52.646] [Bytes recibidos]: 160
[2026-10-02 17:18:52.647] [Bytes recibidos]: 188
[2026-10-02 17:18:52.647] [Bytes recibidos]: 191
[2026-10-02 17:18:52.647] [Bytes recibidos]: 128
[2026-10-02 17:18:52.647] [Bytes recibidos]: 128
[2026-10-02 17:18:52.647] [Bytes recibidos]: 223
[2026-10-02 17:18:52.647] [Bytes recibidos]: 177
[2026-10-02 17:18:52.647] [Bytes recibidos]: 138
[2026-10-02 17:18:52.647] [Bytes recibidos]: 128
[2026-10-02 17:18:52.647] [Bytes recibidos]: 160
[2026-10-02 17:18:52.647] [Bytes recibidos]: 188
[2026-10-02 17:18:52.648] [Bytes recibidos]: 191
[2026-10-02 17:18:52.648] [Bytes recibidos]: 128
[2026-10-02 17:18:52.648] [Bytes recibidos]: 128
[2026-10-02 17:18:52.648] [Bytes recibidos]: 223
[2026-10-02 17:18:52.648] [Bytes recibidos]: 177
[2026-10-02 17:18:52.648] [Bytes recibidos]: 138
[2026-10-02 17:18:52.648] [Bytes recibidos]: 128
[2026-10-02 17:18:52.648] [Bytes recibidos]: 160
[2026-10-02 17:18:52.648] [Bytes recibidos]: 188
[2026-10-02 17:18:52.648] [Bytes recibidos]: 191
[2026-10-02 17:18:52.649] [Bytes recibidos]: 128
[2026-10-02 17:18:52.649] [Bytes recibidos]: 128
[2026-10-02 17:18:52.649] [Bytes recibidos]: 223
[2026-10-02 17:18:52.649] [Bytes recibidos]: 177
[2026-10-02 17:18:52.649] [Bytes recibidos]: 138
[2026-10-02 17:18:52.649] [Bytes recibidos]: 128
[2026-10-02 17:18:52.649] [Bytes recibidos]: 160
[2026-10-02 17:18:52.649] [Bytes recibidos]: 187
[2026-10-02 17:18:52.649] [Bytes recibidos]: 191
[2026-10-02 17:18:52.649] [Bytes recibidos]: 128
[2026-10-02 17:18:52.649] [Bytes recibidos]: 128
[2026-10-02 17:18:52.650] [Bytes recibidos]: 223
[2026-10-02 17:18:52.650] [Bytes recibidos]: 177
[2026-10-02 17:18:52.650] [Bytes recibidos]: 138
[2026-10-02 17:18:52.650] [Bytes recibidos]: 128
[2026-10-02 17:18:52.650] [Bytes recibidos]: 160
[2026-10-02 17:18:52.650] [Bytes recibidos]: 187
[2026-10-02 17:18:52.650] [Bytes recibidos]: 191
[2026-10-02 17:18:52.650] [Bytes recibidos]: 128
[2026-10-02 17:18:52.650] [Bytes recibidos]: 128
[2026-10-02 17:18:52.650] [Bytes recibidos]: 223
[2026-10-02 17:18:52.651] [Bytes recibidos]: 177
[2026-10-02 17:18:52.651] [Bytes recibidos]: 138
[2026-10-02 17:18:52.651] [Bytes recibidos]: 128
[2026-10-02 17:18:52.651] [Bytes recibidos]: 160
[2026-10-02 17:18:52.651] [Bytes recibidos]: 187
[2026-10-02 17:18:52.651] [Bytes recibidos]: 191
[2026-10-02 17:18:52.651] [Bytes recibidos]: 128
[2026-10-02 17:18:52.651] [Bytes recibidos]: 128
[2026-10-02 17:18:52.652] [Bytes recibidos]: 223
[2026-10-02 17:18:52.652] [Bytes recibidos]: 177
[2026-10-02 17:18:52.652] [Bytes recibidos]: 138
[2026-10-02 17:18:52.652] [Bytes recibidos]: 128
[2026-10-02 17:18:52.652] [Bytes recibidos]: 160
[2026-10-02 17:18:52.652] [Bytes recibidos]: 187
[2026-10-02 17:18:52.652] [Bytes recibidos]: 191
[2026-10-02 17:18:52.652] [Bytes recibidos]: 128
[2026-10-02 17:18:52.652] [Bytes recibidos]: 128
[2026-10-02 17:18:52.653] [Bytes recibidos]: 223
[2026-10-02 17:18:52.653] [Bytes recibidos]: 176
[2026-10-02 17:18:52.653] [Bytes recibidos]: 138
[2026-10-02 17:18:52.653] [Bytes recibidos]: 128
[2026-10-02 17:18:52.653] [Bytes recibidos]: 160
[2026-10-02 17:18:52.653] [Bytes recibidos]: 187
[2026-10-02 17:18:52.653] [Bytes recibidos]: 191
[2026-10-02 17:18:52.653] [Bytes recibidos]: 128
[2026-10-02 17:18:52.653] [Bytes recibidos]: 128
[2026-10-02 17:18:52.653] [Bytes recibidos]: 223
[2026-10-02 17:18:52.653] [Bytes recibidos]: 176
[2026-10-02 17:18:52.653] [Bytes recibidos]: 138
[2026-10-02 17:18:52.653] [Bytes recibidos]: 128
[2026-10-02 17:18:52.653] [Bytes recibidos]: 160
[2026-10-02 17:18:52.654] [Bytes recibidos]: 187
[2026-10-02 17:18:52.654] [Bytes recibidos]: 191
[2026-10-02 17:18:52.654] [Bytes recibidos]: 128
[2026-10-02 17:18:52.654] [Bytes recibidos]: 128
[2026-10-02 17:18:52.654] [Bytes recibidos]: 223
[2026-10-02 17:18:52.654] [Bytes recibidos]: 176
[2026-10-02 17:18:52.654] [Bytes recibidos]: 138
[2026-10-02 17:18:52.654] [Bytes recibidos]: 128
[2026-10-02 17:18:52.654] [Bytes recibidos]: 160
[2026-10-02 17:18:52.654] [Bytes recibidos]: 187
[2026-10-02 17:18:52.654] [Bytes recibidos]: 191
[2026-10-02 17:18:52.654] [Bytes recibidos]: 128
[2026-10-02 17:18:52.655] [Bytes recibidos]: 128
[2026-10-02 17:18:52.655] [Bytes recibidos]: 223
[2026-10-02 17:18:52.655] [Bytes recibidos]: 176
[2026-10-02 17:18:52.655] [Bytes recibidos]: 138
[2026-10-02 17:18:52.655] [Bytes recibidos]: 128
[2026-10-02 17:18:52.655] [Bytes recibidos]: 160
[2026-10-02 17:18:52.655] [Bytes recibidos]: 187
[2026-10-02 17:18:52.655] [Bytes recibidos]: 191
[2026-10-02 17:18:52.655] [Bytes recibidos]: 128
[2026-10-02 17:18:52.655] [Bytes recibidos]: 128
[2026-10-02 17:18:52.655] [Bytes recibidos]: 223
[2026-10-02 17:18:52.656] [Bytes recibidos]: 198
[2026-10-02 17:18:52.656] [Bytes recibidos]: 192
[2026-10-02 17:18:52.656] [Bytes recibidos]: 176
[2026-10-02 17:18:52.656] [Bytes recibidos]: 138
[2026-10-02 17:18:52.656] [Bytes recibidos]: 128
[2026-10-02 17:18:52.656] [Bytes recibidos]: 160
[2026-10-02 17:18:52.656] [Bytes recibidos]: 187
[2026-10-02 17:18:52.656] [Bytes recibidos]: 191
[2026-10-02 17:18:52.656] [Bytes recibidos]: 128
[2026-10-02 17:18:52.656] [Bytes recibidos]: 128
[2026-10-02 17:18:52.656] [Bytes recibidos]: 223
[2026-10-02 17:18:52.656] [Bytes recibidos]: 176
[2026-10-02 17:18:52.657] [Bytes recibidos]: 138
[2026-10-02 17:18:52.657] [Bytes recibidos]: 128
[2026-10-02 17:18:52.657] [Bytes recibidos]: 160
[2026-10-02 17:18:52.657] [Bytes recibidos]: 187
[2026-10-02 17:18:52.657] [Bytes recibidos]: 191
[2026-10-02 17:18:52.657] [Bytes recibidos]: 128
[2026-10-02 17:18:52.657] [Bytes recibidos]: 128
[2026-10-02 17:18:52.657] [Bytes recibidos]: 223
[2026-10-02 17:18:52.657] [Bytes recibidos]: 176
[2026-10-02 17:18:52.657] [Bytes recibidos]: 138
[2026-10-02 17:18:52.657] [Bytes recibidos]: 132
[2026-10-02 17:18:52.657] [Bytes recibidos]: 160
[2026-10-02 17:18:52.657] [Bytes recibidos]: 187
[2026-10-02 17:18:52.658] [Bytes recibidos]: 191
[2026-10-02 17:18:52.658] [Bytes recibidos]: 128
[2026-10-02 17:18:52.658] [Bytes recibidos]: 128
[2026-10-02 17:18:52.658] [Bytes recibidos]: 27
[2026-10-02 17:18:52.658] [Bytes recibidos]: 81
[2026-10-02 17:18:52.658] [Bytes recibidos]: 54
[2026-10-02 17:18:52.658] [Bytes recibidos]: 67
[2026-10-02 17:18:52.658] [Bytes recibidos]: 13
[2026-10-02 17:18:52.658] [Data Recibida]: 99.91672771672772
[2026-10-02 17:18:52.658] [MIN]: -21
[2026-10-02 17:18:52.658] [MAX]: 121
[2026-10-02 17:18:52.658] [MAXBIN]: 4095
[2026-10-02 17:18:52.659] [Data Recibida]: -180.1159951159951
[2026-10-02 17:18:52.659] [MIN]: -181
[2026-10-02 17:18:52.659] [MAX]: 181
[2026-10-02 17:18:52.659] [MAXBIN]: 4095
[2026-10-02 17:18:52.659] [Data Recibida]: 96.11721611721612
[2026-10-02 17:18:52.659] [MIN]: 0
[2026-10-02 17:18:52.659] [MAX]: 100
[2026-10-02 17:18:52.659] [MAXBIN]: 4095
[2026-10-02 17:18:52.659] [Data Recibida]: 1.8461538461538463
[2026-10-02 17:18:52.659] [MIN]: 0
[2026-10-02 17:18:52.659] [MAX]: 120
[2026-10-02 17:18:52.660] [MAXBIN]: 4095
[2026-10-02 17:18:52.660] [Data Recibida]: 9.68986568986569
[2026-10-02 17:18:52.660] [MIN]: 0
[2026-10-02 17:18:52.660] [MAX]: 20
[2026-10-02 17:18:52.660] [MAXBIN]: 4095
[2026-10-02 17:18:52.660] [Data Recibida]: 16.947496947496948
[2026-10-02 17:18:52.660] [MIN]: 0
[2026-10-02 17:18:52.660] [MAX]: 100
[2026-10-02 17:18:52.660] [MAXBIN]: 4095
[2026-10-02 17:18:52.660] [Data Recibida]: 9.997557997557998
[2026-10-02 17:18:52.660] [MIN]: 0
[2026-10-02 17:18:52.660] [MAX]: 20
[2026-10-02 17:18:52.661] [MAXBIN]: 4095
[2026-10-02 17:18:52.661] [Data Recibida]: 19.99023199023199
[2026-10-02 17:18:52.661] [MIN]: 0
[2026-10-02 17:18:52.661] [MAX]: 20
[2026-10-02 17:18:52.661] [MAXBIN]: 4095
[2026-10-02 17:18:55.066] Datos recibidos (5 bytes): 1B 51 36 43 0D
[2026-10-02 17:18:57.086] Enviado:  | HEX: 01 15 31 36 0D
[2026-10-02 17:18:57.167] Recibido ASCII: <ESC>Q6C<CR>
[2026-10-02 17:18:57.167] Recibido HEX: 1B 51 36 43 0D
[2026-10-02 17:18:59.168] Enviado: Q | HEX: 1B 51 36 43 0D
[2026-10-02 17:18:59.270] Recibido ASCII: <SOH>Q52<CR>
[2026-10-02 17:18:59.270] Recibido HEX: 01 51 35 32 0D
[2026-10-02 17:19:00.270] Enviado: R | HEX: 1B 52 36 44 0D
[2026-10-02 17:19:00.271] Recibido ASCII: <ESC>R6D<CR>
[2026-10-02 17:19:00.272] Recibido HEX: 1B 52 36 44 0D
[2026-10-02 17:19:01.273] Enviado: R | HEX: 01 52 35 33 0D
[2026-10-02 17:19:01.274] Recibido ASCII: <SOH>R5555'A3XX'02.11:06.00B9<CR>
[2026-10-02 17:19:01.274] Recibido HEX: 01 52 35 35 35 35 27 41 33 58 58 27 30 32 2E 31 31 3A 30 36 2E 30 30 42 39 0D
[2026-10-02 17:19:01.274] Enviado: 0161'OpenICE'02.11:06.00 | HEX: 01 30 31 36 31 27 4F 70 65 6E 49 43 45 27 30 32 2E 31 31 3A 30 36 2E 30 30 39 41 0D
[2026-10-02 17:19:01.376] Recibido ASCII: <ESC>)44<CR>
[2026-10-02 17:19:01.376] Recibido HEX: 1B 29 34 34 0D
[2026-10-02 17:19:01.377] Datos recibidos (5 bytes): 1B 29 34 34 0D
[2026-10-02 17:19:03.380] Enviado:  | HEX: 01 15 31 36 0D
[2026-10-02 17:19:03.462] Recibido ASCII: <ESC>)44<CR>
[2026-10-02 17:19:03.462] Recibido HEX: 1B 29 34 34 0D
[2026-10-02 17:19:07.062] Datos recibidos (5 bytes): 1B 51 36 43 0D
[2026-10-02 17:19:09.065] Enviado:  | HEX: 01 15 31 36 0D
[2026-10-02 17:19:09.167] Recibido ASCII: <ESC>Q6C<CR>
[2026-10-02 17:19:09.167] Recibido HEX: 1B 51 36 43 0D
[2026-10-02 17:19:11.168] Enviado: Q | HEX: 1B 51 36 43 0D
[2026-10-02 17:19:11.270] Recibido ASCII: <SOH>Q52<CR>
[2026-10-02 17:19:11.270] Recibido HEX: 01 51 35 32 0D
[2026-10-02 17:19:12.270] Enviado: R | HEX: 1B 52 36 44 0D
[2026-10-02 17:19:12.271] Recibido ASCII: <ESC>R6D<CR>
[2026-10-02 17:19:12.272] Recibido HEX: 1B 52 36 44 0D
[2026-10-02 17:19:13.273] Enviado: R | HEX: 01 52 35 33 0D
[2026-10-02 17:19:13.273] Recibido ASCII: <SOH>R5555'A3XX'02.11:06.00B9<CR>
[2026-10-02 17:19:13.274] Recibido HEX: 01 52 35 35 35 35 27 41 33 58 58 27 30 32 2E 31 31 3A 30 36 2E 30 30 42 39 0D
[2026-10-02 17:19:13.275] Enviado: 0161'OpenICE'02.11:06.00 | HEX: 01 30 31 36 31 27 4F 70 65 6E 49 43 45 27 30 32 2E 31 31 3A 30 36 2E 30 30 39 41 0D
[2026-10-02 17:19:13.376] Recibido ASCII: <ESC>)44<CR>
[2026-10-02 17:19:13.376] Recibido HEX: 1B 29 34 34 0D
[2026-10-02 17:19:13.377] Datos recibidos (5 bytes): 1B 29 34 34 0D
[2026-10-02 17:19:15.377] Enviado:  | HEX: 01 15 31 36 0D
[2026-10-02 17:19:15.458] Recibido ASCII: <ESC>)44<CR>
[2026-10-02 17:19:15.458] Recibido HEX: 1B 29 34 34 0D
