[2026-10-02 17:05:20.721] Iniciando comunicación con Atlan A350 XL (8E1)...
[2026-10-02 17:05:20.731] Enviado: Q | HEX: 1B 51 36 43 0D
[2026-10-02 17:05:20.834] Recibido ASCII: <SOH>Q52<CR>
[2026-10-02 17:05:20.835] Recibido HEX: 01 51 35 32 0D
[2026-10-02 17:05:21.837] Enviado: R | HEX: 1B 52 36 44 0D
[2026-10-02 17:05:21.839] Recibido ASCII: <ESC>R6D<CR>
[2026-10-02 17:05:21.839] Recibido HEX: 1B 52 36 44 0D
[2026-10-02 17:05:22.841] Enviado: R | HEX: 01 52 35 33 0D
[2026-10-02 17:05:22.843] Recibido ASCII: <SOH>R5555'A3XX'02.11:06.00B9<CR>
[2026-10-02 17:05:22.844] Recibido HEX: 01 52 35 35 35 35 27 41 33 58 58 27 30 32 2E 31 31 3A 30 36 2E 30 30 42 39 0D
[2026-10-02 17:05:22.848] Enviado: S | HEX: 1B 53 36 45 0D
[2026-10-02 17:05:22.950] Recibido ASCII: <ESC>)44<CR>
[2026-10-02 17:05:22.950] Recibido HEX: 1B 29 34 34 0D
[2026-10-02 17:05:23.952] Sin registros de realtime configuration, se omite el paso <54H>
[2026-10-02 17:05:23.968] Datos recibidos (189 bytes): 01 53 30 30 20 20 20 32 30 30 30 30 2D 20 20 32 31 20 20 31 32 31 46 46 46 30 31 20 20 20 32 30 30 30 30 2D 20 31 38 31 20 20 31 38 31 46 46 46 30 35 20 20 20 32 30 30 30 30 20 20 20 20 30 20 20 31 30 30 46 46 46 30 36 20 20 20 32 30 30 30 30 20 20 20 20 30 20 20 31 32 30 46 46 46 30 37 20 20 20 32 30 30 30 30 20 20 20 20 30 20 20 20 32 30 46 46 46 30 38 20 20 20 32 30 30 30 30 20 20 20 20 30 20 20 31 30 30 46 46 46 30 41 20 20 20 32 30 30 30 30 20 20 20 20 30 20 20 20 32 30 46 46 46 32 41 20 20 20 32 30 30 30 30 20 20 20 20 30 20 20 20 32 30 46 46 46 46 33 0D
[2026-10-02 17:05:23.969] [Bytes recibidos]: 1
[2026-10-02 17:05:23.970] [Bytes recibidos]: 83
[2026-10-02 17:05:23.970] [Bytes recibidos]: 48
[2026-10-02 17:05:23.971] [Bytes recibidos]: 48
[2026-10-02 17:05:23.971] [Bytes recibidos]: 32
[2026-10-02 17:05:23.972] [Bytes recibidos]: 32
[2026-10-02 17:05:23.972] [Bytes recibidos]: 32
[2026-10-02 17:05:23.973] [Bytes recibidos]: 50
[2026-10-02 17:05:23.973] [Bytes recibidos]: 48
[2026-10-02 17:05:23.973] [Bytes recibidos]: 48
[2026-10-02 17:05:23.974] [Bytes recibidos]: 48
[2026-10-02 17:05:23.974] [Bytes recibidos]: 48
[2026-10-02 17:05:23.975] [Bytes recibidos]: 45
[2026-10-02 17:05:23.975] [Bytes recibidos]: 32
[2026-10-02 17:05:23.976] [Bytes recibidos]: 32
[2026-10-02 17:05:23.976] [Bytes recibidos]: 50
[2026-10-02 17:05:23.977] [Bytes recibidos]: 49
[2026-10-02 17:05:23.977] [Bytes recibidos]: 32
[2026-10-02 17:05:23.978] [Bytes recibidos]: 32
[2026-10-02 17:05:23.978] [Bytes recibidos]: 49
[2026-10-02 17:05:23.979] [Bytes recibidos]: 50
[2026-10-02 17:05:23.979] [Bytes recibidos]: 49
[2026-10-02 17:05:23.979] [Bytes recibidos]: 70
[2026-10-02 17:05:23.980] [Bytes recibidos]: 70
[2026-10-02 17:05:23.980] [Bytes recibidos]: 70
[2026-10-02 17:05:23.981] [Bytes recibidos]: 48
[2026-10-02 17:05:23.981] [Bytes recibidos]: 49
[2026-10-02 17:05:23.982] [Bytes recibidos]: 32
[2026-10-02 17:05:23.982] [Bytes recibidos]: 32
[2026-10-02 17:05:23.982] [Bytes recibidos]: 32
[2026-10-02 17:05:23.983] [Bytes recibidos]: 50
[2026-10-02 17:05:23.983] [Bytes recibidos]: 48
[2026-10-02 17:05:23.983] [Bytes recibidos]: 48
[2026-10-02 17:05:23.984] [Bytes recibidos]: 48
[2026-10-02 17:05:23.984] [Bytes recibidos]: 48
[2026-10-02 17:05:23.985] [Bytes recibidos]: 45
[2026-10-02 17:05:23.985] [Bytes recibidos]: 32
[2026-10-02 17:05:23.985] [Bytes recibidos]: 49
[2026-10-02 17:05:23.986] [Bytes recibidos]: 56
[2026-10-02 17:05:23.986] [Bytes recibidos]: 49
[2026-10-02 17:05:23.986] [Bytes recibidos]: 32
[2026-10-02 17:05:23.987] [Bytes recibidos]: 32
[2026-10-02 17:05:23.987] [Bytes recibidos]: 49
[2026-10-02 17:05:23.988] [Bytes recibidos]: 56
[2026-10-02 17:05:23.988] [Bytes recibidos]: 49
[2026-10-02 17:05:23.988] [Bytes recibidos]: 70
[2026-10-02 17:05:23.989] [Bytes recibidos]: 70
[2026-10-02 17:05:23.990] [Bytes recibidos]: 70
[2026-10-02 17:05:23.990] [Bytes recibidos]: 48
[2026-10-02 17:05:23.991] [Bytes recibidos]: 53
[2026-10-02 17:05:23.991] [Bytes recibidos]: 32
[2026-10-02 17:05:23.991] [Bytes recibidos]: 32
[2026-10-02 17:05:23.992] [Bytes recibidos]: 32
[2026-10-02 17:05:23.992] [Bytes recibidos]: 50
[2026-10-02 17:05:23.993] [Bytes recibidos]: 48
[2026-10-02 17:05:23.993] [Bytes recibidos]: 48
[2026-10-02 17:05:23.993] [Bytes recibidos]: 48
[2026-10-02 17:05:23.994] [Bytes recibidos]: 48
[2026-10-02 17:05:23.994] [Bytes recibidos]: 32
[2026-10-02 17:05:23.995] [Bytes recibidos]: 32
[2026-10-02 17:05:23.995] [Bytes recibidos]: 32
[2026-10-02 17:05:23.996] [Bytes recibidos]: 32
[2026-10-02 17:05:23.996] [Bytes recibidos]: 48
[2026-10-02 17:05:23.996] [Bytes recibidos]: 32
[2026-10-02 17:05:23.997] [Bytes recibidos]: 32
[2026-10-02 17:05:23.997] [Bytes recibidos]: 49
[2026-10-02 17:05:23.997] [Bytes recibidos]: 48
[2026-10-02 17:05:23.998] [Bytes recibidos]: 48
[2026-10-02 17:05:23.998] [Bytes recibidos]: 70
[2026-10-02 17:05:23.998] [Bytes recibidos]: 70
[2026-10-02 17:05:23.999] [Bytes recibidos]: 70
[2026-10-02 17:05:23.999] [Bytes recibidos]: 48
[2026-10-02 17:05:23.999] [Bytes recibidos]: 54
[2026-10-02 17:05:24.000] [Bytes recibidos]: 32
[2026-10-02 17:05:24.000] [Bytes recibidos]: 32
[2026-10-02 17:05:24.000] [Bytes recibidos]: 32
[2026-10-02 17:05:24.001] [Bytes recibidos]: 50
[2026-10-02 17:05:24.001] [Bytes recibidos]: 48
[2026-10-02 17:05:24.002] [Bytes recibidos]: 48
[2026-10-02 17:05:24.002] [Bytes recibidos]: 48
[2026-10-02 17:05:24.002] [Bytes recibidos]: 48
[2026-10-02 17:05:24.003] [Bytes recibidos]: 32
[2026-10-02 17:05:24.003] [Bytes recibidos]: 32
[2026-10-02 17:05:24.004] [Bytes recibidos]: 32
[2026-10-02 17:05:24.004] [Bytes recibidos]: 32
[2026-10-02 17:05:24.004] [Bytes recibidos]: 48
[2026-10-02 17:05:24.005] [Bytes recibidos]: 32
[2026-10-02 17:05:24.005] [Bytes recibidos]: 32
[2026-10-02 17:05:24.006] [Bytes recibidos]: 49
[2026-10-02 17:05:24.006] [Bytes recibidos]: 50
[2026-10-02 17:05:24.007] [Bytes recibidos]: 48
[2026-10-02 17:05:24.007] [Bytes recibidos]: 70
[2026-10-02 17:05:24.008] [Bytes recibidos]: 70
[2026-10-02 17:05:24.008] [Bytes recibidos]: 70
[2026-10-02 17:05:24.008] [Bytes recibidos]: 48
[2026-10-02 17:05:24.009] [Bytes recibidos]: 55
[2026-10-02 17:05:24.009] [Bytes recibidos]: 32
[2026-10-02 17:05:24.010] [Bytes recibidos]: 32
[2026-10-02 17:05:24.010] [Bytes recibidos]: 32
[2026-10-02 17:05:24.010] [Bytes recibidos]: 50
[2026-10-02 17:05:24.011] [Bytes recibidos]: 48
[2026-10-02 17:05:24.011] [Bytes recibidos]: 48
[2026-10-02 17:05:24.012] [Bytes recibidos]: 48
[2026-10-02 17:05:24.012] [Bytes recibidos]: 48
[2026-10-02 17:05:24.012] [Bytes recibidos]: 32
[2026-10-02 17:05:24.013] [Bytes recibidos]: 32
[2026-10-02 17:05:24.013] [Bytes recibidos]: 32
[2026-10-02 17:05:24.013] [Bytes recibidos]: 32
[2026-10-02 17:05:24.014] [Bytes recibidos]: 48
[2026-10-02 17:05:24.014] [Bytes recibidos]: 32
[2026-10-02 17:05:24.014] [Bytes recibidos]: 32
[2026-10-02 17:05:24.015] [Bytes recibidos]: 32
[2026-10-02 17:05:24.015] [Bytes recibidos]: 50
[2026-10-02 17:05:24.016] [Bytes recibidos]: 48
[2026-10-02 17:05:24.016] [Bytes recibidos]: 70
[2026-10-02 17:05:24.016] [Bytes recibidos]: 70
[2026-10-02 17:05:24.017] [Bytes recibidos]: 70
[2026-10-02 17:05:24.017] [Bytes recibidos]: 48
[2026-10-02 17:05:24.017] [Bytes recibidos]: 56
[2026-10-02 17:05:24.017] [Bytes recibidos]: 32
[2026-10-02 17:05:24.018] [Bytes recibidos]: 32
[2026-10-02 17:05:24.018] [Bytes recibidos]: 32
[2026-10-02 17:05:24.018] [Bytes recibidos]: 50
[2026-10-02 17:05:24.019] [Bytes recibidos]: 48
[2026-10-02 17:05:24.019] [Bytes recibidos]: 48
[2026-10-02 17:05:24.019] [Bytes recibidos]: 48
[2026-10-02 17:05:24.019] [Bytes recibidos]: 48
[2026-10-02 17:05:24.020] [Bytes recibidos]: 32
[2026-10-02 17:05:24.020] [Bytes recibidos]: 32
[2026-10-02 17:05:24.020] [Bytes recibidos]: 32
[2026-10-02 17:05:24.021] [Bytes recibidos]: 32
[2026-10-02 17:05:24.021] [Bytes recibidos]: 48
[2026-10-02 17:05:24.022] [Bytes recibidos]: 32
[2026-10-02 17:05:24.022] [Bytes recibidos]: 32
[2026-10-02 17:05:24.022] [Bytes recibidos]: 49
[2026-10-02 17:05:24.023] [Bytes recibidos]: 48
[2026-10-02 17:05:24.023] [Bytes recibidos]: 48
[2026-10-02 17:05:24.024] [Bytes recibidos]: 70
[2026-10-02 17:05:24.024] [Bytes recibidos]: 70
[2026-10-02 17:05:24.024] [Bytes recibidos]: 70
[2026-10-02 17:05:24.025] [Bytes recibidos]: 48
[2026-10-02 17:05:24.025] [Bytes recibidos]: 65
[2026-10-02 17:05:24.025] [Bytes recibidos]: 32
[2026-10-02 17:05:24.026] [Bytes recibidos]: 32
[2026-10-02 17:05:24.026] [Bytes recibidos]: 32
[2026-10-02 17:05:24.026] [Bytes recibidos]: 50
[2026-10-02 17:05:24.027] [Bytes recibidos]: 48
[2026-10-02 17:05:24.027] [Bytes recibidos]: 48
[2026-10-02 17:05:24.028] [Bytes recibidos]: 48
[2026-10-02 17:05:24.028] [Bytes recibidos]: 48
[2026-10-02 17:05:24.028] [Bytes recibidos]: 32
[2026-10-02 17:05:24.029] [Bytes recibidos]: 32
[2026-10-02 17:05:24.029] [Bytes recibidos]: 32
[2026-10-02 17:05:24.030] [Bytes recibidos]: 32
[2026-10-02 17:05:24.030] [Bytes recibidos]: 48
[2026-10-02 17:05:24.031] [Bytes recibidos]: 32
[2026-10-02 17:05:24.031] [Bytes recibidos]: 32
[2026-10-02 17:05:24.032] [Bytes recibidos]: 32
[2026-10-02 17:05:24.032] [Bytes recibidos]: 50
[2026-10-02 17:05:24.033] [Bytes recibidos]: 48
[2026-10-02 17:05:24.033] [Bytes recibidos]: 70
[2026-10-02 17:05:24.033] [Bytes recibidos]: 70
[2026-10-02 17:05:24.034] [Bytes recibidos]: 70
[2026-10-02 17:05:24.034] [Bytes recibidos]: 50
[2026-10-02 17:05:24.034] [Bytes recibidos]: 65
[2026-10-02 17:05:24.034] [Bytes recibidos]: 32
[2026-10-02 17:05:24.035] [Bytes recibidos]: 32
[2026-10-02 17:05:24.035] [Bytes recibidos]: 32
[2026-10-02 17:05:24.035] [Bytes recibidos]: 50
[2026-10-02 17:05:24.035] [Bytes recibidos]: 48
[2026-10-02 17:05:24.036] [Bytes recibidos]: 48
[2026-10-02 17:05:24.036] [Bytes recibidos]: 48
[2026-10-02 17:05:24.036] [Bytes recibidos]: 48
[2026-10-02 17:05:24.036] [Bytes recibidos]: 32
[2026-10-02 17:05:24.037] [Bytes recibidos]: 32
[2026-10-02 17:05:24.037] [Bytes recibidos]: 32
[2026-10-02 17:05:24.037] [Bytes recibidos]: 32
[2026-10-02 17:05:24.037] [Bytes recibidos]: 48
[2026-10-02 17:05:24.038] [Bytes recibidos]: 32
[2026-10-02 17:05:24.038] [Bytes recibidos]: 32
[2026-10-02 17:05:24.038] [Bytes recibidos]: 32
[2026-10-02 17:05:24.038] [Bytes recibidos]: 50
[2026-10-02 17:05:24.039] [Bytes recibidos]: 48
[2026-10-02 17:05:24.039] [Bytes recibidos]: 70
[2026-10-02 17:05:24.040] [Bytes recibidos]: 70
[2026-10-02 17:05:24.040] [Bytes recibidos]: 70
[2026-10-02 17:05:24.040] [Bytes recibidos]: 70
[2026-10-02 17:05:24.041] [Bytes recibidos]: 51
[2026-10-02 17:05:24.041] [Bytes recibidos]: 13
[2026-10-02 17:05:26.043] Enviado: S | HEX: 1B 53 36 45 0D
[2026-10-02 17:05:26.254] Recibido ASCII: <SOH>S00   20000-  21  121FFF01   20000- 181  181FFF05   20000    0  100FFF06   20000    0  120FFF07   20000    0   20FFF08   20000    0  100FFF0A   20000    0   20FFF2A   20000    0   20FFFF3<CR>
[2026-10-02 17:05:26.255] Recibido HEX: 01 53 30 30 20 20 20 32 30 30 30 30 2D 20 20 32 31 20 20 31 32 31 46 46 46 30 31 20 20 20 32 30 30 30 30 2D 20 31 38 31 20 20 31 38 31 46 46 46 30 35 20 20 20 32 30 30 30 30 20 20 20 20 30 20 20 31 30 30 46 46 46 30 36 20 20 20 32 30 30 30 30 20 20 20 20 30 20 20 31 32 30 46 46 46 30 37 20 20 20 32 30 30 30 30 20 20 20 20 30 20 20 20 32 30 46 46 46 30 38 20 20 20 32 30 30 30 30 20 20 20 20 30 20 20 31 30 30 46 46 46 30 41 20 20 20 32 30 30 30 30 20 20 20 20 30 20 20 20 32 30 46 46 46 32 41 20 20 20 32 30 30 30 30 20 20 20 20 30 20 20 20 32 30 46 46 46 46 33 0D
[2026-10-02 17:05:27.261] Enviado: T0001010105010601070108010A012A01 | HEX: 1B 54 30 30 30 31 30 31 30 31 30 35 30 31 30 36 30 31 30 37 30 31 30 38 30 31 30 41 30 31 32 41 30 31 42 36 0D
[2026-10-02 17:05:27.343] Recibido ASCII: <SOH>T55<CR>
[2026-10-02 17:05:27.344] Recibido HEX: 01 54 35 35 0D
[2026-10-02 17:05:29.358] Datos recibidos (410 bytes): D0 C6 C0 C0 C0 DF 95 92 B8 A1 A3 BE 91 80 DF 95 92 81 A2 A3 BE 91 80 DF 97 92 88 A2 A3 BE 91 80 DF 99 92 8C A2 A3 BE 91 80 DF 9B 92 8E A2 A3 BE 91 80 DF A0 92 8E A2 A3 BE 91 80 DF A3 92 8A A2 A3 BE 91 80 DF A4 92 88 A2 A3 BE 91 80 DF A7 92 BF A1 A3 BE 91 80 DF A8 92 BC A1 A3 BE 91 80 DF A9 92 AB A1 A3 BE 91 80 DF A7 92 99 A1 A3 BE 91 80 DF A1 92 BF A0 A3 BE 91 80 DF 9C 92 AD A0 A4 BE 91 80 DF 8D 92 BC 9F A4 BE 91 80 DF AD 91 93 9E A4 BE 91 80 DF 91 91 82 9D A4 BE 91 80 DF B2 90 B4 9B A4 BE 91 80 DF A2 90 8F 9B A4 BE 91 80 DF 83 90 91 9A A4 BE 91 80 DF 99 8F 8E 99 A3 BE 91 80 DF 82 8F AF 98 A3 BE 91 80 DF B7 8E A3 98 A3 BE 91 80 DF A4 8E 8C 98 A3 BE 91 80 DF 8A 8E AF 97 A3 BE 91 80 DF BA 8D 9E 97 A3 BE 91 80 DF AA 8D 90 97 A3 BE 91 80 DF 9C 8D 88 97 A3 BE 91 80 DF 95 8D 85 97 A3 BE 91 80 DF 89 8D 83 97 A3 BE 91 80 DF B9 8C 86 97 A3 BE 91 80 DF B0 8C 8B 97 A3 BE 91 80 DF AC 8C 8D 97 A3 BE 91 80 DF A1 8C 96 97 A3 BE 91 80 DF 9D 8C 99 97 A3 BE 91 80 DF 96 8C 9E 97 A3 BE 91 80 DF 8D 8C A6 97 A3 BE 91 80 DF 87 8C AB 97 A3 BE 91 80 DF 81 8C B1 97 A3 BE 91 80 DF BE 8B B4 97 A3 BE 91 80 DF B6 8B BE 97 A3 BE 91 80 DF B1 8B 87 98 A3 BE 91 80 DF AE 8B 8C 98 A3 BE 91 80 DF A7 8B 9F 98 A3 BE 91 80 DF A5 8B A7 98 A3 BE 91 80
[2026-10-02 17:05:29.358] [Bytes recibidos]: 208
[2026-10-02 17:05:29.359] [Bytes recibidos]: 198
[2026-10-02 17:05:29.359] [Bytes recibidos]: 192
[2026-10-02 17:05:29.359] [Bytes recibidos]: 192
[2026-10-02 17:05:29.359] [Bytes recibidos]: 192
[2026-10-02 17:05:29.360] [Bytes recibidos]: 223
[2026-10-02 17:05:29.360] [Bytes recibidos]: 149
[2026-10-02 17:05:29.360] [Bytes recibidos]: 146
[2026-10-02 17:05:29.360] [Bytes recibidos]: 184
[2026-10-02 17:05:29.360] [Bytes recibidos]: 161
[2026-10-02 17:05:29.361] [Bytes recibidos]: 163
[2026-10-02 17:05:29.361] [Bytes recibidos]: 190
[2026-10-02 17:05:29.361] [Bytes recibidos]: 145
[2026-10-02 17:05:29.361] [Bytes recibidos]: 128
[2026-10-02 17:05:29.361] [Bytes recibidos]: 223
[2026-10-02 17:05:29.362] [Bytes recibidos]: 149
[2026-10-02 17:05:29.362] [Bytes recibidos]: 146
[2026-10-02 17:05:29.362] [Bytes recibidos]: 129
[2026-10-02 17:05:29.362] [Bytes recibidos]: 162
[2026-10-02 17:05:29.363] [Bytes recibidos]: 163
[2026-10-02 17:05:29.363] [Bytes recibidos]: 190
[2026-10-02 17:05:29.363] [Bytes recibidos]: 145
[2026-10-02 17:05:29.363] [Bytes recibidos]: 128
[2026-10-02 17:05:29.363] [Bytes recibidos]: 223
[2026-10-02 17:05:29.364] [Bytes recibidos]: 151
[2026-10-02 17:05:29.364] [Bytes recibidos]: 146
[2026-10-02 17:05:29.364] [Bytes recibidos]: 136
[2026-10-02 17:05:29.364] [Bytes recibidos]: 162
[2026-10-02 17:05:29.364] [Bytes recibidos]: 163
[2026-10-02 17:05:29.365] [Bytes recibidos]: 190
[2026-10-02 17:05:29.365] [Bytes recibidos]: 145
[2026-10-02 17:05:29.365] [Bytes recibidos]: 128
[2026-10-02 17:05:29.365] [Bytes recibidos]: 223
[2026-10-02 17:05:29.366] [Bytes recibidos]: 153
[2026-10-02 17:05:29.366] [Bytes recibidos]: 146
[2026-10-02 17:05:29.366] [Bytes recibidos]: 140
[2026-10-02 17:05:29.366] [Bytes recibidos]: 162
[2026-10-02 17:05:29.366] [Bytes recibidos]: 163
[2026-10-02 17:05:29.367] [Bytes recibidos]: 190
[2026-10-02 17:05:29.367] [Bytes recibidos]: 145
[2026-10-02 17:05:29.367] [Bytes recibidos]: 128
[2026-10-02 17:05:29.367] [Bytes recibidos]: 223
[2026-10-02 17:05:29.368] [Bytes recibidos]: 155
[2026-10-02 17:05:29.368] [Bytes recibidos]: 146
[2026-10-02 17:05:29.368] [Bytes recibidos]: 142
[2026-10-02 17:05:29.369] [Bytes recibidos]: 162
[2026-10-02 17:05:29.369] [Bytes recibidos]: 163
[2026-10-02 17:05:29.369] [Bytes recibidos]: 190
[2026-10-02 17:05:29.369] [Bytes recibidos]: 145
[2026-10-02 17:05:29.369] [Bytes recibidos]: 128
[2026-10-02 17:05:29.370] [Bytes recibidos]: 223
[2026-10-02 17:05:29.370] [Bytes recibidos]: 160
[2026-10-02 17:05:29.370] [Bytes recibidos]: 146
[2026-10-02 17:05:29.370] [Bytes recibidos]: 142
[2026-10-02 17:05:29.370] [Bytes recibidos]: 162
[2026-10-02 17:05:29.371] [Bytes recibidos]: 163
[2026-10-02 17:05:29.371] [Bytes recibidos]: 190
[2026-10-02 17:05:29.371] [Bytes recibidos]: 145
[2026-10-02 17:05:29.371] [Bytes recibidos]: 128
[2026-10-02 17:05:29.372] [Bytes recibidos]: 223
[2026-10-02 17:05:29.372] [Bytes recibidos]: 163
[2026-10-02 17:05:29.372] [Bytes recibidos]: 146
[2026-10-02 17:05:29.372] [Bytes recibidos]: 138
[2026-10-02 17:05:29.372] [Bytes recibidos]: 162
[2026-10-02 17:05:29.373] [Bytes recibidos]: 163
[2026-10-02 17:05:29.373] [Bytes recibidos]: 190
[2026-10-02 17:05:29.373] [Bytes recibidos]: 145
[2026-10-02 17:05:29.373] [Bytes recibidos]: 128
[2026-10-02 17:05:29.374] [Bytes recibidos]: 223
[2026-10-02 17:05:29.374] [Bytes recibidos]: 164
[2026-10-02 17:05:29.374] [Bytes recibidos]: 146
[2026-10-02 17:05:29.374] [Bytes recibidos]: 136
[2026-10-02 17:05:29.374] [Bytes recibidos]: 162
[2026-10-02 17:05:29.375] [Bytes recibidos]: 163
[2026-10-02 17:05:29.375] [Bytes recibidos]: 190
[2026-10-02 17:05:29.375] [Bytes recibidos]: 145
[2026-10-02 17:05:29.375] [Bytes recibidos]: 128
[2026-10-02 17:05:29.375] [Bytes recibidos]: 223
[2026-10-02 17:05:29.376] [Bytes recibidos]: 167
[2026-10-02 17:05:29.376] [Bytes recibidos]: 146
[2026-10-02 17:05:29.376] [Bytes recibidos]: 191
[2026-10-02 17:05:29.376] [Bytes recibidos]: 161
[2026-10-02 17:05:29.377] [Bytes recibidos]: 163
[2026-10-02 17:05:29.377] [Bytes recibidos]: 190
[2026-10-02 17:05:29.377] [Bytes recibidos]: 145
[2026-10-02 17:05:29.377] [Bytes recibidos]: 128
[2026-10-02 17:05:29.378] [Bytes recibidos]: 223
[2026-10-02 17:05:29.378] [Bytes recibidos]: 168
[2026-10-02 17:05:29.378] [Bytes recibidos]: 146
[2026-10-02 17:05:29.378] [Bytes recibidos]: 188
[2026-10-02 17:05:29.378] [Bytes recibidos]: 161
[2026-10-02 17:05:29.379] [Bytes recibidos]: 163
[2026-10-02 17:05:29.379] [Bytes recibidos]: 190
[2026-10-02 17:05:29.379] [Bytes recibidos]: 145
[2026-10-02 17:05:29.379] [Bytes recibidos]: 128
[2026-10-02 17:05:29.379] [Bytes recibidos]: 223
[2026-10-02 17:05:29.380] [Bytes recibidos]: 169
[2026-10-02 17:05:29.380] [Bytes recibidos]: 146
[2026-10-02 17:05:29.380] [Bytes recibidos]: 171
[2026-10-02 17:05:29.380] [Bytes recibidos]: 161
[2026-10-02 17:05:29.381] [Bytes recibidos]: 163
[2026-10-02 17:05:29.381] [Bytes recibidos]: 190
[2026-10-02 17:05:29.381] [Bytes recibidos]: 145
[2026-10-02 17:05:29.382] [Bytes recibidos]: 128
[2026-10-02 17:05:29.382] [Bytes recibidos]: 223
[2026-10-02 17:05:29.382] [Bytes recibidos]: 167
[2026-10-02 17:05:29.383] [Bytes recibidos]: 146
[2026-10-02 17:05:29.383] [Bytes recibidos]: 153
[2026-10-02 17:05:29.383] [Bytes recibidos]: 161
[2026-10-02 17:05:29.383] [Bytes recibidos]: 163
[2026-10-02 17:05:29.384] [Bytes recibidos]: 190
[2026-10-02 17:05:29.384] [Bytes recibidos]: 145
[2026-10-02 17:05:29.384] [Bytes recibidos]: 128
[2026-10-02 17:05:29.384] [Bytes recibidos]: 223
[2026-10-02 17:05:29.385] [Bytes recibidos]: 161
[2026-10-02 17:05:29.385] [Bytes recibidos]: 146
[2026-10-02 17:05:29.385] [Bytes recibidos]: 191
[2026-10-02 17:05:29.386] [Bytes recibidos]: 160
[2026-10-02 17:05:29.386] [Bytes recibidos]: 163
[2026-10-02 17:05:29.386] [Bytes recibidos]: 190
[2026-10-02 17:05:29.386] [Bytes recibidos]: 145
[2026-10-02 17:05:29.387] [Bytes recibidos]: 128
[2026-10-02 17:05:29.387] [Bytes recibidos]: 223
[2026-10-02 17:05:29.387] [Bytes recibidos]: 156
[2026-10-02 17:05:29.387] [Bytes recibidos]: 146
[2026-10-02 17:05:29.388] [Bytes recibidos]: 173
[2026-10-02 17:05:29.388] [Bytes recibidos]: 160
[2026-10-02 17:05:29.388] [Bytes recibidos]: 164
[2026-10-02 17:05:29.388] [Bytes recibidos]: 190
[2026-10-02 17:05:29.389] [Bytes recibidos]: 145
[2026-10-02 17:05:29.389] [Bytes recibidos]: 128
[2026-10-02 17:05:29.389] [Bytes recibidos]: 223
[2026-10-02 17:05:29.390] [Bytes recibidos]: 141
[2026-10-02 17:05:29.390] [Bytes recibidos]: 146
[2026-10-02 17:05:29.390] [Bytes recibidos]: 188
[2026-10-02 17:05:29.390] [Bytes recibidos]: 159
[2026-10-02 17:05:29.391] [Bytes recibidos]: 164
[2026-10-02 17:05:29.391] [Bytes recibidos]: 190
[2026-10-02 17:05:29.391] [Bytes recibidos]: 145
[2026-10-02 17:05:29.392] [Bytes recibidos]: 128
[2026-10-02 17:05:29.392] [Bytes recibidos]: 223
[2026-10-02 17:05:29.392] [Bytes recibidos]: 173
[2026-10-02 17:05:29.392] [Bytes recibidos]: 145
[2026-10-02 17:05:29.393] [Bytes recibidos]: 147
[2026-10-02 17:05:29.393] [Bytes recibidos]: 158
[2026-10-02 17:05:29.393] [Bytes recibidos]: 164
[2026-10-02 17:05:29.393] [Bytes recibidos]: 190
[2026-10-02 17:05:29.394] [Bytes recibidos]: 145
[2026-10-02 17:05:29.394] [Bytes recibidos]: 128
[2026-10-02 17:05:29.394] [Bytes recibidos]: 223
[2026-10-02 17:05:29.394] [Bytes recibidos]: 145
[2026-10-02 17:05:29.395] [Bytes recibidos]: 145
[2026-10-02 17:05:29.395] [Bytes recibidos]: 130
[2026-10-02 17:05:29.395] [Bytes recibidos]: 157
[2026-10-02 17:05:29.395] [Bytes recibidos]: 164
[2026-10-02 17:05:29.395] [Bytes recibidos]: 190
[2026-10-02 17:05:29.396] [Bytes recibidos]: 145
[2026-10-02 17:05:29.396] [Bytes recibidos]: 128
[2026-10-02 17:05:29.396] [Bytes recibidos]: 223
[2026-10-02 17:05:29.396] [Bytes recibidos]: 178
[2026-10-02 17:05:29.397] [Bytes recibidos]: 144
[2026-10-02 17:05:29.397] [Bytes recibidos]: 180
[2026-10-02 17:05:29.397] [Bytes recibidos]: 155
[2026-10-02 17:05:29.397] [Bytes recibidos]: 164
[2026-10-02 17:05:29.398] [Bytes recibidos]: 190
[2026-10-02 17:05:29.398] [Bytes recibidos]: 145
[2026-10-02 17:05:29.398] [Bytes recibidos]: 128
[2026-10-02 17:05:29.398] [Bytes recibidos]: 223
[2026-10-02 17:05:29.399] [Bytes recibidos]: 162
[2026-10-02 17:05:29.399] [Bytes recibidos]: 144
[2026-10-02 17:05:29.399] [Bytes recibidos]: 143
[2026-10-02 17:05:29.399] [Bytes recibidos]: 155
[2026-10-02 17:05:29.400] [Bytes recibidos]: 164
[2026-10-02 17:05:29.400] [Bytes recibidos]: 190
[2026-10-02 17:05:29.400] [Bytes recibidos]: 145
[2026-10-02 17:05:29.401] [Bytes recibidos]: 128
[2026-10-02 17:05:29.401] [Bytes recibidos]: 223
[2026-10-02 17:05:29.401] [Bytes recibidos]: 131
[2026-10-02 17:05:29.401] [Bytes recibidos]: 144
[2026-10-02 17:05:29.401] [Bytes recibidos]: 145
[2026-10-02 17:05:29.402] [Bytes recibidos]: 154
[2026-10-02 17:05:29.402] [Bytes recibidos]: 164
[2026-10-02 17:05:29.402] [Bytes recibidos]: 190
[2026-10-02 17:05:29.402] [Bytes recibidos]: 145
[2026-10-02 17:05:29.403] [Bytes recibidos]: 128
[2026-10-02 17:05:29.403] [Bytes recibidos]: 223
[2026-10-02 17:05:29.403] [Bytes recibidos]: 153
[2026-10-02 17:05:29.403] [Bytes recibidos]: 143
[2026-10-02 17:05:29.404] [Bytes recibidos]: 142
[2026-10-02 17:05:29.404] [Bytes recibidos]: 153
[2026-10-02 17:05:29.404] [Bytes recibidos]: 163
[2026-10-02 17:05:29.404] [Bytes recibidos]: 190
[2026-10-02 17:05:29.405] [Bytes recibidos]: 145
[2026-10-02 17:05:29.405] [Bytes recibidos]: 128
[2026-10-02 17:05:29.405] [Bytes recibidos]: 223
[2026-10-02 17:05:29.405] [Bytes recibidos]: 130
[2026-10-02 17:05:29.406] [Bytes recibidos]: 143
[2026-10-02 17:05:29.406] [Bytes recibidos]: 175
[2026-10-02 17:05:29.406] [Bytes recibidos]: 152
[2026-10-02 17:05:29.406] [Bytes recibidos]: 163
[2026-10-02 17:05:29.407] [Bytes recibidos]: 190
[2026-10-02 17:05:29.407] [Bytes recibidos]: 145
[2026-10-02 17:05:29.407] [Bytes recibidos]: 128
[2026-10-02 17:05:29.407] [Bytes recibidos]: 223
[2026-10-02 17:05:29.408] [Bytes recibidos]: 183
[2026-10-02 17:05:29.408] [Bytes recibidos]: 142
[2026-10-02 17:05:29.408] [Bytes recibidos]: 163
[2026-10-02 17:05:29.408] [Bytes recibidos]: 152
[2026-10-02 17:05:29.409] [Bytes recibidos]: 163
[2026-10-02 17:05:29.409] [Bytes recibidos]: 190
[2026-10-02 17:05:29.409] [Bytes recibidos]: 145
[2026-10-02 17:05:29.409] [Bytes recibidos]: 128
[2026-10-02 17:05:29.410] [Bytes recibidos]: 223
[2026-10-02 17:05:29.410] [Bytes recibidos]: 164
[2026-10-02 17:05:29.410] [Bytes recibidos]: 142
[2026-10-02 17:05:29.410] [Bytes recibidos]: 140
[2026-10-02 17:05:29.411] [Bytes recibidos]: 152
[2026-10-02 17:05:29.411] [Bytes recibidos]: 163
[2026-10-02 17:05:29.411] [Bytes recibidos]: 190
[2026-10-02 17:05:29.411] [Bytes recibidos]: 145
[2026-10-02 17:05:29.412] [Bytes recibidos]: 128
[2026-10-02 17:05:29.412] [Bytes recibidos]: 223
[2026-10-02 17:05:29.412] [Bytes recibidos]: 138
[2026-10-02 17:05:29.412] [Bytes recibidos]: 142
[2026-10-02 17:05:29.413] [Bytes recibidos]: 175
[2026-10-02 17:05:29.413] [Bytes recibidos]: 151
[2026-10-02 17:05:29.413] [Bytes recibidos]: 163
[2026-10-02 17:05:29.413] [Bytes recibidos]: 190
[2026-10-02 17:05:29.413] [Bytes recibidos]: 145
[2026-10-02 17:05:29.414] [Bytes recibidos]: 128
[2026-10-02 17:05:29.414] [Bytes recibidos]: 223
[2026-10-02 17:05:29.414] [Bytes recibidos]: 186
[2026-10-02 17:05:29.414] [Bytes recibidos]: 141
[2026-10-02 17:05:29.415] [Bytes recibidos]: 158
[2026-10-02 17:05:29.415] [Bytes recibidos]: 151
[2026-10-02 17:05:29.415] [Bytes recibidos]: 163
[2026-10-02 17:05:29.415] [Bytes recibidos]: 190
[2026-10-02 17:05:29.416] [Bytes recibidos]: 145
[2026-10-02 17:05:29.416] [Bytes recibidos]: 128
[2026-10-02 17:05:29.416] [Bytes recibidos]: 223
[2026-10-02 17:05:29.416] [Bytes recibidos]: 170
[2026-10-02 17:05:29.416] [Bytes recibidos]: 141
[2026-10-02 17:05:29.417] [Bytes recibidos]: 144
[2026-10-02 17:05:29.417] [Bytes recibidos]: 151
[2026-10-02 17:05:29.417] [Bytes recibidos]: 163
[2026-10-02 17:05:29.417] [Bytes recibidos]: 190
[2026-10-02 17:05:29.418] [Bytes recibidos]: 145
[2026-10-02 17:05:29.418] [Bytes recibidos]: 128
[2026-10-02 17:05:29.418] [Bytes recibidos]: 223
[2026-10-02 17:05:29.418] [Bytes recibidos]: 156
[2026-10-02 17:05:29.419] [Bytes recibidos]: 141
[2026-10-02 17:05:29.419] [Bytes recibidos]: 136
[2026-10-02 17:05:29.419] [Bytes recibidos]: 151
[2026-10-02 17:05:29.419] [Bytes recibidos]: 163
[2026-10-02 17:05:29.420] [Bytes recibidos]: 190
[2026-10-02 17:05:29.420] [Bytes recibidos]: 145
[2026-10-02 17:05:29.420] [Bytes recibidos]: 128
[2026-10-02 17:05:29.420] [Bytes recibidos]: 223
[2026-10-02 17:05:29.421] [Bytes recibidos]: 149
[2026-10-02 17:05:29.421] [Bytes recibidos]: 141
[2026-10-02 17:05:29.421] [Bytes recibidos]: 133
[2026-10-02 17:05:29.421] [Bytes recibidos]: 151
[2026-10-02 17:05:29.422] [Bytes recibidos]: 163
[2026-10-02 17:05:29.422] [Bytes recibidos]: 190
[2026-10-02 17:05:29.422] [Bytes recibidos]: 145
[2026-10-02 17:05:29.422] [Bytes recibidos]: 128
[2026-10-02 17:05:29.422] [Bytes recibidos]: 223
[2026-10-02 17:05:29.423] [Bytes recibidos]: 137
[2026-10-02 17:05:29.423] [Bytes recibidos]: 141
[2026-10-02 17:05:29.423] [Bytes recibidos]: 131
[2026-10-02 17:05:29.423] [Bytes recibidos]: 151
[2026-10-02 17:05:29.424] [Bytes recibidos]: 163
[2026-10-02 17:05:29.424] [Bytes recibidos]: 190
[2026-10-02 17:05:29.424] [Bytes recibidos]: 145
[2026-10-02 17:05:29.424] [Bytes recibidos]: 128
[2026-10-02 17:05:29.425] [Bytes recibidos]: 223
[2026-10-02 17:05:29.425] [Bytes recibidos]: 185
[2026-10-02 17:05:29.425] [Bytes recibidos]: 140
[2026-10-02 17:05:29.425] [Bytes recibidos]: 134
[2026-10-02 17:05:29.426] [Bytes recibidos]: 151
[2026-10-02 17:05:29.426] [Bytes recibidos]: 163
[2026-10-02 17:05:29.426] [Bytes recibidos]: 190
[2026-10-02 17:05:29.426] [Bytes recibidos]: 145
[2026-10-02 17:05:29.426] [Bytes recibidos]: 128
[2026-10-02 17:05:29.427] [Bytes recibidos]: 223
[2026-10-02 17:05:29.427] [Bytes recibidos]: 176
[2026-10-02 17:05:29.427] [Bytes recibidos]: 140
[2026-10-02 17:05:29.427] [Bytes recibidos]: 139
[2026-10-02 17:05:29.427] [Bytes recibidos]: 151
[2026-10-02 17:05:29.428] [Bytes recibidos]: 163
[2026-10-02 17:05:29.428] [Bytes recibidos]: 190
[2026-10-02 17:05:29.428] [Bytes recibidos]: 145
[2026-10-02 17:05:29.428] [Bytes recibidos]: 128
[2026-10-02 17:05:29.428] [Bytes recibidos]: 223
[2026-10-02 17:05:29.429] [Bytes recibidos]: 172
[2026-10-02 17:05:29.429] [Bytes recibidos]: 140
[2026-10-02 17:05:29.429] [Bytes recibidos]: 141
[2026-10-02 17:05:29.429] [Bytes recibidos]: 151
[2026-10-02 17:05:29.430] [Bytes recibidos]: 163
[2026-10-02 17:05:29.431] [Bytes recibidos]: 190
[2026-10-02 17:05:29.431] [Bytes recibidos]: 145
[2026-10-02 17:05:29.432] [Bytes recibidos]: 128
[2026-10-02 17:05:29.432] [Bytes recibidos]: 223
[2026-10-02 17:05:29.432] [Bytes recibidos]: 161
[2026-10-02 17:05:29.432] [Bytes recibidos]: 140
[2026-10-02 17:05:29.433] [Bytes recibidos]: 150
[2026-10-02 17:05:29.433] [Bytes recibidos]: 151
[2026-10-02 17:05:29.433] [Bytes recibidos]: 163
[2026-10-02 17:05:29.433] [Bytes recibidos]: 190
[2026-10-02 17:05:29.433] [Bytes recibidos]: 145
[2026-10-02 17:05:29.434] [Bytes recibidos]: 128
[2026-10-02 17:05:29.434] [Bytes recibidos]: 223
[2026-10-02 17:05:29.434] [Bytes recibidos]: 157
[2026-10-02 17:05:29.434] [Bytes recibidos]: 140
[2026-10-02 17:05:29.435] [Bytes recibidos]: 153
[2026-10-02 17:05:29.435] [Bytes recibidos]: 151
[2026-10-02 17:05:29.435] [Bytes recibidos]: 163
[2026-10-02 17:05:29.435] [Bytes recibidos]: 190
[2026-10-02 17:05:29.436] [Bytes recibidos]: 145
[2026-10-02 17:05:29.436] [Bytes recibidos]: 128
[2026-10-02 17:05:29.436] [Bytes recibidos]: 223
[2026-10-02 17:05:29.436] [Bytes recibidos]: 150
[2026-10-02 17:05:29.437] [Bytes recibidos]: 140
[2026-10-02 17:05:29.437] [Bytes recibidos]: 158
[2026-10-02 17:05:29.437] [Bytes recibidos]: 151
[2026-10-02 17:05:29.437] [Bytes recibidos]: 163
[2026-10-02 17:05:29.438] [Bytes recibidos]: 190
[2026-10-02 17:05:29.438] [Bytes recibidos]: 145
[2026-10-02 17:05:29.438] [Bytes recibidos]: 128
[2026-10-02 17:05:29.438] [Bytes recibidos]: 223
[2026-10-02 17:05:29.438] [Bytes recibidos]: 141
[2026-10-02 17:05:29.438] [Bytes recibidos]: 140
[2026-10-02 17:05:29.439] [Bytes recibidos]: 166
[2026-10-02 17:05:29.439] [Bytes recibidos]: 151
[2026-10-02 17:05:29.439] [Bytes recibidos]: 163
[2026-10-02 17:05:29.439] [Bytes recibidos]: 190
[2026-10-02 17:05:29.439] [Bytes recibidos]: 145
[2026-10-02 17:05:29.440] [Bytes recibidos]: 128
[2026-10-02 17:05:29.440] [Bytes recibidos]: 223
[2026-10-02 17:05:29.440] [Bytes recibidos]: 135
[2026-10-02 17:05:29.440] [Bytes recibidos]: 140
[2026-10-02 17:05:29.440] [Bytes recibidos]: 171
[2026-10-02 17:05:29.441] [Bytes recibidos]: 151
[2026-10-02 17:05:29.441] [Bytes recibidos]: 163
[2026-10-02 17:05:29.441] [Bytes recibidos]: 190
[2026-10-02 17:05:29.441] [Bytes recibidos]: 145
[2026-10-02 17:05:29.441] [Bytes recibidos]: 128
[2026-10-02 17:05:29.441] [Bytes recibidos]: 223
[2026-10-02 17:05:29.442] [Bytes recibidos]: 129
[2026-10-02 17:05:29.442] [Bytes recibidos]: 140
[2026-10-02 17:05:29.442] [Bytes recibidos]: 177
[2026-10-02 17:05:29.442] [Bytes recibidos]: 151
[2026-10-02 17:05:29.442] [Bytes recibidos]: 163
[2026-10-02 17:05:29.443] [Bytes recibidos]: 190
[2026-10-02 17:05:29.443] [Bytes recibidos]: 145
[2026-10-02 17:05:29.443] [Bytes recibidos]: 128
[2026-10-02 17:05:29.443] [Bytes recibidos]: 223
[2026-10-02 17:05:29.444] [Bytes recibidos]: 190
[2026-10-02 17:05:29.444] [Bytes recibidos]: 139
[2026-10-02 17:05:29.444] [Bytes recibidos]: 180
[2026-10-02 17:05:29.444] [Bytes recibidos]: 151
[2026-10-02 17:05:29.445] [Bytes recibidos]: 163
[2026-10-02 17:05:29.445] [Bytes recibidos]: 190
[2026-10-02 17:05:29.445] [Bytes recibidos]: 145
[2026-10-02 17:05:29.445] [Bytes recibidos]: 128
[2026-10-02 17:05:29.446] [Bytes recibidos]: 223
[2026-10-02 17:05:29.446] [Bytes recibidos]: 182
[2026-10-02 17:05:29.446] [Bytes recibidos]: 139
[2026-10-02 17:05:29.446] [Bytes recibidos]: 190
[2026-10-02 17:05:29.446] [Bytes recibidos]: 151
[2026-10-02 17:05:29.446] [Bytes recibidos]: 163
[2026-10-02 17:05:29.447] [Bytes recibidos]: 190
[2026-10-02 17:05:29.447] [Bytes recibidos]: 145
[2026-10-02 17:05:29.447] [Bytes recibidos]: 128
[2026-10-02 17:05:29.447] [Bytes recibidos]: 223
[2026-10-02 17:05:29.447] [Bytes recibidos]: 177
[2026-10-02 17:05:29.448] [Bytes recibidos]: 139
[2026-10-02 17:05:29.448] [Bytes recibidos]: 135
[2026-10-02 17:05:29.448] [Bytes recibidos]: 152
[2026-10-02 17:05:29.448] [Bytes recibidos]: 163
[2026-10-02 17:05:29.448] [Bytes recibidos]: 190
[2026-10-02 17:05:29.449] [Bytes recibidos]: 145
[2026-10-02 17:05:29.449] [Bytes recibidos]: 128
[2026-10-02 17:05:29.449] [Bytes recibidos]: 223
[2026-10-02 17:05:29.449] [Bytes recibidos]: 174
[2026-10-02 17:05:29.449] [Bytes recibidos]: 139
[2026-10-02 17:05:29.449] [Bytes recibidos]: 140
[2026-10-02 17:05:29.450] [Bytes recibidos]: 152
[2026-10-02 17:05:29.450] [Bytes recibidos]: 163
[2026-10-02 17:05:29.450] [Bytes recibidos]: 190
[2026-10-02 17:05:29.450] [Bytes recibidos]: 145
[2026-10-02 17:05:29.450] [Bytes recibidos]: 128
[2026-10-02 17:05:29.451] [Bytes recibidos]: 223
[2026-10-02 17:05:29.451] [Bytes recibidos]: 167
[2026-10-02 17:05:29.451] [Bytes recibidos]: 139
[2026-10-02 17:05:29.451] [Bytes recibidos]: 159
[2026-10-02 17:05:29.451] [Bytes recibidos]: 152
[2026-10-02 17:05:29.452] [Bytes recibidos]: 163
[2026-10-02 17:05:29.452] [Bytes recibidos]: 190
[2026-10-02 17:05:29.452] [Bytes recibidos]: 145
[2026-10-02 17:05:29.452] [Bytes recibidos]: 128
[2026-10-02 17:05:29.452] [Bytes recibidos]: 223
[2026-10-02 17:05:29.453] [Bytes recibidos]: 165
[2026-10-02 17:05:29.453] [Bytes recibidos]: 139
[2026-10-02 17:05:29.453] [Bytes recibidos]: 167
[2026-10-02 17:05:29.453] [Bytes recibidos]: 152
[2026-10-02 17:05:29.454] [Bytes recibidos]: 163
[2026-10-02 17:05:29.454] [Bytes recibidos]: 190
[2026-10-02 17:05:29.454] [Bytes recibidos]: 145
[2026-10-02 17:05:29.454] [Bytes recibidos]: 128
[2026-10-02 17:05:29.458] [Data Recibida]: -7.129426129426129
[2026-10-02 17:05:29.459] [MIN]: -21
[2026-10-02 17:05:29.459] [MAX]: 121
[2026-10-02 17:05:29.460] [MAXBIN]: 4095
[2026-10-02 17:05:29.460] [Data Recibida]: -181.0
[2026-10-02 17:05:29.460] [MIN]: -181
[2026-10-02 17:05:29.460] [MAX]: 181
[2026-10-02 17:05:29.460] [MAXBIN]: 4095
[2026-10-02 17:05:29.460] [Data Recibida]: 48.44932844932845
[2026-10-02 17:05:29.461] [MIN]: 0
[2026-10-02 17:05:29.461] [MAX]: 100
[2026-10-02 17:05:29.461] [MAXBIN]: 4095
[2026-10-02 17:05:29.461] [Data Recibida]: 34.37362637362637
[2026-10-02 17:05:29.461] [MIN]: 0
[2026-10-02 17:05:29.461] [MAX]: 120
[2026-10-02 17:05:29.461] [MAXBIN]: 4095
[2026-10-02 17:05:29.462] [Data Recibida]: 10.588522588522588
[2026-10-02 17:05:29.462] [MIN]: 0
[2026-10-02 17:05:29.462] [MAX]: 20
[2026-10-02 17:05:29.462] [MAXBIN]: 4095
[2026-10-02 17:05:29.463] [Data Recibida]: 97.75335775335775
[2026-10-02 17:05:29.463] [MIN]: 0
[2026-10-02 17:05:29.463] [MAX]: 100
[2026-10-02 17:05:29.463] [MAXBIN]: 4095
[2026-10-02 17:05:29.464] [Data Recibida]: 0.08302808302808302
[2026-10-02 17:05:29.464] [MIN]: 0
[2026-10-02 17:05:29.464] [MAX]: 20
[2026-10-02 17:05:29.464] [MAXBIN]: 4095
[2026-10-02 17:05:29.464] [Data Recibida]: 6.715506715506716
[2026-10-02 17:05:29.465] [MIN]: 0
[2026-10-02 17:05:29.465] [MAX]: 20
[2026-10-02 17:05:29.465] [MAXBIN]: 4095
[2026-10-02 17:05:31.483] Datos recibidos (959 bytes): DF 9E 8B 84 99 A3 BE 91 80 DF 9A 8B 9A 99 A3 BE 91 80 DF 98 8B A6 99 A3 BE 91 80 DF 93 8B 8C 9A A3 BE 91 80 DF 91 8B 99 9A A3 BE 91 80 DF 8D 8B 80 9B A3 BE 91 80 DF 8B 8B 9A 9B A3 BE 91 80 DF 8A 8B A7 9B A3 BE 91 80 DF 87 8B 8D 9C A3 BE 91 80 DF 86 8B 9A 9C A3 BE 91 80 DF 83 8B 80 9D A3 BE 91 80 DF 82 8B 99 9D A3 BE 91 80 DF 81 8B A6 9D A3 BE 91 80 DF 80 8B BE 9D A3 BE 91 80 DF BF 8A 94 9E A3 BE 91 80 DF BD 8A B1 9E A3 BE 91 80 DF BC 8A 81 9F A3 BE 91 80 DF BC 8A 8E 9F A3 BE 91 80 DF BB 8A 99 9F A3 BE 91 80 DF BB 8A A2 9F A3 BE 91 80 DF BB 8A A5 9F A3 BE 91 80 DF BB 8A AD 9F A3 BE 91 80 DF BB 8A B1 9F A3 BE 91 80 DF BB 8A B4 9F A3 BE 91 80 DF BB 8A B6 9F A3 BE 91 80 DF BB 8A B7 9F A3 BE 91 80 DF BB 8A B9 9F A3 BE 91 80 DF BB 8A B9 9F A3 BE 91 80 DF BB 8A BB 9F A3 BE 91 80 DF BB 8A BB 9F A3 BE 91 80 DF BB 8A BC 9F A3 BE 91 80 DF BB 8A BD 9F A2 BE 91 80 DF BB 8A BD 9F A2 BE 91 80 DF BB 8A BD 9F A2 BE 91 80 DF BB 8A BD 9F A2 BE 91 80 DF BB 8A BC 9F A2 BE 91 80 DF BB 8A BC 9F A2 BE 91 80 DF BB 8A BC 9F A2 BE 91 80 DF BA 8A BD 9F A2 BE 91 80 DF BA 8A BD 9F A2 BE 91 80 DF BA 8A BD 9F A1 BE 91 80 DF BA 8A BD 9F A1 BE 91 80 DF BA 8A BD 9F A1 BE 91 80 DF BA 8A BD 9F A1 BE 91 80 DF BA 8A BD 9F A1 BE 91 80 DF BA 8A BE 9F A1 BE 91 80 DF BA 8A BE 9F A0 BE 91 80 DF BA 8A BE 9F A0 BE 91 80 DF BA 8A BF 9F A0 BE 91 80 DF BA 8A BF 9F A0 BE 91 80 DF BA 8A BF 9F A0 BE 91 80 DF B9 8A BF 9F A0 BE 91 80 DF B9 8A BF 9F A0 BE 91 80 DF B9 8A 80 A0 A0 BE 91 80 DF B9 8A 80 A0 A0 BE 91 80 DF B9 8A 80 A0 A0 BE 91 80 DF B9 8A 80 A0 A0 BE 91 80 DF B9 8A 80 A0 A0 BE 91 80 DF B9 8A 80 A0 9F BE 91 80 DF B9 8A 80 A0 9F BE 91 80 DF B9 8A 80 A0 9F BE 91 80 DF B9 8A 80 A0 9F BE 91 80 DF B9 8A 80 A0 9F BE 91 80 DF B8 8A 80 A0 9F BE 91 80 DF B8 8A 80 A0 9F BE 91 80 DF B8 8A BF 9F 9F BE 91 80 DF B8 8A BF 9F 9F BE 91 80 DF B8 8A BF 9F 9F BE 91 80 DF B8 8A BF 9F 9F BE 91 80 DF B8 8A BF 9F 9F BE 91 80 DF B7 8A BF 9F 9F BE 91 80 DF B7 8A BF 9F 9F BE 91 80 DF B7 8A BF 9F 9F BE 91 80 DF B7 8A BF 9F 9F BE 91 80 DF B7 8A BF 9F 9F BE 91 80 DF B7 8A BF 9F 9F BE 91 80 DF B6 8A 80 A0 9F BE 91 80 DF B6 8A 80 A0 9F BE 91 80 DF B6 8A 80 A0 9F BE 91 80 DF B6 8A 80 A0 9F BE 91 80 DF B6 8A 80 A0 9F BE 91 80 DF B6 8A 80 A0 9F BE 91 80 DF B6 8A 80 A0 9F BE 91 80 DF B6 8A 80 A0 9F BE 91 80 DF B6 8A 80 A0 9F BE 91 80 DF B5 8A 80 A0 9F BE 91 80 DF B5 8A 80 A0 9F BE 91 80 DF B5 8A 80 A0 9F BE 91 80 DF B5 8A BF 9F 9F BE 91 80 DF B5 8A BF 9F 9F BE 91 80 DF B5 8A BF 9F 9F BE 93 80 DF B4 8A BF 9F 9F BE 93 80 DF B4 8A BF 9F 9F BE 93 80 DF B4 8A BF 9F 9F BE 93 80 DF B4 8A BF 9F 9F BE 93 80 DF B4 8A BF 9F 9F BE 93 80 DF B3 8A BF 9F 9F BE 93 80 DF B3 8A BF 9F 9F BE 93 80 DF B3 8A BF 9F 9F BE 93 80 DF B3 8A BF 9F 9F BE 93 80 DF B3 8A BF 9F 9F BE 93 80 DF B3 8A BF 9F 9F BE 93 80 DF B2 8A BF 9F 9F BE 93 80 DF B2 8A 80 A0 9F BE 93 80 DF B2 8A 80 A0 9F BE 93 80 DF B2 8A 80 A0 9F BE 93 80 DF B2 8A 80 A0
[2026-10-02 17:05:31.484] [Bytes recibidos]: 223
[2026-10-02 17:05:31.484] [Bytes recibidos]: 158
[2026-10-02 17:05:31.484] [Bytes recibidos]: 139
[2026-10-02 17:05:31.484] [Bytes recibidos]: 132
[2026-10-02 17:05:31.484] [Bytes recibidos]: 153
[2026-10-02 17:05:31.484] [Bytes recibidos]: 163
[2026-10-02 17:05:31.484] [Bytes recibidos]: 190
[2026-10-02 17:05:31.485] [Bytes recibidos]: 145
[2026-10-02 17:05:31.485] [Bytes recibidos]: 128
[2026-10-02 17:05:31.485] [Bytes recibidos]: 223
[2026-10-02 17:05:31.485] [Bytes recibidos]: 154
[2026-10-02 17:05:31.485] [Bytes recibidos]: 139
[2026-10-02 17:05:31.485] [Bytes recibidos]: 154
[2026-10-02 17:05:31.485] [Bytes recibidos]: 153
[2026-10-02 17:05:31.485] [Bytes recibidos]: 163
[2026-10-02 17:05:31.486] [Bytes recibidos]: 190
[2026-10-02 17:05:31.486] [Bytes recibidos]: 145
[2026-10-02 17:05:31.486] [Bytes recibidos]: 128
[2026-10-02 17:05:31.486] [Bytes recibidos]: 223
[2026-10-02 17:05:31.486] [Bytes recibidos]: 152
[2026-10-02 17:05:31.486] [Bytes recibidos]: 139
[2026-10-02 17:05:31.486] [Bytes recibidos]: 166
[2026-10-02 17:05:31.487] [Bytes recibidos]: 153
[2026-10-02 17:05:31.487] [Bytes recibidos]: 163
[2026-10-02 17:05:31.487] [Bytes recibidos]: 190
[2026-10-02 17:05:31.487] [Bytes recibidos]: 145
[2026-10-02 17:05:31.487] [Bytes recibidos]: 128
[2026-10-02 17:05:31.487] [Bytes recibidos]: 223
[2026-10-02 17:05:31.487] [Bytes recibidos]: 147
[2026-10-02 17:05:31.487] [Bytes recibidos]: 139
[2026-10-02 17:05:31.488] [Bytes recibidos]: 140
[2026-10-02 17:05:31.488] [Bytes recibidos]: 154
[2026-10-02 17:05:31.488] [Bytes recibidos]: 163
[2026-10-02 17:05:31.488] [Bytes recibidos]: 190
[2026-10-02 17:05:31.488] [Bytes recibidos]: 145
[2026-10-02 17:05:31.488] [Bytes recibidos]: 128
[2026-10-02 17:05:31.488] [Bytes recibidos]: 223
[2026-10-02 17:05:31.489] [Bytes recibidos]: 145
[2026-10-02 17:05:31.489] [Bytes recibidos]: 139
[2026-10-02 17:05:31.489] [Bytes recibidos]: 153
[2026-10-02 17:05:31.489] [Bytes recibidos]: 154
[2026-10-02 17:05:31.489] [Bytes recibidos]: 163
[2026-10-02 17:05:31.489] [Bytes recibidos]: 190
[2026-10-02 17:05:31.489] [Bytes recibidos]: 145
[2026-10-02 17:05:31.489] [Bytes recibidos]: 128
[2026-10-02 17:05:31.490] [Bytes recibidos]: 223
[2026-10-02 17:05:31.490] [Bytes recibidos]: 141
[2026-10-02 17:05:31.490] [Bytes recibidos]: 139
[2026-10-02 17:05:31.490] [Bytes recibidos]: 128
[2026-10-02 17:05:31.490] [Bytes recibidos]: 155
[2026-10-02 17:05:31.490] [Bytes recibidos]: 163
[2026-10-02 17:05:31.490] [Bytes recibidos]: 190
[2026-10-02 17:05:31.491] [Bytes recibidos]: 145
[2026-10-02 17:05:31.491] [Bytes recibidos]: 128
[2026-10-02 17:05:31.491] [Bytes recibidos]: 223
[2026-10-02 17:05:31.491] [Bytes recibidos]: 139
[2026-10-02 17:05:31.491] [Bytes recibidos]: 139
[2026-10-02 17:05:31.491] [Bytes recibidos]: 154
[2026-10-02 17:05:31.491] [Bytes recibidos]: 155
[2026-10-02 17:05:31.492] [Bytes recibidos]: 163
[2026-10-02 17:05:31.492] [Bytes recibidos]: 190
[2026-10-02 17:05:31.492] [Bytes recibidos]: 145
[2026-10-02 17:05:31.492] [Bytes recibidos]: 128
[2026-10-02 17:05:31.492] [Bytes recibidos]: 223
[2026-10-02 17:05:31.492] [Bytes recibidos]: 138
[2026-10-02 17:05:31.492] [Bytes recibidos]: 139
[2026-10-02 17:05:31.493] [Bytes recibidos]: 167
[2026-10-02 17:05:31.493] [Bytes recibidos]: 155
[2026-10-02 17:05:31.493] [Bytes recibidos]: 163
[2026-10-02 17:05:31.493] [Bytes recibidos]: 190
[2026-10-02 17:05:31.493] [Bytes recibidos]: 145
[2026-10-02 17:05:31.493] [Bytes recibidos]: 128
[2026-10-02 17:05:31.493] [Bytes recibidos]: 223
[2026-10-02 17:05:31.494] [Bytes recibidos]: 135
[2026-10-02 17:05:31.494] [Bytes recibidos]: 139
[2026-10-02 17:05:31.494] [Bytes recibidos]: 141
[2026-10-02 17:05:31.494] [Bytes recibidos]: 156
[2026-10-02 17:05:31.494] [Bytes recibidos]: 163
[2026-10-02 17:05:31.494] [Bytes recibidos]: 190
[2026-10-02 17:05:31.494] [Bytes recibidos]: 145
[2026-10-02 17:05:31.494] [Bytes recibidos]: 128
[2026-10-02 17:05:31.495] [Bytes recibidos]: 223
[2026-10-02 17:05:31.495] [Bytes recibidos]: 134
[2026-10-02 17:05:31.495] [Bytes recibidos]: 139
[2026-10-02 17:05:31.495] [Bytes recibidos]: 154
[2026-10-02 17:05:31.495] [Bytes recibidos]: 156
[2026-10-02 17:05:31.495] [Bytes recibidos]: 163
[2026-10-02 17:05:31.495] [Bytes recibidos]: 190
[2026-10-02 17:05:31.496] [Bytes recibidos]: 145
[2026-10-02 17:05:31.496] [Bytes recibidos]: 128
[2026-10-02 17:05:31.496] [Bytes recibidos]: 223
[2026-10-02 17:05:31.496] [Bytes recibidos]: 131
[2026-10-02 17:05:31.496] [Bytes recibidos]: 139
[2026-10-02 17:05:31.496] [Bytes recibidos]: 128
[2026-10-02 17:05:31.496] [Bytes recibidos]: 157
[2026-10-02 17:05:31.496] [Bytes recibidos]: 163
[2026-10-02 17:05:31.497] [Bytes recibidos]: 190
[2026-10-02 17:05:31.497] [Bytes recibidos]: 145
[2026-10-02 17:05:31.497] [Bytes recibidos]: 128
[2026-10-02 17:05:31.497] [Bytes recibidos]: 223
[2026-10-02 17:05:31.497] [Bytes recibidos]: 130
[2026-10-02 17:05:31.497] [Bytes recibidos]: 139
[2026-10-02 17:05:31.497] [Bytes recibidos]: 153
[2026-10-02 17:05:31.498] [Bytes recibidos]: 157
[2026-10-02 17:05:31.498] [Bytes recibidos]: 163
[2026-10-02 17:05:31.498] [Bytes recibidos]: 190
[2026-10-02 17:05:31.498] [Bytes recibidos]: 145
[2026-10-02 17:05:31.498] [Bytes recibidos]: 128
[2026-10-02 17:05:31.498] [Bytes recibidos]: 223
[2026-10-02 17:05:31.498] [Bytes recibidos]: 129
[2026-10-02 17:05:31.498] [Bytes recibidos]: 139
[2026-10-02 17:05:31.499] [Bytes recibidos]: 166
[2026-10-02 17:05:31.499] [Bytes recibidos]: 157
[2026-10-02 17:05:31.499] [Bytes recibidos]: 163
[2026-10-02 17:05:31.499] [Bytes recibidos]: 190
[2026-10-02 17:05:31.499] [Bytes recibidos]: 145
[2026-10-02 17:05:31.500] [Bytes recibidos]: 128
[2026-10-02 17:05:31.500] [Bytes recibidos]: 223
[2026-10-02 17:05:31.500] [Bytes recibidos]: 128
[2026-10-02 17:05:31.500] [Bytes recibidos]: 139
[2026-10-02 17:05:31.500] [Bytes recibidos]: 190
[2026-10-02 17:05:31.500] [Bytes recibidos]: 157
[2026-10-02 17:05:31.500] [Bytes recibidos]: 163
[2026-10-02 17:05:31.500] [Bytes recibidos]: 190
[2026-10-02 17:05:31.500] [Bytes recibidos]: 145
[2026-10-02 17:05:31.501] [Bytes recibidos]: 128
[2026-10-02 17:05:31.501] [Bytes recibidos]: 223
[2026-10-02 17:05:31.501] [Bytes recibidos]: 191
[2026-10-02 17:05:31.501] [Bytes recibidos]: 138
[2026-10-02 17:05:31.501] [Bytes recibidos]: 148
[2026-10-02 17:05:31.501] [Bytes recibidos]: 158
[2026-10-02 17:05:31.501] [Bytes recibidos]: 163
[2026-10-02 17:05:31.501] [Bytes recibidos]: 190
[2026-10-02 17:05:31.502] [Bytes recibidos]: 145
[2026-10-02 17:05:31.502] [Bytes recibidos]: 128
[2026-10-02 17:05:31.502] [Bytes recibidos]: 223
[2026-10-02 17:05:31.502] [Bytes recibidos]: 189
[2026-10-02 17:05:31.502] [Bytes recibidos]: 138
[2026-10-02 17:05:31.502] [Bytes recibidos]: 177
[2026-10-02 17:05:31.502] [Bytes recibidos]: 158
[2026-10-02 17:05:31.502] [Bytes recibidos]: 163
[2026-10-02 17:05:31.502] [Bytes recibidos]: 190
[2026-10-02 17:05:31.503] [Bytes recibidos]: 145
[2026-10-02 17:05:31.503] [Bytes recibidos]: 128
[2026-10-02 17:05:31.503] [Bytes recibidos]: 223
[2026-10-02 17:05:31.503] [Bytes recibidos]: 188
[2026-10-02 17:05:31.503] [Bytes recibidos]: 138
[2026-10-02 17:05:31.503] [Bytes recibidos]: 129
[2026-10-02 17:05:31.503] [Bytes recibidos]: 159
[2026-10-02 17:05:31.504] [Bytes recibidos]: 163
[2026-10-02 17:05:31.504] [Bytes recibidos]: 190
[2026-10-02 17:05:31.504] [Bytes recibidos]: 145
[2026-10-02 17:05:31.504] [Bytes recibidos]: 128
[2026-10-02 17:05:31.504] [Bytes recibidos]: 223
[2026-10-02 17:05:31.504] [Bytes recibidos]: 188
[2026-10-02 17:05:31.504] [Bytes recibidos]: 138
[2026-10-02 17:05:31.504] [Bytes recibidos]: 142
[2026-10-02 17:05:31.504] [Bytes recibidos]: 159
[2026-10-02 17:05:31.505] [Bytes recibidos]: 163
[2026-10-02 17:05:31.505] [Bytes recibidos]: 190
[2026-10-02 17:05:31.505] [Bytes recibidos]: 145
[2026-10-02 17:05:31.505] [Bytes recibidos]: 128
[2026-10-02 17:05:31.505] [Bytes recibidos]: 223
[2026-10-02 17:05:31.505] [Bytes recibidos]: 187
[2026-10-02 17:05:31.505] [Bytes recibidos]: 138
[2026-10-02 17:05:31.505] [Bytes recibidos]: 153
[2026-10-02 17:05:31.506] [Bytes recibidos]: 159
[2026-10-02 17:05:31.506] [Bytes recibidos]: 163
[2026-10-02 17:05:31.506] [Bytes recibidos]: 190
[2026-10-02 17:05:31.506] [Bytes recibidos]: 145
[2026-10-02 17:05:31.506] [Bytes recibidos]: 128
[2026-10-02 17:05:31.506] [Bytes recibidos]: 223
[2026-10-02 17:05:31.506] [Bytes recibidos]: 187
[2026-10-02 17:05:31.506] [Bytes recibidos]: 138
[2026-10-02 17:05:31.507] [Bytes recibidos]: 162
[2026-10-02 17:05:31.507] [Bytes recibidos]: 159
[2026-10-02 17:05:31.507] [Bytes recibidos]: 163
[2026-10-02 17:05:31.507] [Bytes recibidos]: 190
[2026-10-02 17:05:31.507] [Bytes recibidos]: 145
[2026-10-02 17:05:31.507] [Bytes recibidos]: 128
[2026-10-02 17:05:31.507] [Bytes recibidos]: 223
[2026-10-02 17:05:31.508] [Bytes recibidos]: 187
[2026-10-02 17:05:31.508] [Bytes recibidos]: 138
[2026-10-02 17:05:31.508] [Bytes recibidos]: 165
[2026-10-02 17:05:31.508] [Bytes recibidos]: 159
[2026-10-02 17:05:31.508] [Bytes recibidos]: 163
[2026-10-02 17:05:31.508] [Bytes recibidos]: 190
[2026-10-02 17:05:31.508] [Bytes recibidos]: 145
[2026-10-02 17:05:31.508] [Bytes recibidos]: 128
[2026-10-02 17:05:31.508] [Bytes recibidos]: 223
[2026-10-02 17:05:31.509] [Bytes recibidos]: 187
[2026-10-02 17:05:31.509] [Bytes recibidos]: 138
[2026-10-02 17:05:31.509] [Bytes recibidos]: 173
[2026-10-02 17:05:31.509] [Bytes recibidos]: 159
[2026-10-02 17:05:31.509] [Bytes recibidos]: 163
[2026-10-02 17:05:31.509] [Bytes recibidos]: 190
[2026-10-02 17:05:31.509] [Bytes recibidos]: 145
[2026-10-02 17:05:31.509] [Bytes recibidos]: 128
[2026-10-02 17:05:31.510] [Bytes recibidos]: 223
[2026-10-02 17:05:31.510] [Bytes recibidos]: 187
[2026-10-02 17:05:31.510] [Bytes recibidos]: 138
[2026-10-02 17:05:31.510] [Bytes recibidos]: 177
[2026-10-02 17:05:31.510] [Bytes recibidos]: 159
[2026-10-02 17:05:31.510] [Bytes recibidos]: 163
[2026-10-02 17:05:31.510] [Bytes recibidos]: 190
[2026-10-02 17:05:31.510] [Bytes recibidos]: 145
[2026-10-02 17:05:31.510] [Bytes recibidos]: 128
[2026-10-02 17:05:31.511] [Bytes recibidos]: 223
[2026-10-02 17:05:31.511] [Bytes recibidos]: 187
[2026-10-02 17:05:31.511] [Bytes recibidos]: 138
[2026-10-02 17:05:31.511] [Bytes recibidos]: 180
[2026-10-02 17:05:31.511] [Bytes recibidos]: 159
[2026-10-02 17:05:31.511] [Bytes recibidos]: 163
[2026-10-02 17:05:31.511] [Bytes recibidos]: 190
[2026-10-02 17:05:31.511] [Bytes recibidos]: 145
[2026-10-02 17:05:31.511] [Bytes recibidos]: 128
[2026-10-02 17:05:31.512] [Bytes recibidos]: 223
[2026-10-02 17:05:31.512] [Bytes recibidos]: 187
[2026-10-02 17:05:31.512] [Bytes recibidos]: 138
[2026-10-02 17:05:31.512] [Bytes recibidos]: 182
[2026-10-02 17:05:31.512] [Bytes recibidos]: 159
[2026-10-02 17:05:31.512] [Bytes recibidos]: 163
[2026-10-02 17:05:31.512] [Bytes recibidos]: 190
[2026-10-02 17:05:31.512] [Bytes recibidos]: 145
[2026-10-02 17:05:31.512] [Bytes recibidos]: 128
[2026-10-02 17:05:31.513] [Bytes recibidos]: 223
[2026-10-02 17:05:31.513] [Bytes recibidos]: 187
[2026-10-02 17:05:31.513] [Bytes recibidos]: 138
[2026-10-02 17:05:31.513] [Bytes recibidos]: 183
[2026-10-02 17:05:31.513] [Bytes recibidos]: 159
[2026-10-02 17:05:31.513] [Bytes recibidos]: 163
[2026-10-02 17:05:31.513] [Bytes recibidos]: 190
[2026-10-02 17:05:31.513] [Bytes recibidos]: 145
[2026-10-02 17:05:31.513] [Bytes recibidos]: 128
[2026-10-02 17:05:31.514] [Bytes recibidos]: 223
[2026-10-02 17:05:31.514] [Bytes recibidos]: 187
[2026-10-02 17:05:31.514] [Bytes recibidos]: 138
[2026-10-02 17:05:31.514] [Bytes recibidos]: 185
[2026-10-02 17:05:31.514] [Bytes recibidos]: 159
[2026-10-02 17:05:31.514] [Bytes recibidos]: 163
[2026-10-02 17:05:31.514] [Bytes recibidos]: 190
[2026-10-02 17:05:31.514] [Bytes recibidos]: 145
[2026-10-02 17:05:31.515] [Bytes recibidos]: 128
[2026-10-02 17:05:31.515] [Bytes recibidos]: 223
[2026-10-02 17:05:31.515] [Bytes recibidos]: 187
[2026-10-02 17:05:31.515] [Bytes recibidos]: 138
[2026-10-02 17:05:31.515] [Bytes recibidos]: 185
[2026-10-02 17:05:31.515] [Bytes recibidos]: 159
[2026-10-02 17:05:31.515] [Bytes recibidos]: 163
[2026-10-02 17:05:31.515] [Bytes recibidos]: 190
[2026-10-02 17:05:31.515] [Bytes recibidos]: 145
[2026-10-02 17:05:31.516] [Bytes recibidos]: 128
[2026-10-02 17:05:31.516] [Bytes recibidos]: 223
[2026-10-02 17:05:31.516] [Bytes recibidos]: 187
[2026-10-02 17:05:31.516] [Bytes recibidos]: 138
[2026-10-02 17:05:31.516] [Bytes recibidos]: 187
[2026-10-02 17:05:31.516] [Bytes recibidos]: 159
[2026-10-02 17:05:31.516] [Bytes recibidos]: 163
[2026-10-02 17:05:31.516] [Bytes recibidos]: 190
[2026-10-02 17:05:31.516] [Bytes recibidos]: 145
[2026-10-02 17:05:31.517] [Bytes recibidos]: 128
[2026-10-02 17:05:31.517] [Bytes recibidos]: 223
[2026-10-02 17:05:31.517] [Bytes recibidos]: 187
[2026-10-02 17:05:31.517] [Bytes recibidos]: 138
[2026-10-02 17:05:31.517] [Bytes recibidos]: 187
[2026-10-02 17:05:31.517] [Bytes recibidos]: 159
[2026-10-02 17:05:31.517] [Bytes recibidos]: 163
[2026-10-02 17:05:31.517] [Bytes recibidos]: 190
[2026-10-02 17:05:31.517] [Bytes recibidos]: 145
[2026-10-02 17:05:31.518] [Bytes recibidos]: 128
[2026-10-02 17:05:31.518] [Bytes recibidos]: 223
[2026-10-02 17:05:31.518] [Bytes recibidos]: 187
[2026-10-02 17:05:31.518] [Bytes recibidos]: 138
[2026-10-02 17:05:31.518] [Bytes recibidos]: 188
[2026-10-02 17:05:31.518] [Bytes recibidos]: 159
[2026-10-02 17:05:31.518] [Bytes recibidos]: 163
[2026-10-02 17:05:31.518] [Bytes recibidos]: 190
[2026-10-02 17:05:31.518] [Bytes recibidos]: 145
[2026-10-02 17:05:31.519] [Bytes recibidos]: 128
[2026-10-02 17:05:31.519] [Bytes recibidos]: 223
[2026-10-02 17:05:31.519] [Bytes recibidos]: 187
[2026-10-02 17:05:31.519] [Bytes recibidos]: 138
[2026-10-02 17:05:31.519] [Bytes recibidos]: 189
[2026-10-02 17:05:31.519] [Bytes recibidos]: 159
[2026-10-02 17:05:31.519] [Bytes recibidos]: 162
[2026-10-02 17:05:31.519] [Bytes recibidos]: 190
[2026-10-02 17:05:31.519] [Bytes recibidos]: 145
[2026-10-02 17:05:31.520] [Bytes recibidos]: 128
[2026-10-02 17:05:31.520] [Bytes recibidos]: 223
[2026-10-02 17:05:31.520] [Bytes recibidos]: 187
[2026-10-02 17:05:31.520] [Bytes recibidos]: 138
[2026-10-02 17:05:31.520] [Bytes recibidos]: 189
[2026-10-02 17:05:31.520] [Bytes recibidos]: 159
[2026-10-02 17:05:31.520] [Bytes recibidos]: 162
[2026-10-02 17:05:31.520] [Bytes recibidos]: 190
[2026-10-02 17:05:31.520] [Bytes recibidos]: 145
[2026-10-02 17:05:31.520] [Bytes recibidos]: 128
[2026-10-02 17:05:31.521] [Bytes recibidos]: 223
[2026-10-02 17:05:31.521] [Bytes recibidos]: 187
[2026-10-02 17:05:31.521] [Bytes recibidos]: 138
[2026-10-02 17:05:31.521] [Bytes recibidos]: 189
[2026-10-02 17:05:31.521] [Bytes recibidos]: 159
[2026-10-02 17:05:31.521] [Bytes recibidos]: 162
[2026-10-02 17:05:31.521] [Bytes recibidos]: 190
[2026-10-02 17:05:31.521] [Bytes recibidos]: 145
[2026-10-02 17:05:31.521] [Bytes recibidos]: 128
[2026-10-02 17:05:31.521] [Bytes recibidos]: 223
[2026-10-02 17:05:31.522] [Bytes recibidos]: 187
[2026-10-02 17:05:31.522] [Bytes recibidos]: 138
[2026-10-02 17:05:31.522] [Bytes recibidos]: 189
[2026-10-02 17:05:31.522] [Bytes recibidos]: 159
[2026-10-02 17:05:31.522] [Bytes recibidos]: 162
[2026-10-02 17:05:31.522] [Bytes recibidos]: 190
[2026-10-02 17:05:31.522] [Bytes recibidos]: 145
[2026-10-02 17:05:31.522] [Bytes recibidos]: 128
[2026-10-02 17:05:31.522] [Bytes recibidos]: 223
[2026-10-02 17:05:31.523] [Bytes recibidos]: 187
[2026-10-02 17:05:31.523] [Bytes recibidos]: 138
[2026-10-02 17:05:31.523] [Bytes recibidos]: 188
[2026-10-02 17:05:31.523] [Bytes recibidos]: 159
[2026-10-02 17:05:31.523] [Bytes recibidos]: 162
[2026-10-02 17:05:31.523] [Bytes recibidos]: 190
[2026-10-02 17:05:31.523] [Bytes recibidos]: 145
[2026-10-02 17:05:31.523] [Bytes recibidos]: 128
[2026-10-02 17:05:31.523] [Bytes recibidos]: 223
[2026-10-02 17:05:31.523] [Bytes recibidos]: 187
[2026-10-02 17:05:31.524] [Bytes recibidos]: 138
[2026-10-02 17:05:31.524] [Bytes recibidos]: 188
[2026-10-02 17:05:31.524] [Bytes recibidos]: 159
[2026-10-02 17:05:31.524] [Bytes recibidos]: 162
[2026-10-02 17:05:31.524] [Bytes recibidos]: 190
[2026-10-02 17:05:31.524] [Bytes recibidos]: 145
[2026-10-02 17:05:31.524] [Bytes recibidos]: 128
[2026-10-02 17:05:31.524] [Bytes recibidos]: 223
[2026-10-02 17:05:31.524] [Bytes recibidos]: 187
[2026-10-02 17:05:31.525] [Bytes recibidos]: 138
[2026-10-02 17:05:31.525] [Bytes recibidos]: 188
[2026-10-02 17:05:31.525] [Bytes recibidos]: 159
[2026-10-02 17:05:31.525] [Bytes recibidos]: 162
[2026-10-02 17:05:31.525] [Bytes recibidos]: 190
[2026-10-02 17:05:31.525] [Bytes recibidos]: 145
[2026-10-02 17:05:31.525] [Bytes recibidos]: 128
[2026-10-02 17:05:31.525] [Bytes recibidos]: 223
[2026-10-02 17:05:31.525] [Bytes recibidos]: 186
[2026-10-02 17:05:31.525] [Bytes recibidos]: 138
[2026-10-02 17:05:31.526] [Bytes recibidos]: 189
[2026-10-02 17:05:31.526] [Bytes recibidos]: 159
[2026-10-02 17:05:31.526] [Bytes recibidos]: 162
[2026-10-02 17:05:31.526] [Bytes recibidos]: 190
[2026-10-02 17:05:31.526] [Bytes recibidos]: 145
[2026-10-02 17:05:31.526] [Bytes recibidos]: 128
[2026-10-02 17:05:31.526] [Bytes recibidos]: 223
[2026-10-02 17:05:31.526] [Bytes recibidos]: 186
[2026-10-02 17:05:31.527] [Bytes recibidos]: 138
[2026-10-02 17:05:31.527] [Bytes recibidos]: 189
[2026-10-02 17:05:31.527] [Bytes recibidos]: 159
[2026-10-02 17:05:31.527] [Bytes recibidos]: 162
[2026-10-02 17:05:31.527] [Bytes recibidos]: 190
[2026-10-02 17:05:31.527] [Bytes recibidos]: 145
[2026-10-02 17:05:31.527] [Bytes recibidos]: 128
[2026-10-02 17:05:31.527] [Bytes recibidos]: 223
[2026-10-02 17:05:31.527] [Bytes recibidos]: 186
[2026-10-02 17:05:31.527] [Bytes recibidos]: 138
[2026-10-02 17:05:31.528] [Bytes recibidos]: 189
[2026-10-02 17:05:31.528] [Bytes recibidos]: 159
[2026-10-02 17:05:31.528] [Bytes recibidos]: 161
[2026-10-02 17:05:31.528] [Bytes recibidos]: 190
[2026-10-02 17:05:31.528] [Bytes recibidos]: 145
[2026-10-02 17:05:31.528] [Bytes recibidos]: 128
[2026-10-02 17:05:31.528] [Bytes recibidos]: 223
[2026-10-02 17:05:31.529] [Bytes recibidos]: 186
[2026-10-02 17:05:31.529] [Bytes recibidos]: 138
[2026-10-02 17:05:31.529] [Bytes recibidos]: 189
[2026-10-02 17:05:31.529] [Bytes recibidos]: 159
[2026-10-02 17:05:31.529] [Bytes recibidos]: 161
[2026-10-02 17:05:31.529] [Bytes recibidos]: 190
[2026-10-02 17:05:31.529] [Bytes recibidos]: 145
[2026-10-02 17:05:31.529] [Bytes recibidos]: 128
[2026-10-02 17:05:31.529] [Bytes recibidos]: 223
[2026-10-02 17:05:31.529] [Bytes recibidos]: 186
[2026-10-02 17:05:31.530] [Bytes recibidos]: 138
[2026-10-02 17:05:31.530] [Bytes recibidos]: 189
[2026-10-02 17:05:31.530] [Bytes recibidos]: 159
[2026-10-02 17:05:31.530] [Bytes recibidos]: 161
[2026-10-02 17:05:31.530] [Bytes recibidos]: 190
[2026-10-02 17:05:31.530] [Bytes recibidos]: 145
[2026-10-02 17:05:31.530] [Bytes recibidos]: 128
[2026-10-02 17:05:31.530] [Bytes recibidos]: 223
[2026-10-02 17:05:31.530] [Bytes recibidos]: 186
[2026-10-02 17:05:31.530] [Bytes recibidos]: 138
[2026-10-02 17:05:31.530] [Bytes recibidos]: 189
[2026-10-02 17:05:31.530] [Bytes recibidos]: 159
[2026-10-02 17:05:31.530] [Bytes recibidos]: 161
[2026-10-02 17:05:31.531] [Bytes recibidos]: 190
[2026-10-02 17:05:31.531] [Bytes recibidos]: 145
[2026-10-02 17:05:31.531] [Bytes recibidos]: 128
[2026-10-02 17:05:31.531] [Bytes recibidos]: 223
[2026-10-02 17:05:31.531] [Bytes recibidos]: 186
[2026-10-02 17:05:31.531] [Bytes recibidos]: 138
[2026-10-02 17:05:31.531] [Bytes recibidos]: 189
[2026-10-02 17:05:31.531] [Bytes recibidos]: 159
[2026-10-02 17:05:31.531] [Bytes recibidos]: 161
[2026-10-02 17:05:31.531] [Bytes recibidos]: 190
[2026-10-02 17:05:31.531] [Bytes recibidos]: 145
[2026-10-02 17:05:31.531] [Bytes recibidos]: 128
[2026-10-02 17:05:31.532] [Bytes recibidos]: 223
[2026-10-02 17:05:31.532] [Bytes recibidos]: 186
[2026-10-02 17:05:31.532] [Bytes recibidos]: 138
[2026-10-02 17:05:31.532] [Bytes recibidos]: 190
[2026-10-02 17:05:31.532] [Bytes recibidos]: 159
[2026-10-02 17:05:31.532] [Bytes recibidos]: 161
[2026-10-02 17:05:31.532] [Bytes recibidos]: 190
[2026-10-02 17:05:31.532] [Bytes recibidos]: 145
[2026-10-02 17:05:31.532] [Bytes recibidos]: 128
[2026-10-02 17:05:31.532] [Bytes recibidos]: 223
[2026-10-02 17:05:31.532] [Bytes recibidos]: 186
[2026-10-02 17:05:31.533] [Bytes recibidos]: 138
[2026-10-02 17:05:31.533] [Bytes recibidos]: 190
[2026-10-02 17:05:31.533] [Bytes recibidos]: 159
[2026-10-02 17:05:31.533] [Bytes recibidos]: 160
[2026-10-02 17:05:31.533] [Bytes recibidos]: 190
[2026-10-02 17:05:31.533] [Bytes recibidos]: 145
[2026-10-02 17:05:31.533] [Bytes recibidos]: 128
[2026-10-02 17:05:31.533] [Bytes recibidos]: 223
[2026-10-02 17:05:31.533] [Bytes recibidos]: 186
[2026-10-02 17:05:31.533] [Bytes recibidos]: 138
[2026-10-02 17:05:31.533] [Bytes recibidos]: 190
[2026-10-02 17:05:31.533] [Bytes recibidos]: 159
[2026-10-02 17:05:31.533] [Bytes recibidos]: 160
[2026-10-02 17:05:31.533] [Bytes recibidos]: 190
[2026-10-02 17:05:31.534] [Bytes recibidos]: 145
[2026-10-02 17:05:31.534] [Bytes recibidos]: 128
[2026-10-02 17:05:31.534] [Bytes recibidos]: 223
[2026-10-02 17:05:31.534] [Bytes recibidos]: 186
[2026-10-02 17:05:31.534] [Bytes recibidos]: 138
[2026-10-02 17:05:31.534] [Bytes recibidos]: 191
[2026-10-02 17:05:31.534] [Bytes recibidos]: 159
[2026-10-02 17:05:31.534] [Bytes recibidos]: 160
[2026-10-02 17:05:31.534] [Bytes recibidos]: 190
[2026-10-02 17:05:31.534] [Bytes recibidos]: 145
[2026-10-02 17:05:31.534] [Bytes recibidos]: 128
[2026-10-02 17:05:31.534] [Bytes recibidos]: 223
[2026-10-02 17:05:31.534] [Bytes recibidos]: 186
[2026-10-02 17:05:31.534] [Bytes recibidos]: 138
[2026-10-02 17:05:31.534] [Bytes recibidos]: 191
[2026-10-02 17:05:31.535] [Bytes recibidos]: 159
[2026-10-02 17:05:31.535] [Bytes recibidos]: 160
[2026-10-02 17:05:31.535] [Bytes recibidos]: 190
[2026-10-02 17:05:31.535] [Bytes recibidos]: 145
[2026-10-02 17:05:31.535] [Bytes recibidos]: 128
[2026-10-02 17:05:31.535] [Bytes recibidos]: 223
[2026-10-02 17:05:31.535] [Bytes recibidos]: 186
[2026-10-02 17:05:31.535] [Bytes recibidos]: 138
[2026-10-02 17:05:31.535] [Bytes recibidos]: 191
[2026-10-02 17:05:31.535] [Bytes recibidos]: 159
[2026-10-02 17:05:31.535] [Bytes recibidos]: 160
[2026-10-02 17:05:31.535] [Bytes recibidos]: 190
[2026-10-02 17:05:31.535] [Bytes recibidos]: 145
[2026-10-02 17:05:31.536] [Bytes recibidos]: 128
[2026-10-02 17:05:31.536] [Bytes recibidos]: 223
[2026-10-02 17:05:31.536] [Bytes recibidos]: 185
[2026-10-02 17:05:31.536] [Bytes recibidos]: 138
[2026-10-02 17:05:31.536] [Bytes recibidos]: 191
[2026-10-02 17:05:31.536] [Bytes recibidos]: 159
[2026-10-02 17:05:31.536] [Bytes recibidos]: 160
[2026-10-02 17:05:31.536] [Bytes recibidos]: 190
[2026-10-02 17:05:31.536] [Bytes recibidos]: 145
[2026-10-02 17:05:31.536] [Bytes recibidos]: 128
[2026-10-02 17:05:31.536] [Bytes recibidos]: 223
[2026-10-02 17:05:31.536] [Bytes recibidos]: 185
[2026-10-02 17:05:31.536] [Bytes recibidos]: 138
[2026-10-02 17:05:31.536] [Bytes recibidos]: 191
[2026-10-02 17:05:31.536] [Bytes recibidos]: 159
[2026-10-02 17:05:31.537] [Bytes recibidos]: 160
[2026-10-02 17:05:31.537] [Bytes recibidos]: 190
[2026-10-02 17:05:31.537] [Bytes recibidos]: 145
[2026-10-02 17:05:31.537] [Bytes recibidos]: 128
[2026-10-02 17:05:31.537] [Bytes recibidos]: 223
[2026-10-02 17:05:31.537] [Bytes recibidos]: 185
[2026-10-02 17:05:31.537] [Bytes recibidos]: 138
[2026-10-02 17:05:31.537] [Bytes recibidos]: 128
[2026-10-02 17:05:31.537] [Bytes recibidos]: 160
[2026-10-02 17:05:31.537] [Bytes recibidos]: 160
[2026-10-02 17:05:31.537] [Bytes recibidos]: 190
[2026-10-02 17:05:31.537] [Bytes recibidos]: 145
[2026-10-02 17:05:31.537] [Bytes recibidos]: 128
[2026-10-02 17:05:31.537] [Bytes recibidos]: 223
[2026-10-02 17:05:31.537] [Bytes recibidos]: 185
[2026-10-02 17:05:31.537] [Bytes recibidos]: 138
[2026-10-02 17:05:31.538] [Bytes recibidos]: 128
[2026-10-02 17:05:31.538] [Bytes recibidos]: 160
[2026-10-02 17:05:31.538] [Bytes recibidos]: 160
[2026-10-02 17:05:31.538] [Bytes recibidos]: 190
[2026-10-02 17:05:31.538] [Bytes recibidos]: 145
[2026-10-02 17:05:31.538] [Bytes recibidos]: 128
[2026-10-02 17:05:31.538] [Bytes recibidos]: 223
[2026-10-02 17:05:31.538] [Bytes recibidos]: 185
[2026-10-02 17:05:31.538] [Bytes recibidos]: 138
[2026-10-02 17:05:31.538] [Bytes recibidos]: 128
[2026-10-02 17:05:31.538] [Bytes recibidos]: 160
[2026-10-02 17:05:31.538] [Bytes recibidos]: 160
[2026-10-02 17:05:31.539] [Bytes recibidos]: 190
[2026-10-02 17:05:31.539] [Bytes recibidos]: 145
[2026-10-02 17:05:31.539] [Bytes recibidos]: 128
[2026-10-02 17:05:31.539] [Bytes recibidos]: 223
[2026-10-02 17:05:31.539] [Bytes recibidos]: 185
[2026-10-02 17:05:31.539] [Bytes recibidos]: 138
[2026-10-02 17:05:31.539] [Bytes recibidos]: 128
[2026-10-02 17:05:31.539] [Bytes recibidos]: 160
[2026-10-02 17:05:31.539] [Bytes recibidos]: 160
[2026-10-02 17:05:31.539] [Bytes recibidos]: 190
[2026-10-02 17:05:31.540] [Bytes recibidos]: 145
[2026-10-02 17:05:31.540] [Bytes recibidos]: 128
[2026-10-02 17:05:31.540] [Bytes recibidos]: 223
[2026-10-02 17:05:31.540] [Bytes recibidos]: 185
[2026-10-02 17:05:31.540] [Bytes recibidos]: 138
[2026-10-02 17:05:31.540] [Bytes recibidos]: 128
[2026-10-02 17:05:31.540] [Bytes recibidos]: 160
[2026-10-02 17:05:31.540] [Bytes recibidos]: 160
[2026-10-02 17:05:31.540] [Bytes recibidos]: 190
[2026-10-02 17:05:31.540] [Bytes recibidos]: 145
[2026-10-02 17:05:31.541] [Bytes recibidos]: 128
[2026-10-02 17:05:31.541] [Bytes recibidos]: 223
[2026-10-02 17:05:31.541] [Bytes recibidos]: 185
[2026-10-02 17:05:31.541] [Bytes recibidos]: 138
[2026-10-02 17:05:31.541] [Bytes recibidos]: 128
[2026-10-02 17:05:31.541] [Bytes recibidos]: 160
[2026-10-02 17:05:31.541] [Bytes recibidos]: 159
[2026-10-02 17:05:31.541] [Bytes recibidos]: 190
[2026-10-02 17:05:31.541] [Bytes recibidos]: 145
[2026-10-02 17:05:31.541] [Bytes recibidos]: 128
[2026-10-02 17:05:31.542] [Bytes recibidos]: 223
[2026-10-02 17:05:31.542] [Bytes recibidos]: 185
[2026-10-02 17:05:31.542] [Bytes recibidos]: 138
[2026-10-02 17:05:31.542] [Bytes recibidos]: 128
[2026-10-02 17:05:31.542] [Bytes recibidos]: 160
[2026-10-02 17:05:31.542] [Bytes recibidos]: 159
[2026-10-02 17:05:31.542] [Bytes recibidos]: 190
[2026-10-02 17:05:31.542] [Bytes recibidos]: 145
[2026-10-02 17:05:31.542] [Bytes recibidos]: 128
[2026-10-02 17:05:31.542] [Bytes recibidos]: 223
[2026-10-02 17:05:31.543] [Bytes recibidos]: 185
[2026-10-02 17:05:31.543] [Bytes recibidos]: 138
[2026-10-02 17:05:31.543] [Bytes recibidos]: 128
[2026-10-02 17:05:31.543] [Bytes recibidos]: 160
[2026-10-02 17:05:31.543] [Bytes recibidos]: 159
[2026-10-02 17:05:31.543] [Bytes recibidos]: 190
[2026-10-02 17:05:31.543] [Bytes recibidos]: 145
[2026-10-02 17:05:31.543] [Bytes recibidos]: 128
[2026-10-02 17:05:31.543] [Bytes recibidos]: 223
[2026-10-02 17:05:31.543] [Bytes recibidos]: 185
[2026-10-02 17:05:31.543] [Bytes recibidos]: 138
[2026-10-02 17:05:31.543] [Bytes recibidos]: 128
[2026-10-02 17:05:31.544] [Bytes recibidos]: 160
[2026-10-02 17:05:31.544] [Bytes recibidos]: 159
[2026-10-02 17:05:31.544] [Bytes recibidos]: 190
[2026-10-02 17:05:31.544] [Bytes recibidos]: 145
[2026-10-02 17:05:31.544] [Bytes recibidos]: 128
[2026-10-02 17:05:31.544] [Bytes recibidos]: 223
[2026-10-02 17:05:31.544] [Bytes recibidos]: 185
[2026-10-02 17:05:31.544] [Bytes recibidos]: 138
[2026-10-02 17:05:31.544] [Bytes recibidos]: 128
[2026-10-02 17:05:31.544] [Bytes recibidos]: 160
[2026-10-02 17:05:31.544] [Bytes recibidos]: 159
[2026-10-02 17:05:31.545] [Bytes recibidos]: 190
[2026-10-02 17:05:31.545] [Bytes recibidos]: 145
[2026-10-02 17:05:31.545] [Bytes recibidos]: 128
[2026-10-02 17:05:31.545] [Bytes recibidos]: 223
[2026-10-02 17:05:31.545] [Bytes recibidos]: 184
[2026-10-02 17:05:31.545] [Bytes recibidos]: 138
[2026-10-02 17:05:31.545] [Bytes recibidos]: 128
[2026-10-02 17:05:31.545] [Bytes recibidos]: 160
[2026-10-02 17:05:31.545] [Bytes recibidos]: 159
[2026-10-02 17:05:31.545] [Bytes recibidos]: 190
[2026-10-02 17:05:31.546] [Bytes recibidos]: 145
[2026-10-02 17:05:31.546] [Bytes recibidos]: 128
[2026-10-02 17:05:31.546] [Bytes recibidos]: 223
[2026-10-02 17:05:31.546] [Bytes recibidos]: 184
[2026-10-02 17:05:31.546] [Bytes recibidos]: 138
[2026-10-02 17:05:31.546] [Bytes recibidos]: 128
[2026-10-02 17:05:31.546] [Bytes recibidos]: 160
[2026-10-02 17:05:31.546] [Bytes recibidos]: 159
[2026-10-02 17:05:31.546] [Bytes recibidos]: 190
[2026-10-02 17:05:31.546] [Bytes recibidos]: 145
[2026-10-02 17:05:31.546] [Bytes recibidos]: 128
[2026-10-02 17:05:31.546] [Bytes recibidos]: 223
[2026-10-02 17:05:31.547] [Bytes recibidos]: 184
[2026-10-02 17:05:31.547] [Bytes recibidos]: 138
[2026-10-02 17:05:31.547] [Bytes recibidos]: 191
[2026-10-02 17:05:31.547] [Bytes recibidos]: 159
[2026-10-02 17:05:31.547] [Bytes recibidos]: 159
[2026-10-02 17:05:31.547] [Bytes recibidos]: 190
[2026-10-02 17:05:31.547] [Bytes recibidos]: 145
[2026-10-02 17:05:31.547] [Bytes recibidos]: 128
[2026-10-02 17:05:31.547] [Bytes recibidos]: 223
[2026-10-02 17:05:31.547] [Bytes recibidos]: 184
[2026-10-02 17:05:31.547] [Bytes recibidos]: 138
[2026-10-02 17:05:31.548] [Bytes recibidos]: 191
[2026-10-02 17:05:31.548] [Bytes recibidos]: 159
[2026-10-02 17:05:31.548] [Bytes recibidos]: 159
[2026-10-02 17:05:31.548] [Bytes recibidos]: 190
[2026-10-02 17:05:31.548] [Bytes recibidos]: 145
[2026-10-02 17:05:31.548] [Bytes recibidos]: 128
[2026-10-02 17:05:31.548] [Bytes recibidos]: 223
[2026-10-02 17:05:31.548] [Bytes recibidos]: 184
[2026-10-02 17:05:31.548] [Bytes recibidos]: 138
[2026-10-02 17:05:31.548] [Bytes recibidos]: 191
[2026-10-02 17:05:31.548] [Bytes recibidos]: 159
[2026-10-02 17:05:31.549] [Bytes recibidos]: 159
[2026-10-02 17:05:31.549] [Bytes recibidos]: 190
[2026-10-02 17:05:31.549] [Bytes recibidos]: 145
[2026-10-02 17:05:31.549] [Bytes recibidos]: 128
[2026-10-02 17:05:31.549] [Bytes recibidos]: 223
[2026-10-02 17:05:31.549] [Bytes recibidos]: 184
[2026-10-02 17:05:31.549] [Bytes recibidos]: 138
[2026-10-02 17:05:31.549] [Bytes recibidos]: 191
[2026-10-02 17:05:31.549] [Bytes recibidos]: 159
[2026-10-02 17:05:31.549] [Bytes recibidos]: 159
[2026-10-02 17:05:31.549] [Bytes recibidos]: 190
[2026-10-02 17:05:31.550] [Bytes recibidos]: 145
[2026-10-02 17:05:31.550] [Bytes recibidos]: 128
[2026-10-02 17:05:31.550] [Bytes recibidos]: 223
[2026-10-02 17:05:31.550] [Bytes recibidos]: 184
[2026-10-02 17:05:31.550] [Bytes recibidos]: 138
[2026-10-02 17:05:31.550] [Bytes recibidos]: 191
[2026-10-02 17:05:31.550] [Bytes recibidos]: 159
[2026-10-02 17:05:31.550] [Bytes recibidos]: 159
[2026-10-02 17:05:31.550] [Bytes recibidos]: 190
[2026-10-02 17:05:31.550] [Bytes recibidos]: 145
[2026-10-02 17:05:31.550] [Bytes recibidos]: 128
[2026-10-02 17:05:31.551] [Bytes recibidos]: 223
[2026-10-02 17:05:31.551] [Bytes recibidos]: 183
[2026-10-02 17:05:31.551] [Bytes recibidos]: 138
[2026-10-02 17:05:31.551] [Bytes recibidos]: 191
[2026-10-02 17:05:31.551] [Bytes recibidos]: 159
[2026-10-02 17:05:31.551] [Bytes recibidos]: 159
[2026-10-02 17:05:31.551] [Bytes recibidos]: 190
[2026-10-02 17:05:31.551] [Bytes recibidos]: 145
[2026-10-02 17:05:31.551] [Bytes recibidos]: 128
[2026-10-02 17:05:31.552] [Bytes recibidos]: 223
[2026-10-02 17:05:31.552] [Bytes recibidos]: 183
[2026-10-02 17:05:31.552] [Bytes recibidos]: 138
[2026-10-02 17:05:31.552] [Bytes recibidos]: 191
[2026-10-02 17:05:31.552] [Bytes recibidos]: 159
[2026-10-02 17:05:31.552] [Bytes recibidos]: 159
[2026-10-02 17:05:31.552] [Bytes recibidos]: 190
[2026-10-02 17:05:31.552] [Bytes recibidos]: 145
[2026-10-02 17:05:31.552] [Bytes recibidos]: 128
[2026-10-02 17:05:31.552] [Bytes recibidos]: 223
[2026-10-02 17:05:31.552] [Bytes recibidos]: 183
[2026-10-02 17:05:31.552] [Bytes recibidos]: 138
[2026-10-02 17:05:31.553] [Bytes recibidos]: 191
[2026-10-02 17:05:31.553] [Bytes recibidos]: 159
[2026-10-02 17:05:31.553] [Bytes recibidos]: 159
[2026-10-02 17:05:31.553] [Bytes recibidos]: 190
[2026-10-02 17:05:31.553] [Bytes recibidos]: 145
[2026-10-02 17:05:31.553] [Bytes recibidos]: 128
[2026-10-02 17:05:31.553] [Bytes recibidos]: 223
[2026-10-02 17:05:31.553] [Bytes recibidos]: 183
[2026-10-02 17:05:31.553] [Bytes recibidos]: 138
[2026-10-02 17:05:31.553] [Bytes recibidos]: 191
[2026-10-02 17:05:31.554] [Bytes recibidos]: 159
[2026-10-02 17:05:31.554] [Bytes recibidos]: 159
[2026-10-02 17:05:31.554] [Bytes recibidos]: 190
[2026-10-02 17:05:31.554] [Bytes recibidos]: 145
[2026-10-02 17:05:31.554] [Bytes recibidos]: 128
[2026-10-02 17:05:31.554] [Bytes recibidos]: 223
[2026-10-02 17:05:31.554] [Bytes recibidos]: 183
[2026-10-02 17:05:31.554] [Bytes recibidos]: 138
[2026-10-02 17:05:31.554] [Bytes recibidos]: 191
[2026-10-02 17:05:31.554] [Bytes recibidos]: 159
[2026-10-02 17:05:31.554] [Bytes recibidos]: 159
[2026-10-02 17:05:31.554] [Bytes recibidos]: 190
[2026-10-02 17:05:31.555] [Bytes recibidos]: 145
[2026-10-02 17:05:31.555] [Bytes recibidos]: 128
[2026-10-02 17:05:31.555] [Bytes recibidos]: 223
[2026-10-02 17:05:31.555] [Bytes recibidos]: 183
[2026-10-02 17:05:31.555] [Bytes recibidos]: 138
[2026-10-02 17:05:31.555] [Bytes recibidos]: 191
[2026-10-02 17:05:31.555] [Bytes recibidos]: 159
[2026-10-02 17:05:31.555] [Bytes recibidos]: 159
[2026-10-02 17:05:31.555] [Bytes recibidos]: 190
[2026-10-02 17:05:31.555] [Bytes recibidos]: 145
[2026-10-02 17:05:31.555] [Bytes recibidos]: 128
[2026-10-02 17:05:31.556] [Bytes recibidos]: 223
[2026-10-02 17:05:31.556] [Bytes recibidos]: 182
[2026-10-02 17:05:31.556] [Bytes recibidos]: 138
[2026-10-02 17:05:31.556] [Bytes recibidos]: 128
[2026-10-02 17:05:31.556] [Bytes recibidos]: 160
[2026-10-02 17:05:31.556] [Bytes recibidos]: 159
[2026-10-02 17:05:31.556] [Bytes recibidos]: 190
[2026-10-02 17:05:31.556] [Bytes recibidos]: 145
[2026-10-02 17:05:31.556] [Bytes recibidos]: 128
[2026-10-02 17:05:31.556] [Bytes recibidos]: 223
[2026-10-02 17:05:31.556] [Bytes recibidos]: 182
[2026-10-02 17:05:31.557] [Bytes recibidos]: 138
[2026-10-02 17:05:31.557] [Bytes recibidos]: 128
[2026-10-02 17:05:31.557] [Bytes recibidos]: 160
[2026-10-02 17:05:31.557] [Bytes recibidos]: 159
[2026-10-02 17:05:31.557] [Bytes recibidos]: 190
[2026-10-02 17:05:31.557] [Bytes recibidos]: 145
[2026-10-02 17:05:31.557] [Bytes recibidos]: 128
[2026-10-02 17:05:31.557] [Bytes recibidos]: 223
[2026-10-02 17:05:31.557] [Bytes recibidos]: 182
[2026-10-02 17:05:31.557] [Bytes recibidos]: 138
[2026-10-02 17:05:31.557] [Bytes recibidos]: 128
[2026-10-02 17:05:31.557] [Bytes recibidos]: 160
[2026-10-02 17:05:31.558] [Bytes recibidos]: 159
[2026-10-02 17:05:31.558] [Bytes recibidos]: 190
[2026-10-02 17:05:31.558] [Bytes recibidos]: 145
[2026-10-02 17:05:31.558] [Bytes recibidos]: 128
[2026-10-02 17:05:31.558] [Bytes recibidos]: 223
[2026-10-02 17:05:31.558] [Bytes recibidos]: 182
[2026-10-02 17:05:31.558] [Bytes recibidos]: 138
[2026-10-02 17:05:31.558] [Bytes recibidos]: 128
[2026-10-02 17:05:31.558] [Bytes recibidos]: 160
[2026-10-02 17:05:31.558] [Bytes recibidos]: 159
[2026-10-02 17:05:31.558] [Bytes recibidos]: 190
[2026-10-02 17:05:31.558] [Bytes recibidos]: 145
[2026-10-02 17:05:31.559] [Bytes recibidos]: 128
[2026-10-02 17:05:31.559] [Bytes recibidos]: 223
[2026-10-02 17:05:31.559] [Bytes recibidos]: 182
[2026-10-02 17:05:31.559] [Bytes recibidos]: 138
[2026-10-02 17:05:31.559] [Bytes recibidos]: 128
[2026-10-02 17:05:31.559] [Bytes recibidos]: 160
[2026-10-02 17:05:31.559] [Bytes recibidos]: 159
[2026-10-02 17:05:31.559] [Bytes recibidos]: 190
[2026-10-02 17:05:31.559] [Bytes recibidos]: 145
[2026-10-02 17:05:31.559] [Bytes recibidos]: 128
[2026-10-02 17:05:31.559] [Bytes recibidos]: 223
[2026-10-02 17:05:31.559] [Bytes recibidos]: 182
[2026-10-02 17:05:31.560] [Bytes recibidos]: 138
[2026-10-02 17:05:31.560] [Bytes recibidos]: 128
[2026-10-02 17:05:31.560] [Bytes recibidos]: 160
[2026-10-02 17:05:31.560] [Bytes recibidos]: 159
[2026-10-02 17:05:31.560] [Bytes recibidos]: 190
[2026-10-02 17:05:31.560] [Bytes recibidos]: 145
[2026-10-02 17:05:31.560] [Bytes recibidos]: 128
[2026-10-02 17:05:31.560] [Bytes recibidos]: 223
[2026-10-02 17:05:31.560] [Bytes recibidos]: 182
[2026-10-02 17:05:31.560] [Bytes recibidos]: 138
[2026-10-02 17:05:31.560] [Bytes recibidos]: 128
[2026-10-02 17:05:31.560] [Bytes recibidos]: 160
[2026-10-02 17:05:31.561] [Bytes recibidos]: 159
[2026-10-02 17:05:31.561] [Bytes recibidos]: 190
[2026-10-02 17:05:31.561] [Bytes recibidos]: 145
[2026-10-02 17:05:31.561] [Bytes recibidos]: 128
[2026-10-02 17:05:31.561] [Bytes recibidos]: 223
[2026-10-02 17:05:31.561] [Bytes recibidos]: 182
[2026-10-02 17:05:31.561] [Bytes recibidos]: 138
[2026-10-02 17:05:31.561] [Bytes recibidos]: 128
[2026-10-02 17:05:31.561] [Bytes recibidos]: 160
[2026-10-02 17:05:31.561] [Bytes recibidos]: 159
[2026-10-02 17:05:31.561] [Bytes recibidos]: 190
[2026-10-02 17:05:31.561] [Bytes recibidos]: 145
[2026-10-02 17:05:31.561] [Bytes recibidos]: 128
[2026-10-02 17:05:31.562] [Bytes recibidos]: 223
[2026-10-02 17:05:31.562] [Bytes recibidos]: 182
[2026-10-02 17:05:31.562] [Bytes recibidos]: 138
[2026-10-02 17:05:31.562] [Bytes recibidos]: 128
[2026-10-02 17:05:31.562] [Bytes recibidos]: 160
[2026-10-02 17:05:31.562] [Bytes recibidos]: 159
[2026-10-02 17:05:31.562] [Bytes recibidos]: 190
[2026-10-02 17:05:31.562] [Bytes recibidos]: 145
[2026-10-02 17:05:31.562] [Bytes recibidos]: 128
[2026-10-02 17:05:31.562] [Bytes recibidos]: 223
[2026-10-02 17:05:31.562] [Bytes recibidos]: 181
[2026-10-02 17:05:31.563] [Bytes recibidos]: 138
[2026-10-02 17:05:31.563] [Bytes recibidos]: 128
[2026-10-02 17:05:31.563] [Bytes recibidos]: 160
[2026-10-02 17:05:31.563] [Bytes recibidos]: 159
[2026-10-02 17:05:31.563] [Bytes recibidos]: 190
[2026-10-02 17:05:31.563] [Bytes recibidos]: 145
[2026-10-02 17:05:31.563] [Bytes recibidos]: 128
[2026-10-02 17:05:31.563] [Bytes recibidos]: 223
[2026-10-02 17:05:31.563] [Bytes recibidos]: 181
[2026-10-02 17:05:31.563] [Bytes recibidos]: 138
[2026-10-02 17:05:31.563] [Bytes recibidos]: 128
[2026-10-02 17:05:31.564] [Bytes recibidos]: 160
[2026-10-02 17:05:31.564] [Bytes recibidos]: 159
[2026-10-02 17:05:31.564] [Bytes recibidos]: 190
[2026-10-02 17:05:31.564] [Bytes recibidos]: 145
[2026-10-02 17:05:31.564] [Bytes recibidos]: 128
[2026-10-02 17:05:31.564] [Bytes recibidos]: 223
[2026-10-02 17:05:31.564] [Bytes recibidos]: 181
[2026-10-02 17:05:31.564] [Bytes recibidos]: 138
[2026-10-02 17:05:31.564] [Bytes recibidos]: 128
[2026-10-02 17:05:31.564] [Bytes recibidos]: 160
[2026-10-02 17:05:31.564] [Bytes recibidos]: 159
[2026-10-02 17:05:31.564] [Bytes recibidos]: 190
[2026-10-02 17:05:31.565] [Bytes recibidos]: 145
[2026-10-02 17:05:31.565] [Bytes recibidos]: 128
[2026-10-02 17:05:31.565] [Bytes recibidos]: 223
[2026-10-02 17:05:31.565] [Bytes recibidos]: 181
[2026-10-02 17:05:31.565] [Bytes recibidos]: 138
[2026-10-02 17:05:31.565] [Bytes recibidos]: 191
[2026-10-02 17:05:31.565] [Bytes recibidos]: 159
[2026-10-02 17:05:31.565] [Bytes recibidos]: 159
[2026-10-02 17:05:31.565] [Bytes recibidos]: 190
[2026-10-02 17:05:31.565] [Bytes recibidos]: 145
[2026-10-02 17:05:31.565] [Bytes recibidos]: 128
[2026-10-02 17:05:31.566] [Bytes recibidos]: 223
[2026-10-02 17:05:31.566] [Bytes recibidos]: 181
[2026-10-02 17:05:31.566] [Bytes recibidos]: 138
[2026-10-02 17:05:31.566] [Bytes recibidos]: 191
[2026-10-02 17:05:31.566] [Bytes recibidos]: 159
[2026-10-02 17:05:31.566] [Bytes recibidos]: 159
[2026-10-02 17:05:31.566] [Bytes recibidos]: 190
[2026-10-02 17:05:31.566] [Bytes recibidos]: 145
[2026-10-02 17:05:31.566] [Bytes recibidos]: 128
[2026-10-02 17:05:31.566] [Bytes recibidos]: 223
[2026-10-02 17:05:31.566] [Bytes recibidos]: 181
[2026-10-02 17:05:31.566] [Bytes recibidos]: 138
[2026-10-02 17:05:31.567] [Bytes recibidos]: 191
[2026-10-02 17:05:31.567] [Bytes recibidos]: 159
[2026-10-02 17:05:31.567] [Bytes recibidos]: 159
[2026-10-02 17:05:31.567] [Bytes recibidos]: 190
[2026-10-02 17:05:31.567] [Bytes recibidos]: 147
[2026-10-02 17:05:31.567] [Bytes recibidos]: 128
[2026-10-02 17:05:31.567] [Bytes recibidos]: 223
[2026-10-02 17:05:31.567] [Bytes recibidos]: 180
[2026-10-02 17:05:31.567] [Bytes recibidos]: 138
[2026-10-02 17:05:31.567] [Bytes recibidos]: 191
[2026-10-02 17:05:31.567] [Bytes recibidos]: 159
[2026-10-02 17:05:31.567] [Bytes recibidos]: 159
[2026-10-02 17:05:31.567] [Bytes recibidos]: 190
[2026-10-02 17:05:31.568] [Bytes recibidos]: 147
[2026-10-02 17:05:31.568] [Bytes recibidos]: 128
[2026-10-02 17:05:31.568] [Bytes recibidos]: 223
[2026-10-02 17:05:31.568] [Bytes recibidos]: 180
[2026-10-02 17:05:31.568] [Bytes recibidos]: 138
[2026-10-02 17:05:31.568] [Bytes recibidos]: 191
[2026-10-02 17:05:31.568] [Bytes recibidos]: 159
[2026-10-02 17:05:31.568] [Bytes recibidos]: 159
[2026-10-02 17:05:31.568] [Bytes recibidos]: 190
[2026-10-02 17:05:31.568] [Bytes recibidos]: 147
[2026-10-02 17:05:31.568] [Bytes recibidos]: 128
[2026-10-02 17:05:31.568] [Bytes recibidos]: 223
[2026-10-02 17:05:31.569] [Bytes recibidos]: 180
[2026-10-02 17:05:31.569] [Bytes recibidos]: 138
[2026-10-02 17:05:31.569] [Bytes recibidos]: 191
[2026-10-02 17:05:31.569] [Bytes recibidos]: 159
[2026-10-02 17:05:31.569] [Bytes recibidos]: 159
[2026-10-02 17:05:31.569] [Bytes recibidos]: 190
[2026-10-02 17:05:31.569] [Bytes recibidos]: 147
[2026-10-02 17:05:31.569] [Bytes recibidos]: 128
[2026-10-02 17:05:31.569] [Bytes recibidos]: 223
[2026-10-02 17:05:31.569] [Bytes recibidos]: 180
[2026-10-02 17:05:31.569] [Bytes recibidos]: 138
[2026-10-02 17:05:31.570] [Bytes recibidos]: 191
[2026-10-02 17:05:31.570] [Bytes recibidos]: 159
[2026-10-02 17:05:31.570] [Bytes recibidos]: 159
[2026-10-02 17:05:31.570] [Bytes recibidos]: 190
[2026-10-02 17:05:31.570] [Bytes recibidos]: 147
[2026-10-02 17:05:31.570] [Bytes recibidos]: 128
[2026-10-02 17:05:31.570] [Bytes recibidos]: 223
[2026-10-02 17:05:31.570] [Bytes recibidos]: 180
[2026-10-02 17:05:31.570] [Bytes recibidos]: 138
[2026-10-02 17:05:31.570] [Bytes recibidos]: 191
[2026-10-02 17:05:31.570] [Bytes recibidos]: 159
[2026-10-02 17:05:31.570] [Bytes recibidos]: 159
[2026-10-02 17:05:31.571] [Bytes recibidos]: 190
[2026-10-02 17:05:31.571] [Bytes recibidos]: 147
[2026-10-02 17:05:31.571] [Bytes recibidos]: 128
[2026-10-02 17:05:31.571] [Bytes recibidos]: 223
[2026-10-02 17:05:31.571] [Bytes recibidos]: 179
[2026-10-02 17:05:31.571] [Bytes recibidos]: 138
[2026-10-02 17:05:31.571] [Bytes recibidos]: 191
[2026-10-02 17:05:31.571] [Bytes recibidos]: 159
[2026-10-02 17:05:31.571] [Bytes recibidos]: 159
[2026-10-02 17:05:31.571] [Bytes recibidos]: 190
[2026-10-02 17:05:31.571] [Bytes recibidos]: 147
[2026-10-02 17:05:31.572] [Bytes recibidos]: 128
[2026-10-02 17:05:31.572] [Bytes recibidos]: 223
[2026-10-02 17:05:31.572] [Bytes recibidos]: 179
[2026-10-02 17:05:31.572] [Bytes recibidos]: 138
[2026-10-02 17:05:31.572] [Bytes recibidos]: 191
[2026-10-02 17:05:31.572] [Bytes recibidos]: 159
[2026-10-02 17:05:31.572] [Bytes recibidos]: 159
[2026-10-02 17:05:31.572] [Bytes recibidos]: 190
[2026-10-02 17:05:31.572] [Bytes recibidos]: 147
[2026-10-02 17:05:31.572] [Bytes recibidos]: 128
[2026-10-02 17:05:31.572] [Bytes recibidos]: 223
[2026-10-02 17:05:31.573] [Bytes recibidos]: 179
[2026-10-02 17:05:31.573] [Bytes recibidos]: 138
[2026-10-02 17:05:31.573] [Bytes recibidos]: 191
[2026-10-02 17:05:31.573] [Bytes recibidos]: 159
[2026-10-02 17:05:31.573] [Bytes recibidos]: 159
[2026-10-02 17:05:31.573] [Bytes recibidos]: 190
[2026-10-02 17:05:31.573] [Bytes recibidos]: 147
[2026-10-02 17:05:31.573] [Bytes recibidos]: 128
[2026-10-02 17:05:31.573] [Bytes recibidos]: 223
[2026-10-02 17:05:31.573] [Bytes recibidos]: 179
[2026-10-02 17:05:31.573] [Bytes recibidos]: 138
[2026-10-02 17:05:31.573] [Bytes recibidos]: 191
[2026-10-02 17:05:31.574] [Bytes recibidos]: 159
[2026-10-02 17:05:31.574] [Bytes recibidos]: 159
[2026-10-02 17:05:31.574] [Bytes recibidos]: 190
[2026-10-02 17:05:31.574] [Bytes recibidos]: 147
[2026-10-02 17:05:31.574] [Bytes recibidos]: 128
[2026-10-02 17:05:31.574] [Bytes recibidos]: 223
[2026-10-02 17:05:31.574] [Bytes recibidos]: 179
[2026-10-02 17:05:31.574] [Bytes recibidos]: 138
[2026-10-02 17:05:31.574] [Bytes recibidos]: 191
[2026-10-02 17:05:31.574] [Bytes recibidos]: 159
[2026-10-02 17:05:31.574] [Bytes recibidos]: 159
[2026-10-02 17:05:31.574] [Bytes recibidos]: 190
[2026-10-02 17:05:31.575] [Bytes recibidos]: 147
[2026-10-02 17:05:31.575] [Bytes recibidos]: 128
[2026-10-02 17:05:31.575] [Bytes recibidos]: 223
[2026-10-02 17:05:31.575] [Bytes recibidos]: 179
[2026-10-02 17:05:31.575] [Bytes recibidos]: 138
[2026-10-02 17:05:31.575] [Bytes recibidos]: 191
[2026-10-02 17:05:31.575] [Bytes recibidos]: 159
[2026-10-02 17:05:31.575] [Bytes recibidos]: 159
[2026-10-02 17:05:31.575] [Bytes recibidos]: 190
[2026-10-02 17:05:31.575] [Bytes recibidos]: 147
[2026-10-02 17:05:31.575] [Bytes recibidos]: 128
[2026-10-02 17:05:31.575] [Bytes recibidos]: 223
[2026-10-02 17:05:31.576] [Bytes recibidos]: 178
[2026-10-02 17:05:31.576] [Bytes recibidos]: 138
[2026-10-02 17:05:31.576] [Bytes recibidos]: 191
[2026-10-02 17:05:31.576] [Bytes recibidos]: 159
[2026-10-02 17:05:31.576] [Bytes recibidos]: 159
[2026-10-02 17:05:31.576] [Bytes recibidos]: 190
[2026-10-02 17:05:31.576] [Bytes recibidos]: 147
[2026-10-02 17:05:31.576] [Bytes recibidos]: 128
[2026-10-02 17:05:31.576] [Bytes recibidos]: 223
[2026-10-02 17:05:31.576] [Bytes recibidos]: 178
[2026-10-02 17:05:31.576] [Bytes recibidos]: 138
[2026-10-02 17:05:31.576] [Bytes recibidos]: 128
[2026-10-02 17:05:31.577] [Bytes recibidos]: 160
[2026-10-02 17:05:31.577] [Bytes recibidos]: 159
[2026-10-02 17:05:31.577] [Bytes recibidos]: 190
[2026-10-02 17:05:31.577] [Bytes recibidos]: 147
[2026-10-02 17:05:31.577] [Bytes recibidos]: 128
[2026-10-02 17:05:31.577] [Bytes recibidos]: 223
[2026-10-02 17:05:31.577] [Bytes recibidos]: 178
[2026-10-02 17:05:31.577] [Bytes recibidos]: 138
[2026-10-02 17:05:31.577] [Bytes recibidos]: 128
[2026-10-02 17:05:31.577] [Bytes recibidos]: 160
[2026-10-02 17:05:31.578] [Bytes recibidos]: 159
[2026-10-02 17:05:31.578] [Bytes recibidos]: 190
[2026-10-02 17:05:31.578] [Bytes recibidos]: 147
[2026-10-02 17:05:31.578] [Bytes recibidos]: 128
[2026-10-02 17:05:31.578] [Bytes recibidos]: 223
[2026-10-02 17:05:31.578] [Bytes recibidos]: 178
[2026-10-02 17:05:31.578] [Bytes recibidos]: 138
[2026-10-02 17:05:31.578] [Bytes recibidos]: 128
[2026-10-02 17:05:31.578] [Bytes recibidos]: 160
[2026-10-02 17:05:31.578] [Bytes recibidos]: 159
[2026-10-02 17:05:31.578] [Bytes recibidos]: 190
[2026-10-02 17:05:31.579] [Bytes recibidos]: 147
[2026-10-02 17:05:31.579] [Bytes recibidos]: 128
[2026-10-02 17:05:31.579] [Bytes recibidos]: 223
[2026-10-02 17:05:31.579] [Bytes recibidos]: 178
[2026-10-02 17:05:31.579] [Bytes recibidos]: 138
[2026-10-02 17:05:31.579] [Bytes recibidos]: 128
[2026-10-02 17:05:31.579] [Bytes recibidos]: 160
[2026-10-02 17:05:31.579] [Data Recibida]: 46.65372405372405
[2026-10-02 17:05:31.579] [MIN]: -21
[2026-10-02 17:05:31.580] [MAX]: 121
[2026-10-02 17:05:31.580] [MAXBIN]: 4095
[2026-10-02 17:05:31.580] [Data Recibida]: -157.3970695970696
[2026-10-02 17:05:31.580] [MIN]: -181
[2026-10-02 17:05:31.580] [MAX]: 181
[2026-10-02 17:05:31.580] [MAXBIN]: 4095
[2026-10-02 17:05:31.580] [Data Recibida]: 55.311355311355314
[2026-10-02 17:05:31.580] [MIN]: 0
[2026-10-02 17:05:31.580] [MAX]: 100
[2026-10-02 17:05:31.581] [MAXBIN]: 4095
[2026-10-02 17:05:31.581] [Data Recibida]: 33.6996336996337
[2026-10-02 17:05:31.581] [MIN]: 0
[2026-10-02 17:05:31.581] [MAX]: 120
[2026-10-02 17:05:31.581] [MAXBIN]: 4095
[2026-10-02 17:05:31.581] [Data Recibida]: 9.68986568986569
[2026-10-02 17:05:31.581] [MIN]: 0
[2026-10-02 17:05:31.581] [MAX]: 20
[2026-10-02 17:05:31.581] [MAXBIN]: 4095
[2026-10-02 17:05:31.581] [Data Recibida]: 17.826617826617827
[2026-10-02 17:05:31.582] [MIN]: 0
[2026-10-02 17:05:31.582] [MAX]: 100
[2026-10-02 17:05:31.582] [MAXBIN]: 4095
[2026-10-02 17:05:31.582] [Data Recibida]: 7.941391941391942
[2026-10-02 17:05:31.582] [MIN]: 0
[2026-10-02 17:05:31.582] [MAX]: 20
[2026-10-02 17:05:31.582] [MAXBIN]: 4095
[2026-10-02 17:05:31.582] [Data Recibida]: 19.550671550671552
[2026-10-02 17:05:31.582] [MIN]: 0
[2026-10-02 17:05:31.582] [MAX]: 20
[2026-10-02 17:05:31.583] [MAXBIN]: 4095
[2026-10-02 17:05:33.592] Datos recibidos (578 bytes): 9F BE 93 80 DF B2 8A 80 A0 9F BE 93 80 DF B1 8A 80 A0 9F BE 93 80 DF B1 8A 80 A0 9F BE 93 80 DF B1 8A 80 A0 9F BE 93 80 DF B1 8A 80 A0 9F BE 93 80 DF B1 8A BF 9F 9F BE 93 80 DF B0 8A BF 9F 9F BE 93 80 DF B0 8A BF 9F 9F BE 93 80 DF B0 8A BE 9F 9F BE 93 80 DF B0 8A BE 9F 9F BE 93 80 DF B0 8A BE 9F 9F BE 93 80 DF AF 8A BE 9F 9F BE 93 80 DF AF 8A BE 9F 9E BE 93 80 DF AF 8A BE 9F 9E BE 93 80 DF AF 8A BE 9F 9E BE 93 80 DF AF 8A BF 9F 9E BE 93 80 DF AE 8A BF 9F 9E BE 93 80 DF AE 8A BF 9F 9E BE 93 80 DF AE 8A BF 9F 9E BE 93 80 DF AE 8A BF 9F 9E BE 93 80 DF AE 8A BF 9F 9E BE 93 80 DF C6 C0 AD 8A BF 9F 9E BE 93 80 DF AD 8A BF 9F 9E BE 93 80 DF AD 8A BF 9F 9E BE 93 80 DF AD 8A 80 A0 9E BE 93 80 DF AD 8A 81 A0 9E BE 93 80 DF AE 8A 90 A0 9E BE 93 80 DF B1 8A A6 A0 9E BE 93 80 DF B6 8A 86 A1 9E BE 93 80 DF BE 8A B0 A1 9E BE 93 80 DF 84 8B 89 A2 9E BE 93 80 DF 9B 8B 9F A3 9E BE 93 80 DF A6 8B BE A3 9E BE 93 80 DF 8F 8C A1 A5 9E BE 93 80 DF B1 8C A3 A6 9E BE 93 80 DF 98 8D A1 A7 9E BE 93 80 DF 83 8E 99 A8 9E BE 93 80 DF 99 8E B1 A8 9E BE 93 80 DF 9B 8F A8 A9 9E BE 93 80 DF 84 90 BD A9 9E BE 93 80 DF 97 90 83 AA 9E BE 93 80 DF 89 91 83 AA 9F BE 93 80 DF 96 91 BF A9 9F BE 93 80 DF B5 91 A7 A9 9F BE 93 80 DF 83 92 93 A9 9F BE 93 80 DF 8C 92 BE A8 9F BE 93 80 DF 91 92 A9 A8 9F BE 93 80 DF 92 92 9E A8 9F BE 93 80 DF 94 92 82 A8 9F BE 93 80 DF 95 92 B1 A7 9F BE 93 80 DF 95 92 A1 A7 9F BE 93 80 DF 96 92 93 A7 9F BE 93 80 DF 96 92 8C A7 9F BE 93 80 DF 98 92 B8 A6 9F BE 93 80 DF 9A 92 AA A6 9F BE 93 80 DF 9B 92 9C A6 9F BE 93 80 DF 9C 92 96 A6 A0 BE 93 80 DF 9E 92 88 A6 A0 BE 93 80 DF A0 92 B3 A5 A0 BE 93 80 DF A2 92 A4 A5 A0 BE 93 80 DF A3 92 96 A5 A0 BE 93 80 DF A4 92 88 A5 A0 BE 93 80 DF A5 92 80 A5 A0 BE 93 80 1B 51 36 43 0D
[2026-10-02 17:05:33.592] [Bytes recibidos]: 159
[2026-10-02 17:05:33.592] [Bytes recibidos]: 190
[2026-10-02 17:05:33.592] [Bytes recibidos]: 147
[2026-10-02 17:05:33.592] [Bytes recibidos]: 128
[2026-10-02 17:05:33.592] [Bytes recibidos]: 223
[2026-10-02 17:05:33.593] [Bytes recibidos]: 178
[2026-10-02 17:05:33.593] [Bytes recibidos]: 138
[2026-10-02 17:05:33.593] [Bytes recibidos]: 128
[2026-10-02 17:05:33.593] [Bytes recibidos]: 160
[2026-10-02 17:05:33.593] [Bytes recibidos]: 159
[2026-10-02 17:05:33.593] [Bytes recibidos]: 190
[2026-10-02 17:05:33.593] [Bytes recibidos]: 147
[2026-10-02 17:05:33.593] [Bytes recibidos]: 128
[2026-10-02 17:05:33.593] [Bytes recibidos]: 223
[2026-10-02 17:05:33.593] [Bytes recibidos]: 177
[2026-10-02 17:05:33.593] [Bytes recibidos]: 138
[2026-10-02 17:05:33.593] [Bytes recibidos]: 128
[2026-10-02 17:05:33.594] [Bytes recibidos]: 160
[2026-10-02 17:05:33.594] [Bytes recibidos]: 159
[2026-10-02 17:05:33.594] [Bytes recibidos]: 190
[2026-10-02 17:05:33.594] [Bytes recibidos]: 147
[2026-10-02 17:05:33.594] [Bytes recibidos]: 128
[2026-10-02 17:05:33.594] [Bytes recibidos]: 223
[2026-10-02 17:05:33.594] [Bytes recibidos]: 177
[2026-10-02 17:05:33.594] [Bytes recibidos]: 138
[2026-10-02 17:05:33.594] [Bytes recibidos]: 128
[2026-10-02 17:05:33.594] [Bytes recibidos]: 160
[2026-10-02 17:05:33.594] [Bytes recibidos]: 159
[2026-10-02 17:05:33.595] [Bytes recibidos]: 190
[2026-10-02 17:05:33.595] [Bytes recibidos]: 147
[2026-10-02 17:05:33.595] [Bytes recibidos]: 128
[2026-10-02 17:05:33.595] [Bytes recibidos]: 223
[2026-10-02 17:05:33.595] [Bytes recibidos]: 177
[2026-10-02 17:05:33.595] [Bytes recibidos]: 138
[2026-10-02 17:05:33.595] [Bytes recibidos]: 128
[2026-10-02 17:05:33.595] [Bytes recibidos]: 160
[2026-10-02 17:05:33.595] [Bytes recibidos]: 159
[2026-10-02 17:05:33.595] [Bytes recibidos]: 190
[2026-10-02 17:05:33.595] [Bytes recibidos]: 147
[2026-10-02 17:05:33.595] [Bytes recibidos]: 128
[2026-10-02 17:05:33.595] [Bytes recibidos]: 223
[2026-10-02 17:05:33.596] [Bytes recibidos]: 177
[2026-10-02 17:05:33.596] [Bytes recibidos]: 138
[2026-10-02 17:05:33.596] [Bytes recibidos]: 128
[2026-10-02 17:05:33.596] [Bytes recibidos]: 160
[2026-10-02 17:05:33.596] [Bytes recibidos]: 159
[2026-10-02 17:05:33.596] [Bytes recibidos]: 190
[2026-10-02 17:05:33.596] [Bytes recibidos]: 147
[2026-10-02 17:05:33.596] [Bytes recibidos]: 128
[2026-10-02 17:05:33.596] [Bytes recibidos]: 223
[2026-10-02 17:05:33.596] [Bytes recibidos]: 177
[2026-10-02 17:05:33.596] [Bytes recibidos]: 138
[2026-10-02 17:05:33.596] [Bytes recibidos]: 191
[2026-10-02 17:05:33.597] [Bytes recibidos]: 159
[2026-10-02 17:05:33.597] [Bytes recibidos]: 159
[2026-10-02 17:05:33.597] [Bytes recibidos]: 190
[2026-10-02 17:05:33.597] [Bytes recibidos]: 147
[2026-10-02 17:05:33.597] [Bytes recibidos]: 128
[2026-10-02 17:05:33.597] [Bytes recibidos]: 223
[2026-10-02 17:05:33.597] [Bytes recibidos]: 176
[2026-10-02 17:05:33.597] [Bytes recibidos]: 138
[2026-10-02 17:05:33.597] [Bytes recibidos]: 191
[2026-10-02 17:05:33.597] [Bytes recibidos]: 159
[2026-10-02 17:05:33.597] [Bytes recibidos]: 159
[2026-10-02 17:05:33.597] [Bytes recibidos]: 190
[2026-10-02 17:05:33.598] [Bytes recibidos]: 147
[2026-10-02 17:05:33.598] [Bytes recibidos]: 128
[2026-10-02 17:05:33.598] [Bytes recibidos]: 223
[2026-10-02 17:05:33.598] [Bytes recibidos]: 176
[2026-10-02 17:05:33.598] [Bytes recibidos]: 138
[2026-10-02 17:05:33.598] [Bytes recibidos]: 191
[2026-10-02 17:05:33.598] [Bytes recibidos]: 159
[2026-10-02 17:05:33.598] [Bytes recibidos]: 159
[2026-10-02 17:05:33.598] [Bytes recibidos]: 190
[2026-10-02 17:05:33.598] [Bytes recibidos]: 147
[2026-10-02 17:05:33.598] [Bytes recibidos]: 128
[2026-10-02 17:05:33.599] [Bytes recibidos]: 223
[2026-10-02 17:05:33.599] [Bytes recibidos]: 176
[2026-10-02 17:05:33.599] [Bytes recibidos]: 138
[2026-10-02 17:05:33.599] [Bytes recibidos]: 190
[2026-10-02 17:05:33.599] [Bytes recibidos]: 159
[2026-10-02 17:05:33.599] [Bytes recibidos]: 159
[2026-10-02 17:05:33.599] [Bytes recibidos]: 190
[2026-10-02 17:05:33.599] [Bytes recibidos]: 147
[2026-10-02 17:05:33.599] [Bytes recibidos]: 128
[2026-10-02 17:05:33.599] [Bytes recibidos]: 223
[2026-10-02 17:05:33.599] [Bytes recibidos]: 176
[2026-10-02 17:05:33.600] [Bytes recibidos]: 138
[2026-10-02 17:05:33.600] [Bytes recibidos]: 190
[2026-10-02 17:05:33.600] [Bytes recibidos]: 159
[2026-10-02 17:05:33.600] [Bytes recibidos]: 159
[2026-10-02 17:05:33.600] [Bytes recibidos]: 190
[2026-10-02 17:05:33.600] [Bytes recibidos]: 147
[2026-10-02 17:05:33.600] [Bytes recibidos]: 128
[2026-10-02 17:05:33.600] [Bytes recibidos]: 223
[2026-10-02 17:05:33.600] [Bytes recibidos]: 176
[2026-10-02 17:05:33.600] [Bytes recibidos]: 138
[2026-10-02 17:05:33.600] [Bytes recibidos]: 190
[2026-10-02 17:05:33.600] [Bytes recibidos]: 159
[2026-10-02 17:05:33.601] [Bytes recibidos]: 159
[2026-10-02 17:05:33.601] [Bytes recibidos]: 190
[2026-10-02 17:05:33.601] [Bytes recibidos]: 147
[2026-10-02 17:05:33.601] [Bytes recibidos]: 128
[2026-10-02 17:05:33.601] [Bytes recibidos]: 223
[2026-10-02 17:05:33.601] [Bytes recibidos]: 175
[2026-10-02 17:05:33.601] [Bytes recibidos]: 138
[2026-10-02 17:05:33.601] [Bytes recibidos]: 190
[2026-10-02 17:05:33.601] [Bytes recibidos]: 159
[2026-10-02 17:05:33.601] [Bytes recibidos]: 159
[2026-10-02 17:05:33.601] [Bytes recibidos]: 190
[2026-10-02 17:05:33.601] [Bytes recibidos]: 147
[2026-10-02 17:05:33.602] [Bytes recibidos]: 128
[2026-10-02 17:05:33.602] [Bytes recibidos]: 223
[2026-10-02 17:05:33.602] [Bytes recibidos]: 175
[2026-10-02 17:05:33.602] [Bytes recibidos]: 138
[2026-10-02 17:05:33.602] [Bytes recibidos]: 190
[2026-10-02 17:05:33.602] [Bytes recibidos]: 159
[2026-10-02 17:05:33.602] [Bytes recibidos]: 158
[2026-10-02 17:05:33.602] [Bytes recibidos]: 190
[2026-10-02 17:05:33.602] [Bytes recibidos]: 147
[2026-10-02 17:05:33.602] [Bytes recibidos]: 128
[2026-10-02 17:05:33.603] [Bytes recibidos]: 223
[2026-10-02 17:05:33.603] [Bytes recibidos]: 175
[2026-10-02 17:05:33.603] [Bytes recibidos]: 138
[2026-10-02 17:05:33.603] [Bytes recibidos]: 190
[2026-10-02 17:05:33.603] [Bytes recibidos]: 159
[2026-10-02 17:05:33.603] [Bytes recibidos]: 158
[2026-10-02 17:05:33.603] [Bytes recibidos]: 190
[2026-10-02 17:05:33.603] [Bytes recibidos]: 147
[2026-10-02 17:05:33.603] [Bytes recibidos]: 128
[2026-10-02 17:05:33.603] [Bytes recibidos]: 223
[2026-10-02 17:05:33.603] [Bytes recibidos]: 175
[2026-10-02 17:05:33.604] [Bytes recibidos]: 138
[2026-10-02 17:05:33.604] [Bytes recibidos]: 190
[2026-10-02 17:05:33.604] [Bytes recibidos]: 159
[2026-10-02 17:05:33.604] [Bytes recibidos]: 158
[2026-10-02 17:05:33.604] [Bytes recibidos]: 190
[2026-10-02 17:05:33.604] [Bytes recibidos]: 147
[2026-10-02 17:05:33.604] [Bytes recibidos]: 128
[2026-10-02 17:05:33.604] [Bytes recibidos]: 223
[2026-10-02 17:05:33.604] [Bytes recibidos]: 175
[2026-10-02 17:05:33.604] [Bytes recibidos]: 138
[2026-10-02 17:05:33.604] [Bytes recibidos]: 191
[2026-10-02 17:05:33.605] [Bytes recibidos]: 159
[2026-10-02 17:05:33.605] [Bytes recibidos]: 158
[2026-10-02 17:05:33.605] [Bytes recibidos]: 190
[2026-10-02 17:05:33.605] [Bytes recibidos]: 147
[2026-10-02 17:05:33.605] [Bytes recibidos]: 128
[2026-10-02 17:05:33.605] [Bytes recibidos]: 223
[2026-10-02 17:05:33.605] [Bytes recibidos]: 174
[2026-10-02 17:05:33.605] [Bytes recibidos]: 138
[2026-10-02 17:05:33.605] [Bytes recibidos]: 191
[2026-10-02 17:05:33.605] [Bytes recibidos]: 159
[2026-10-02 17:05:33.605] [Bytes recibidos]: 158
[2026-10-02 17:05:33.606] [Bytes recibidos]: 190
[2026-10-02 17:05:33.606] [Bytes recibidos]: 147
[2026-10-02 17:05:33.606] [Bytes recibidos]: 128
[2026-10-02 17:05:33.606] [Bytes recibidos]: 223
[2026-10-02 17:05:33.606] [Bytes recibidos]: 174
[2026-10-02 17:05:33.606] [Bytes recibidos]: 138
[2026-10-02 17:05:33.606] [Bytes recibidos]: 191
[2026-10-02 17:05:33.606] [Bytes recibidos]: 159
[2026-10-02 17:05:33.606] [Bytes recibidos]: 158
[2026-10-02 17:05:33.606] [Bytes recibidos]: 190
[2026-10-02 17:05:33.607] [Bytes recibidos]: 147
[2026-10-02 17:05:33.607] [Bytes recibidos]: 128
[2026-10-02 17:05:33.607] [Bytes recibidos]: 223
[2026-10-02 17:05:33.607] [Bytes recibidos]: 174
[2026-10-02 17:05:33.607] [Bytes recibidos]: 138
[2026-10-02 17:05:33.607] [Bytes recibidos]: 191
[2026-10-02 17:05:33.607] [Bytes recibidos]: 159
[2026-10-02 17:05:33.607] [Bytes recibidos]: 158
[2026-10-02 17:05:33.607] [Bytes recibidos]: 190
[2026-10-02 17:05:33.607] [Bytes recibidos]: 147
[2026-10-02 17:05:33.608] [Bytes recibidos]: 128
[2026-10-02 17:05:33.608] [Bytes recibidos]: 223
[2026-10-02 17:05:33.608] [Bytes recibidos]: 174
[2026-10-02 17:05:33.608] [Bytes recibidos]: 138
[2026-10-02 17:05:33.608] [Bytes recibidos]: 191
[2026-10-02 17:05:33.608] [Bytes recibidos]: 159
[2026-10-02 17:05:33.608] [Bytes recibidos]: 158
[2026-10-02 17:05:33.608] [Bytes recibidos]: 190
[2026-10-02 17:05:33.608] [Bytes recibidos]: 147
[2026-10-02 17:05:33.608] [Bytes recibidos]: 128
[2026-10-02 17:05:33.609] [Bytes recibidos]: 223
[2026-10-02 17:05:33.609] [Bytes recibidos]: 174
[2026-10-02 17:05:33.609] [Bytes recibidos]: 138
[2026-10-02 17:05:33.609] [Bytes recibidos]: 191
[2026-10-02 17:05:33.609] [Bytes recibidos]: 159
[2026-10-02 17:05:33.609] [Bytes recibidos]: 158
[2026-10-02 17:05:33.609] [Bytes recibidos]: 190
[2026-10-02 17:05:33.609] [Bytes recibidos]: 147
[2026-10-02 17:05:33.609] [Bytes recibidos]: 128
[2026-10-02 17:05:33.609] [Bytes recibidos]: 223
[2026-10-02 17:05:33.610] [Bytes recibidos]: 198
[2026-10-02 17:05:33.610] [Bytes recibidos]: 192
[2026-10-02 17:05:33.610] [Bytes recibidos]: 173
[2026-10-02 17:05:33.610] [Bytes recibidos]: 138
[2026-10-02 17:05:33.610] [Bytes recibidos]: 191
[2026-10-02 17:05:33.610] [Bytes recibidos]: 159
[2026-10-02 17:05:33.610] [Bytes recibidos]: 158
[2026-10-02 17:05:33.610] [Bytes recibidos]: 190
[2026-10-02 17:05:33.610] [Bytes recibidos]: 147
[2026-10-02 17:05:33.610] [Bytes recibidos]: 128
[2026-10-02 17:05:33.610] [Bytes recibidos]: 223
[2026-10-02 17:05:33.611] [Bytes recibidos]: 173
[2026-10-02 17:05:33.611] [Bytes recibidos]: 138
[2026-10-02 17:05:33.611] [Bytes recibidos]: 191
[2026-10-02 17:05:33.611] [Bytes recibidos]: 159
[2026-10-02 17:05:33.611] [Bytes recibidos]: 158
[2026-10-02 17:05:33.611] [Bytes recibidos]: 190
[2026-10-02 17:05:33.611] [Bytes recibidos]: 147
[2026-10-02 17:05:33.611] [Bytes recibidos]: 128
[2026-10-02 17:05:33.611] [Bytes recibidos]: 223
[2026-10-02 17:05:33.611] [Bytes recibidos]: 173
[2026-10-02 17:05:33.611] [Bytes recibidos]: 138
[2026-10-02 17:05:33.611] [Bytes recibidos]: 191
[2026-10-02 17:05:33.612] [Bytes recibidos]: 159
[2026-10-02 17:05:33.612] [Bytes recibidos]: 158
[2026-10-02 17:05:33.612] [Bytes recibidos]: 190
[2026-10-02 17:05:33.612] [Bytes recibidos]: 147
[2026-10-02 17:05:33.612] [Bytes recibidos]: 128
[2026-10-02 17:05:33.612] [Bytes recibidos]: 223
[2026-10-02 17:05:33.612] [Bytes recibidos]: 173
[2026-10-02 17:05:33.612] [Bytes recibidos]: 138
[2026-10-02 17:05:33.612] [Bytes recibidos]: 128
[2026-10-02 17:05:33.612] [Bytes recibidos]: 160
[2026-10-02 17:05:33.612] [Bytes recibidos]: 158
[2026-10-02 17:05:33.612] [Bytes recibidos]: 190
[2026-10-02 17:05:33.613] [Bytes recibidos]: 147
[2026-10-02 17:05:33.613] [Bytes recibidos]: 128
[2026-10-02 17:05:33.613] [Bytes recibidos]: 223
[2026-10-02 17:05:33.613] [Bytes recibidos]: 173
[2026-10-02 17:05:33.613] [Bytes recibidos]: 138
[2026-10-02 17:05:33.613] [Bytes recibidos]: 129
[2026-10-02 17:05:33.613] [Bytes recibidos]: 160
[2026-10-02 17:05:33.613] [Bytes recibidos]: 158
[2026-10-02 17:05:33.613] [Bytes recibidos]: 190
[2026-10-02 17:05:33.613] [Bytes recibidos]: 147
[2026-10-02 17:05:33.613] [Bytes recibidos]: 128
[2026-10-02 17:05:33.614] [Bytes recibidos]: 223
[2026-10-02 17:05:33.614] [Bytes recibidos]: 174
[2026-10-02 17:05:33.614] [Bytes recibidos]: 138
[2026-10-02 17:05:33.614] [Bytes recibidos]: 144
[2026-10-02 17:05:33.614] [Bytes recibidos]: 160
[2026-10-02 17:05:33.614] [Bytes recibidos]: 158
[2026-10-02 17:05:33.614] [Bytes recibidos]: 190
[2026-10-02 17:05:33.614] [Bytes recibidos]: 147
[2026-10-02 17:05:33.614] [Bytes recibidos]: 128
[2026-10-02 17:05:33.614] [Bytes recibidos]: 223
[2026-10-02 17:05:33.614] [Bytes recibidos]: 177
[2026-10-02 17:05:33.614] [Bytes recibidos]: 138
[2026-10-02 17:05:33.614] [Bytes recibidos]: 166
[2026-10-02 17:05:33.614] [Bytes recibidos]: 160
[2026-10-02 17:05:33.615] [Bytes recibidos]: 158
[2026-10-02 17:05:33.615] [Bytes recibidos]: 190
[2026-10-02 17:05:33.615] [Bytes recibidos]: 147
[2026-10-02 17:05:33.615] [Bytes recibidos]: 128
[2026-10-02 17:05:33.615] [Bytes recibidos]: 223
[2026-10-02 17:05:33.615] [Bytes recibidos]: 182
[2026-10-02 17:05:33.615] [Bytes recibidos]: 138
[2026-10-02 17:05:33.615] [Bytes recibidos]: 134
[2026-10-02 17:05:33.615] [Bytes recibidos]: 161
[2026-10-02 17:05:33.615] [Bytes recibidos]: 158
[2026-10-02 17:05:33.615] [Bytes recibidos]: 190
[2026-10-02 17:05:33.615] [Bytes recibidos]: 147
[2026-10-02 17:05:33.616] [Bytes recibidos]: 128
[2026-10-02 17:05:33.616] [Bytes recibidos]: 223
[2026-10-02 17:05:33.616] [Bytes recibidos]: 190
[2026-10-02 17:05:33.616] [Bytes recibidos]: 138
[2026-10-02 17:05:33.616] [Bytes recibidos]: 176
[2026-10-02 17:05:33.616] [Bytes recibidos]: 161
[2026-10-02 17:05:33.616] [Bytes recibidos]: 158
[2026-10-02 17:05:33.616] [Bytes recibidos]: 190
[2026-10-02 17:05:33.616] [Bytes recibidos]: 147
[2026-10-02 17:05:33.616] [Bytes recibidos]: 128
[2026-10-02 17:05:33.616] [Bytes recibidos]: 223
[2026-10-02 17:05:33.616] [Bytes recibidos]: 132
[2026-10-02 17:05:33.616] [Bytes recibidos]: 139
[2026-10-02 17:05:33.617] [Bytes recibidos]: 137
[2026-10-02 17:05:33.617] [Bytes recibidos]: 162
[2026-10-02 17:05:33.617] [Bytes recibidos]: 158
[2026-10-02 17:05:33.617] [Bytes recibidos]: 190
[2026-10-02 17:05:33.617] [Bytes recibidos]: 147
[2026-10-02 17:05:33.617] [Bytes recibidos]: 128
[2026-10-02 17:05:33.617] [Bytes recibidos]: 223
[2026-10-02 17:05:33.617] [Bytes recibidos]: 155
[2026-10-02 17:05:33.617] [Bytes recibidos]: 139
[2026-10-02 17:05:33.617] [Bytes recibidos]: 159
[2026-10-02 17:05:33.617] [Bytes recibidos]: 163
[2026-10-02 17:05:33.617] [Bytes recibidos]: 158
[2026-10-02 17:05:33.617] [Bytes recibidos]: 190
[2026-10-02 17:05:33.618] [Bytes recibidos]: 147
[2026-10-02 17:05:33.618] [Bytes recibidos]: 128
[2026-10-02 17:05:33.618] [Bytes recibidos]: 223
[2026-10-02 17:05:33.618] [Bytes recibidos]: 166
[2026-10-02 17:05:33.618] [Bytes recibidos]: 139
[2026-10-02 17:05:33.618] [Bytes recibidos]: 190
[2026-10-02 17:05:33.618] [Bytes recibidos]: 163
[2026-10-02 17:05:33.618] [Bytes recibidos]: 158
[2026-10-02 17:05:33.618] [Bytes recibidos]: 190
[2026-10-02 17:05:33.618] [Bytes recibidos]: 147
[2026-10-02 17:05:33.618] [Bytes recibidos]: 128
[2026-10-02 17:05:33.618] [Bytes recibidos]: 223
[2026-10-02 17:05:33.618] [Bytes recibidos]: 143
[2026-10-02 17:05:33.618] [Bytes recibidos]: 140
[2026-10-02 17:05:33.619] [Bytes recibidos]: 161
[2026-10-02 17:05:33.619] [Bytes recibidos]: 165
[2026-10-02 17:05:33.619] [Bytes recibidos]: 158
[2026-10-02 17:05:33.619] [Bytes recibidos]: 190
[2026-10-02 17:05:33.619] [Bytes recibidos]: 147
[2026-10-02 17:05:33.619] [Bytes recibidos]: 128
[2026-10-02 17:05:33.619] [Bytes recibidos]: 223
[2026-10-02 17:05:33.619] [Bytes recibidos]: 177
[2026-10-02 17:05:33.619] [Bytes recibidos]: 140
[2026-10-02 17:05:33.619] [Bytes recibidos]: 163
[2026-10-02 17:05:33.619] [Bytes recibidos]: 166
[2026-10-02 17:05:33.619] [Bytes recibidos]: 158
[2026-10-02 17:05:33.619] [Bytes recibidos]: 190
[2026-10-02 17:05:33.620] [Bytes recibidos]: 147
[2026-10-02 17:05:33.620] [Bytes recibidos]: 128
[2026-10-02 17:05:33.620] [Bytes recibidos]: 223
[2026-10-02 17:05:33.620] [Bytes recibidos]: 152
[2026-10-02 17:05:33.620] [Bytes recibidos]: 141
[2026-10-02 17:05:33.620] [Bytes recibidos]: 161
[2026-10-02 17:05:33.620] [Bytes recibidos]: 167
[2026-10-02 17:05:33.620] [Bytes recibidos]: 158
[2026-10-02 17:05:33.620] [Bytes recibidos]: 190
[2026-10-02 17:05:33.620] [Bytes recibidos]: 147
[2026-10-02 17:05:33.621] [Bytes recibidos]: 128
[2026-10-02 17:05:33.621] [Bytes recibidos]: 223
[2026-10-02 17:05:33.621] [Bytes recibidos]: 131
[2026-10-02 17:05:33.621] [Bytes recibidos]: 142
[2026-10-02 17:05:33.621] [Bytes recibidos]: 153
[2026-10-02 17:05:33.621] [Bytes recibidos]: 168
[2026-10-02 17:05:33.621] [Bytes recibidos]: 158
[2026-10-02 17:05:33.621] [Bytes recibidos]: 190
[2026-10-02 17:05:33.621] [Bytes recibidos]: 147
[2026-10-02 17:05:33.621] [Bytes recibidos]: 128
[2026-10-02 17:05:33.621] [Bytes recibidos]: 223
[2026-10-02 17:05:33.622] [Bytes recibidos]: 153
[2026-10-02 17:05:33.622] [Bytes recibidos]: 142
[2026-10-02 17:05:33.622] [Bytes recibidos]: 177
[2026-10-02 17:05:33.622] [Bytes recibidos]: 168
[2026-10-02 17:05:33.622] [Bytes recibidos]: 158
[2026-10-02 17:05:33.622] [Bytes recibidos]: 190
[2026-10-02 17:05:33.622] [Bytes recibidos]: 147
[2026-10-02 17:05:33.622] [Bytes recibidos]: 128
[2026-10-02 17:05:33.622] [Bytes recibidos]: 223
[2026-10-02 17:05:33.622] [Bytes recibidos]: 155
[2026-10-02 17:05:33.622] [Bytes recibidos]: 143
[2026-10-02 17:05:33.622] [Bytes recibidos]: 168
[2026-10-02 17:05:33.622] [Bytes recibidos]: 169
[2026-10-02 17:05:33.622] [Bytes recibidos]: 158
[2026-10-02 17:05:33.623] [Bytes recibidos]: 190
[2026-10-02 17:05:33.623] [Bytes recibidos]: 147
[2026-10-02 17:05:33.623] [Bytes recibidos]: 128
[2026-10-02 17:05:33.623] [Bytes recibidos]: 223
[2026-10-02 17:05:33.623] [Bytes recibidos]: 132
[2026-10-02 17:05:33.623] [Bytes recibidos]: 144
[2026-10-02 17:05:33.623] [Bytes recibidos]: 189
[2026-10-02 17:05:33.623] [Bytes recibidos]: 169
[2026-10-02 17:05:33.623] [Bytes recibidos]: 158
[2026-10-02 17:05:33.623] [Bytes recibidos]: 190
[2026-10-02 17:05:33.623] [Bytes recibidos]: 147
[2026-10-02 17:05:33.623] [Bytes recibidos]: 128
[2026-10-02 17:05:33.623] [Bytes recibidos]: 223
[2026-10-02 17:05:33.624] [Bytes recibidos]: 151
[2026-10-02 17:05:33.624] [Bytes recibidos]: 144
[2026-10-02 17:05:33.624] [Bytes recibidos]: 131
[2026-10-02 17:05:33.624] [Bytes recibidos]: 170
[2026-10-02 17:05:33.624] [Bytes recibidos]: 158
[2026-10-02 17:05:33.624] [Bytes recibidos]: 190
[2026-10-02 17:05:33.624] [Bytes recibidos]: 147
[2026-10-02 17:05:33.624] [Bytes recibidos]: 128
[2026-10-02 17:05:33.624] [Bytes recibidos]: 223
[2026-10-02 17:05:33.624] [Bytes recibidos]: 137
[2026-10-02 17:05:33.624] [Bytes recibidos]: 145
[2026-10-02 17:05:33.624] [Bytes recibidos]: 131
[2026-10-02 17:05:33.624] [Bytes recibidos]: 170
[2026-10-02 17:05:33.625] [Bytes recibidos]: 159
[2026-10-02 17:05:33.625] [Bytes recibidos]: 190
[2026-10-02 17:05:33.625] [Bytes recibidos]: 147
[2026-10-02 17:05:33.625] [Bytes recibidos]: 128
[2026-10-02 17:05:33.625] [Bytes recibidos]: 223
[2026-10-02 17:05:33.625] [Bytes recibidos]: 150
[2026-10-02 17:05:33.625] [Bytes recibidos]: 145
[2026-10-02 17:05:33.625] [Bytes recibidos]: 191
[2026-10-02 17:05:33.625] [Bytes recibidos]: 169
[2026-10-02 17:05:33.625] [Bytes recibidos]: 159
[2026-10-02 17:05:33.626] [Bytes recibidos]: 190
[2026-10-02 17:05:33.626] [Bytes recibidos]: 147
[2026-10-02 17:05:33.626] [Bytes recibidos]: 128
[2026-10-02 17:05:33.626] [Bytes recibidos]: 223
[2026-10-02 17:05:33.626] [Bytes recibidos]: 181
[2026-10-02 17:05:33.626] [Bytes recibidos]: 145
[2026-10-02 17:05:33.626] [Bytes recibidos]: 167
[2026-10-02 17:05:33.626] [Bytes recibidos]: 169
[2026-10-02 17:05:33.626] [Bytes recibidos]: 159
[2026-10-02 17:05:33.626] [Bytes recibidos]: 190
[2026-10-02 17:05:33.626] [Bytes recibidos]: 147
[2026-10-02 17:05:33.626] [Bytes recibidos]: 128
[2026-10-02 17:05:33.627] [Bytes recibidos]: 223
[2026-10-02 17:05:33.627] [Bytes recibidos]: 131
[2026-10-02 17:05:33.627] [Bytes recibidos]: 146
[2026-10-02 17:05:33.627] [Bytes recibidos]: 147
[2026-10-02 17:05:33.627] [Bytes recibidos]: 169
[2026-10-02 17:05:33.627] [Bytes recibidos]: 159
[2026-10-02 17:05:33.627] [Bytes recibidos]: 190
[2026-10-02 17:05:33.627] [Bytes recibidos]: 147
[2026-10-02 17:05:33.627] [Bytes recibidos]: 128
[2026-10-02 17:05:33.627] [Bytes recibidos]: 223
[2026-10-02 17:05:33.627] [Bytes recibidos]: 140
[2026-10-02 17:05:33.627] [Bytes recibidos]: 146
[2026-10-02 17:05:33.628] [Bytes recibidos]: 190
[2026-10-02 17:05:33.628] [Bytes recibidos]: 168
[2026-10-02 17:05:33.628] [Bytes recibidos]: 159
[2026-10-02 17:05:33.628] [Bytes recibidos]: 190
[2026-10-02 17:05:33.628] [Bytes recibidos]: 147
[2026-10-02 17:05:33.628] [Bytes recibidos]: 128
[2026-10-02 17:05:33.628] [Bytes recibidos]: 223
[2026-10-02 17:05:33.628] [Bytes recibidos]: 145
[2026-10-02 17:05:33.628] [Bytes recibidos]: 146
[2026-10-02 17:05:33.628] [Bytes recibidos]: 169
[2026-10-02 17:05:33.628] [Bytes recibidos]: 168
[2026-10-02 17:05:33.628] [Bytes recibidos]: 159
[2026-10-02 17:05:33.628] [Bytes recibidos]: 190
[2026-10-02 17:05:33.628] [Bytes recibidos]: 147
[2026-10-02 17:05:33.629] [Bytes recibidos]: 128
[2026-10-02 17:05:33.629] [Bytes recibidos]: 223
[2026-10-02 17:05:33.629] [Bytes recibidos]: 146
[2026-10-02 17:05:33.629] [Bytes recibidos]: 146
[2026-10-02 17:05:33.629] [Bytes recibidos]: 158
[2026-10-02 17:05:33.629] [Bytes recibidos]: 168
[2026-10-02 17:05:33.629] [Bytes recibidos]: 159
[2026-10-02 17:05:33.629] [Bytes recibidos]: 190
[2026-10-02 17:05:33.629] [Bytes recibidos]: 147
[2026-10-02 17:05:33.629] [Bytes recibidos]: 128
[2026-10-02 17:05:33.629] [Bytes recibidos]: 223
[2026-10-02 17:05:33.629] [Bytes recibidos]: 148
[2026-10-02 17:05:33.629] [Bytes recibidos]: 146
[2026-10-02 17:05:33.629] [Bytes recibidos]: 130
[2026-10-02 17:05:33.630] [Bytes recibidos]: 168
[2026-10-02 17:05:33.630] [Bytes recibidos]: 159
[2026-10-02 17:05:33.630] [Bytes recibidos]: 190
[2026-10-02 17:05:33.630] [Bytes recibidos]: 147
[2026-10-02 17:05:33.630] [Bytes recibidos]: 128
[2026-10-02 17:05:33.630] [Bytes recibidos]: 223
[2026-10-02 17:05:33.630] [Bytes recibidos]: 149
[2026-10-02 17:05:33.630] [Bytes recibidos]: 146
[2026-10-02 17:05:33.630] [Bytes recibidos]: 177
[2026-10-02 17:05:33.630] [Bytes recibidos]: 167
[2026-10-02 17:05:33.630] [Bytes recibidos]: 159
[2026-10-02 17:05:33.630] [Bytes recibidos]: 190
[2026-10-02 17:05:33.631] [Bytes recibidos]: 147
[2026-10-02 17:05:33.631] [Bytes recibidos]: 128
[2026-10-02 17:05:33.631] [Bytes recibidos]: 223
[2026-10-02 17:05:33.631] [Bytes recibidos]: 149
[2026-10-02 17:05:33.631] [Bytes recibidos]: 146
[2026-10-02 17:05:33.631] [Bytes recibidos]: 161
[2026-10-02 17:05:33.631] [Bytes recibidos]: 167
[2026-10-02 17:05:33.631] [Bytes recibidos]: 159
[2026-10-02 17:05:33.631] [Bytes recibidos]: 190
[2026-10-02 17:05:33.631] [Bytes recibidos]: 147
[2026-10-02 17:05:33.631] [Bytes recibidos]: 128
[2026-10-02 17:05:33.631] [Bytes recibidos]: 223
[2026-10-02 17:05:33.631] [Bytes recibidos]: 150
[2026-10-02 17:05:33.632] [Bytes recibidos]: 146
[2026-10-02 17:05:33.632] [Bytes recibidos]: 147
[2026-10-02 17:05:33.632] [Bytes recibidos]: 167
[2026-10-02 17:05:33.632] [Bytes recibidos]: 159
[2026-10-02 17:05:33.632] [Bytes recibidos]: 190
[2026-10-02 17:05:33.632] [Bytes recibidos]: 147
[2026-10-02 17:05:33.632] [Bytes recibidos]: 128
[2026-10-02 17:05:33.632] [Bytes recibidos]: 223
[2026-10-02 17:05:33.632] [Bytes recibidos]: 150
[2026-10-02 17:05:33.632] [Bytes recibidos]: 146
[2026-10-02 17:05:33.632] [Bytes recibidos]: 140
[2026-10-02 17:05:33.632] [Bytes recibidos]: 167
[2026-10-02 17:05:33.633] [Bytes recibidos]: 159
[2026-10-02 17:05:33.633] [Bytes recibidos]: 190
[2026-10-02 17:05:33.633] [Bytes recibidos]: 147
[2026-10-02 17:05:33.633] [Bytes recibidos]: 128
[2026-10-02 17:05:33.633] [Bytes recibidos]: 223
[2026-10-02 17:05:33.633] [Bytes recibidos]: 152
[2026-10-02 17:05:33.633] [Bytes recibidos]: 146
[2026-10-02 17:05:33.633] [Bytes recibidos]: 184
[2026-10-02 17:05:33.633] [Bytes recibidos]: 166
[2026-10-02 17:05:33.633] [Bytes recibidos]: 159
[2026-10-02 17:05:33.633] [Bytes recibidos]: 190
[2026-10-02 17:05:33.633] [Bytes recibidos]: 147
[2026-10-02 17:05:33.634] [Bytes recibidos]: 128
[2026-10-02 17:05:33.634] [Bytes recibidos]: 223
[2026-10-02 17:05:33.634] [Bytes recibidos]: 154
[2026-10-02 17:05:33.634] [Bytes recibidos]: 146
[2026-10-02 17:05:33.634] [Bytes recibidos]: 170
[2026-10-02 17:05:33.634] [Bytes recibidos]: 166
[2026-10-02 17:05:33.634] [Bytes recibidos]: 159
[2026-10-02 17:05:33.634] [Bytes recibidos]: 190
[2026-10-02 17:05:33.634] [Bytes recibidos]: 147
[2026-10-02 17:05:33.634] [Bytes recibidos]: 128
[2026-10-02 17:05:33.634] [Bytes recibidos]: 223
[2026-10-02 17:05:33.634] [Bytes recibidos]: 155
[2026-10-02 17:05:33.634] [Bytes recibidos]: 146
[2026-10-02 17:05:33.634] [Bytes recibidos]: 156
[2026-10-02 17:05:33.635] [Bytes recibidos]: 166
[2026-10-02 17:05:33.635] [Bytes recibidos]: 159
[2026-10-02 17:05:33.635] [Bytes recibidos]: 190
[2026-10-02 17:05:33.635] [Bytes recibidos]: 147
[2026-10-02 17:05:33.635] [Bytes recibidos]: 128
[2026-10-02 17:05:33.635] [Bytes recibidos]: 223
[2026-10-02 17:05:33.635] [Bytes recibidos]: 156
[2026-10-02 17:05:33.635] [Bytes recibidos]: 146
[2026-10-02 17:05:33.635] [Bytes recibidos]: 150
[2026-10-02 17:05:33.635] [Bytes recibidos]: 166
[2026-10-02 17:05:33.635] [Bytes recibidos]: 160
[2026-10-02 17:05:33.635] [Bytes recibidos]: 190
[2026-10-02 17:05:33.635] [Bytes recibidos]: 147
[2026-10-02 17:05:33.636] [Bytes recibidos]: 128
[2026-10-02 17:05:33.636] [Bytes recibidos]: 223
[2026-10-02 17:05:33.636] [Bytes recibidos]: 158
[2026-10-02 17:05:33.636] [Bytes recibidos]: 146
[2026-10-02 17:05:33.636] [Bytes recibidos]: 136
[2026-10-02 17:05:33.636] [Bytes recibidos]: 166
[2026-10-02 17:05:33.636] [Bytes recibidos]: 160
[2026-10-02 17:05:33.636] [Bytes recibidos]: 190
[2026-10-02 17:05:33.636] [Bytes recibidos]: 147
[2026-10-02 17:05:33.636] [Bytes recibidos]: 128
[2026-10-02 17:05:33.636] [Bytes recibidos]: 223
[2026-10-02 17:05:33.636] [Bytes recibidos]: 160
[2026-10-02 17:05:33.636] [Bytes recibidos]: 146
[2026-10-02 17:05:33.637] [Bytes recibidos]: 179
[2026-10-02 17:05:33.637] [Bytes recibidos]: 165
[2026-10-02 17:05:33.637] [Bytes recibidos]: 160
[2026-10-02 17:05:33.637] [Bytes recibidos]: 190
[2026-10-02 17:05:33.637] [Bytes recibidos]: 147
[2026-10-02 17:05:33.637] [Bytes recibidos]: 128
[2026-10-02 17:05:33.637] [Bytes recibidos]: 223
[2026-10-02 17:05:33.637] [Bytes recibidos]: 162
[2026-10-02 17:05:33.637] [Bytes recibidos]: 146
[2026-10-02 17:05:33.637] [Bytes recibidos]: 164
[2026-10-02 17:05:33.638] [Bytes recibidos]: 165
[2026-10-02 17:05:33.638] [Bytes recibidos]: 160
[2026-10-02 17:05:33.638] [Bytes recibidos]: 190
[2026-10-02 17:05:33.638] [Bytes recibidos]: 147
[2026-10-02 17:05:33.638] [Bytes recibidos]: 128
[2026-10-02 17:05:33.638] [Bytes recibidos]: 223
[2026-10-02 17:05:33.638] [Bytes recibidos]: 163
[2026-10-02 17:05:33.638] [Bytes recibidos]: 146
[2026-10-02 17:05:33.638] [Bytes recibidos]: 150
[2026-10-02 17:05:33.638] [Bytes recibidos]: 165
[2026-10-02 17:05:33.638] [Bytes recibidos]: 160
[2026-10-02 17:05:33.639] [Bytes recibidos]: 190
[2026-10-02 17:05:33.639] [Bytes recibidos]: 147
[2026-10-02 17:05:33.639] [Bytes recibidos]: 128
[2026-10-02 17:05:33.639] [Bytes recibidos]: 223
[2026-10-02 17:05:33.639] [Bytes recibidos]: 164
[2026-10-02 17:05:33.639] [Bytes recibidos]: 146
[2026-10-02 17:05:33.639] [Bytes recibidos]: 136
[2026-10-02 17:05:33.639] [Bytes recibidos]: 165
[2026-10-02 17:05:33.639] [Bytes recibidos]: 160
[2026-10-02 17:05:33.639] [Bytes recibidos]: 190
[2026-10-02 17:05:33.639] [Bytes recibidos]: 147
[2026-10-02 17:05:33.640] [Bytes recibidos]: 128
[2026-10-02 17:05:33.640] [Bytes recibidos]: 223
[2026-10-02 17:05:33.640] [Bytes recibidos]: 165
[2026-10-02 17:05:33.640] [Bytes recibidos]: 146
[2026-10-02 17:05:33.640] [Bytes recibidos]: 128
[2026-10-02 17:05:33.640] [Bytes recibidos]: 165
[2026-10-02 17:05:33.640] [Bytes recibidos]: 160
[2026-10-02 17:05:33.640] [Bytes recibidos]: 190
[2026-10-02 17:05:33.640] [Bytes recibidos]: 147
[2026-10-02 17:05:33.640] [Bytes recibidos]: 128
[2026-10-02 17:05:33.640] [Bytes recibidos]: 27
[2026-10-02 17:05:33.641] [Bytes recibidos]: 81
[2026-10-02 17:05:33.641] [Bytes recibidos]: 54
[2026-10-02 17:05:33.641] [Bytes recibidos]: 67
[2026-10-02 17:05:33.641] [Bytes recibidos]: 13
[2026-10-02 17:05:33.641] [Data Recibida]: 117.67106227106228
[2026-10-02 17:05:33.641] [MIN]: -21
[2026-10-02 17:05:33.641] [MAX]: 121
[2026-10-02 17:05:33.641] [MAXBIN]: 4095
[2026-10-02 17:05:33.641] [Data Recibida]: -179.32039072039072
[2026-10-02 17:05:33.642] [MIN]: -181
[2026-10-02 17:05:33.642] [MAX]: 181
[2026-10-02 17:05:33.642] [MAXBIN]: 4095
[2026-10-02 17:05:33.642] [Data Recibida]: 78.9010989010989
[2026-10-02 17:05:33.642] [MIN]: 0
[2026-10-02 17:05:33.642] [MAX]: 100
[2026-10-02 17:05:33.642] [MAXBIN]: 4095
[2026-10-02 17:05:33.642] [Data Recibida]: 0.29304029304029305
[2026-10-02 17:05:33.642] [MIN]: 0
[2026-10-02 17:05:33.642] [MAX]: 120
[2026-10-02 17:05:33.642] [MAXBIN]: 4095
[2026-10-02 17:05:33.643] [Data Recibida]: 9.846153846153847
[2026-10-02 17:05:33.643] [MIN]: 0
[2026-10-02 17:05:33.643] [MAX]: 20
[2026-10-02 17:05:33.643] [MAXBIN]: 4095
[2026-10-02 17:05:33.643] [Data Recibida]: 31.208791208791208
[2026-10-02 17:05:33.643] [MIN]: 0
[2026-10-02 17:05:33.643] [MAX]: 100
[2026-10-02 17:05:33.643] [MAXBIN]: 4095
[2026-10-02 17:05:33.643] [Data Recibida]: 9.68986568986569
[2026-10-02 17:05:33.643] [MIN]: 0
[2026-10-02 17:05:33.643] [MAX]: 20
[2026-10-02 17:05:33.644] [MAXBIN]: 4095
[2026-10-02 17:05:33.644] [Data Recibida]: 3.365079365079365
[2026-10-02 17:05:33.644] [MIN]: 0
[2026-10-02 17:05:33.644] [MAX]: 20
[2026-10-02 17:05:33.644] [MAXBIN]: 4095
[2026-10-02 17:05:36.332] Datos recibidos (2 bytes): 1B 51
[2026-10-02 17:05:36.353] Recibido ASCII: 6C<CR>
[2026-10-02 17:05:36.353] Recibido HEX: 36 43 0D
[2026-10-02 17:05:36.353] Enviado:  | HEX: 01 15 31 36 0D
[2026-10-02 17:05:36.435] Recibido ASCII: <ESC>Q6C<CR>
[2026-10-02 17:05:36.435] Recibido HEX: 1B 51 36 43 0D
[2026-10-02 17:05:38.435] Enviado: Q | HEX: 1B 51 36 43 0D
[2026-10-02 17:05:38.537] Recibido ASCII: <SOH>Q52<CR>
[2026-10-02 17:05:38.537] Recibido HEX: 01 51 35 32 0D
[2026-10-02 17:05:39.538] Enviado: R | HEX: 1B 52 36 44 0D
[2026-10-02 17:05:39.538] Recibido ASCII: <ESC>R6D<CR>
[2026-10-02 17:05:39.538] Recibido HEX: 1B 52 36 44 0D
[2026-10-02 17:05:40.539] Enviado: R | HEX: 01 52 35 33 0D
[2026-10-02 17:05:40.540] Recibido ASCII: <SOH>R5555'A3XX'02.11:06.00B9<CR>
[2026-10-02 17:05:40.540] Recibido HEX: 01 52 35 35 35 35 27 41 33 58 58 27 30 32 2E 31 31 3A 30 36 2E 30 30 42 39 0D
[2026-10-02 17:05:40.541] Enviado: 0161'OpenICE'02.11:06.00 | HEX: 01 30 31 36 31 27 4F 70 65 6E 49 43 45 27 30 32 2E 31 31 3A 30 36 2E 30 30 39 41 0D
[2026-10-02 17:05:40.643] Recibido ASCII: <ESC>)44<CR>
[2026-10-02 17:05:40.643] Recibido HEX: 1B 29 34 34 0D
[2026-10-02 17:05:40.643] Datos recibidos (5 bytes): 1B 29 34 34 0D
[2026-10-02 17:05:42.645] Enviado:  | HEX: 01 15 31 36 0D
[2026-10-02 17:05:42.747] Recibido ASCII: <ESC>)44<CR>
[2026-10-02 17:05:42.747] Recibido HEX: 1B 29 34 34 0D
[2026-10-02 17:05:46.545] Datos recibidos (5 bytes): 1B 51 36 43 0D
[2026-10-02 17:05:48.565] Enviado:  | HEX: 01 15 31 36 0D
[2026-10-02 17:05:48.646] Recibido ASCII: <ESC>Q6C<CR>
[2026-10-02 17:05:48.646] Recibido HEX: 1B 51 36 43 0D
[2026-10-02 17:05:50.647] Enviado: Q | HEX: 1B 51 36 43 0D
[2026-10-02 17:05:50.748] Recibido ASCII: <SOH>Q52<CR>
[2026-10-02 17:05:50.748] Recibido HEX: 01 51 35 32 0D
[2026-10-02 17:05:51.749] Enviado: R | HEX: 1B 52 36 44 0D
[2026-10-02 17:05:51.749] Recibido ASCII: <ESC>R6D<CR>
[2026-10-02 17:05:51.751] Recibido HEX: 1B 52 36 44 0D
[2026-10-02 17:05:52.751] Enviado: R | HEX: 01 52 35 33 0D
[2026-10-02 17:05:52.752] Recibido ASCII: <SOH>R5555'A3XX'02.11:06.00B9<CR>
[2026-10-02 17:05:52.752] Recibido HEX: 01 52 35 35 35 35 27 41 33 58 58 27 30 32 2E 31 31 3A 30 36 2E 30 30 42 39 0D
[2026-10-02 17:05:52.752] Enviado: 0161'OpenICE'02.11:06.00 | HEX: 01 30 31 36 31 27 4F 70 65 6E 49 43 45 27 30 32 2E 31 31 3A 30 36 2E 30 30 39 41 0D
[2026-10-02 17:05:52.854] Recibido ASCII: <ESC>)44<CR>
[2026-10-02 17:05:52.854] Recibido HEX: 1B 29 34 34 0D
[2026-10-02 17:05:52.854] Datos recibidos (5 bytes): 1B 29 34 34 0D
[2026-10-02 17:05:54.873] Enviado:  | HEX: 01 15 31 36 0D
[2026-10-02 17:05:54.934] Recibido ASCII: <ESC>)44<CR>
[2026-10-02 17:05:54.934] Recibido HEX: 1B 29 34 34 0D
[2026-10-02 17:05:58.551] Datos recibidos (5 bytes): 1B 51 36 43 0D
[2026-10-02 17:06:00.569] Enviado:  | HEX: 01 15 31 36 0D
[2026-10-02 17:06:00.650] Recibido ASCII: <ESC>Q6C<CR>
[2026-10-02 17:06:00.651] Recibido HEX: 1B 51 36 43 0D
[2026-10-02 17:06:02.651] Enviado: Q | HEX: 1B 51 36 43 0D
[2026-10-02 17:06:02.753] Recibido ASCII: <SOH>Q52<CR>
[2026-10-02 17:06:02.753] Recibido HEX: 01 51 35 32 0D
[2026-10-02 17:06:03.753] Enviado: R | HEX: 1B 52 36 44 0D
[2026-10-02 17:06:03.754] Recibido ASCII: <ESC>R6D<CR>
[2026-10-02 17:06:03.755] Recibido HEX: 1B 52 36 44 0D
[2026-10-02 17:06:04.755] Enviado: R | HEX: 01 52 35 33 0D
[2026-10-02 17:06:04.756] Recibido ASCII: <SOH>R5555'A3XX'02.11:06.00B9<CR>
[2026-10-02 17:06:04.756] Recibido HEX: 01 52 35 35 35 35 27 41 33 58 58 27 30 32 2E 31 31 3A 30 36 2E 30 30 42 39 0D
[2026-10-02 17:06:04.757] Enviado: 0161'OpenICE'02.11:06.00 | HEX: 01 30 31 36 31 27 4F 70 65 6E 49 43 45 27 30 32 2E 31 31 3A 30 36 2E 30 30 39 41 0D
[2026-10-02 17:06:04.838] Recibido ASCII: <ESC>)44<CR>
[2026-10-02 17:06:04.838] Recibido HEX: 1B 29 34 34 0D
[2026-10-02 17:06:04.838] Datos recibidos (4 bytes): 1B 29 34 34
[2026-10-02 17:06:04.859] Recibido ASCII: <CR>
[2026-10-02 17:06:04.859] Recibido HEX: 0D
[2026-10-02 17:06:04.860] Enviado:  | HEX: 01 15 31 36 0D
[2026-10-02 17:06:04.941] Recibido ASCII: <ESC>)44<CR>
[2026-10-02 17:06:04.941] Recibido HEX: 1B 29 34 34 0D
[2026-10-02 17:06:07.144] Error en el ciclo de polling: java.io.IOException: Stream Closed
