[2026-10-02 17:03:30.397] Iniciando comunicación con Atlan A350 XL (8E1)...
[2026-10-02 17:03:30.407] Enviado: Q | HEX: 1B 51 36 43 0D
[2026-10-02 17:03:30.430] Recibido ASCII: <SOH>Q52<CR>
[2026-10-02 17:03:30.430] Recibido HEX: 01 51 35 32 0D
[2026-10-02 17:03:31.433] Enviado: R | HEX: 1B 52 36 44 0D
[2026-10-02 17:03:31.434] Recibido ASCII: <ESC>R6D<CR>
[2026-10-02 17:03:31.434] Recibido HEX: 1B 52 36 44 0D
[2026-10-02 17:03:32.436] Enviado: R | HEX: 01 52 35 33 0D
[2026-10-02 17:03:32.439] Recibido ASCII: <SOH>R5555'A3XX'02.11:06.00B9<CR>
[2026-10-02 17:03:32.439] Recibido HEX: 01 52 35 35 35 35 27 41 33 58 58 27 30 32 2E 31 31 3A 30 36 2E 30 30 42 39 0D
[2026-10-02 17:03:32.443] Enviado: S | HEX: 1B 53 36 45 0D
[2026-10-02 17:03:32.545] Recibido ASCII: <ESC>)44<CR>
[2026-10-02 17:03:32.546] Recibido HEX: 1B 29 34 34 0D
[2026-10-02 17:03:33.547] Sin registros de realtime configuration, se omite el paso <54H>
[2026-10-02 17:03:33.563] Datos recibidos (189 bytes): 01 53 30 30 20 20 20 32 30 30 30 30 2D 20 20 32 31 20 20 31 32 31 46 46 46 30 31 20 20 20 32 30 30 30 30 2D 20 31 38 31 20 20 31 38 31 46 46 46 30 35 20 20 20 32 30 30 30 30 20 20 20 20 30 20 20 31 30 30 46 46 46 30 36 20 20 20 32 30 30 30 30 20 20 20 20 30 20 20 31 32 30 46 46 46 30 37 20 20 20 32 30 30 30 30 20 20 20 20 30 20 20 20 32 30 46 46 46 30 38 20 20 20 32 30 30 30 30 20 20 20 20 30 20 20 31 30 30 46 46 46 30 41 20 20 20 32 30 30 30 30 20 20 20 20 30 20 20 20 32 30 46 46 46 32 41 20 20 20 32 30 30 30 30 20 20 20 20 30 20 20 20 32 30 46 46 46 46 33 0D
[2026-10-02 17:03:33.564] [Bytes recibidos]: 1
[2026-10-02 17:03:33.565] [Bytes recibidos]: 83
[2026-10-02 17:03:33.565] [Bytes recibidos]: 48
[2026-10-02 17:03:33.566] [Bytes recibidos]: 48
[2026-10-02 17:03:33.566] [Bytes recibidos]: 32
[2026-10-02 17:03:33.567] [Bytes recibidos]: 32
[2026-10-02 17:03:33.567] [Bytes recibidos]: 32
[2026-10-02 17:03:33.568] [Bytes recibidos]: 50
[2026-10-02 17:03:33.568] [Bytes recibidos]: 48
[2026-10-02 17:03:33.568] [Bytes recibidos]: 48
[2026-10-02 17:03:33.569] [Bytes recibidos]: 48
[2026-10-02 17:03:33.569] [Bytes recibidos]: 48
[2026-10-02 17:03:33.570] [Bytes recibidos]: 45
[2026-10-02 17:03:33.570] [Bytes recibidos]: 32
[2026-10-02 17:03:33.571] [Bytes recibidos]: 32
[2026-10-02 17:03:33.571] [Bytes recibidos]: 50
[2026-10-02 17:03:33.572] [Bytes recibidos]: 49
[2026-10-02 17:03:33.572] [Bytes recibidos]: 32
[2026-10-02 17:03:33.573] [Bytes recibidos]: 32
[2026-10-02 17:03:33.573] [Bytes recibidos]: 49
[2026-10-02 17:03:33.573] [Bytes recibidos]: 50
[2026-10-02 17:03:33.574] [Bytes recibidos]: 49
[2026-10-02 17:03:33.574] [Bytes recibidos]: 70
[2026-10-02 17:03:33.575] [Bytes recibidos]: 70
[2026-10-02 17:03:33.575] [Bytes recibidos]: 70
[2026-10-02 17:03:33.576] [Bytes recibidos]: 48
[2026-10-02 17:03:33.576] [Bytes recibidos]: 49
[2026-10-02 17:03:33.577] [Bytes recibidos]: 32
[2026-10-02 17:03:33.577] [Bytes recibidos]: 32
[2026-10-02 17:03:33.578] [Bytes recibidos]: 32
[2026-10-02 17:03:33.578] [Bytes recibidos]: 50
[2026-10-02 17:03:33.579] [Bytes recibidos]: 48
[2026-10-02 17:03:33.579] [Bytes recibidos]: 48
[2026-10-02 17:03:33.579] [Bytes recibidos]: 48
[2026-10-02 17:03:33.580] [Bytes recibidos]: 48
[2026-10-02 17:03:33.580] [Bytes recibidos]: 45
[2026-10-02 17:03:33.581] [Bytes recibidos]: 32
[2026-10-02 17:03:33.581] [Bytes recibidos]: 49
[2026-10-02 17:03:33.581] [Bytes recibidos]: 56
[2026-10-02 17:03:33.582] [Bytes recibidos]: 49
[2026-10-02 17:03:33.582] [Bytes recibidos]: 32
[2026-10-02 17:03:33.583] [Bytes recibidos]: 32
[2026-10-02 17:03:33.583] [Bytes recibidos]: 49
[2026-10-02 17:03:33.583] [Bytes recibidos]: 56
[2026-10-02 17:03:33.584] [Bytes recibidos]: 49
[2026-10-02 17:03:33.584] [Bytes recibidos]: 70
[2026-10-02 17:03:33.584] [Bytes recibidos]: 70
[2026-10-02 17:03:33.585] [Bytes recibidos]: 70
[2026-10-02 17:03:33.585] [Bytes recibidos]: 48
[2026-10-02 17:03:33.586] [Bytes recibidos]: 53
[2026-10-02 17:03:33.586] [Bytes recibidos]: 32
[2026-10-02 17:03:33.586] [Bytes recibidos]: 32
[2026-10-02 17:03:33.587] [Bytes recibidos]: 32
[2026-10-02 17:03:33.587] [Bytes recibidos]: 50
[2026-10-02 17:03:33.588] [Bytes recibidos]: 48
[2026-10-02 17:03:33.588] [Bytes recibidos]: 48
[2026-10-02 17:03:33.588] [Bytes recibidos]: 48
[2026-10-02 17:03:33.589] [Bytes recibidos]: 48
[2026-10-02 17:03:33.589] [Bytes recibidos]: 32
[2026-10-02 17:03:33.590] [Bytes recibidos]: 32
[2026-10-02 17:03:33.590] [Bytes recibidos]: 32
[2026-10-02 17:03:33.590] [Bytes recibidos]: 32
[2026-10-02 17:03:33.591] [Bytes recibidos]: 48
[2026-10-02 17:03:33.591] [Bytes recibidos]: 32
[2026-10-02 17:03:33.591] [Bytes recibidos]: 32
[2026-10-02 17:03:33.592] [Bytes recibidos]: 49
[2026-10-02 17:03:33.592] [Bytes recibidos]: 48
[2026-10-02 17:03:33.593] [Bytes recibidos]: 48
[2026-10-02 17:03:33.593] [Bytes recibidos]: 70
[2026-10-02 17:03:33.593] [Bytes recibidos]: 70
[2026-10-02 17:03:33.594] [Bytes recibidos]: 70
[2026-10-02 17:03:33.594] [Bytes recibidos]: 48
[2026-10-02 17:03:33.595] [Bytes recibidos]: 54
[2026-10-02 17:03:33.595] [Bytes recibidos]: 32
[2026-10-02 17:03:33.595] [Bytes recibidos]: 32
[2026-10-02 17:03:33.596] [Bytes recibidos]: 32
[2026-10-02 17:03:33.596] [Bytes recibidos]: 50
[2026-10-02 17:03:33.596] [Bytes recibidos]: 48
[2026-10-02 17:03:33.597] [Bytes recibidos]: 48
[2026-10-02 17:03:33.597] [Bytes recibidos]: 48
[2026-10-02 17:03:33.598] [Bytes recibidos]: 48
[2026-10-02 17:03:33.598] [Bytes recibidos]: 32
[2026-10-02 17:03:33.599] [Bytes recibidos]: 32
[2026-10-02 17:03:33.599] [Bytes recibidos]: 32
[2026-10-02 17:03:33.599] [Bytes recibidos]: 32
[2026-10-02 17:03:33.600] [Bytes recibidos]: 48
[2026-10-02 17:03:33.600] [Bytes recibidos]: 32
[2026-10-02 17:03:33.601] [Bytes recibidos]: 32
[2026-10-02 17:03:33.601] [Bytes recibidos]: 49
[2026-10-02 17:03:33.602] [Bytes recibidos]: 50
[2026-10-02 17:03:33.602] [Bytes recibidos]: 48
[2026-10-02 17:03:33.603] [Bytes recibidos]: 70
[2026-10-02 17:03:33.603] [Bytes recibidos]: 70
[2026-10-02 17:03:33.603] [Bytes recibidos]: 70
[2026-10-02 17:03:33.604] [Bytes recibidos]: 48
[2026-10-02 17:03:33.604] [Bytes recibidos]: 55
[2026-10-02 17:03:33.605] [Bytes recibidos]: 32
[2026-10-02 17:03:33.605] [Bytes recibidos]: 32
[2026-10-02 17:03:33.606] [Bytes recibidos]: 32
[2026-10-02 17:03:33.606] [Bytes recibidos]: 50
[2026-10-02 17:03:33.606] [Bytes recibidos]: 48
[2026-10-02 17:03:33.607] [Bytes recibidos]: 48
[2026-10-02 17:03:33.607] [Bytes recibidos]: 48
[2026-10-02 17:03:33.607] [Bytes recibidos]: 48
[2026-10-02 17:03:33.608] [Bytes recibidos]: 32
[2026-10-02 17:03:33.608] [Bytes recibidos]: 32
[2026-10-02 17:03:33.608] [Bytes recibidos]: 32
[2026-10-02 17:03:33.609] [Bytes recibidos]: 32
[2026-10-02 17:03:33.609] [Bytes recibidos]: 48
[2026-10-02 17:03:33.610] [Bytes recibidos]: 32
[2026-10-02 17:03:33.610] [Bytes recibidos]: 32
[2026-10-02 17:03:33.611] [Bytes recibidos]: 32
[2026-10-02 17:03:33.611] [Bytes recibidos]: 50
[2026-10-02 17:03:33.611] [Bytes recibidos]: 48
[2026-10-02 17:03:33.612] [Bytes recibidos]: 70
[2026-10-02 17:03:33.612] [Bytes recibidos]: 70
[2026-10-02 17:03:33.613] [Bytes recibidos]: 70
[2026-10-02 17:03:33.613] [Bytes recibidos]: 48
[2026-10-02 17:03:33.613] [Bytes recibidos]: 56
[2026-10-02 17:03:33.614] [Bytes recibidos]: 32
[2026-10-02 17:03:33.614] [Bytes recibidos]: 32
[2026-10-02 17:03:33.614] [Bytes recibidos]: 32
[2026-10-02 17:03:33.615] [Bytes recibidos]: 50
[2026-10-02 17:03:33.615] [Bytes recibidos]: 48
[2026-10-02 17:03:33.616] [Bytes recibidos]: 48
[2026-10-02 17:03:33.616] [Bytes recibidos]: 48
[2026-10-02 17:03:33.616] [Bytes recibidos]: 48
[2026-10-02 17:03:33.617] [Bytes recibidos]: 32
[2026-10-02 17:03:33.617] [Bytes recibidos]: 32
[2026-10-02 17:03:33.617] [Bytes recibidos]: 32
[2026-10-02 17:03:33.618] [Bytes recibidos]: 32
[2026-10-02 17:03:33.618] [Bytes recibidos]: 48
[2026-10-02 17:03:33.618] [Bytes recibidos]: 32
[2026-10-02 17:03:33.619] [Bytes recibidos]: 32
[2026-10-02 17:03:33.619] [Bytes recibidos]: 49
[2026-10-02 17:03:33.619] [Bytes recibidos]: 48
[2026-10-02 17:03:33.620] [Bytes recibidos]: 48
[2026-10-02 17:03:33.620] [Bytes recibidos]: 70
[2026-10-02 17:03:33.620] [Bytes recibidos]: 70
[2026-10-02 17:03:33.621] [Bytes recibidos]: 70
[2026-10-02 17:03:33.621] [Bytes recibidos]: 48
[2026-10-02 17:03:33.621] [Bytes recibidos]: 65
[2026-10-02 17:03:33.622] [Bytes recibidos]: 32
[2026-10-02 17:03:33.622] [Bytes recibidos]: 32
[2026-10-02 17:03:33.622] [Bytes recibidos]: 32
[2026-10-02 17:03:33.623] [Bytes recibidos]: 50
[2026-10-02 17:03:33.623] [Bytes recibidos]: 48
[2026-10-02 17:03:33.623] [Bytes recibidos]: 48
[2026-10-02 17:03:33.624] [Bytes recibidos]: 48
[2026-10-02 17:03:33.624] [Bytes recibidos]: 48
[2026-10-02 17:03:33.625] [Bytes recibidos]: 32
[2026-10-02 17:03:33.625] [Bytes recibidos]: 32
[2026-10-02 17:03:33.626] [Bytes recibidos]: 32
[2026-10-02 17:03:33.626] [Bytes recibidos]: 32
[2026-10-02 17:03:33.627] [Bytes recibidos]: 48
[2026-10-02 17:03:33.628] [Bytes recibidos]: 32
[2026-10-02 17:03:33.628] [Bytes recibidos]: 32
[2026-10-02 17:03:33.628] [Bytes recibidos]: 32
[2026-10-02 17:03:33.629] [Bytes recibidos]: 50
[2026-10-02 17:03:33.629] [Bytes recibidos]: 48
[2026-10-02 17:03:33.629] [Bytes recibidos]: 70
[2026-10-02 17:03:33.630] [Bytes recibidos]: 70
[2026-10-02 17:03:33.630] [Bytes recibidos]: 70
[2026-10-02 17:03:33.630] [Bytes recibidos]: 50
[2026-10-02 17:03:33.631] [Bytes recibidos]: 65
[2026-10-02 17:03:33.631] [Bytes recibidos]: 32
[2026-10-02 17:03:33.631] [Bytes recibidos]: 32
[2026-10-02 17:03:33.631] [Bytes recibidos]: 32
[2026-10-02 17:03:33.632] [Bytes recibidos]: 50
[2026-10-02 17:03:33.632] [Bytes recibidos]: 48
[2026-10-02 17:03:33.632] [Bytes recibidos]: 48
[2026-10-02 17:03:33.633] [Bytes recibidos]: 48
[2026-10-02 17:03:33.633] [Bytes recibidos]: 48
[2026-10-02 17:03:33.633] [Bytes recibidos]: 32
[2026-10-02 17:03:33.634] [Bytes recibidos]: 32
[2026-10-02 17:03:33.634] [Bytes recibidos]: 32
[2026-10-02 17:03:33.634] [Bytes recibidos]: 32
[2026-10-02 17:03:33.634] [Bytes recibidos]: 48
[2026-10-02 17:03:33.635] [Bytes recibidos]: 32
[2026-10-02 17:03:33.635] [Bytes recibidos]: 32
[2026-10-02 17:03:33.635] [Bytes recibidos]: 32
[2026-10-02 17:03:33.636] [Bytes recibidos]: 50
[2026-10-02 17:03:33.636] [Bytes recibidos]: 48
[2026-10-02 17:03:33.636] [Bytes recibidos]: 70
[2026-10-02 17:03:33.637] [Bytes recibidos]: 70
[2026-10-02 17:03:33.637] [Bytes recibidos]: 70
[2026-10-02 17:03:33.637] [Bytes recibidos]: 70
[2026-10-02 17:03:33.638] [Bytes recibidos]: 51
[2026-10-02 17:03:33.638] [Bytes recibidos]: 13
[2026-10-02 17:03:35.640] Enviado: S | HEX: 1B 53 36 45 0D
[2026-10-02 17:03:35.851] Recibido ASCII: <SOH>S00   20000-  21  121FFF01   20000- 181  181FFF05   20000    0  100FFF06   20000    0  120FFF07   20000    0   20FFF08   20000    0  100FFF0A   20000    0   20FFF2A   20000    0   20FFFF3<CR>
[2026-10-02 17:03:35.851] Recibido HEX: 01 53 30 30 20 20 20 32 30 30 30 30 2D 20 20 32 31 20 20 31 32 31 46 46 46 30 31 20 20 20 32 30 30 30 30 2D 20 31 38 31 20 20 31 38 31 46 46 46 30 35 20 20 20 32 30 30 30 30 20 20 20 20 30 20 20 31 30 30 46 46 46 30 36 20 20 20 32 30 30 30 30 20 20 20 20 30 20 20 31 32 30 46 46 46 30 37 20 20 20 32 30 30 30 30 20 20 20 20 30 20 20 20 32 30 46 46 46 30 38 20 20 20 32 30 30 30 30 20 20 20 20 30 20 20 31 30 30 46 46 46 30 41 20 20 20 32 30 30 30 30 20 20 20 20 30 20 20 20 32 30 46 46 46 32 41 20 20 20 32 30 30 30 30 20 20 20 20 30 20 20 20 32 30 46 46 46 46 33 0D
[2026-10-02 17:03:36.857] Enviado: T0001010105010601070108010A012A01 | HEX: 1B 54 30 30 30 31 30 31 30 31 30 35 30 31 30 36 30 31 30 37 30 31 30 38 30 31 30 41 30 31 32 41 30 31 42 36 0D
[2026-10-02 17:03:36.939] Recibido ASCII: <SOH>T55<CR>
[2026-10-02 17:03:36.939] Recibido HEX: 01 54 35 35 0D
[2026-10-02 17:03:38.954] Datos recibidos (410 bytes): D0 C6 C0 C0 C0 DF AC 92 88 A2 98 BE 91 80 DF AC 92 82 A2 98 BE 91 80 DF AC 92 BC A1 98 BE 91 80 DF AC 92 B6 A1 98 BE 91 80 DF AC 92 B1 A1 98 BE 91 80 DF AB 92 AC A1 98 BE 91 80 DF AB 92 A7 A1 98 BE 91 80 DF AA 92 A3 A1 98 BE 91 80 DF AA 92 A0 A1 98 BE 91 80 DF AA 92 9E A1 98 BE 91 80 DF A9 92 9B A1 98 BE 91 80 DF A7 92 98 A1 98 BE 91 80 DF A7 92 97 A1 98 BE 91 80 DF A5 92 99 A1 98 BE 91 80 DF A4 92 9A A1 98 BE 91 80 DF A1 92 9D A1 98 BE 91 80 DF 9C 92 A6 A1 98 BE 91 80 DF 98 92 AF A1 98 BE 91 80 DF 96 92 B8 A1 98 BE 91 80 DF 95 92 BD A1 98 BE 91 80 DF 95 92 85 A2 98 BE 91 80 DF 98 92 8F A2 98 BE 91 80 DF 99 92 92 A2 98 BE 91 80 DF 9E 92 94 A2 98 BE 91 80 DF A1 92 92 A2 98 BE 91 80 DF A3 92 91 A2 98 BE 91 80 DF A7 92 89 A2 98 BE 91 80 DF A9 92 83 A2 98 BE 91 80 DF AA 92 BD A1 98 BE 91 80 DF AA 92 B9 A1 98 BE 91 80 DF AA 92 B0 A1 98 BE 91 80 DF A6 92 99 A1 99 BE 91 80 DF 9F 92 80 A1 99 BE 91 80 DF 94 92 98 A0 99 BE 91 80 DF 8C 92 BE 9F 99 BE 91 80 DF AC 91 97 9E 99 BE 91 80 DF 92 91 87 9D 99 BE 91 80 DF B4 90 B9 9B 99 BE 91 80 DF A5 90 94 9B 99 BE 91 80 DF B8 8F BB 99 99 BE 91 80 DF AA 8F A4 99 99 BE 91 80 DF 84 8F B2 98 99 BE 91 80 DF B9 8E A5 98 99 BE 91 80 DF 9B 8E 85 98 99 BE 91 80 DF 89 8E B1 97 99 BE 91 80
[2026-10-02 17:03:38.954] [Bytes recibidos]: 208
[2026-10-02 17:03:38.956] [Bytes recibidos]: 198
[2026-10-02 17:03:38.956] [Bytes recibidos]: 192
[2026-10-02 17:03:38.956] [Bytes recibidos]: 192
[2026-10-02 17:03:38.957] [Bytes recibidos]: 192
[2026-10-02 17:03:38.957] [Bytes recibidos]: 223
[2026-10-02 17:03:38.957] [Bytes recibidos]: 172
[2026-10-02 17:03:38.957] [Bytes recibidos]: 146
[2026-10-02 17:03:38.958] [Bytes recibidos]: 136
[2026-10-02 17:03:38.958] [Bytes recibidos]: 162
[2026-10-02 17:03:38.958] [Bytes recibidos]: 152
[2026-10-02 17:03:38.958] [Bytes recibidos]: 190
[2026-10-02 17:03:38.958] [Bytes recibidos]: 145
[2026-10-02 17:03:38.959] [Bytes recibidos]: 128
[2026-10-02 17:03:38.959] [Bytes recibidos]: 223
[2026-10-02 17:03:38.959] [Bytes recibidos]: 172
[2026-10-02 17:03:38.959] [Bytes recibidos]: 146
[2026-10-02 17:03:38.960] [Bytes recibidos]: 130
[2026-10-02 17:03:38.960] [Bytes recibidos]: 162
[2026-10-02 17:03:38.960] [Bytes recibidos]: 152
[2026-10-02 17:03:38.961] [Bytes recibidos]: 190
[2026-10-02 17:03:38.961] [Bytes recibidos]: 145
[2026-10-02 17:03:38.961] [Bytes recibidos]: 128
[2026-10-02 17:03:38.961] [Bytes recibidos]: 223
[2026-10-02 17:03:38.962] [Bytes recibidos]: 172
[2026-10-02 17:03:38.962] [Bytes recibidos]: 146
[2026-10-02 17:03:38.962] [Bytes recibidos]: 188
[2026-10-02 17:03:38.962] [Bytes recibidos]: 161
[2026-10-02 17:03:38.963] [Bytes recibidos]: 152
[2026-10-02 17:03:38.963] [Bytes recibidos]: 190
[2026-10-02 17:03:38.963] [Bytes recibidos]: 145
[2026-10-02 17:03:38.963] [Bytes recibidos]: 128
[2026-10-02 17:03:38.964] [Bytes recibidos]: 223
[2026-10-02 17:03:38.964] [Bytes recibidos]: 172
[2026-10-02 17:03:38.964] [Bytes recibidos]: 146
[2026-10-02 17:03:38.964] [Bytes recibidos]: 182
[2026-10-02 17:03:38.965] [Bytes recibidos]: 161
[2026-10-02 17:03:38.965] [Bytes recibidos]: 152
[2026-10-02 17:03:38.965] [Bytes recibidos]: 190
[2026-10-02 17:03:38.966] [Bytes recibidos]: 145
[2026-10-02 17:03:38.966] [Bytes recibidos]: 128
[2026-10-02 17:03:38.966] [Bytes recibidos]: 223
[2026-10-02 17:03:38.967] [Bytes recibidos]: 172
[2026-10-02 17:03:38.967] [Bytes recibidos]: 146
[2026-10-02 17:03:38.967] [Bytes recibidos]: 177
[2026-10-02 17:03:38.968] [Bytes recibidos]: 161
[2026-10-02 17:03:38.968] [Bytes recibidos]: 152
[2026-10-02 17:03:38.968] [Bytes recibidos]: 190
[2026-10-02 17:03:38.969] [Bytes recibidos]: 145
[2026-10-02 17:03:38.969] [Bytes recibidos]: 128
[2026-10-02 17:03:38.969] [Bytes recibidos]: 223
[2026-10-02 17:03:38.970] [Bytes recibidos]: 171
[2026-10-02 17:03:38.970] [Bytes recibidos]: 146
[2026-10-02 17:03:38.970] [Bytes recibidos]: 172
[2026-10-02 17:03:38.970] [Bytes recibidos]: 161
[2026-10-02 17:03:38.971] [Bytes recibidos]: 152
[2026-10-02 17:03:38.971] [Bytes recibidos]: 190
[2026-10-02 17:03:38.971] [Bytes recibidos]: 145
[2026-10-02 17:03:38.971] [Bytes recibidos]: 128
[2026-10-02 17:03:38.972] [Bytes recibidos]: 223
[2026-10-02 17:03:38.972] [Bytes recibidos]: 171
[2026-10-02 17:03:38.972] [Bytes recibidos]: 146
[2026-10-02 17:03:38.972] [Bytes recibidos]: 167
[2026-10-02 17:03:38.973] [Bytes recibidos]: 161
[2026-10-02 17:03:38.973] [Bytes recibidos]: 152
[2026-10-02 17:03:38.973] [Bytes recibidos]: 190
[2026-10-02 17:03:38.973] [Bytes recibidos]: 145
[2026-10-02 17:03:38.974] [Bytes recibidos]: 128
[2026-10-02 17:03:38.974] [Bytes recibidos]: 223
[2026-10-02 17:03:38.974] [Bytes recibidos]: 170
[2026-10-02 17:03:38.974] [Bytes recibidos]: 146
[2026-10-02 17:03:38.974] [Bytes recibidos]: 163
[2026-10-02 17:03:38.975] [Bytes recibidos]: 161
[2026-10-02 17:03:38.975] [Bytes recibidos]: 152
[2026-10-02 17:03:38.975] [Bytes recibidos]: 190
[2026-10-02 17:03:38.976] [Bytes recibidos]: 145
[2026-10-02 17:03:38.976] [Bytes recibidos]: 128
[2026-10-02 17:03:38.976] [Bytes recibidos]: 223
[2026-10-02 17:03:38.976] [Bytes recibidos]: 170
[2026-10-02 17:03:38.976] [Bytes recibidos]: 146
[2026-10-02 17:03:38.977] [Bytes recibidos]: 160
[2026-10-02 17:03:38.977] [Bytes recibidos]: 161
[2026-10-02 17:03:38.977] [Bytes recibidos]: 152
[2026-10-02 17:03:38.977] [Bytes recibidos]: 190
[2026-10-02 17:03:38.978] [Bytes recibidos]: 145
[2026-10-02 17:03:38.978] [Bytes recibidos]: 128
[2026-10-02 17:03:38.978] [Bytes recibidos]: 223
[2026-10-02 17:03:38.979] [Bytes recibidos]: 170
[2026-10-02 17:03:38.979] [Bytes recibidos]: 146
[2026-10-02 17:03:38.979] [Bytes recibidos]: 158
[2026-10-02 17:03:38.979] [Bytes recibidos]: 161
[2026-10-02 17:03:38.980] [Bytes recibidos]: 152
[2026-10-02 17:03:38.980] [Bytes recibidos]: 190
[2026-10-02 17:03:38.980] [Bytes recibidos]: 145
[2026-10-02 17:03:38.980] [Bytes recibidos]: 128
[2026-10-02 17:03:38.981] [Bytes recibidos]: 223
[2026-10-02 17:03:38.981] [Bytes recibidos]: 169
[2026-10-02 17:03:38.981] [Bytes recibidos]: 146
[2026-10-02 17:03:38.981] [Bytes recibidos]: 155
[2026-10-02 17:03:38.982] [Bytes recibidos]: 161
[2026-10-02 17:03:38.982] [Bytes recibidos]: 152
[2026-10-02 17:03:38.982] [Bytes recibidos]: 190
[2026-10-02 17:03:38.982] [Bytes recibidos]: 145
[2026-10-02 17:03:38.983] [Bytes recibidos]: 128
[2026-10-02 17:03:38.983] [Bytes recibidos]: 223
[2026-10-02 17:03:38.983] [Bytes recibidos]: 167
[2026-10-02 17:03:38.984] [Bytes recibidos]: 146
[2026-10-02 17:03:38.984] [Bytes recibidos]: 152
[2026-10-02 17:03:38.984] [Bytes recibidos]: 161
[2026-10-02 17:03:38.984] [Bytes recibidos]: 152
[2026-10-02 17:03:38.984] [Bytes recibidos]: 190
[2026-10-02 17:03:38.985] [Bytes recibidos]: 145
[2026-10-02 17:03:38.985] [Bytes recibidos]: 128
[2026-10-02 17:03:38.985] [Bytes recibidos]: 223
[2026-10-02 17:03:38.985] [Bytes recibidos]: 167
[2026-10-02 17:03:38.986] [Bytes recibidos]: 146
[2026-10-02 17:03:38.986] [Bytes recibidos]: 151
[2026-10-02 17:03:38.986] [Bytes recibidos]: 161
[2026-10-02 17:03:38.986] [Bytes recibidos]: 152
[2026-10-02 17:03:38.987] [Bytes recibidos]: 190
[2026-10-02 17:03:38.987] [Bytes recibidos]: 145
[2026-10-02 17:03:38.987] [Bytes recibidos]: 128
[2026-10-02 17:03:38.987] [Bytes recibidos]: 223
[2026-10-02 17:03:38.987] [Bytes recibidos]: 165
[2026-10-02 17:03:38.988] [Bytes recibidos]: 146
[2026-10-02 17:03:38.988] [Bytes recibidos]: 153
[2026-10-02 17:03:38.988] [Bytes recibidos]: 161
[2026-10-02 17:03:38.988] [Bytes recibidos]: 152
[2026-10-02 17:03:38.989] [Bytes recibidos]: 190
[2026-10-02 17:03:38.989] [Bytes recibidos]: 145
[2026-10-02 17:03:38.989] [Bytes recibidos]: 128
[2026-10-02 17:03:38.989] [Bytes recibidos]: 223
[2026-10-02 17:03:38.990] [Bytes recibidos]: 164
[2026-10-02 17:03:38.990] [Bytes recibidos]: 146
[2026-10-02 17:03:38.990] [Bytes recibidos]: 154
[2026-10-02 17:03:38.990] [Bytes recibidos]: 161
[2026-10-02 17:03:38.991] [Bytes recibidos]: 152
[2026-10-02 17:03:38.991] [Bytes recibidos]: 190
[2026-10-02 17:03:38.991] [Bytes recibidos]: 145
[2026-10-02 17:03:38.991] [Bytes recibidos]: 128
[2026-10-02 17:03:38.991] [Bytes recibidos]: 223
[2026-10-02 17:03:38.992] [Bytes recibidos]: 161
[2026-10-02 17:03:38.992] [Bytes recibidos]: 146
[2026-10-02 17:03:38.992] [Bytes recibidos]: 157
[2026-10-02 17:03:38.992] [Bytes recibidos]: 161
[2026-10-02 17:03:38.993] [Bytes recibidos]: 152
[2026-10-02 17:03:38.993] [Bytes recibidos]: 190
[2026-10-02 17:03:38.993] [Bytes recibidos]: 145
[2026-10-02 17:03:38.993] [Bytes recibidos]: 128
[2026-10-02 17:03:38.994] [Bytes recibidos]: 223
[2026-10-02 17:03:38.994] [Bytes recibidos]: 156
[2026-10-02 17:03:38.994] [Bytes recibidos]: 146
[2026-10-02 17:03:38.994] [Bytes recibidos]: 166
[2026-10-02 17:03:38.994] [Bytes recibidos]: 161
[2026-10-02 17:03:38.995] [Bytes recibidos]: 152
[2026-10-02 17:03:38.995] [Bytes recibidos]: 190
[2026-10-02 17:03:38.995] [Bytes recibidos]: 145
[2026-10-02 17:03:38.995] [Bytes recibidos]: 128
[2026-10-02 17:03:38.996] [Bytes recibidos]: 223
[2026-10-02 17:03:38.996] [Bytes recibidos]: 152
[2026-10-02 17:03:38.996] [Bytes recibidos]: 146
[2026-10-02 17:03:38.996] [Bytes recibidos]: 175
[2026-10-02 17:03:38.996] [Bytes recibidos]: 161
[2026-10-02 17:03:38.997] [Bytes recibidos]: 152
[2026-10-02 17:03:38.997] [Bytes recibidos]: 190
[2026-10-02 17:03:38.997] [Bytes recibidos]: 145
[2026-10-02 17:03:38.997] [Bytes recibidos]: 128
[2026-10-02 17:03:38.997] [Bytes recibidos]: 223
[2026-10-02 17:03:38.998] [Bytes recibidos]: 150
[2026-10-02 17:03:38.998] [Bytes recibidos]: 146
[2026-10-02 17:03:38.998] [Bytes recibidos]: 184
[2026-10-02 17:03:38.998] [Bytes recibidos]: 161
[2026-10-02 17:03:38.999] [Bytes recibidos]: 152
[2026-10-02 17:03:38.999] [Bytes recibidos]: 190
[2026-10-02 17:03:38.999] [Bytes recibidos]: 145
[2026-10-02 17:03:38.999] [Bytes recibidos]: 128
[2026-10-02 17:03:39.000] [Bytes recibidos]: 223
[2026-10-02 17:03:39.000] [Bytes recibidos]: 149
[2026-10-02 17:03:39.000] [Bytes recibidos]: 146
[2026-10-02 17:03:39.000] [Bytes recibidos]: 189
[2026-10-02 17:03:39.001] [Bytes recibidos]: 161
[2026-10-02 17:03:39.001] [Bytes recibidos]: 152
[2026-10-02 17:03:39.001] [Bytes recibidos]: 190
[2026-10-02 17:03:39.001] [Bytes recibidos]: 145
[2026-10-02 17:03:39.001] [Bytes recibidos]: 128
[2026-10-02 17:03:39.002] [Bytes recibidos]: 223
[2026-10-02 17:03:39.002] [Bytes recibidos]: 149
[2026-10-02 17:03:39.002] [Bytes recibidos]: 146
[2026-10-02 17:03:39.002] [Bytes recibidos]: 133
[2026-10-02 17:03:39.002] [Bytes recibidos]: 162
[2026-10-02 17:03:39.003] [Bytes recibidos]: 152
[2026-10-02 17:03:39.003] [Bytes recibidos]: 190
[2026-10-02 17:03:39.003] [Bytes recibidos]: 145
[2026-10-02 17:03:39.003] [Bytes recibidos]: 128
[2026-10-02 17:03:39.003] [Bytes recibidos]: 223
[2026-10-02 17:03:39.004] [Bytes recibidos]: 152
[2026-10-02 17:03:39.004] [Bytes recibidos]: 146
[2026-10-02 17:03:39.004] [Bytes recibidos]: 143
[2026-10-02 17:03:39.004] [Bytes recibidos]: 162
[2026-10-02 17:03:39.005] [Bytes recibidos]: 152
[2026-10-02 17:03:39.005] [Bytes recibidos]: 190
[2026-10-02 17:03:39.005] [Bytes recibidos]: 145
[2026-10-02 17:03:39.005] [Bytes recibidos]: 128
[2026-10-02 17:03:39.005] [Bytes recibidos]: 223
[2026-10-02 17:03:39.006] [Bytes recibidos]: 153
[2026-10-02 17:03:39.006] [Bytes recibidos]: 146
[2026-10-02 17:03:39.006] [Bytes recibidos]: 146
[2026-10-02 17:03:39.006] [Bytes recibidos]: 162
[2026-10-02 17:03:39.007] [Bytes recibidos]: 152
[2026-10-02 17:03:39.007] [Bytes recibidos]: 190
[2026-10-02 17:03:39.007] [Bytes recibidos]: 145
[2026-10-02 17:03:39.007] [Bytes recibidos]: 128
[2026-10-02 17:03:39.007] [Bytes recibidos]: 223
[2026-10-02 17:03:39.008] [Bytes recibidos]: 158
[2026-10-02 17:03:39.008] [Bytes recibidos]: 146
[2026-10-02 17:03:39.008] [Bytes recibidos]: 148
[2026-10-02 17:03:39.008] [Bytes recibidos]: 162
[2026-10-02 17:03:39.009] [Bytes recibidos]: 152
[2026-10-02 17:03:39.009] [Bytes recibidos]: 190
[2026-10-02 17:03:39.009] [Bytes recibidos]: 145
[2026-10-02 17:03:39.009] [Bytes recibidos]: 128
[2026-10-02 17:03:39.010] [Bytes recibidos]: 223
[2026-10-02 17:03:39.010] [Bytes recibidos]: 161
[2026-10-02 17:03:39.010] [Bytes recibidos]: 146
[2026-10-02 17:03:39.010] [Bytes recibidos]: 146
[2026-10-02 17:03:39.010] [Bytes recibidos]: 162
[2026-10-02 17:03:39.011] [Bytes recibidos]: 152
[2026-10-02 17:03:39.011] [Bytes recibidos]: 190
[2026-10-02 17:03:39.011] [Bytes recibidos]: 145
[2026-10-02 17:03:39.011] [Bytes recibidos]: 128
[2026-10-02 17:03:39.012] [Bytes recibidos]: 223
[2026-10-02 17:03:39.012] [Bytes recibidos]: 163
[2026-10-02 17:03:39.012] [Bytes recibidos]: 146
[2026-10-02 17:03:39.012] [Bytes recibidos]: 145
[2026-10-02 17:03:39.012] [Bytes recibidos]: 162
[2026-10-02 17:03:39.013] [Bytes recibidos]: 152
[2026-10-02 17:03:39.013] [Bytes recibidos]: 190
[2026-10-02 17:03:39.013] [Bytes recibidos]: 145
[2026-10-02 17:03:39.013] [Bytes recibidos]: 128
[2026-10-02 17:03:39.014] [Bytes recibidos]: 223
[2026-10-02 17:03:39.014] [Bytes recibidos]: 167
[2026-10-02 17:03:39.014] [Bytes recibidos]: 146
[2026-10-02 17:03:39.014] [Bytes recibidos]: 137
[2026-10-02 17:03:39.014] [Bytes recibidos]: 162
[2026-10-02 17:03:39.015] [Bytes recibidos]: 152
[2026-10-02 17:03:39.015] [Bytes recibidos]: 190
[2026-10-02 17:03:39.015] [Bytes recibidos]: 145
[2026-10-02 17:03:39.015] [Bytes recibidos]: 128
[2026-10-02 17:03:39.015] [Bytes recibidos]: 223
[2026-10-02 17:03:39.016] [Bytes recibidos]: 169
[2026-10-02 17:03:39.016] [Bytes recibidos]: 146
[2026-10-02 17:03:39.016] [Bytes recibidos]: 131
[2026-10-02 17:03:39.016] [Bytes recibidos]: 162
[2026-10-02 17:03:39.016] [Bytes recibidos]: 152
[2026-10-02 17:03:39.017] [Bytes recibidos]: 190
[2026-10-02 17:03:39.017] [Bytes recibidos]: 145
[2026-10-02 17:03:39.017] [Bytes recibidos]: 128
[2026-10-02 17:03:39.017] [Bytes recibidos]: 223
[2026-10-02 17:03:39.018] [Bytes recibidos]: 170
[2026-10-02 17:03:39.018] [Bytes recibidos]: 146
[2026-10-02 17:03:39.018] [Bytes recibidos]: 189
[2026-10-02 17:03:39.018] [Bytes recibidos]: 161
[2026-10-02 17:03:39.018] [Bytes recibidos]: 152
[2026-10-02 17:03:39.019] [Bytes recibidos]: 190
[2026-10-02 17:03:39.019] [Bytes recibidos]: 145
[2026-10-02 17:03:39.019] [Bytes recibidos]: 128
[2026-10-02 17:03:39.019] [Bytes recibidos]: 223
[2026-10-02 17:03:39.019] [Bytes recibidos]: 170
[2026-10-02 17:03:39.020] [Bytes recibidos]: 146
[2026-10-02 17:03:39.020] [Bytes recibidos]: 185
[2026-10-02 17:03:39.020] [Bytes recibidos]: 161
[2026-10-02 17:03:39.020] [Bytes recibidos]: 152
[2026-10-02 17:03:39.020] [Bytes recibidos]: 190
[2026-10-02 17:03:39.020] [Bytes recibidos]: 145
[2026-10-02 17:03:39.021] [Bytes recibidos]: 128
[2026-10-02 17:03:39.021] [Bytes recibidos]: 223
[2026-10-02 17:03:39.021] [Bytes recibidos]: 170
[2026-10-02 17:03:39.021] [Bytes recibidos]: 146
[2026-10-02 17:03:39.021] [Bytes recibidos]: 176
[2026-10-02 17:03:39.022] [Bytes recibidos]: 161
[2026-10-02 17:03:39.022] [Bytes recibidos]: 152
[2026-10-02 17:03:39.022] [Bytes recibidos]: 190
[2026-10-02 17:03:39.022] [Bytes recibidos]: 145
[2026-10-02 17:03:39.022] [Bytes recibidos]: 128
[2026-10-02 17:03:39.022] [Bytes recibidos]: 223
[2026-10-02 17:03:39.023] [Bytes recibidos]: 166
[2026-10-02 17:03:39.023] [Bytes recibidos]: 146
[2026-10-02 17:03:39.023] [Bytes recibidos]: 153
[2026-10-02 17:03:39.023] [Bytes recibidos]: 161
[2026-10-02 17:03:39.024] [Bytes recibidos]: 153
[2026-10-02 17:03:39.024] [Bytes recibidos]: 190
[2026-10-02 17:03:39.024] [Bytes recibidos]: 145
[2026-10-02 17:03:39.024] [Bytes recibidos]: 128
[2026-10-02 17:03:39.025] [Bytes recibidos]: 223
[2026-10-02 17:03:39.025] [Bytes recibidos]: 159
[2026-10-02 17:03:39.025] [Bytes recibidos]: 146
[2026-10-02 17:03:39.025] [Bytes recibidos]: 128
[2026-10-02 17:03:39.026] [Bytes recibidos]: 161
[2026-10-02 17:03:39.026] [Bytes recibidos]: 153
[2026-10-02 17:03:39.027] [Bytes recibidos]: 190
[2026-10-02 17:03:39.027] [Bytes recibidos]: 145
[2026-10-02 17:03:39.028] [Bytes recibidos]: 128
[2026-10-02 17:03:39.028] [Bytes recibidos]: 223
[2026-10-02 17:03:39.028] [Bytes recibidos]: 148
[2026-10-02 17:03:39.028] [Bytes recibidos]: 146
[2026-10-02 17:03:39.028] [Bytes recibidos]: 152
[2026-10-02 17:03:39.029] [Bytes recibidos]: 160
[2026-10-02 17:03:39.029] [Bytes recibidos]: 153
[2026-10-02 17:03:39.029] [Bytes recibidos]: 190
[2026-10-02 17:03:39.029] [Bytes recibidos]: 145
[2026-10-02 17:03:39.029] [Bytes recibidos]: 128
[2026-10-02 17:03:39.030] [Bytes recibidos]: 223
[2026-10-02 17:03:39.030] [Bytes recibidos]: 140
[2026-10-02 17:03:39.030] [Bytes recibidos]: 146
[2026-10-02 17:03:39.030] [Bytes recibidos]: 190
[2026-10-02 17:03:39.031] [Bytes recibidos]: 159
[2026-10-02 17:03:39.031] [Bytes recibidos]: 153
[2026-10-02 17:03:39.031] [Bytes recibidos]: 190
[2026-10-02 17:03:39.031] [Bytes recibidos]: 145
[2026-10-02 17:03:39.032] [Bytes recibidos]: 128
[2026-10-02 17:03:39.032] [Bytes recibidos]: 223
[2026-10-02 17:03:39.032] [Bytes recibidos]: 172
[2026-10-02 17:03:39.032] [Bytes recibidos]: 145
[2026-10-02 17:03:39.033] [Bytes recibidos]: 151
[2026-10-02 17:03:39.033] [Bytes recibidos]: 158
[2026-10-02 17:03:39.033] [Bytes recibidos]: 153
[2026-10-02 17:03:39.033] [Bytes recibidos]: 190
[2026-10-02 17:03:39.033] [Bytes recibidos]: 145
[2026-10-02 17:03:39.033] [Bytes recibidos]: 128
[2026-10-02 17:03:39.034] [Bytes recibidos]: 223
[2026-10-02 17:03:39.034] [Bytes recibidos]: 146
[2026-10-02 17:03:39.034] [Bytes recibidos]: 145
[2026-10-02 17:03:39.034] [Bytes recibidos]: 135
[2026-10-02 17:03:39.034] [Bytes recibidos]: 157
[2026-10-02 17:03:39.035] [Bytes recibidos]: 153
[2026-10-02 17:03:39.035] [Bytes recibidos]: 190
[2026-10-02 17:03:39.035] [Bytes recibidos]: 145
[2026-10-02 17:03:39.035] [Bytes recibidos]: 128
[2026-10-02 17:03:39.035] [Bytes recibidos]: 223
[2026-10-02 17:03:39.035] [Bytes recibidos]: 180
[2026-10-02 17:03:39.036] [Bytes recibidos]: 144
[2026-10-02 17:03:39.036] [Bytes recibidos]: 185
[2026-10-02 17:03:39.036] [Bytes recibidos]: 155
[2026-10-02 17:03:39.036] [Bytes recibidos]: 153
[2026-10-02 17:03:39.036] [Bytes recibidos]: 190
[2026-10-02 17:03:39.037] [Bytes recibidos]: 145
[2026-10-02 17:03:39.037] [Bytes recibidos]: 128
[2026-10-02 17:03:39.037] [Bytes recibidos]: 223
[2026-10-02 17:03:39.037] [Bytes recibidos]: 165
[2026-10-02 17:03:39.037] [Bytes recibidos]: 144
[2026-10-02 17:03:39.037] [Bytes recibidos]: 148
[2026-10-02 17:03:39.038] [Bytes recibidos]: 155
[2026-10-02 17:03:39.038] [Bytes recibidos]: 153
[2026-10-02 17:03:39.038] [Bytes recibidos]: 190
[2026-10-02 17:03:39.038] [Bytes recibidos]: 145
[2026-10-02 17:03:39.038] [Bytes recibidos]: 128
[2026-10-02 17:03:39.039] [Bytes recibidos]: 223
[2026-10-02 17:03:39.039] [Bytes recibidos]: 184
[2026-10-02 17:03:39.039] [Bytes recibidos]: 143
[2026-10-02 17:03:39.039] [Bytes recibidos]: 187
[2026-10-02 17:03:39.039] [Bytes recibidos]: 153
[2026-10-02 17:03:39.039] [Bytes recibidos]: 153
[2026-10-02 17:03:39.040] [Bytes recibidos]: 190
[2026-10-02 17:03:39.040] [Bytes recibidos]: 145
[2026-10-02 17:03:39.040] [Bytes recibidos]: 128
[2026-10-02 17:03:39.040] [Bytes recibidos]: 223
[2026-10-02 17:03:39.040] [Bytes recibidos]: 170
[2026-10-02 17:03:39.040] [Bytes recibidos]: 143
[2026-10-02 17:03:39.041] [Bytes recibidos]: 164
[2026-10-02 17:03:39.041] [Bytes recibidos]: 153
[2026-10-02 17:03:39.041] [Bytes recibidos]: 153
[2026-10-02 17:03:39.041] [Bytes recibidos]: 190
[2026-10-02 17:03:39.041] [Bytes recibidos]: 145
[2026-10-02 17:03:39.041] [Bytes recibidos]: 128
[2026-10-02 17:03:39.042] [Bytes recibidos]: 223
[2026-10-02 17:03:39.042] [Bytes recibidos]: 132
[2026-10-02 17:03:39.042] [Bytes recibidos]: 143
[2026-10-02 17:03:39.042] [Bytes recibidos]: 178
[2026-10-02 17:03:39.043] [Bytes recibidos]: 152
[2026-10-02 17:03:39.043] [Bytes recibidos]: 153
[2026-10-02 17:03:39.043] [Bytes recibidos]: 190
[2026-10-02 17:03:39.043] [Bytes recibidos]: 145
[2026-10-02 17:03:39.043] [Bytes recibidos]: 128
[2026-10-02 17:03:39.044] [Bytes recibidos]: 223
[2026-10-02 17:03:39.044] [Bytes recibidos]: 185
[2026-10-02 17:03:39.044] [Bytes recibidos]: 142
[2026-10-02 17:03:39.044] [Bytes recibidos]: 165
[2026-10-02 17:03:39.044] [Bytes recibidos]: 152
[2026-10-02 17:03:39.045] [Bytes recibidos]: 153
[2026-10-02 17:03:39.045] [Bytes recibidos]: 190
[2026-10-02 17:03:39.045] [Bytes recibidos]: 145
[2026-10-02 17:03:39.045] [Bytes recibidos]: 128
[2026-10-02 17:03:39.045] [Bytes recibidos]: 223
[2026-10-02 17:03:39.045] [Bytes recibidos]: 155
[2026-10-02 17:03:39.046] [Bytes recibidos]: 142
[2026-10-02 17:03:39.046] [Bytes recibidos]: 133
[2026-10-02 17:03:39.046] [Bytes recibidos]: 152
[2026-10-02 17:03:39.046] [Bytes recibidos]: 153
[2026-10-02 17:03:39.046] [Bytes recibidos]: 190
[2026-10-02 17:03:39.047] [Bytes recibidos]: 145
[2026-10-02 17:03:39.047] [Bytes recibidos]: 128
[2026-10-02 17:03:39.047] [Bytes recibidos]: 223
[2026-10-02 17:03:39.047] [Bytes recibidos]: 137
[2026-10-02 17:03:39.047] [Bytes recibidos]: 142
[2026-10-02 17:03:39.047] [Bytes recibidos]: 177
[2026-10-02 17:03:39.048] [Bytes recibidos]: 151
[2026-10-02 17:03:39.048] [Bytes recibidos]: 153
[2026-10-02 17:03:39.048] [Bytes recibidos]: 190
[2026-10-02 17:03:39.048] [Bytes recibidos]: 145
[2026-10-02 17:03:39.048] [Bytes recibidos]: 128
[2026-10-02 17:03:39.052] [Data Recibida]: -7.129426129426129
[2026-10-02 17:03:39.053] [MIN]: -21
[2026-10-02 17:03:39.053] [MAX]: 121
[2026-10-02 17:03:39.053] [MAXBIN]: 4095
[2026-10-02 17:03:39.054] [Data Recibida]: -181.0
[2026-10-02 17:03:39.054] [MIN]: -181
[2026-10-02 17:03:39.054] [MAX]: 181
[2026-10-02 17:03:39.054] [MAXBIN]: 4095
[2026-10-02 17:03:39.054] [Data Recibida]: 48.44932844932845
[2026-10-02 17:03:39.054] [MIN]: 0
[2026-10-02 17:03:39.055] [MAX]: 100
[2026-10-02 17:03:39.055] [MAXBIN]: 4095
[2026-10-02 17:03:39.055] [Data Recibida]: 35.04761904761905
[2026-10-02 17:03:39.055] [MIN]: 0
[2026-10-02 17:03:39.055] [MAX]: 120
[2026-10-02 17:03:39.055] [MAXBIN]: 4095
[2026-10-02 17:03:39.056] [Data Recibida]: 10.666666666666666
[2026-10-02 17:03:39.056] [MIN]: 0
[2026-10-02 17:03:39.056] [MAX]: 20
[2026-10-02 17:03:39.056] [MAXBIN]: 4095
[2026-10-02 17:03:39.057] [Data Recibida]: 97.48473748473748
[2026-10-02 17:03:39.057] [MIN]: 0
[2026-10-02 17:03:39.057] [MAX]: 100
[2026-10-02 17:03:39.057] [MAXBIN]: 4095
[2026-10-02 17:03:39.057] [Data Recibida]: 0.08302808302808302
[2026-10-02 17:03:39.057] [MIN]: 0
[2026-10-02 17:03:39.058] [MAX]: 20
[2026-10-02 17:03:39.058] [MAXBIN]: 4095
[2026-10-02 17:03:39.058] [Data Recibida]: 13.904761904761905
[2026-10-02 17:03:39.058] [MIN]: 0
[2026-10-02 17:03:39.058] [MAX]: 20
[2026-10-02 17:03:39.058] [MAXBIN]: 4095
[2026-10-02 17:03:41.074] Datos recibidos (957 bytes): DF 81 8E A8 97 99 BE 91 80 DF A8 8D 90 97 99 BE 91 80 DF 99 8D 85 97 99 BE 91 80 DF 8C 8D 80 97 99 BE 91 80 DF 85 8D BE 96 99 BE 91 80 DF BA 8C BF 96 99 BE 91 80 DF AC 8C 84 97 99 BE 91 80 DF A8 8C 86 97 99 BE 91 80 DF 9C 8C 8F 97 99 BE 91 80 DF 99 8C 92 97 99 BE 91 80 DF 90 8C 9B 97 99 BE 91 80 DF 8A 8C A0 97 99 BE 91 80 DF 84 8C A6 97 99 BE 91 80 DF BF 8B AC 97 99 BE 91 80 DF BC 8B AF 97 99 BE 91 80 DF B7 8B B7 97 99 BE 91 80 DF B0 8B 84 98 99 BE 91 80 DF AC 8B 8F 98 99 BE 91 80 DF A7 8B 9C 98 99 BE 91 80 DF A5 8B A4 98 99 BE 91 80 DF A1 8B B5 98 99 BE 91 80 DF 9B 8B 94 99 99 BE 91 80 DF 97 8B AB 99 99 BE 91 80 DF 93 8B 83 9A 99 BE 91 80 DF 92 8B 90 9A 99 BE 91 80 DF 8D 8B B7 9A 99 BE 91 80 DF 8A 8B 90 9B 99 BE 91 80 DF 88 8B A9 9B 99 BE 91 80 DF 86 8B 82 9C 99 BE 91 80 DF 85 8B 8F 9C 99 BE 91 80 DF 82 8B B4 9C 99 BE 91 80 DF 80 8B 8D 9D 99 BE 91 80 DF BF 8A A6 9D 99 BE 91 80 DF BE 8A BD 9D 99 BE 91 80 DF BD 8A 93 9E 9A BE 91 80 DF BD 8A 9D 9E 9A BE 91 80 DF BC 8A B7 9E 9A BE 91 80 DF BB 8A 85 9F 9A BE 91 80 DF BB 8A 92 9F 9A BE 91 80 DF BA 8A 97 9F 9A BE 91 80 DF BA 8A A0 9F 9A BE 91 80 DF B9 8A AA 9F 9A BE 91 80 DF B9 8A AF 9F 9A BE 91 80 DF B9 8A B3 9F 9A BE 91 80 DF B9 8A B5 9F 9A BE 91 80 DF B9 8A B7 9F 9A BE 91 80 DF B9 8A BA 9F 9A BE 91 80 DF B9 8A BB 9F 9A BE 91 80 DF B9 8A BC 9F 9A BE 91 80 DF B9 8A BD 9F 9A BE 91 80 DF B9 8A BD 9F 9A BE 91 80 DF B9 8A BE 9F 9A BE 91 80 DF B9 8A BE 9F 9A BE 91 80 DF B9 8A BE 9F 9A BE 91 80 DF B9 8A BE 9F 9A BE 91 80 DF B9 8A BE 9F 9A BE 91 80 DF B9 8A BE 9F 9A BE 91 80 DF B9 8A BE 9F 9A BE 91 80 DF B9 8A BE 9F 9A BE 91 80 DF B9 8A BE 9F 9A BE 91 80 DF B9 8A BF 9F 9A BE 91 80 DF B9 8A BF 9F 9A BE 91 80 DF B9 8A BF 9F 9A BE 91 80 DF B9 8A BF 9F 9A BE 91 80 DF B9 8A BF 9F 9A BE 91 80 DF B9 8A BF 9F 9A BE 91 80 DF B9 8A 80 A0 9A BE 91 80 DF B9 8A 80 A0 9A BE 91 80 DF B9 8A 80 A0 9A BE 91 80 DF B9 8A 80 A0 9A BE 91 80 DF B9 8A 80 A0 9A BE 91 80 DF B9 8A 80 A0 9A BE 91 80 DF B9 8A 80 A0 99 BE 91 80 DF B9 8A 80 A0 99 BE 91 80 DF B9 8A 80 A0 99 BE 91 80 DF B9 8A 80 A0 99 BE 91 80 DF B9 8A 80 A0 99 BE 91 80 DF B9 8A 80 A0 99 BE 91 80 DF B9 8A 80 A0 99 BE 91 80 DF B9 8A 80 A0 99 BE 91 80 DF B9 8A 80 A0 98 BE 91 80 DF B8 8A 80 A0 98 BE 91 80 DF B8 8A BF 9F 98 BE 91 80 DF B8 8A BF 9F 98 BE 91 80 DF B8 8A BF 9F 98 BE 91 80 DF B8 8A BF 9F 98 BE 91 80 DF B8 8A 80 A0 98 BE 91 80 DF B8 8A 80 A0 97 BE 91 80 DF B7 8A 80 A0 97 BE 91 80 DF B7 8A 80 A0 97 BE 91 80 DF B7 8A 80 A0 97 BE 91 80 DF B7 8A 80 A0 97 BE 91 80 DF B7 8A 80 A0 97 BE 91 80 DF B7 8A 80 A0 97 BE 91 80 DF B7 8A 80 A0 97 BE 91 80 DF B7 8A 80 A0 97 BE 91 80 DF B6 8A 80 A0 97 BE 91 80 DF B6 8A 80 A0 97 BE 91 80 DF B6 8A 80 A0 97 BE 91 80 DF B6 8A 80 A0 97 BE 91 80 DF B6 8A 80 A0 96 BE 91 80 DF B6 8A 80 A0 96 BE 91 80 DF B6 8A 80 A0 96 BE 91 80 DF B5 8A 80 A0 96 BE 91 80 DF B5 8A 80 A0 96 BE 91 80 DF B5 8A BF 9F 96 BE 91 80 DF B5 8A
[2026-10-02 17:03:41.074] [Bytes recibidos]: 223
[2026-10-02 17:03:41.074] [Bytes recibidos]: 129
[2026-10-02 17:03:41.075] [Bytes recibidos]: 142
[2026-10-02 17:03:41.075] [Bytes recibidos]: 168
[2026-10-02 17:03:41.075] [Bytes recibidos]: 151
[2026-10-02 17:03:41.075] [Bytes recibidos]: 153
[2026-10-02 17:03:41.075] [Bytes recibidos]: 190
[2026-10-02 17:03:41.075] [Bytes recibidos]: 145
[2026-10-02 17:03:41.075] [Bytes recibidos]: 128
[2026-10-02 17:03:41.076] [Bytes recibidos]: 223
[2026-10-02 17:03:41.076] [Bytes recibidos]: 168
[2026-10-02 17:03:41.076] [Bytes recibidos]: 141
[2026-10-02 17:03:41.076] [Bytes recibidos]: 144
[2026-10-02 17:03:41.076] [Bytes recibidos]: 151
[2026-10-02 17:03:41.076] [Bytes recibidos]: 153
[2026-10-02 17:03:41.076] [Bytes recibidos]: 190
[2026-10-02 17:03:41.077] [Bytes recibidos]: 145
[2026-10-02 17:03:41.077] [Bytes recibidos]: 128
[2026-10-02 17:03:41.077] [Bytes recibidos]: 223
[2026-10-02 17:03:41.077] [Bytes recibidos]: 153
[2026-10-02 17:03:41.077] [Bytes recibidos]: 141
[2026-10-02 17:03:41.077] [Bytes recibidos]: 133
[2026-10-02 17:03:41.078] [Bytes recibidos]: 151
[2026-10-02 17:03:41.078] [Bytes recibidos]: 153
[2026-10-02 17:03:41.078] [Bytes recibidos]: 190
[2026-10-02 17:03:41.078] [Bytes recibidos]: 145
[2026-10-02 17:03:41.078] [Bytes recibidos]: 128
[2026-10-02 17:03:41.078] [Bytes recibidos]: 223
[2026-10-02 17:03:41.079] [Bytes recibidos]: 140
[2026-10-02 17:03:41.079] [Bytes recibidos]: 141
[2026-10-02 17:03:41.079] [Bytes recibidos]: 128
[2026-10-02 17:03:41.079] [Bytes recibidos]: 151
[2026-10-02 17:03:41.079] [Bytes recibidos]: 153
[2026-10-02 17:03:41.079] [Bytes recibidos]: 190
[2026-10-02 17:03:41.079] [Bytes recibidos]: 145
[2026-10-02 17:03:41.080] [Bytes recibidos]: 128
[2026-10-02 17:03:41.080] [Bytes recibidos]: 223
[2026-10-02 17:03:41.080] [Bytes recibidos]: 133
[2026-10-02 17:03:41.080] [Bytes recibidos]: 141
[2026-10-02 17:03:41.080] [Bytes recibidos]: 190
[2026-10-02 17:03:41.080] [Bytes recibidos]: 150
[2026-10-02 17:03:41.081] [Bytes recibidos]: 153
[2026-10-02 17:03:41.081] [Bytes recibidos]: 190
[2026-10-02 17:03:41.081] [Bytes recibidos]: 145
[2026-10-02 17:03:41.081] [Bytes recibidos]: 128
[2026-10-02 17:03:41.081] [Bytes recibidos]: 223
[2026-10-02 17:03:41.081] [Bytes recibidos]: 186
[2026-10-02 17:03:41.082] [Bytes recibidos]: 140
[2026-10-02 17:03:41.082] [Bytes recibidos]: 191
[2026-10-02 17:03:41.082] [Bytes recibidos]: 150
[2026-10-02 17:03:41.082] [Bytes recibidos]: 153
[2026-10-02 17:03:41.082] [Bytes recibidos]: 190
[2026-10-02 17:03:41.082] [Bytes recibidos]: 145
[2026-10-02 17:03:41.082] [Bytes recibidos]: 128
[2026-10-02 17:03:41.083] [Bytes recibidos]: 223
[2026-10-02 17:03:41.083] [Bytes recibidos]: 172
[2026-10-02 17:03:41.083] [Bytes recibidos]: 140
[2026-10-02 17:03:41.083] [Bytes recibidos]: 132
[2026-10-02 17:03:41.083] [Bytes recibidos]: 151
[2026-10-02 17:03:41.083] [Bytes recibidos]: 153
[2026-10-02 17:03:41.084] [Bytes recibidos]: 190
[2026-10-02 17:03:41.084] [Bytes recibidos]: 145
[2026-10-02 17:03:41.084] [Bytes recibidos]: 128
[2026-10-02 17:03:41.084] [Bytes recibidos]: 223
[2026-10-02 17:03:41.084] [Bytes recibidos]: 168
[2026-10-02 17:03:41.084] [Bytes recibidos]: 140
[2026-10-02 17:03:41.085] [Bytes recibidos]: 134
[2026-10-02 17:03:41.085] [Bytes recibidos]: 151
[2026-10-02 17:03:41.085] [Bytes recibidos]: 153
[2026-10-02 17:03:41.085] [Bytes recibidos]: 190
[2026-10-02 17:03:41.085] [Bytes recibidos]: 145
[2026-10-02 17:03:41.085] [Bytes recibidos]: 128
[2026-10-02 17:03:41.085] [Bytes recibidos]: 223
[2026-10-02 17:03:41.086] [Bytes recibidos]: 156
[2026-10-02 17:03:41.086] [Bytes recibidos]: 140
[2026-10-02 17:03:41.086] [Bytes recibidos]: 143
[2026-10-02 17:03:41.086] [Bytes recibidos]: 151
[2026-10-02 17:03:41.086] [Bytes recibidos]: 153
[2026-10-02 17:03:41.086] [Bytes recibidos]: 190
[2026-10-02 17:03:41.086] [Bytes recibidos]: 145
[2026-10-02 17:03:41.086] [Bytes recibidos]: 128
[2026-10-02 17:03:41.087] [Bytes recibidos]: 223
[2026-10-02 17:03:41.087] [Bytes recibidos]: 153
[2026-10-02 17:03:41.087] [Bytes recibidos]: 140
[2026-10-02 17:03:41.087] [Bytes recibidos]: 146
[2026-10-02 17:03:41.087] [Bytes recibidos]: 151
[2026-10-02 17:03:41.087] [Bytes recibidos]: 153
[2026-10-02 17:03:41.087] [Bytes recibidos]: 190
[2026-10-02 17:03:41.088] [Bytes recibidos]: 145
[2026-10-02 17:03:41.088] [Bytes recibidos]: 128
[2026-10-02 17:03:41.088] [Bytes recibidos]: 223
[2026-10-02 17:03:41.088] [Bytes recibidos]: 144
[2026-10-02 17:03:41.088] [Bytes recibidos]: 140
[2026-10-02 17:03:41.088] [Bytes recibidos]: 155
[2026-10-02 17:03:41.088] [Bytes recibidos]: 151
[2026-10-02 17:03:41.089] [Bytes recibidos]: 153
[2026-10-02 17:03:41.089] [Bytes recibidos]: 190
[2026-10-02 17:03:41.089] [Bytes recibidos]: 145
[2026-10-02 17:03:41.089] [Bytes recibidos]: 128
[2026-10-02 17:03:41.089] [Bytes recibidos]: 223
[2026-10-02 17:03:41.089] [Bytes recibidos]: 138
[2026-10-02 17:03:41.089] [Bytes recibidos]: 140
[2026-10-02 17:03:41.089] [Bytes recibidos]: 160
[2026-10-02 17:03:41.090] [Bytes recibidos]: 151
[2026-10-02 17:03:41.090] [Bytes recibidos]: 153
[2026-10-02 17:03:41.090] [Bytes recibidos]: 190
[2026-10-02 17:03:41.090] [Bytes recibidos]: 145
[2026-10-02 17:03:41.090] [Bytes recibidos]: 128
[2026-10-02 17:03:41.090] [Bytes recibidos]: 223
[2026-10-02 17:03:41.090] [Bytes recibidos]: 132
[2026-10-02 17:03:41.090] [Bytes recibidos]: 140
[2026-10-02 17:03:41.091] [Bytes recibidos]: 166
[2026-10-02 17:03:41.091] [Bytes recibidos]: 151
[2026-10-02 17:03:41.091] [Bytes recibidos]: 153
[2026-10-02 17:03:41.091] [Bytes recibidos]: 190
[2026-10-02 17:03:41.091] [Bytes recibidos]: 145
[2026-10-02 17:03:41.092] [Bytes recibidos]: 128
[2026-10-02 17:03:41.092] [Bytes recibidos]: 223
[2026-10-02 17:03:41.092] [Bytes recibidos]: 191
[2026-10-02 17:03:41.092] [Bytes recibidos]: 139
[2026-10-02 17:03:41.092] [Bytes recibidos]: 172
[2026-10-02 17:03:41.092] [Bytes recibidos]: 151
[2026-10-02 17:03:41.092] [Bytes recibidos]: 153
[2026-10-02 17:03:41.092] [Bytes recibidos]: 190
[2026-10-02 17:03:41.093] [Bytes recibidos]: 145
[2026-10-02 17:03:41.093] [Bytes recibidos]: 128
[2026-10-02 17:03:41.093] [Bytes recibidos]: 223
[2026-10-02 17:03:41.093] [Bytes recibidos]: 188
[2026-10-02 17:03:41.093] [Bytes recibidos]: 139
[2026-10-02 17:03:41.093] [Bytes recibidos]: 175
[2026-10-02 17:03:41.093] [Bytes recibidos]: 151
[2026-10-02 17:03:41.094] [Bytes recibidos]: 153
[2026-10-02 17:03:41.094] [Bytes recibidos]: 190
[2026-10-02 17:03:41.094] [Bytes recibidos]: 145
[2026-10-02 17:03:41.094] [Bytes recibidos]: 128
[2026-10-02 17:03:41.094] [Bytes recibidos]: 223
[2026-10-02 17:03:41.094] [Bytes recibidos]: 183
[2026-10-02 17:03:41.094] [Bytes recibidos]: 139
[2026-10-02 17:03:41.095] [Bytes recibidos]: 183
[2026-10-02 17:03:41.095] [Bytes recibidos]: 151
[2026-10-02 17:03:41.095] [Bytes recibidos]: 153
[2026-10-02 17:03:41.095] [Bytes recibidos]: 190
[2026-10-02 17:03:41.095] [Bytes recibidos]: 145
[2026-10-02 17:03:41.095] [Bytes recibidos]: 128
[2026-10-02 17:03:41.096] [Bytes recibidos]: 223
[2026-10-02 17:03:41.096] [Bytes recibidos]: 176
[2026-10-02 17:03:41.096] [Bytes recibidos]: 139
[2026-10-02 17:03:41.096] [Bytes recibidos]: 132
[2026-10-02 17:03:41.096] [Bytes recibidos]: 152
[2026-10-02 17:03:41.096] [Bytes recibidos]: 153
[2026-10-02 17:03:41.096] [Bytes recibidos]: 190
[2026-10-02 17:03:41.096] [Bytes recibidos]: 145
[2026-10-02 17:03:41.097] [Bytes recibidos]: 128
[2026-10-02 17:03:41.097] [Bytes recibidos]: 223
[2026-10-02 17:03:41.097] [Bytes recibidos]: 172
[2026-10-02 17:03:41.097] [Bytes recibidos]: 139
[2026-10-02 17:03:41.097] [Bytes recibidos]: 143
[2026-10-02 17:03:41.097] [Bytes recibidos]: 152
[2026-10-02 17:03:41.097] [Bytes recibidos]: 153
[2026-10-02 17:03:41.097] [Bytes recibidos]: 190
[2026-10-02 17:03:41.098] [Bytes recibidos]: 145
[2026-10-02 17:03:41.098] [Bytes recibidos]: 128
[2026-10-02 17:03:41.098] [Bytes recibidos]: 223
[2026-10-02 17:03:41.098] [Bytes recibidos]: 167
[2026-10-02 17:03:41.098] [Bytes recibidos]: 139
[2026-10-02 17:03:41.098] [Bytes recibidos]: 156
[2026-10-02 17:03:41.098] [Bytes recibidos]: 152
[2026-10-02 17:03:41.098] [Bytes recibidos]: 153
[2026-10-02 17:03:41.099] [Bytes recibidos]: 190
[2026-10-02 17:03:41.099] [Bytes recibidos]: 145
[2026-10-02 17:03:41.099] [Bytes recibidos]: 128
[2026-10-02 17:03:41.099] [Bytes recibidos]: 223
[2026-10-02 17:03:41.099] [Bytes recibidos]: 165
[2026-10-02 17:03:41.099] [Bytes recibidos]: 139
[2026-10-02 17:03:41.099] [Bytes recibidos]: 164
[2026-10-02 17:03:41.099] [Bytes recibidos]: 152
[2026-10-02 17:03:41.100] [Bytes recibidos]: 153
[2026-10-02 17:03:41.100] [Bytes recibidos]: 190
[2026-10-02 17:03:41.100] [Bytes recibidos]: 145
[2026-10-02 17:03:41.100] [Bytes recibidos]: 128
[2026-10-02 17:03:41.100] [Bytes recibidos]: 223
[2026-10-02 17:03:41.100] [Bytes recibidos]: 161
[2026-10-02 17:03:41.100] [Bytes recibidos]: 139
[2026-10-02 17:03:41.100] [Bytes recibidos]: 181
[2026-10-02 17:03:41.101] [Bytes recibidos]: 152
[2026-10-02 17:03:41.101] [Bytes recibidos]: 153
[2026-10-02 17:03:41.101] [Bytes recibidos]: 190
[2026-10-02 17:03:41.101] [Bytes recibidos]: 145
[2026-10-02 17:03:41.101] [Bytes recibidos]: 128
[2026-10-02 17:03:41.101] [Bytes recibidos]: 223
[2026-10-02 17:03:41.101] [Bytes recibidos]: 155
[2026-10-02 17:03:41.102] [Bytes recibidos]: 139
[2026-10-02 17:03:41.102] [Bytes recibidos]: 148
[2026-10-02 17:03:41.102] [Bytes recibidos]: 153
[2026-10-02 17:03:41.102] [Bytes recibidos]: 153
[2026-10-02 17:03:41.102] [Bytes recibidos]: 190
[2026-10-02 17:03:41.102] [Bytes recibidos]: 145
[2026-10-02 17:03:41.102] [Bytes recibidos]: 128
[2026-10-02 17:03:41.102] [Bytes recibidos]: 223
[2026-10-02 17:03:41.103] [Bytes recibidos]: 151
[2026-10-02 17:03:41.103] [Bytes recibidos]: 139
[2026-10-02 17:03:41.103] [Bytes recibidos]: 171
[2026-10-02 17:03:41.103] [Bytes recibidos]: 153
[2026-10-02 17:03:41.103] [Bytes recibidos]: 153
[2026-10-02 17:03:41.103] [Bytes recibidos]: 190
[2026-10-02 17:03:41.103] [Bytes recibidos]: 145
[2026-10-02 17:03:41.103] [Bytes recibidos]: 128
[2026-10-02 17:03:41.104] [Bytes recibidos]: 223
[2026-10-02 17:03:41.104] [Bytes recibidos]: 147
[2026-10-02 17:03:41.104] [Bytes recibidos]: 139
[2026-10-02 17:03:41.104] [Bytes recibidos]: 131
[2026-10-02 17:03:41.104] [Bytes recibidos]: 154
[2026-10-02 17:03:41.104] [Bytes recibidos]: 153
[2026-10-02 17:03:41.104] [Bytes recibidos]: 190
[2026-10-02 17:03:41.105] [Bytes recibidos]: 145
[2026-10-02 17:03:41.105] [Bytes recibidos]: 128
[2026-10-02 17:03:41.105] [Bytes recibidos]: 223
[2026-10-02 17:03:41.105] [Bytes recibidos]: 146
[2026-10-02 17:03:41.105] [Bytes recibidos]: 139
[2026-10-02 17:03:41.105] [Bytes recibidos]: 144
[2026-10-02 17:03:41.105] [Bytes recibidos]: 154
[2026-10-02 17:03:41.106] [Bytes recibidos]: 153
[2026-10-02 17:03:41.106] [Bytes recibidos]: 190
[2026-10-02 17:03:41.106] [Bytes recibidos]: 145
[2026-10-02 17:03:41.106] [Bytes recibidos]: 128
[2026-10-02 17:03:41.106] [Bytes recibidos]: 223
[2026-10-02 17:03:41.106] [Bytes recibidos]: 141
[2026-10-02 17:03:41.107] [Bytes recibidos]: 139
[2026-10-02 17:03:41.107] [Bytes recibidos]: 183
[2026-10-02 17:03:41.107] [Bytes recibidos]: 154
[2026-10-02 17:03:41.107] [Bytes recibidos]: 153
[2026-10-02 17:03:41.107] [Bytes recibidos]: 190
[2026-10-02 17:03:41.107] [Bytes recibidos]: 145
[2026-10-02 17:03:41.107] [Bytes recibidos]: 128
[2026-10-02 17:03:41.107] [Bytes recibidos]: 223
[2026-10-02 17:03:41.108] [Bytes recibidos]: 138
[2026-10-02 17:03:41.108] [Bytes recibidos]: 139
[2026-10-02 17:03:41.108] [Bytes recibidos]: 144
[2026-10-02 17:03:41.108] [Bytes recibidos]: 155
[2026-10-02 17:03:41.108] [Bytes recibidos]: 153
[2026-10-02 17:03:41.108] [Bytes recibidos]: 190
[2026-10-02 17:03:41.109] [Bytes recibidos]: 145
[2026-10-02 17:03:41.109] [Bytes recibidos]: 128
[2026-10-02 17:03:41.109] [Bytes recibidos]: 223
[2026-10-02 17:03:41.109] [Bytes recibidos]: 136
[2026-10-02 17:03:41.109] [Bytes recibidos]: 139
[2026-10-02 17:03:41.109] [Bytes recibidos]: 169
[2026-10-02 17:03:41.110] [Bytes recibidos]: 155
[2026-10-02 17:03:41.110] [Bytes recibidos]: 153
[2026-10-02 17:03:41.110] [Bytes recibidos]: 190
[2026-10-02 17:03:41.110] [Bytes recibidos]: 145
[2026-10-02 17:03:41.110] [Bytes recibidos]: 128
[2026-10-02 17:03:41.110] [Bytes recibidos]: 223
[2026-10-02 17:03:41.110] [Bytes recibidos]: 134
[2026-10-02 17:03:41.110] [Bytes recibidos]: 139
[2026-10-02 17:03:41.111] [Bytes recibidos]: 130
[2026-10-02 17:03:41.111] [Bytes recibidos]: 156
[2026-10-02 17:03:41.111] [Bytes recibidos]: 153
[2026-10-02 17:03:41.111] [Bytes recibidos]: 190
[2026-10-02 17:03:41.111] [Bytes recibidos]: 145
[2026-10-02 17:03:41.111] [Bytes recibidos]: 128
[2026-10-02 17:03:41.111] [Bytes recibidos]: 223
[2026-10-02 17:03:41.112] [Bytes recibidos]: 133
[2026-10-02 17:03:41.112] [Bytes recibidos]: 139
[2026-10-02 17:03:41.112] [Bytes recibidos]: 143
[2026-10-02 17:03:41.112] [Bytes recibidos]: 156
[2026-10-02 17:03:41.112] [Bytes recibidos]: 153
[2026-10-02 17:03:41.112] [Bytes recibidos]: 190
[2026-10-02 17:03:41.112] [Bytes recibidos]: 145
[2026-10-02 17:03:41.113] [Bytes recibidos]: 128
[2026-10-02 17:03:41.113] [Bytes recibidos]: 223
[2026-10-02 17:03:41.113] [Bytes recibidos]: 130
[2026-10-02 17:03:41.113] [Bytes recibidos]: 139
[2026-10-02 17:03:41.113] [Bytes recibidos]: 180
[2026-10-02 17:03:41.113] [Bytes recibidos]: 156
[2026-10-02 17:03:41.113] [Bytes recibidos]: 153
[2026-10-02 17:03:41.113] [Bytes recibidos]: 190
[2026-10-02 17:03:41.114] [Bytes recibidos]: 145
[2026-10-02 17:03:41.114] [Bytes recibidos]: 128
[2026-10-02 17:03:41.114] [Bytes recibidos]: 223
[2026-10-02 17:03:41.114] [Bytes recibidos]: 128
[2026-10-02 17:03:41.114] [Bytes recibidos]: 139
[2026-10-02 17:03:41.114] [Bytes recibidos]: 141
[2026-10-02 17:03:41.114] [Bytes recibidos]: 157
[2026-10-02 17:03:41.115] [Bytes recibidos]: 153
[2026-10-02 17:03:41.115] [Bytes recibidos]: 190
[2026-10-02 17:03:41.115] [Bytes recibidos]: 145
[2026-10-02 17:03:41.115] [Bytes recibidos]: 128
[2026-10-02 17:03:41.115] [Bytes recibidos]: 223
[2026-10-02 17:03:41.115] [Bytes recibidos]: 191
[2026-10-02 17:03:41.115] [Bytes recibidos]: 138
[2026-10-02 17:03:41.115] [Bytes recibidos]: 166
[2026-10-02 17:03:41.116] [Bytes recibidos]: 157
[2026-10-02 17:03:41.116] [Bytes recibidos]: 153
[2026-10-02 17:03:41.116] [Bytes recibidos]: 190
[2026-10-02 17:03:41.116] [Bytes recibidos]: 145
[2026-10-02 17:03:41.116] [Bytes recibidos]: 128
[2026-10-02 17:03:41.116] [Bytes recibidos]: 223
[2026-10-02 17:03:41.116] [Bytes recibidos]: 190
[2026-10-02 17:03:41.117] [Bytes recibidos]: 138
[2026-10-02 17:03:41.117] [Bytes recibidos]: 189
[2026-10-02 17:03:41.117] [Bytes recibidos]: 157
[2026-10-02 17:03:41.117] [Bytes recibidos]: 153
[2026-10-02 17:03:41.117] [Bytes recibidos]: 190
[2026-10-02 17:03:41.117] [Bytes recibidos]: 145
[2026-10-02 17:03:41.117] [Bytes recibidos]: 128
[2026-10-02 17:03:41.117] [Bytes recibidos]: 223
[2026-10-02 17:03:41.118] [Bytes recibidos]: 189
[2026-10-02 17:03:41.118] [Bytes recibidos]: 138
[2026-10-02 17:03:41.118] [Bytes recibidos]: 147
[2026-10-02 17:03:41.118] [Bytes recibidos]: 158
[2026-10-02 17:03:41.118] [Bytes recibidos]: 154
[2026-10-02 17:03:41.118] [Bytes recibidos]: 190
[2026-10-02 17:03:41.118] [Bytes recibidos]: 145
[2026-10-02 17:03:41.119] [Bytes recibidos]: 128
[2026-10-02 17:03:41.119] [Bytes recibidos]: 223
[2026-10-02 17:03:41.119] [Bytes recibidos]: 189
[2026-10-02 17:03:41.119] [Bytes recibidos]: 138
[2026-10-02 17:03:41.119] [Bytes recibidos]: 157
[2026-10-02 17:03:41.119] [Bytes recibidos]: 158
[2026-10-02 17:03:41.119] [Bytes recibidos]: 154
[2026-10-02 17:03:41.119] [Bytes recibidos]: 190
[2026-10-02 17:03:41.120] [Bytes recibidos]: 145
[2026-10-02 17:03:41.120] [Bytes recibidos]: 128
[2026-10-02 17:03:41.120] [Bytes recibidos]: 223
[2026-10-02 17:03:41.120] [Bytes recibidos]: 188
[2026-10-02 17:03:41.120] [Bytes recibidos]: 138
[2026-10-02 17:03:41.120] [Bytes recibidos]: 183
[2026-10-02 17:03:41.121] [Bytes recibidos]: 158
[2026-10-02 17:03:41.121] [Bytes recibidos]: 154
[2026-10-02 17:03:41.121] [Bytes recibidos]: 190
[2026-10-02 17:03:41.121] [Bytes recibidos]: 145
[2026-10-02 17:03:41.121] [Bytes recibidos]: 128
[2026-10-02 17:03:41.121] [Bytes recibidos]: 223
[2026-10-02 17:03:41.121] [Bytes recibidos]: 187
[2026-10-02 17:03:41.122] [Bytes recibidos]: 138
[2026-10-02 17:03:41.122] [Bytes recibidos]: 133
[2026-10-02 17:03:41.122] [Bytes recibidos]: 159
[2026-10-02 17:03:41.122] [Bytes recibidos]: 154
[2026-10-02 17:03:41.122] [Bytes recibidos]: 190
[2026-10-02 17:03:41.122] [Bytes recibidos]: 145
[2026-10-02 17:03:41.122] [Bytes recibidos]: 128
[2026-10-02 17:03:41.122] [Bytes recibidos]: 223
[2026-10-02 17:03:41.123] [Bytes recibidos]: 187
[2026-10-02 17:03:41.123] [Bytes recibidos]: 138
[2026-10-02 17:03:41.123] [Bytes recibidos]: 146
[2026-10-02 17:03:41.123] [Bytes recibidos]: 159
[2026-10-02 17:03:41.123] [Bytes recibidos]: 154
[2026-10-02 17:03:41.123] [Bytes recibidos]: 190
[2026-10-02 17:03:41.123] [Bytes recibidos]: 145
[2026-10-02 17:03:41.123] [Bytes recibidos]: 128
[2026-10-02 17:03:41.123] [Bytes recibidos]: 223
[2026-10-02 17:03:41.124] [Bytes recibidos]: 186
[2026-10-02 17:03:41.124] [Bytes recibidos]: 138
[2026-10-02 17:03:41.124] [Bytes recibidos]: 151
[2026-10-02 17:03:41.124] [Bytes recibidos]: 159
[2026-10-02 17:03:41.124] [Bytes recibidos]: 154
[2026-10-02 17:03:41.124] [Bytes recibidos]: 190
[2026-10-02 17:03:41.124] [Bytes recibidos]: 145
[2026-10-02 17:03:41.125] [Bytes recibidos]: 128
[2026-10-02 17:03:41.125] [Bytes recibidos]: 223
[2026-10-02 17:03:41.125] [Bytes recibidos]: 186
[2026-10-02 17:03:41.125] [Bytes recibidos]: 138
[2026-10-02 17:03:41.125] [Bytes recibidos]: 160
[2026-10-02 17:03:41.125] [Bytes recibidos]: 159
[2026-10-02 17:03:41.125] [Bytes recibidos]: 154
[2026-10-02 17:03:41.125] [Bytes recibidos]: 190
[2026-10-02 17:03:41.126] [Bytes recibidos]: 145
[2026-10-02 17:03:41.126] [Bytes recibidos]: 128
[2026-10-02 17:03:41.126] [Bytes recibidos]: 223
[2026-10-02 17:03:41.126] [Bytes recibidos]: 185
[2026-10-02 17:03:41.126] [Bytes recibidos]: 138
[2026-10-02 17:03:41.126] [Bytes recibidos]: 170
[2026-10-02 17:03:41.126] [Bytes recibidos]: 159
[2026-10-02 17:03:41.127] [Bytes recibidos]: 154
[2026-10-02 17:03:41.127] [Bytes recibidos]: 190
[2026-10-02 17:03:41.127] [Bytes recibidos]: 145
[2026-10-02 17:03:41.127] [Bytes recibidos]: 128
[2026-10-02 17:03:41.127] [Bytes recibidos]: 223
[2026-10-02 17:03:41.127] [Bytes recibidos]: 185
[2026-10-02 17:03:41.127] [Bytes recibidos]: 138
[2026-10-02 17:03:41.127] [Bytes recibidos]: 175
[2026-10-02 17:03:41.128] [Bytes recibidos]: 159
[2026-10-02 17:03:41.128] [Bytes recibidos]: 154
[2026-10-02 17:03:41.128] [Bytes recibidos]: 190
[2026-10-02 17:03:41.128] [Bytes recibidos]: 145
[2026-10-02 17:03:41.128] [Bytes recibidos]: 128
[2026-10-02 17:03:41.128] [Bytes recibidos]: 223
[2026-10-02 17:03:41.128] [Bytes recibidos]: 185
[2026-10-02 17:03:41.128] [Bytes recibidos]: 138
[2026-10-02 17:03:41.129] [Bytes recibidos]: 179
[2026-10-02 17:03:41.129] [Bytes recibidos]: 159
[2026-10-02 17:03:41.129] [Bytes recibidos]: 154
[2026-10-02 17:03:41.129] [Bytes recibidos]: 190
[2026-10-02 17:03:41.129] [Bytes recibidos]: 145
[2026-10-02 17:03:41.129] [Bytes recibidos]: 128
[2026-10-02 17:03:41.129] [Bytes recibidos]: 223
[2026-10-02 17:03:41.130] [Bytes recibidos]: 185
[2026-10-02 17:03:41.130] [Bytes recibidos]: 138
[2026-10-02 17:03:41.130] [Bytes recibidos]: 181
[2026-10-02 17:03:41.130] [Bytes recibidos]: 159
[2026-10-02 17:03:41.130] [Bytes recibidos]: 154
[2026-10-02 17:03:41.130] [Bytes recibidos]: 190
[2026-10-02 17:03:41.130] [Bytes recibidos]: 145
[2026-10-02 17:03:41.130] [Bytes recibidos]: 128
[2026-10-02 17:03:41.131] [Bytes recibidos]: 223
[2026-10-02 17:03:41.131] [Bytes recibidos]: 185
[2026-10-02 17:03:41.131] [Bytes recibidos]: 138
[2026-10-02 17:03:41.131] [Bytes recibidos]: 183
[2026-10-02 17:03:41.131] [Bytes recibidos]: 159
[2026-10-02 17:03:41.131] [Bytes recibidos]: 154
[2026-10-02 17:03:41.131] [Bytes recibidos]: 190
[2026-10-02 17:03:41.131] [Bytes recibidos]: 145
[2026-10-02 17:03:41.132] [Bytes recibidos]: 128
[2026-10-02 17:03:41.132] [Bytes recibidos]: 223
[2026-10-02 17:03:41.132] [Bytes recibidos]: 185
[2026-10-02 17:03:41.132] [Bytes recibidos]: 138
[2026-10-02 17:03:41.132] [Bytes recibidos]: 186
[2026-10-02 17:03:41.132] [Bytes recibidos]: 159
[2026-10-02 17:03:41.132] [Bytes recibidos]: 154
[2026-10-02 17:03:41.133] [Bytes recibidos]: 190
[2026-10-02 17:03:41.133] [Bytes recibidos]: 145
[2026-10-02 17:03:41.133] [Bytes recibidos]: 128
[2026-10-02 17:03:41.133] [Bytes recibidos]: 223
[2026-10-02 17:03:41.133] [Bytes recibidos]: 185
[2026-10-02 17:03:41.133] [Bytes recibidos]: 138
[2026-10-02 17:03:41.133] [Bytes recibidos]: 187
[2026-10-02 17:03:41.133] [Bytes recibidos]: 159
[2026-10-02 17:03:41.134] [Bytes recibidos]: 154
[2026-10-02 17:03:41.134] [Bytes recibidos]: 190
[2026-10-02 17:03:41.134] [Bytes recibidos]: 145
[2026-10-02 17:03:41.134] [Bytes recibidos]: 128
[2026-10-02 17:03:41.134] [Bytes recibidos]: 223
[2026-10-02 17:03:41.134] [Bytes recibidos]: 185
[2026-10-02 17:03:41.134] [Bytes recibidos]: 138
[2026-10-02 17:03:41.134] [Bytes recibidos]: 188
[2026-10-02 17:03:41.134] [Bytes recibidos]: 159
[2026-10-02 17:03:41.135] [Bytes recibidos]: 154
[2026-10-02 17:03:41.135] [Bytes recibidos]: 190
[2026-10-02 17:03:41.135] [Bytes recibidos]: 145
[2026-10-02 17:03:41.135] [Bytes recibidos]: 128
[2026-10-02 17:03:41.135] [Bytes recibidos]: 223
[2026-10-02 17:03:41.135] [Bytes recibidos]: 185
[2026-10-02 17:03:41.135] [Bytes recibidos]: 138
[2026-10-02 17:03:41.135] [Bytes recibidos]: 189
[2026-10-02 17:03:41.136] [Bytes recibidos]: 159
[2026-10-02 17:03:41.136] [Bytes recibidos]: 154
[2026-10-02 17:03:41.136] [Bytes recibidos]: 190
[2026-10-02 17:03:41.136] [Bytes recibidos]: 145
[2026-10-02 17:03:41.136] [Bytes recibidos]: 128
[2026-10-02 17:03:41.136] [Bytes recibidos]: 223
[2026-10-02 17:03:41.136] [Bytes recibidos]: 185
[2026-10-02 17:03:41.136] [Bytes recibidos]: 138
[2026-10-02 17:03:41.136] [Bytes recibidos]: 189
[2026-10-02 17:03:41.137] [Bytes recibidos]: 159
[2026-10-02 17:03:41.137] [Bytes recibidos]: 154
[2026-10-02 17:03:41.137] [Bytes recibidos]: 190
[2026-10-02 17:03:41.137] [Bytes recibidos]: 145
[2026-10-02 17:03:41.137] [Bytes recibidos]: 128
[2026-10-02 17:03:41.137] [Bytes recibidos]: 223
[2026-10-02 17:03:41.137] [Bytes recibidos]: 185
[2026-10-02 17:03:41.137] [Bytes recibidos]: 138
[2026-10-02 17:03:41.137] [Bytes recibidos]: 190
[2026-10-02 17:03:41.137] [Bytes recibidos]: 159
[2026-10-02 17:03:41.138] [Bytes recibidos]: 154
[2026-10-02 17:03:41.138] [Bytes recibidos]: 190
[2026-10-02 17:03:41.138] [Bytes recibidos]: 145
[2026-10-02 17:03:41.138] [Bytes recibidos]: 128
[2026-10-02 17:03:41.138] [Bytes recibidos]: 223
[2026-10-02 17:03:41.138] [Bytes recibidos]: 185
[2026-10-02 17:03:41.138] [Bytes recibidos]: 138
[2026-10-02 17:03:41.138] [Bytes recibidos]: 190
[2026-10-02 17:03:41.138] [Bytes recibidos]: 159
[2026-10-02 17:03:41.138] [Bytes recibidos]: 154
[2026-10-02 17:03:41.139] [Bytes recibidos]: 190
[2026-10-02 17:03:41.139] [Bytes recibidos]: 145
[2026-10-02 17:03:41.139] [Bytes recibidos]: 128
[2026-10-02 17:03:41.139] [Bytes recibidos]: 223
[2026-10-02 17:03:41.139] [Bytes recibidos]: 185
[2026-10-02 17:03:41.139] [Bytes recibidos]: 138
[2026-10-02 17:03:41.139] [Bytes recibidos]: 190
[2026-10-02 17:03:41.139] [Bytes recibidos]: 159
[2026-10-02 17:03:41.139] [Bytes recibidos]: 154
[2026-10-02 17:03:41.139] [Bytes recibidos]: 190
[2026-10-02 17:03:41.140] [Bytes recibidos]: 145
[2026-10-02 17:03:41.140] [Bytes recibidos]: 128
[2026-10-02 17:03:41.140] [Bytes recibidos]: 223
[2026-10-02 17:03:41.140] [Bytes recibidos]: 185
[2026-10-02 17:03:41.140] [Bytes recibidos]: 138
[2026-10-02 17:03:41.140] [Bytes recibidos]: 190
[2026-10-02 17:03:41.140] [Bytes recibidos]: 159
[2026-10-02 17:03:41.140] [Bytes recibidos]: 154
[2026-10-02 17:03:41.140] [Bytes recibidos]: 190
[2026-10-02 17:03:41.141] [Bytes recibidos]: 145
[2026-10-02 17:03:41.141] [Bytes recibidos]: 128
[2026-10-02 17:03:41.141] [Bytes recibidos]: 223
[2026-10-02 17:03:41.141] [Bytes recibidos]: 185
[2026-10-02 17:03:41.141] [Bytes recibidos]: 138
[2026-10-02 17:03:41.141] [Bytes recibidos]: 190
[2026-10-02 17:03:41.141] [Bytes recibidos]: 159
[2026-10-02 17:03:41.141] [Bytes recibidos]: 154
[2026-10-02 17:03:41.141] [Bytes recibidos]: 190
[2026-10-02 17:03:41.141] [Bytes recibidos]: 145
[2026-10-02 17:03:41.142] [Bytes recibidos]: 128
[2026-10-02 17:03:41.142] [Bytes recibidos]: 223
[2026-10-02 17:03:41.142] [Bytes recibidos]: 185
[2026-10-02 17:03:41.142] [Bytes recibidos]: 138
[2026-10-02 17:03:41.142] [Bytes recibidos]: 190
[2026-10-02 17:03:41.142] [Bytes recibidos]: 159
[2026-10-02 17:03:41.142] [Bytes recibidos]: 154
[2026-10-02 17:03:41.142] [Bytes recibidos]: 190
[2026-10-02 17:03:41.142] [Bytes recibidos]: 145
[2026-10-02 17:03:41.143] [Bytes recibidos]: 128
[2026-10-02 17:03:41.143] [Bytes recibidos]: 223
[2026-10-02 17:03:41.143] [Bytes recibidos]: 185
[2026-10-02 17:03:41.143] [Bytes recibidos]: 138
[2026-10-02 17:03:41.143] [Bytes recibidos]: 190
[2026-10-02 17:03:41.143] [Bytes recibidos]: 159
[2026-10-02 17:03:41.143] [Bytes recibidos]: 154
[2026-10-02 17:03:41.143] [Bytes recibidos]: 190
[2026-10-02 17:03:41.143] [Bytes recibidos]: 145
[2026-10-02 17:03:41.143] [Bytes recibidos]: 128
[2026-10-02 17:03:41.144] [Bytes recibidos]: 223
[2026-10-02 17:03:41.144] [Bytes recibidos]: 185
[2026-10-02 17:03:41.144] [Bytes recibidos]: 138
[2026-10-02 17:03:41.144] [Bytes recibidos]: 190
[2026-10-02 17:03:41.144] [Bytes recibidos]: 159
[2026-10-02 17:03:41.144] [Bytes recibidos]: 154
[2026-10-02 17:03:41.144] [Bytes recibidos]: 190
[2026-10-02 17:03:41.144] [Bytes recibidos]: 145
[2026-10-02 17:03:41.145] [Bytes recibidos]: 128
[2026-10-02 17:03:41.145] [Bytes recibidos]: 223
[2026-10-02 17:03:41.145] [Bytes recibidos]: 185
[2026-10-02 17:03:41.145] [Bytes recibidos]: 138
[2026-10-02 17:03:41.145] [Bytes recibidos]: 190
[2026-10-02 17:03:41.145] [Bytes recibidos]: 159
[2026-10-02 17:03:41.145] [Bytes recibidos]: 154
[2026-10-02 17:03:41.145] [Bytes recibidos]: 190
[2026-10-02 17:03:41.145] [Bytes recibidos]: 145
[2026-10-02 17:03:41.146] [Bytes recibidos]: 128
[2026-10-02 17:03:41.146] [Bytes recibidos]: 223
[2026-10-02 17:03:41.146] [Bytes recibidos]: 185
[2026-10-02 17:03:41.146] [Bytes recibidos]: 138
[2026-10-02 17:03:41.146] [Bytes recibidos]: 191
[2026-10-02 17:03:41.146] [Bytes recibidos]: 159
[2026-10-02 17:03:41.146] [Bytes recibidos]: 154
[2026-10-02 17:03:41.146] [Bytes recibidos]: 190
[2026-10-02 17:03:41.146] [Bytes recibidos]: 145
[2026-10-02 17:03:41.146] [Bytes recibidos]: 128
[2026-10-02 17:03:41.147] [Bytes recibidos]: 223
[2026-10-02 17:03:41.147] [Bytes recibidos]: 185
[2026-10-02 17:03:41.147] [Bytes recibidos]: 138
[2026-10-02 17:03:41.147] [Bytes recibidos]: 191
[2026-10-02 17:03:41.147] [Bytes recibidos]: 159
[2026-10-02 17:03:41.147] [Bytes recibidos]: 154
[2026-10-02 17:03:41.147] [Bytes recibidos]: 190
[2026-10-02 17:03:41.147] [Bytes recibidos]: 145
[2026-10-02 17:03:41.147] [Bytes recibidos]: 128
[2026-10-02 17:03:41.147] [Bytes recibidos]: 223
[2026-10-02 17:03:41.147] [Bytes recibidos]: 185
[2026-10-02 17:03:41.148] [Bytes recibidos]: 138
[2026-10-02 17:03:41.148] [Bytes recibidos]: 191
[2026-10-02 17:03:41.148] [Bytes recibidos]: 159
[2026-10-02 17:03:41.148] [Bytes recibidos]: 154
[2026-10-02 17:03:41.148] [Bytes recibidos]: 190
[2026-10-02 17:03:41.148] [Bytes recibidos]: 145
[2026-10-02 17:03:41.148] [Bytes recibidos]: 128
[2026-10-02 17:03:41.148] [Bytes recibidos]: 223
[2026-10-02 17:03:41.148] [Bytes recibidos]: 185
[2026-10-02 17:03:41.148] [Bytes recibidos]: 138
[2026-10-02 17:03:41.149] [Bytes recibidos]: 191
[2026-10-02 17:03:41.149] [Bytes recibidos]: 159
[2026-10-02 17:03:41.149] [Bytes recibidos]: 154
[2026-10-02 17:03:41.149] [Bytes recibidos]: 190
[2026-10-02 17:03:41.149] [Bytes recibidos]: 145
[2026-10-02 17:03:41.149] [Bytes recibidos]: 128
[2026-10-02 17:03:41.149] [Bytes recibidos]: 223
[2026-10-02 17:03:41.149] [Bytes recibidos]: 185
[2026-10-02 17:03:41.149] [Bytes recibidos]: 138
[2026-10-02 17:03:41.149] [Bytes recibidos]: 191
[2026-10-02 17:03:41.149] [Bytes recibidos]: 159
[2026-10-02 17:03:41.150] [Bytes recibidos]: 154
[2026-10-02 17:03:41.150] [Bytes recibidos]: 190
[2026-10-02 17:03:41.150] [Bytes recibidos]: 145
[2026-10-02 17:03:41.150] [Bytes recibidos]: 128
[2026-10-02 17:03:41.150] [Bytes recibidos]: 223
[2026-10-02 17:03:41.150] [Bytes recibidos]: 185
[2026-10-02 17:03:41.150] [Bytes recibidos]: 138
[2026-10-02 17:03:41.150] [Bytes recibidos]: 191
[2026-10-02 17:03:41.150] [Bytes recibidos]: 159
[2026-10-02 17:03:41.150] [Bytes recibidos]: 154
[2026-10-02 17:03:41.151] [Bytes recibidos]: 190
[2026-10-02 17:03:41.151] [Bytes recibidos]: 145
[2026-10-02 17:03:41.151] [Bytes recibidos]: 128
[2026-10-02 17:03:41.151] [Bytes recibidos]: 223
[2026-10-02 17:03:41.151] [Bytes recibidos]: 185
[2026-10-02 17:03:41.151] [Bytes recibidos]: 138
[2026-10-02 17:03:41.151] [Bytes recibidos]: 128
[2026-10-02 17:03:41.151] [Bytes recibidos]: 160
[2026-10-02 17:03:41.151] [Bytes recibidos]: 154
[2026-10-02 17:03:41.151] [Bytes recibidos]: 190
[2026-10-02 17:03:41.151] [Bytes recibidos]: 145
[2026-10-02 17:03:41.152] [Bytes recibidos]: 128
[2026-10-02 17:03:41.152] [Bytes recibidos]: 223
[2026-10-02 17:03:41.152] [Bytes recibidos]: 185
[2026-10-02 17:03:41.152] [Bytes recibidos]: 138
[2026-10-02 17:03:41.152] [Bytes recibidos]: 128
[2026-10-02 17:03:41.152] [Bytes recibidos]: 160
[2026-10-02 17:03:41.152] [Bytes recibidos]: 154
[2026-10-02 17:03:41.152] [Bytes recibidos]: 190
[2026-10-02 17:03:41.152] [Bytes recibidos]: 145
[2026-10-02 17:03:41.152] [Bytes recibidos]: 128
[2026-10-02 17:03:41.152] [Bytes recibidos]: 223
[2026-10-02 17:03:41.152] [Bytes recibidos]: 185
[2026-10-02 17:03:41.152] [Bytes recibidos]: 138
[2026-10-02 17:03:41.153] [Bytes recibidos]: 128
[2026-10-02 17:03:41.153] [Bytes recibidos]: 160
[2026-10-02 17:03:41.153] [Bytes recibidos]: 154
[2026-10-02 17:03:41.153] [Bytes recibidos]: 190
[2026-10-02 17:03:41.153] [Bytes recibidos]: 145
[2026-10-02 17:03:41.153] [Bytes recibidos]: 128
[2026-10-02 17:03:41.153] [Bytes recibidos]: 223
[2026-10-02 17:03:41.153] [Bytes recibidos]: 185
[2026-10-02 17:03:41.153] [Bytes recibidos]: 138
[2026-10-02 17:03:41.153] [Bytes recibidos]: 128
[2026-10-02 17:03:41.153] [Bytes recibidos]: 160
[2026-10-02 17:03:41.153] [Bytes recibidos]: 154
[2026-10-02 17:03:41.153] [Bytes recibidos]: 190
[2026-10-02 17:03:41.153] [Bytes recibidos]: 145
[2026-10-02 17:03:41.154] [Bytes recibidos]: 128
[2026-10-02 17:03:41.154] [Bytes recibidos]: 223
[2026-10-02 17:03:41.154] [Bytes recibidos]: 185
[2026-10-02 17:03:41.154] [Bytes recibidos]: 138
[2026-10-02 17:03:41.154] [Bytes recibidos]: 128
[2026-10-02 17:03:41.154] [Bytes recibidos]: 160
[2026-10-02 17:03:41.154] [Bytes recibidos]: 154
[2026-10-02 17:03:41.154] [Bytes recibidos]: 190
[2026-10-02 17:03:41.154] [Bytes recibidos]: 145
[2026-10-02 17:03:41.154] [Bytes recibidos]: 128
[2026-10-02 17:03:41.154] [Bytes recibidos]: 223
[2026-10-02 17:03:41.154] [Bytes recibidos]: 185
[2026-10-02 17:03:41.154] [Bytes recibidos]: 138
[2026-10-02 17:03:41.155] [Bytes recibidos]: 128
[2026-10-02 17:03:41.155] [Bytes recibidos]: 160
[2026-10-02 17:03:41.155] [Bytes recibidos]: 154
[2026-10-02 17:03:41.155] [Bytes recibidos]: 190
[2026-10-02 17:03:41.155] [Bytes recibidos]: 145
[2026-10-02 17:03:41.155] [Bytes recibidos]: 128
[2026-10-02 17:03:41.155] [Bytes recibidos]: 223
[2026-10-02 17:03:41.155] [Bytes recibidos]: 185
[2026-10-02 17:03:41.155] [Bytes recibidos]: 138
[2026-10-02 17:03:41.155] [Bytes recibidos]: 128
[2026-10-02 17:03:41.155] [Bytes recibidos]: 160
[2026-10-02 17:03:41.155] [Bytes recibidos]: 153
[2026-10-02 17:03:41.155] [Bytes recibidos]: 190
[2026-10-02 17:03:41.155] [Bytes recibidos]: 145
[2026-10-02 17:03:41.156] [Bytes recibidos]: 128
[2026-10-02 17:03:41.156] [Bytes recibidos]: 223
[2026-10-02 17:03:41.156] [Bytes recibidos]: 185
[2026-10-02 17:03:41.156] [Bytes recibidos]: 138
[2026-10-02 17:03:41.156] [Bytes recibidos]: 128
[2026-10-02 17:03:41.156] [Bytes recibidos]: 160
[2026-10-02 17:03:41.156] [Bytes recibidos]: 153
[2026-10-02 17:03:41.156] [Bytes recibidos]: 190
[2026-10-02 17:03:41.156] [Bytes recibidos]: 145
[2026-10-02 17:03:41.156] [Bytes recibidos]: 128
[2026-10-02 17:03:41.156] [Bytes recibidos]: 223
[2026-10-02 17:03:41.156] [Bytes recibidos]: 185
[2026-10-02 17:03:41.156] [Bytes recibidos]: 138
[2026-10-02 17:03:41.156] [Bytes recibidos]: 128
[2026-10-02 17:03:41.156] [Bytes recibidos]: 160
[2026-10-02 17:03:41.157] [Bytes recibidos]: 153
[2026-10-02 17:03:41.157] [Bytes recibidos]: 190
[2026-10-02 17:03:41.157] [Bytes recibidos]: 145
[2026-10-02 17:03:41.157] [Bytes recibidos]: 128
[2026-10-02 17:03:41.157] [Bytes recibidos]: 223
[2026-10-02 17:03:41.157] [Bytes recibidos]: 185
[2026-10-02 17:03:41.157] [Bytes recibidos]: 138
[2026-10-02 17:03:41.157] [Bytes recibidos]: 128
[2026-10-02 17:03:41.157] [Bytes recibidos]: 160
[2026-10-02 17:03:41.157] [Bytes recibidos]: 153
[2026-10-02 17:03:41.157] [Bytes recibidos]: 190
[2026-10-02 17:03:41.157] [Bytes recibidos]: 145
[2026-10-02 17:03:41.157] [Bytes recibidos]: 128
[2026-10-02 17:03:41.157] [Bytes recibidos]: 223
[2026-10-02 17:03:41.158] [Bytes recibidos]: 185
[2026-10-02 17:03:41.158] [Bytes recibidos]: 138
[2026-10-02 17:03:41.158] [Bytes recibidos]: 128
[2026-10-02 17:03:41.158] [Bytes recibidos]: 160
[2026-10-02 17:03:41.158] [Bytes recibidos]: 153
[2026-10-02 17:03:41.158] [Bytes recibidos]: 190
[2026-10-02 17:03:41.158] [Bytes recibidos]: 145
[2026-10-02 17:03:41.158] [Bytes recibidos]: 128
[2026-10-02 17:03:41.158] [Bytes recibidos]: 223
[2026-10-02 17:03:41.158] [Bytes recibidos]: 185
[2026-10-02 17:03:41.158] [Bytes recibidos]: 138
[2026-10-02 17:03:41.158] [Bytes recibidos]: 128
[2026-10-02 17:03:41.158] [Bytes recibidos]: 160
[2026-10-02 17:03:41.158] [Bytes recibidos]: 153
[2026-10-02 17:03:41.159] [Bytes recibidos]: 190
[2026-10-02 17:03:41.159] [Bytes recibidos]: 145
[2026-10-02 17:03:41.159] [Bytes recibidos]: 128
[2026-10-02 17:03:41.159] [Bytes recibidos]: 223
[2026-10-02 17:03:41.159] [Bytes recibidos]: 185
[2026-10-02 17:03:41.159] [Bytes recibidos]: 138
[2026-10-02 17:03:41.159] [Bytes recibidos]: 128
[2026-10-02 17:03:41.159] [Bytes recibidos]: 160
[2026-10-02 17:03:41.159] [Bytes recibidos]: 153
[2026-10-02 17:03:41.159] [Bytes recibidos]: 190
[2026-10-02 17:03:41.159] [Bytes recibidos]: 145
[2026-10-02 17:03:41.159] [Bytes recibidos]: 128
[2026-10-02 17:03:41.159] [Bytes recibidos]: 223
[2026-10-02 17:03:41.159] [Bytes recibidos]: 185
[2026-10-02 17:03:41.160] [Bytes recibidos]: 138
[2026-10-02 17:03:41.160] [Bytes recibidos]: 128
[2026-10-02 17:03:41.160] [Bytes recibidos]: 160
[2026-10-02 17:03:41.160] [Bytes recibidos]: 153
[2026-10-02 17:03:41.160] [Bytes recibidos]: 190
[2026-10-02 17:03:41.160] [Bytes recibidos]: 145
[2026-10-02 17:03:41.160] [Bytes recibidos]: 128
[2026-10-02 17:03:41.160] [Bytes recibidos]: 223
[2026-10-02 17:03:41.160] [Bytes recibidos]: 185
[2026-10-02 17:03:41.160] [Bytes recibidos]: 138
[2026-10-02 17:03:41.160] [Bytes recibidos]: 128
[2026-10-02 17:03:41.160] [Bytes recibidos]: 160
[2026-10-02 17:03:41.160] [Bytes recibidos]: 152
[2026-10-02 17:03:41.160] [Bytes recibidos]: 190
[2026-10-02 17:03:41.160] [Bytes recibidos]: 145
[2026-10-02 17:03:41.161] [Bytes recibidos]: 128
[2026-10-02 17:03:41.161] [Bytes recibidos]: 223
[2026-10-02 17:03:41.161] [Bytes recibidos]: 184
[2026-10-02 17:03:41.161] [Bytes recibidos]: 138
[2026-10-02 17:03:41.161] [Bytes recibidos]: 128
[2026-10-02 17:03:41.161] [Bytes recibidos]: 160
[2026-10-02 17:03:41.161] [Bytes recibidos]: 152
[2026-10-02 17:03:41.161] [Bytes recibidos]: 190
[2026-10-02 17:03:41.161] [Bytes recibidos]: 145
[2026-10-02 17:03:41.161] [Bytes recibidos]: 128
[2026-10-02 17:03:41.161] [Bytes recibidos]: 223
[2026-10-02 17:03:41.161] [Bytes recibidos]: 184
[2026-10-02 17:03:41.161] [Bytes recibidos]: 138
[2026-10-02 17:03:41.161] [Bytes recibidos]: 191
[2026-10-02 17:03:41.161] [Bytes recibidos]: 159
[2026-10-02 17:03:41.162] [Bytes recibidos]: 152
[2026-10-02 17:03:41.162] [Bytes recibidos]: 190
[2026-10-02 17:03:41.162] [Bytes recibidos]: 145
[2026-10-02 17:03:41.162] [Bytes recibidos]: 128
[2026-10-02 17:03:41.162] [Bytes recibidos]: 223
[2026-10-02 17:03:41.162] [Bytes recibidos]: 184
[2026-10-02 17:03:41.162] [Bytes recibidos]: 138
[2026-10-02 17:03:41.162] [Bytes recibidos]: 191
[2026-10-02 17:03:41.162] [Bytes recibidos]: 159
[2026-10-02 17:03:41.162] [Bytes recibidos]: 152
[2026-10-02 17:03:41.162] [Bytes recibidos]: 190
[2026-10-02 17:03:41.162] [Bytes recibidos]: 145
[2026-10-02 17:03:41.163] [Bytes recibidos]: 128
[2026-10-02 17:03:41.163] [Bytes recibidos]: 223
[2026-10-02 17:03:41.163] [Bytes recibidos]: 184
[2026-10-02 17:03:41.163] [Bytes recibidos]: 138
[2026-10-02 17:03:41.163] [Bytes recibidos]: 191
[2026-10-02 17:03:41.163] [Bytes recibidos]: 159
[2026-10-02 17:03:41.163] [Bytes recibidos]: 152
[2026-10-02 17:03:41.163] [Bytes recibidos]: 190
[2026-10-02 17:03:41.163] [Bytes recibidos]: 145
[2026-10-02 17:03:41.163] [Bytes recibidos]: 128
[2026-10-02 17:03:41.164] [Bytes recibidos]: 223
[2026-10-02 17:03:41.164] [Bytes recibidos]: 184
[2026-10-02 17:03:41.164] [Bytes recibidos]: 138
[2026-10-02 17:03:41.164] [Bytes recibidos]: 191
[2026-10-02 17:03:41.164] [Bytes recibidos]: 159
[2026-10-02 17:03:41.164] [Bytes recibidos]: 152
[2026-10-02 17:03:41.164] [Bytes recibidos]: 190
[2026-10-02 17:03:41.164] [Bytes recibidos]: 145
[2026-10-02 17:03:41.164] [Bytes recibidos]: 128
[2026-10-02 17:03:41.164] [Bytes recibidos]: 223
[2026-10-02 17:03:41.164] [Bytes recibidos]: 184
[2026-10-02 17:03:41.165] [Bytes recibidos]: 138
[2026-10-02 17:03:41.165] [Bytes recibidos]: 128
[2026-10-02 17:03:41.165] [Bytes recibidos]: 160
[2026-10-02 17:03:41.165] [Bytes recibidos]: 152
[2026-10-02 17:03:41.165] [Bytes recibidos]: 190
[2026-10-02 17:03:41.165] [Bytes recibidos]: 145
[2026-10-02 17:03:41.165] [Bytes recibidos]: 128
[2026-10-02 17:03:41.165] [Bytes recibidos]: 223
[2026-10-02 17:03:41.165] [Bytes recibidos]: 184
[2026-10-02 17:03:41.165] [Bytes recibidos]: 138
[2026-10-02 17:03:41.166] [Bytes recibidos]: 128
[2026-10-02 17:03:41.166] [Bytes recibidos]: 160
[2026-10-02 17:03:41.166] [Bytes recibidos]: 151
[2026-10-02 17:03:41.166] [Bytes recibidos]: 190
[2026-10-02 17:03:41.166] [Bytes recibidos]: 145
[2026-10-02 17:03:41.166] [Bytes recibidos]: 128
[2026-10-02 17:03:41.166] [Bytes recibidos]: 223
[2026-10-02 17:03:41.166] [Bytes recibidos]: 183
[2026-10-02 17:03:41.166] [Bytes recibidos]: 138
[2026-10-02 17:03:41.166] [Bytes recibidos]: 128
[2026-10-02 17:03:41.166] [Bytes recibidos]: 160
[2026-10-02 17:03:41.167] [Bytes recibidos]: 151
[2026-10-02 17:03:41.167] [Bytes recibidos]: 190
[2026-10-02 17:03:41.167] [Bytes recibidos]: 145
[2026-10-02 17:03:41.167] [Bytes recibidos]: 128
[2026-10-02 17:03:41.167] [Bytes recibidos]: 223
[2026-10-02 17:03:41.167] [Bytes recibidos]: 183
[2026-10-02 17:03:41.167] [Bytes recibidos]: 138
[2026-10-02 17:03:41.167] [Bytes recibidos]: 128
[2026-10-02 17:03:41.167] [Bytes recibidos]: 160
[2026-10-02 17:03:41.167] [Bytes recibidos]: 151
[2026-10-02 17:03:41.167] [Bytes recibidos]: 190
[2026-10-02 17:03:41.168] [Bytes recibidos]: 145
[2026-10-02 17:03:41.168] [Bytes recibidos]: 128
[2026-10-02 17:03:41.168] [Bytes recibidos]: 223
[2026-10-02 17:03:41.168] [Bytes recibidos]: 183
[2026-10-02 17:03:41.168] [Bytes recibidos]: 138
[2026-10-02 17:03:41.168] [Bytes recibidos]: 128
[2026-10-02 17:03:41.168] [Bytes recibidos]: 160
[2026-10-02 17:03:41.168] [Bytes recibidos]: 151
[2026-10-02 17:03:41.168] [Bytes recibidos]: 190
[2026-10-02 17:03:41.168] [Bytes recibidos]: 145
[2026-10-02 17:03:41.168] [Bytes recibidos]: 128
[2026-10-02 17:03:41.169] [Bytes recibidos]: 223
[2026-10-02 17:03:41.169] [Bytes recibidos]: 183
[2026-10-02 17:03:41.169] [Bytes recibidos]: 138
[2026-10-02 17:03:41.169] [Bytes recibidos]: 128
[2026-10-02 17:03:41.169] [Bytes recibidos]: 160
[2026-10-02 17:03:41.169] [Bytes recibidos]: 151
[2026-10-02 17:03:41.169] [Bytes recibidos]: 190
[2026-10-02 17:03:41.169] [Bytes recibidos]: 145
[2026-10-02 17:03:41.169] [Bytes recibidos]: 128
[2026-10-02 17:03:41.169] [Bytes recibidos]: 223
[2026-10-02 17:03:41.170] [Bytes recibidos]: 183
[2026-10-02 17:03:41.170] [Bytes recibidos]: 138
[2026-10-02 17:03:41.170] [Bytes recibidos]: 128
[2026-10-02 17:03:41.170] [Bytes recibidos]: 160
[2026-10-02 17:03:41.170] [Bytes recibidos]: 151
[2026-10-02 17:03:41.170] [Bytes recibidos]: 190
[2026-10-02 17:03:41.170] [Bytes recibidos]: 145
[2026-10-02 17:03:41.170] [Bytes recibidos]: 128
[2026-10-02 17:03:41.170] [Bytes recibidos]: 223
[2026-10-02 17:03:41.170] [Bytes recibidos]: 183
[2026-10-02 17:03:41.170] [Bytes recibidos]: 138
[2026-10-02 17:03:41.171] [Bytes recibidos]: 128
[2026-10-02 17:03:41.171] [Bytes recibidos]: 160
[2026-10-02 17:03:41.171] [Bytes recibidos]: 151
[2026-10-02 17:03:41.171] [Bytes recibidos]: 190
[2026-10-02 17:03:41.171] [Bytes recibidos]: 145
[2026-10-02 17:03:41.171] [Bytes recibidos]: 128
[2026-10-02 17:03:41.171] [Bytes recibidos]: 223
[2026-10-02 17:03:41.171] [Bytes recibidos]: 183
[2026-10-02 17:03:41.171] [Bytes recibidos]: 138
[2026-10-02 17:03:41.171] [Bytes recibidos]: 128
[2026-10-02 17:03:41.171] [Bytes recibidos]: 160
[2026-10-02 17:03:41.172] [Bytes recibidos]: 151
[2026-10-02 17:03:41.172] [Bytes recibidos]: 190
[2026-10-02 17:03:41.172] [Bytes recibidos]: 145
[2026-10-02 17:03:41.172] [Bytes recibidos]: 128
[2026-10-02 17:03:41.172] [Bytes recibidos]: 223
[2026-10-02 17:03:41.172] [Bytes recibidos]: 183
[2026-10-02 17:03:41.172] [Bytes recibidos]: 138
[2026-10-02 17:03:41.172] [Bytes recibidos]: 128
[2026-10-02 17:03:41.172] [Bytes recibidos]: 160
[2026-10-02 17:03:41.172] [Bytes recibidos]: 151
[2026-10-02 17:03:41.173] [Bytes recibidos]: 190
[2026-10-02 17:03:41.173] [Bytes recibidos]: 145
[2026-10-02 17:03:41.173] [Bytes recibidos]: 128
[2026-10-02 17:03:41.173] [Bytes recibidos]: 223
[2026-10-02 17:03:41.173] [Bytes recibidos]: 182
[2026-10-02 17:03:41.173] [Bytes recibidos]: 138
[2026-10-02 17:03:41.173] [Bytes recibidos]: 128
[2026-10-02 17:03:41.173] [Bytes recibidos]: 160
[2026-10-02 17:03:41.173] [Bytes recibidos]: 151
[2026-10-02 17:03:41.173] [Bytes recibidos]: 190
[2026-10-02 17:03:41.173] [Bytes recibidos]: 145
[2026-10-02 17:03:41.174] [Bytes recibidos]: 128
[2026-10-02 17:03:41.174] [Bytes recibidos]: 223
[2026-10-02 17:03:41.174] [Bytes recibidos]: 182
[2026-10-02 17:03:41.174] [Bytes recibidos]: 138
[2026-10-02 17:03:41.174] [Bytes recibidos]: 128
[2026-10-02 17:03:41.174] [Bytes recibidos]: 160
[2026-10-02 17:03:41.174] [Bytes recibidos]: 151
[2026-10-02 17:03:41.174] [Bytes recibidos]: 190
[2026-10-02 17:03:41.174] [Bytes recibidos]: 145
[2026-10-02 17:03:41.174] [Bytes recibidos]: 128
[2026-10-02 17:03:41.175] [Bytes recibidos]: 223
[2026-10-02 17:03:41.175] [Bytes recibidos]: 182
[2026-10-02 17:03:41.175] [Bytes recibidos]: 138
[2026-10-02 17:03:41.175] [Bytes recibidos]: 128
[2026-10-02 17:03:41.175] [Bytes recibidos]: 160
[2026-10-02 17:03:41.175] [Bytes recibidos]: 151
[2026-10-02 17:03:41.175] [Bytes recibidos]: 190
[2026-10-02 17:03:41.175] [Bytes recibidos]: 145
[2026-10-02 17:03:41.175] [Bytes recibidos]: 128
[2026-10-02 17:03:41.175] [Bytes recibidos]: 223
[2026-10-02 17:03:41.176] [Bytes recibidos]: 182
[2026-10-02 17:03:41.176] [Bytes recibidos]: 138
[2026-10-02 17:03:41.176] [Bytes recibidos]: 128
[2026-10-02 17:03:41.176] [Bytes recibidos]: 160
[2026-10-02 17:03:41.176] [Bytes recibidos]: 151
[2026-10-02 17:03:41.176] [Bytes recibidos]: 190
[2026-10-02 17:03:41.176] [Bytes recibidos]: 145
[2026-10-02 17:03:41.176] [Bytes recibidos]: 128
[2026-10-02 17:03:41.176] [Bytes recibidos]: 223
[2026-10-02 17:03:41.176] [Bytes recibidos]: 182
[2026-10-02 17:03:41.176] [Bytes recibidos]: 138
[2026-10-02 17:03:41.177] [Bytes recibidos]: 128
[2026-10-02 17:03:41.177] [Bytes recibidos]: 160
[2026-10-02 17:03:41.177] [Bytes recibidos]: 150
[2026-10-02 17:03:41.177] [Bytes recibidos]: 190
[2026-10-02 17:03:41.177] [Bytes recibidos]: 145
[2026-10-02 17:03:41.177] [Bytes recibidos]: 128
[2026-10-02 17:03:41.177] [Bytes recibidos]: 223
[2026-10-02 17:03:41.177] [Bytes recibidos]: 182
[2026-10-02 17:03:41.177] [Bytes recibidos]: 138
[2026-10-02 17:03:41.177] [Bytes recibidos]: 128
[2026-10-02 17:03:41.177] [Bytes recibidos]: 160
[2026-10-02 17:03:41.178] [Bytes recibidos]: 150
[2026-10-02 17:03:41.178] [Bytes recibidos]: 190
[2026-10-02 17:03:41.178] [Bytes recibidos]: 145
[2026-10-02 17:03:41.178] [Bytes recibidos]: 128
[2026-10-02 17:03:41.178] [Bytes recibidos]: 223
[2026-10-02 17:03:41.178] [Bytes recibidos]: 182
[2026-10-02 17:03:41.178] [Bytes recibidos]: 138
[2026-10-02 17:03:41.178] [Bytes recibidos]: 128
[2026-10-02 17:03:41.178] [Bytes recibidos]: 160
[2026-10-02 17:03:41.178] [Bytes recibidos]: 150
[2026-10-02 17:03:41.179] [Bytes recibidos]: 190
[2026-10-02 17:03:41.179] [Bytes recibidos]: 145
[2026-10-02 17:03:41.179] [Bytes recibidos]: 128
[2026-10-02 17:03:41.179] [Bytes recibidos]: 223
[2026-10-02 17:03:41.179] [Bytes recibidos]: 181
[2026-10-02 17:03:41.179] [Bytes recibidos]: 138
[2026-10-02 17:03:41.179] [Bytes recibidos]: 128
[2026-10-02 17:03:41.179] [Bytes recibidos]: 160
[2026-10-02 17:03:41.179] [Bytes recibidos]: 150
[2026-10-02 17:03:41.179] [Bytes recibidos]: 190
[2026-10-02 17:03:41.179] [Bytes recibidos]: 145
[2026-10-02 17:03:41.180] [Bytes recibidos]: 128
[2026-10-02 17:03:41.180] [Bytes recibidos]: 223
[2026-10-02 17:03:41.180] [Bytes recibidos]: 181
[2026-10-02 17:03:41.180] [Bytes recibidos]: 138
[2026-10-02 17:03:41.180] [Bytes recibidos]: 128
[2026-10-02 17:03:41.180] [Bytes recibidos]: 160
[2026-10-02 17:03:41.180] [Bytes recibidos]: 150
[2026-10-02 17:03:41.180] [Bytes recibidos]: 190
[2026-10-02 17:03:41.180] [Bytes recibidos]: 145
[2026-10-02 17:03:41.180] [Bytes recibidos]: 128
[2026-10-02 17:03:41.180] [Bytes recibidos]: 223
[2026-10-02 17:03:41.181] [Bytes recibidos]: 181
[2026-10-02 17:03:41.181] [Bytes recibidos]: 138
[2026-10-02 17:03:41.181] [Bytes recibidos]: 191
[2026-10-02 17:03:41.181] [Bytes recibidos]: 159
[2026-10-02 17:03:41.181] [Bytes recibidos]: 150
[2026-10-02 17:03:41.181] [Bytes recibidos]: 190
[2026-10-02 17:03:41.181] [Bytes recibidos]: 145
[2026-10-02 17:03:41.181] [Bytes recibidos]: 128
[2026-10-02 17:03:41.181] [Bytes recibidos]: 223
[2026-10-02 17:03:41.181] [Bytes recibidos]: 181
[2026-10-02 17:03:41.182] [Bytes recibidos]: 138
[2026-10-02 17:03:41.182] [Data Recibida]: -17.705738705738707
[2026-10-02 17:03:41.182] [MIN]: -21
[2026-10-02 17:03:41.182] [MAX]: 121
[2026-10-02 17:03:41.182] [MAXBIN]: 4095
[2026-10-02 17:03:41.182] [Data Recibida]: 46.542857142857144
[2026-10-02 17:03:41.182] [MIN]: -181
[2026-10-02 17:03:41.183] [MAX]: 181
[2026-10-02 17:03:41.183] [MAXBIN]: 4095
[2026-10-02 17:03:41.183] [Data Recibida]: 39.633699633699635
[2026-10-02 17:03:41.183] [MIN]: 0
[2026-10-02 17:03:41.183] [MAX]: 100
[2026-10-02 17:03:41.183] [MAXBIN]: 4095
[2026-10-02 17:03:41.183] [Data Recibida]: 33.6996336996337
[2026-10-02 17:03:41.183] [MIN]: 0
[2026-10-02 17:03:41.183] [MAX]: 120
[2026-10-02 17:03:41.183] [MAXBIN]: 4095
[2026-10-02 17:03:41.184] [Data Recibida]: 9.68986568986569
[2026-10-02 17:03:41.184] [MIN]: 0
[2026-10-02 17:03:41.184] [MAX]: 20
[2026-10-02 17:03:41.184] [MAXBIN]: 4095
[2026-10-02 17:03:41.184] [Data Recibida]: 21.294261294261293
[2026-10-02 17:03:41.184] [MIN]: 0
[2026-10-02 17:03:41.184] [MAX]: 100
[2026-10-02 17:03:41.184] [MAXBIN]: 4095
[2026-10-02 17:03:41.184] [Data Recibida]: 7.267399267399267
[2026-10-02 17:03:41.184] [MIN]: 0
[2026-10-02 17:03:41.184] [MAX]: 20
[2026-10-02 17:03:41.184] [MAXBIN]: 4095
[2026-10-02 17:03:41.185] [Data Recibida]: 19.501831501831504
[2026-10-02 17:03:41.185] [MIN]: 0
[2026-10-02 17:03:41.185] [MAX]: 20
[2026-10-02 17:03:41.185] [MAXBIN]: 4095
[2026-10-02 17:03:43.193] Datos recibidos (580 bytes): BF 9F 96 BE 91 80 DF B5 8A BF 9F 96 BE 91 80 DF B5 8A BF 9F 95 BE 91 80 DF B5 8A BF 9F 95 BE 91 80 DF B4 8A BF 9F 95 BE 91 80 DF B4 8A BF 9F 95 BE 91 80 DF B4 8A BF 9F 95 BE 91 80 DF B4 8A 80 A0 95 BE 91 80 DF B4 8A 80 A0 95 BE 91 80 DF B4 8A 80 A0 95 BE 91 80 DF B3 8A 80 A0 95 BE 91 80 DF B3 8A 80 A0 95 BE 91 80 DF B3 8A 80 A0 95 BE 91 80 DF B3 8A 80 A0 95 BE 91 80 DF B3 8A 80 A0 95 BE 91 80 DF B3 8A 80 A0 95 BE 91 80 DF B3 8A 80 A0 95 BE 91 80 DF B3 8A 80 A0 95 BE 91 80 DF B2 8A 80 A0 95 BE 91 80 DF B2 8A 80 A0 95 BE 91 80 DF B2 8A 80 A0 95 BE 91 80 DF B2 8A BF 9F 95 BE 91 80 DF B2 8A BF 9F 95 BE 91 80 DF B1 8A BF 9F 95 BE 91 80 DF B1 8A BF 9F 95 BE 91 80 DF B1 8A BF 9F 95 BE 91 80 DF B1 8A BF 9F 95 BE 91 80 DF B1 8A BF 9F 95 BE 91 80 DF B0 8A BF 9F 95 BE 91 80 DF B0 8A BF 9F 95 BE 91 80 DF B0 8A BF 9F 95 BE 91 80 DF B0 8A BF 9F 95 BE 91 80 DF B0 8A BF 9F 95 BE 91 80 DF B0 8A BF 9F 95 BE 91 80 DF AF 8A BF 9F 95 BE 91 80 DF AF 8A BF 9F 95 BE 91 80 DF AF 8A BF 9F 95 BE 91 80 DF AF 8A 80 A0 95 BE 91 80 DF AE 8A 80 A0 95 BE 91 80 DF AE 8A 80 A0 95 BE 91 80 DF AE 8A 80 A0 95 BE 91 80 DF C6 C0 AE 8A 80 A0 95 BE 91 80 DF AE 8A 80 A0 95 BE 91 80 DF AE 8A 80 A0 95 BE 91 80 DF AE 8A 80 A0 95 BE 91 80 DF AD 8A 80 A0 94 BE 91 80 DF AE 8A 86 A0 94 BE 91 80 DF AF 8A 92 A0 94 BE 91 80 DF B0 8A 9C A0 94 BE 91 80 DF B6 8A 86 A1 94 BE 91 80 DF BE 8A AF A1 94 BE 91 80 DF 8A 8B A1 A2 94 BE 91 80 DF 9B 8B 9B A3 94 BE 91 80 DF A5 8B B9 A3 94 BE 91 80 DF BF 8B BA A4 94 BE 91 80 DF AF 8C 9C A6 94 BE 91 80 DF 96 8D 9B A7 94 BE 91 80 DF 80 8E 93 A8 94 BE 91 80 DF 96 8E AB A8 94 BE 91 80 DF 82 8F 94 A9 93 BE 91 80 DF 80 90 BA A9 93 BE 91 80 DF A5 90 84 AA 93 BE 91 80 DF 85 91 83 AA 93 BE 91 80 DF 93 91 BF A9 93 BE 91 80 1B 51 36 43 0D
[2026-10-02 17:03:43.194] [Bytes recibidos]: 191
[2026-10-02 17:03:43.194] [Bytes recibidos]: 159
[2026-10-02 17:03:43.194] [Bytes recibidos]: 150
[2026-10-02 17:03:43.194] [Bytes recibidos]: 190
[2026-10-02 17:03:43.194] [Bytes recibidos]: 145
[2026-10-02 17:03:43.194] [Bytes recibidos]: 128
[2026-10-02 17:03:43.194] [Bytes recibidos]: 223
[2026-10-02 17:03:43.194] [Bytes recibidos]: 181
[2026-10-02 17:03:43.194] [Bytes recibidos]: 138
[2026-10-02 17:03:43.194] [Bytes recibidos]: 191
[2026-10-02 17:03:43.194] [Bytes recibidos]: 159
[2026-10-02 17:03:43.194] [Bytes recibidos]: 150
[2026-10-02 17:03:43.194] [Bytes recibidos]: 190
[2026-10-02 17:03:43.195] [Bytes recibidos]: 145
[2026-10-02 17:03:43.195] [Bytes recibidos]: 128
[2026-10-02 17:03:43.195] [Bytes recibidos]: 223
[2026-10-02 17:03:43.195] [Bytes recibidos]: 181
[2026-10-02 17:03:43.195] [Bytes recibidos]: 138
[2026-10-02 17:03:43.195] [Bytes recibidos]: 191
[2026-10-02 17:03:43.195] [Bytes recibidos]: 159
[2026-10-02 17:03:43.195] [Bytes recibidos]: 149
[2026-10-02 17:03:43.195] [Bytes recibidos]: 190
[2026-10-02 17:03:43.195] [Bytes recibidos]: 145
[2026-10-02 17:03:43.195] [Bytes recibidos]: 128
[2026-10-02 17:03:43.195] [Bytes recibidos]: 223
[2026-10-02 17:03:43.195] [Bytes recibidos]: 181
[2026-10-02 17:03:43.195] [Bytes recibidos]: 138
[2026-10-02 17:03:43.195] [Bytes recibidos]: 191
[2026-10-02 17:03:43.196] [Bytes recibidos]: 159
[2026-10-02 17:03:43.196] [Bytes recibidos]: 149
[2026-10-02 17:03:43.196] [Bytes recibidos]: 190
[2026-10-02 17:03:43.196] [Bytes recibidos]: 145
[2026-10-02 17:03:43.196] [Bytes recibidos]: 128
[2026-10-02 17:03:43.196] [Bytes recibidos]: 223
[2026-10-02 17:03:43.196] [Bytes recibidos]: 180
[2026-10-02 17:03:43.196] [Bytes recibidos]: 138
[2026-10-02 17:03:43.196] [Bytes recibidos]: 191
[2026-10-02 17:03:43.196] [Bytes recibidos]: 159
[2026-10-02 17:03:43.196] [Bytes recibidos]: 149
[2026-10-02 17:03:43.196] [Bytes recibidos]: 190
[2026-10-02 17:03:43.196] [Bytes recibidos]: 145
[2026-10-02 17:03:43.196] [Bytes recibidos]: 128
[2026-10-02 17:03:43.196] [Bytes recibidos]: 223
[2026-10-02 17:03:43.197] [Bytes recibidos]: 180
[2026-10-02 17:03:43.197] [Bytes recibidos]: 138
[2026-10-02 17:03:43.197] [Bytes recibidos]: 191
[2026-10-02 17:03:43.197] [Bytes recibidos]: 159
[2026-10-02 17:03:43.197] [Bytes recibidos]: 149
[2026-10-02 17:03:43.197] [Bytes recibidos]: 190
[2026-10-02 17:03:43.197] [Bytes recibidos]: 145
[2026-10-02 17:03:43.197] [Bytes recibidos]: 128
[2026-10-02 17:03:43.197] [Bytes recibidos]: 223
[2026-10-02 17:03:43.197] [Bytes recibidos]: 180
[2026-10-02 17:03:43.197] [Bytes recibidos]: 138
[2026-10-02 17:03:43.197] [Bytes recibidos]: 191
[2026-10-02 17:03:43.197] [Bytes recibidos]: 159
[2026-10-02 17:03:43.197] [Bytes recibidos]: 149
[2026-10-02 17:03:43.197] [Bytes recibidos]: 190
[2026-10-02 17:03:43.197] [Bytes recibidos]: 145
[2026-10-02 17:03:43.197] [Bytes recibidos]: 128
[2026-10-02 17:03:43.198] [Bytes recibidos]: 223
[2026-10-02 17:03:43.198] [Bytes recibidos]: 180
[2026-10-02 17:03:43.198] [Bytes recibidos]: 138
[2026-10-02 17:03:43.198] [Bytes recibidos]: 128
[2026-10-02 17:03:43.198] [Bytes recibidos]: 160
[2026-10-02 17:03:43.198] [Bytes recibidos]: 149
[2026-10-02 17:03:43.198] [Bytes recibidos]: 190
[2026-10-02 17:03:43.198] [Bytes recibidos]: 145
[2026-10-02 17:03:43.198] [Bytes recibidos]: 128
[2026-10-02 17:03:43.198] [Bytes recibidos]: 223
[2026-10-02 17:03:43.198] [Bytes recibidos]: 180
[2026-10-02 17:03:43.198] [Bytes recibidos]: 138
[2026-10-02 17:03:43.198] [Bytes recibidos]: 128
[2026-10-02 17:03:43.199] [Bytes recibidos]: 160
[2026-10-02 17:03:43.199] [Bytes recibidos]: 149
[2026-10-02 17:03:43.199] [Bytes recibidos]: 190
[2026-10-02 17:03:43.199] [Bytes recibidos]: 145
[2026-10-02 17:03:43.199] [Bytes recibidos]: 128
[2026-10-02 17:03:43.199] [Bytes recibidos]: 223
[2026-10-02 17:03:43.199] [Bytes recibidos]: 180
[2026-10-02 17:03:43.199] [Bytes recibidos]: 138
[2026-10-02 17:03:43.199] [Bytes recibidos]: 128
[2026-10-02 17:03:43.199] [Bytes recibidos]: 160
[2026-10-02 17:03:43.199] [Bytes recibidos]: 149
[2026-10-02 17:03:43.199] [Bytes recibidos]: 190
[2026-10-02 17:03:43.199] [Bytes recibidos]: 145
[2026-10-02 17:03:43.200] [Bytes recibidos]: 128
[2026-10-02 17:03:43.200] [Bytes recibidos]: 223
[2026-10-02 17:03:43.200] [Bytes recibidos]: 179
[2026-10-02 17:03:43.200] [Bytes recibidos]: 138
[2026-10-02 17:03:43.200] [Bytes recibidos]: 128
[2026-10-02 17:03:43.200] [Bytes recibidos]: 160
[2026-10-02 17:03:43.200] [Bytes recibidos]: 149
[2026-10-02 17:03:43.200] [Bytes recibidos]: 190
[2026-10-02 17:03:43.200] [Bytes recibidos]: 145
[2026-10-02 17:03:43.200] [Bytes recibidos]: 128
[2026-10-02 17:03:43.200] [Bytes recibidos]: 223
[2026-10-02 17:03:43.200] [Bytes recibidos]: 179
[2026-10-02 17:03:43.201] [Bytes recibidos]: 138
[2026-10-02 17:03:43.201] [Bytes recibidos]: 128
[2026-10-02 17:03:43.201] [Bytes recibidos]: 160
[2026-10-02 17:03:43.201] [Bytes recibidos]: 149
[2026-10-02 17:03:43.201] [Bytes recibidos]: 190
[2026-10-02 17:03:43.201] [Bytes recibidos]: 145
[2026-10-02 17:03:43.201] [Bytes recibidos]: 128
[2026-10-02 17:03:43.201] [Bytes recibidos]: 223
[2026-10-02 17:03:43.201] [Bytes recibidos]: 179
[2026-10-02 17:03:43.201] [Bytes recibidos]: 138
[2026-10-02 17:03:43.201] [Bytes recibidos]: 128
[2026-10-02 17:03:43.201] [Bytes recibidos]: 160
[2026-10-02 17:03:43.201] [Bytes recibidos]: 149
[2026-10-02 17:03:43.202] [Bytes recibidos]: 190
[2026-10-02 17:03:43.202] [Bytes recibidos]: 145
[2026-10-02 17:03:43.202] [Bytes recibidos]: 128
[2026-10-02 17:03:43.202] [Bytes recibidos]: 223
[2026-10-02 17:03:43.202] [Bytes recibidos]: 179
[2026-10-02 17:03:43.202] [Bytes recibidos]: 138
[2026-10-02 17:03:43.202] [Bytes recibidos]: 128
[2026-10-02 17:03:43.202] [Bytes recibidos]: 160
[2026-10-02 17:03:43.202] [Bytes recibidos]: 149
[2026-10-02 17:03:43.202] [Bytes recibidos]: 190
[2026-10-02 17:03:43.202] [Bytes recibidos]: 145
[2026-10-02 17:03:43.202] [Bytes recibidos]: 128
[2026-10-02 17:03:43.203] [Bytes recibidos]: 223
[2026-10-02 17:03:43.203] [Bytes recibidos]: 179
[2026-10-02 17:03:43.203] [Bytes recibidos]: 138
[2026-10-02 17:03:43.203] [Bytes recibidos]: 128
[2026-10-02 17:03:43.203] [Bytes recibidos]: 160
[2026-10-02 17:03:43.203] [Bytes recibidos]: 149
[2026-10-02 17:03:43.203] [Bytes recibidos]: 190
[2026-10-02 17:03:43.203] [Bytes recibidos]: 145
[2026-10-02 17:03:43.203] [Bytes recibidos]: 128
[2026-10-02 17:03:43.203] [Bytes recibidos]: 223
[2026-10-02 17:03:43.203] [Bytes recibidos]: 179
[2026-10-02 17:03:43.203] [Bytes recibidos]: 138
[2026-10-02 17:03:43.203] [Bytes recibidos]: 128
[2026-10-02 17:03:43.204] [Bytes recibidos]: 160
[2026-10-02 17:03:43.204] [Bytes recibidos]: 149
[2026-10-02 17:03:43.204] [Bytes recibidos]: 190
[2026-10-02 17:03:43.204] [Bytes recibidos]: 145
[2026-10-02 17:03:43.204] [Bytes recibidos]: 128
[2026-10-02 17:03:43.204] [Bytes recibidos]: 223
[2026-10-02 17:03:43.204] [Bytes recibidos]: 179
[2026-10-02 17:03:43.204] [Bytes recibidos]: 138
[2026-10-02 17:03:43.204] [Bytes recibidos]: 128
[2026-10-02 17:03:43.204] [Bytes recibidos]: 160
[2026-10-02 17:03:43.204] [Bytes recibidos]: 149
[2026-10-02 17:03:43.204] [Bytes recibidos]: 190
[2026-10-02 17:03:43.205] [Bytes recibidos]: 145
[2026-10-02 17:03:43.205] [Bytes recibidos]: 128
[2026-10-02 17:03:43.205] [Bytes recibidos]: 223
[2026-10-02 17:03:43.205] [Bytes recibidos]: 179
[2026-10-02 17:03:43.205] [Bytes recibidos]: 138
[2026-10-02 17:03:43.205] [Bytes recibidos]: 128
[2026-10-02 17:03:43.205] [Bytes recibidos]: 160
[2026-10-02 17:03:43.205] [Bytes recibidos]: 149
[2026-10-02 17:03:43.205] [Bytes recibidos]: 190
[2026-10-02 17:03:43.205] [Bytes recibidos]: 145
[2026-10-02 17:03:43.205] [Bytes recibidos]: 128
[2026-10-02 17:03:43.205] [Bytes recibidos]: 223
[2026-10-02 17:03:43.205] [Bytes recibidos]: 178
[2026-10-02 17:03:43.205] [Bytes recibidos]: 138
[2026-10-02 17:03:43.205] [Bytes recibidos]: 128
[2026-10-02 17:03:43.206] [Bytes recibidos]: 160
[2026-10-02 17:03:43.206] [Bytes recibidos]: 149
[2026-10-02 17:03:43.206] [Bytes recibidos]: 190
[2026-10-02 17:03:43.206] [Bytes recibidos]: 145
[2026-10-02 17:03:43.206] [Bytes recibidos]: 128
[2026-10-02 17:03:43.206] [Bytes recibidos]: 223
[2026-10-02 17:03:43.206] [Bytes recibidos]: 178
[2026-10-02 17:03:43.206] [Bytes recibidos]: 138
[2026-10-02 17:03:43.206] [Bytes recibidos]: 128
[2026-10-02 17:03:43.206] [Bytes recibidos]: 160
[2026-10-02 17:03:43.206] [Bytes recibidos]: 149
[2026-10-02 17:03:43.206] [Bytes recibidos]: 190
[2026-10-02 17:03:43.206] [Bytes recibidos]: 145
[2026-10-02 17:03:43.206] [Bytes recibidos]: 128
[2026-10-02 17:03:43.206] [Bytes recibidos]: 223
[2026-10-02 17:03:43.207] [Bytes recibidos]: 178
[2026-10-02 17:03:43.207] [Bytes recibidos]: 138
[2026-10-02 17:03:43.207] [Bytes recibidos]: 128
[2026-10-02 17:03:43.207] [Bytes recibidos]: 160
[2026-10-02 17:03:43.207] [Bytes recibidos]: 149
[2026-10-02 17:03:43.207] [Bytes recibidos]: 190
[2026-10-02 17:03:43.207] [Bytes recibidos]: 145
[2026-10-02 17:03:43.207] [Bytes recibidos]: 128
[2026-10-02 17:03:43.207] [Bytes recibidos]: 223
[2026-10-02 17:03:43.207] [Bytes recibidos]: 178
[2026-10-02 17:03:43.207] [Bytes recibidos]: 138
[2026-10-02 17:03:43.207] [Bytes recibidos]: 191
[2026-10-02 17:03:43.207] [Bytes recibidos]: 159
[2026-10-02 17:03:43.207] [Bytes recibidos]: 149
[2026-10-02 17:03:43.208] [Bytes recibidos]: 190
[2026-10-02 17:03:43.208] [Bytes recibidos]: 145
[2026-10-02 17:03:43.208] [Bytes recibidos]: 128
[2026-10-02 17:03:43.208] [Bytes recibidos]: 223
[2026-10-02 17:03:43.208] [Bytes recibidos]: 178
[2026-10-02 17:03:43.208] [Bytes recibidos]: 138
[2026-10-02 17:03:43.208] [Bytes recibidos]: 191
[2026-10-02 17:03:43.208] [Bytes recibidos]: 159
[2026-10-02 17:03:43.208] [Bytes recibidos]: 149
[2026-10-02 17:03:43.208] [Bytes recibidos]: 190
[2026-10-02 17:03:43.208] [Bytes recibidos]: 145
[2026-10-02 17:03:43.208] [Bytes recibidos]: 128
[2026-10-02 17:03:43.208] [Bytes recibidos]: 223
[2026-10-02 17:03:43.208] [Bytes recibidos]: 177
[2026-10-02 17:03:43.209] [Bytes recibidos]: 138
[2026-10-02 17:03:43.209] [Bytes recibidos]: 191
[2026-10-02 17:03:43.209] [Bytes recibidos]: 159
[2026-10-02 17:03:43.209] [Bytes recibidos]: 149
[2026-10-02 17:03:43.209] [Bytes recibidos]: 190
[2026-10-02 17:03:43.209] [Bytes recibidos]: 145
[2026-10-02 17:03:43.209] [Bytes recibidos]: 128
[2026-10-02 17:03:43.209] [Bytes recibidos]: 223
[2026-10-02 17:03:43.209] [Bytes recibidos]: 177
[2026-10-02 17:03:43.209] [Bytes recibidos]: 138
[2026-10-02 17:03:43.209] [Bytes recibidos]: 191
[2026-10-02 17:03:43.209] [Bytes recibidos]: 159
[2026-10-02 17:03:43.209] [Bytes recibidos]: 149
[2026-10-02 17:03:43.209] [Bytes recibidos]: 190
[2026-10-02 17:03:43.209] [Bytes recibidos]: 145
[2026-10-02 17:03:43.209] [Bytes recibidos]: 128
[2026-10-02 17:03:43.209] [Bytes recibidos]: 223
[2026-10-02 17:03:43.210] [Bytes recibidos]: 177
[2026-10-02 17:03:43.210] [Bytes recibidos]: 138
[2026-10-02 17:03:43.210] [Bytes recibidos]: 191
[2026-10-02 17:03:43.210] [Bytes recibidos]: 159
[2026-10-02 17:03:43.210] [Bytes recibidos]: 149
[2026-10-02 17:03:43.210] [Bytes recibidos]: 190
[2026-10-02 17:03:43.210] [Bytes recibidos]: 145
[2026-10-02 17:03:43.210] [Bytes recibidos]: 128
[2026-10-02 17:03:43.210] [Bytes recibidos]: 223
[2026-10-02 17:03:43.210] [Bytes recibidos]: 177
[2026-10-02 17:03:43.210] [Bytes recibidos]: 138
[2026-10-02 17:03:43.210] [Bytes recibidos]: 191
[2026-10-02 17:03:43.210] [Bytes recibidos]: 159
[2026-10-02 17:03:43.210] [Bytes recibidos]: 149
[2026-10-02 17:03:43.210] [Bytes recibidos]: 190
[2026-10-02 17:03:43.210] [Bytes recibidos]: 145
[2026-10-02 17:03:43.210] [Bytes recibidos]: 128
[2026-10-02 17:03:43.211] [Bytes recibidos]: 223
[2026-10-02 17:03:43.211] [Bytes recibidos]: 177
[2026-10-02 17:03:43.211] [Bytes recibidos]: 138
[2026-10-02 17:03:43.211] [Bytes recibidos]: 191
[2026-10-02 17:03:43.211] [Bytes recibidos]: 159
[2026-10-02 17:03:43.211] [Bytes recibidos]: 149
[2026-10-02 17:03:43.211] [Bytes recibidos]: 190
[2026-10-02 17:03:43.211] [Bytes recibidos]: 145
[2026-10-02 17:03:43.211] [Bytes recibidos]: 128
[2026-10-02 17:03:43.211] [Bytes recibidos]: 223
[2026-10-02 17:03:43.211] [Bytes recibidos]: 176
[2026-10-02 17:03:43.211] [Bytes recibidos]: 138
[2026-10-02 17:03:43.211] [Bytes recibidos]: 191
[2026-10-02 17:03:43.211] [Bytes recibidos]: 159
[2026-10-02 17:03:43.211] [Bytes recibidos]: 149
[2026-10-02 17:03:43.211] [Bytes recibidos]: 190
[2026-10-02 17:03:43.211] [Bytes recibidos]: 145
[2026-10-02 17:03:43.211] [Bytes recibidos]: 128
[2026-10-02 17:03:43.211] [Bytes recibidos]: 223
[2026-10-02 17:03:43.212] [Bytes recibidos]: 176
[2026-10-02 17:03:43.212] [Bytes recibidos]: 138
[2026-10-02 17:03:43.212] [Bytes recibidos]: 191
[2026-10-02 17:03:43.212] [Bytes recibidos]: 159
[2026-10-02 17:03:43.212] [Bytes recibidos]: 149
[2026-10-02 17:03:43.212] [Bytes recibidos]: 190
[2026-10-02 17:03:43.212] [Bytes recibidos]: 145
[2026-10-02 17:03:43.212] [Bytes recibidos]: 128
[2026-10-02 17:03:43.212] [Bytes recibidos]: 223
[2026-10-02 17:03:43.212] [Bytes recibidos]: 176
[2026-10-02 17:03:43.212] [Bytes recibidos]: 138
[2026-10-02 17:03:43.212] [Bytes recibidos]: 191
[2026-10-02 17:03:43.212] [Bytes recibidos]: 159
[2026-10-02 17:03:43.212] [Bytes recibidos]: 149
[2026-10-02 17:03:43.212] [Bytes recibidos]: 190
[2026-10-02 17:03:43.212] [Bytes recibidos]: 145
[2026-10-02 17:03:43.212] [Bytes recibidos]: 128
[2026-10-02 17:03:43.212] [Bytes recibidos]: 223
[2026-10-02 17:03:43.212] [Bytes recibidos]: 176
[2026-10-02 17:03:43.213] [Bytes recibidos]: 138
[2026-10-02 17:03:43.213] [Bytes recibidos]: 191
[2026-10-02 17:03:43.213] [Bytes recibidos]: 159
[2026-10-02 17:03:43.213] [Bytes recibidos]: 149
[2026-10-02 17:03:43.213] [Bytes recibidos]: 190
[2026-10-02 17:03:43.213] [Bytes recibidos]: 145
[2026-10-02 17:03:43.213] [Bytes recibidos]: 128
[2026-10-02 17:03:43.213] [Bytes recibidos]: 223
[2026-10-02 17:03:43.213] [Bytes recibidos]: 176
[2026-10-02 17:03:43.213] [Bytes recibidos]: 138
[2026-10-02 17:03:43.213] [Bytes recibidos]: 191
[2026-10-02 17:03:43.213] [Bytes recibidos]: 159
[2026-10-02 17:03:43.213] [Bytes recibidos]: 149
[2026-10-02 17:03:43.213] [Bytes recibidos]: 190
[2026-10-02 17:03:43.213] [Bytes recibidos]: 145
[2026-10-02 17:03:43.213] [Bytes recibidos]: 128
[2026-10-02 17:03:43.213] [Bytes recibidos]: 223
[2026-10-02 17:03:43.213] [Bytes recibidos]: 176
[2026-10-02 17:03:43.213] [Bytes recibidos]: 138
[2026-10-02 17:03:43.213] [Bytes recibidos]: 191
[2026-10-02 17:03:43.214] [Bytes recibidos]: 159
[2026-10-02 17:03:43.214] [Bytes recibidos]: 149
[2026-10-02 17:03:43.214] [Bytes recibidos]: 190
[2026-10-02 17:03:43.214] [Bytes recibidos]: 145
[2026-10-02 17:03:43.214] [Bytes recibidos]: 128
[2026-10-02 17:03:43.214] [Bytes recibidos]: 223
[2026-10-02 17:03:43.214] [Bytes recibidos]: 175
[2026-10-02 17:03:43.214] [Bytes recibidos]: 138
[2026-10-02 17:03:43.214] [Bytes recibidos]: 191
[2026-10-02 17:03:43.214] [Bytes recibidos]: 159
[2026-10-02 17:03:43.214] [Bytes recibidos]: 149
[2026-10-02 17:03:43.214] [Bytes recibidos]: 190
[2026-10-02 17:03:43.214] [Bytes recibidos]: 145
[2026-10-02 17:03:43.214] [Bytes recibidos]: 128
[2026-10-02 17:03:43.214] [Bytes recibidos]: 223
[2026-10-02 17:03:43.214] [Bytes recibidos]: 175
[2026-10-02 17:03:43.214] [Bytes recibidos]: 138
[2026-10-02 17:03:43.214] [Bytes recibidos]: 191
[2026-10-02 17:03:43.214] [Bytes recibidos]: 159
[2026-10-02 17:03:43.215] [Bytes recibidos]: 149
[2026-10-02 17:03:43.215] [Bytes recibidos]: 190
[2026-10-02 17:03:43.215] [Bytes recibidos]: 145
[2026-10-02 17:03:43.215] [Bytes recibidos]: 128
[2026-10-02 17:03:43.215] [Bytes recibidos]: 223
[2026-10-02 17:03:43.215] [Bytes recibidos]: 175
[2026-10-02 17:03:43.215] [Bytes recibidos]: 138
[2026-10-02 17:03:43.215] [Bytes recibidos]: 191
[2026-10-02 17:03:43.215] [Bytes recibidos]: 159
[2026-10-02 17:03:43.215] [Bytes recibidos]: 149
[2026-10-02 17:03:43.215] [Bytes recibidos]: 190
[2026-10-02 17:03:43.215] [Bytes recibidos]: 145
[2026-10-02 17:03:43.215] [Bytes recibidos]: 128
[2026-10-02 17:03:43.215] [Bytes recibidos]: 223
[2026-10-02 17:03:43.215] [Bytes recibidos]: 175
[2026-10-02 17:03:43.215] [Bytes recibidos]: 138
[2026-10-02 17:03:43.215] [Bytes recibidos]: 128
[2026-10-02 17:03:43.215] [Bytes recibidos]: 160
[2026-10-02 17:03:43.216] [Bytes recibidos]: 149
[2026-10-02 17:03:43.216] [Bytes recibidos]: 190
[2026-10-02 17:03:43.216] [Bytes recibidos]: 145
[2026-10-02 17:03:43.216] [Bytes recibidos]: 128
[2026-10-02 17:03:43.216] [Bytes recibidos]: 223
[2026-10-02 17:03:43.216] [Bytes recibidos]: 174
[2026-10-02 17:03:43.216] [Bytes recibidos]: 138
[2026-10-02 17:03:43.216] [Bytes recibidos]: 128
[2026-10-02 17:03:43.216] [Bytes recibidos]: 160
[2026-10-02 17:03:43.216] [Bytes recibidos]: 149
[2026-10-02 17:03:43.216] [Bytes recibidos]: 190
[2026-10-02 17:03:43.216] [Bytes recibidos]: 145
[2026-10-02 17:03:43.216] [Bytes recibidos]: 128
[2026-10-02 17:03:43.216] [Bytes recibidos]: 223
[2026-10-02 17:03:43.216] [Bytes recibidos]: 174
[2026-10-02 17:03:43.216] [Bytes recibidos]: 138
[2026-10-02 17:03:43.216] [Bytes recibidos]: 128
[2026-10-02 17:03:43.216] [Bytes recibidos]: 160
[2026-10-02 17:03:43.216] [Bytes recibidos]: 149
[2026-10-02 17:03:43.216] [Bytes recibidos]: 190
[2026-10-02 17:03:43.217] [Bytes recibidos]: 145
[2026-10-02 17:03:43.217] [Bytes recibidos]: 128
[2026-10-02 17:03:43.217] [Bytes recibidos]: 223
[2026-10-02 17:03:43.217] [Bytes recibidos]: 174
[2026-10-02 17:03:43.217] [Bytes recibidos]: 138
[2026-10-02 17:03:43.217] [Bytes recibidos]: 128
[2026-10-02 17:03:43.217] [Bytes recibidos]: 160
[2026-10-02 17:03:43.217] [Bytes recibidos]: 149
[2026-10-02 17:03:43.217] [Bytes recibidos]: 190
[2026-10-02 17:03:43.217] [Bytes recibidos]: 145
[2026-10-02 17:03:43.217] [Bytes recibidos]: 128
[2026-10-02 17:03:43.217] [Bytes recibidos]: 223
[2026-10-02 17:03:43.217] [Bytes recibidos]: 198
[2026-10-02 17:03:43.217] [Bytes recibidos]: 192
[2026-10-02 17:03:43.217] [Bytes recibidos]: 174
[2026-10-02 17:03:43.218] [Bytes recibidos]: 138
[2026-10-02 17:03:43.218] [Bytes recibidos]: 128
[2026-10-02 17:03:43.218] [Bytes recibidos]: 160
[2026-10-02 17:03:43.218] [Bytes recibidos]: 149
[2026-10-02 17:03:43.218] [Bytes recibidos]: 190
[2026-10-02 17:03:43.218] [Bytes recibidos]: 145
[2026-10-02 17:03:43.218] [Bytes recibidos]: 128
[2026-10-02 17:03:43.218] [Bytes recibidos]: 223
[2026-10-02 17:03:43.218] [Bytes recibidos]: 174
[2026-10-02 17:03:43.218] [Bytes recibidos]: 138
[2026-10-02 17:03:43.218] [Bytes recibidos]: 128
[2026-10-02 17:03:43.218] [Bytes recibidos]: 160
[2026-10-02 17:03:43.218] [Bytes recibidos]: 149
[2026-10-02 17:03:43.218] [Bytes recibidos]: 190
[2026-10-02 17:03:43.218] [Bytes recibidos]: 145
[2026-10-02 17:03:43.218] [Bytes recibidos]: 128
[2026-10-02 17:03:43.218] [Bytes recibidos]: 223
[2026-10-02 17:03:43.219] [Bytes recibidos]: 174
[2026-10-02 17:03:43.219] [Bytes recibidos]: 138
[2026-10-02 17:03:43.219] [Bytes recibidos]: 128
[2026-10-02 17:03:43.219] [Bytes recibidos]: 160
[2026-10-02 17:03:43.219] [Bytes recibidos]: 149
[2026-10-02 17:03:43.219] [Bytes recibidos]: 190
[2026-10-02 17:03:43.219] [Bytes recibidos]: 145
[2026-10-02 17:03:43.219] [Bytes recibidos]: 128
[2026-10-02 17:03:43.219] [Bytes recibidos]: 223
[2026-10-02 17:03:43.219] [Bytes recibidos]: 174
[2026-10-02 17:03:43.219] [Bytes recibidos]: 138
[2026-10-02 17:03:43.219] [Bytes recibidos]: 128
[2026-10-02 17:03:43.219] [Bytes recibidos]: 160
[2026-10-02 17:03:43.219] [Bytes recibidos]: 149
[2026-10-02 17:03:43.219] [Bytes recibidos]: 190
[2026-10-02 17:03:43.219] [Bytes recibidos]: 145
[2026-10-02 17:03:43.219] [Bytes recibidos]: 128
[2026-10-02 17:03:43.219] [Bytes recibidos]: 223
[2026-10-02 17:03:43.219] [Bytes recibidos]: 173
[2026-10-02 17:03:43.220] [Bytes recibidos]: 138
[2026-10-02 17:03:43.220] [Bytes recibidos]: 128
[2026-10-02 17:03:43.220] [Bytes recibidos]: 160
[2026-10-02 17:03:43.220] [Bytes recibidos]: 148
[2026-10-02 17:03:43.220] [Bytes recibidos]: 190
[2026-10-02 17:03:43.220] [Bytes recibidos]: 145
[2026-10-02 17:03:43.220] [Bytes recibidos]: 128
[2026-10-02 17:03:43.220] [Bytes recibidos]: 223
[2026-10-02 17:03:43.220] [Bytes recibidos]: 174
[2026-10-02 17:03:43.220] [Bytes recibidos]: 138
[2026-10-02 17:03:43.220] [Bytes recibidos]: 134
[2026-10-02 17:03:43.220] [Bytes recibidos]: 160
[2026-10-02 17:03:43.220] [Bytes recibidos]: 148
[2026-10-02 17:03:43.220] [Bytes recibidos]: 190
[2026-10-02 17:03:43.220] [Bytes recibidos]: 145
[2026-10-02 17:03:43.220] [Bytes recibidos]: 128
[2026-10-02 17:03:43.220] [Bytes recibidos]: 223
[2026-10-02 17:03:43.220] [Bytes recibidos]: 175
[2026-10-02 17:03:43.220] [Bytes recibidos]: 138
[2026-10-02 17:03:43.221] [Bytes recibidos]: 146
[2026-10-02 17:03:43.221] [Bytes recibidos]: 160
[2026-10-02 17:03:43.221] [Bytes recibidos]: 148
[2026-10-02 17:03:43.221] [Bytes recibidos]: 190
[2026-10-02 17:03:43.221] [Bytes recibidos]: 145
[2026-10-02 17:03:43.221] [Bytes recibidos]: 128
[2026-10-02 17:03:43.221] [Bytes recibidos]: 223
[2026-10-02 17:03:43.221] [Bytes recibidos]: 176
[2026-10-02 17:03:43.221] [Bytes recibidos]: 138
[2026-10-02 17:03:43.221] [Bytes recibidos]: 156
[2026-10-02 17:03:43.221] [Bytes recibidos]: 160
[2026-10-02 17:03:43.221] [Bytes recibidos]: 148
[2026-10-02 17:03:43.221] [Bytes recibidos]: 190
[2026-10-02 17:03:43.221] [Bytes recibidos]: 145
[2026-10-02 17:03:43.221] [Bytes recibidos]: 128
[2026-10-02 17:03:43.221] [Bytes recibidos]: 223
[2026-10-02 17:03:43.221] [Bytes recibidos]: 182
[2026-10-02 17:03:43.221] [Bytes recibidos]: 138
[2026-10-02 17:03:43.222] [Bytes recibidos]: 134
[2026-10-02 17:03:43.222] [Bytes recibidos]: 161
[2026-10-02 17:03:43.222] [Bytes recibidos]: 148
[2026-10-02 17:03:43.222] [Bytes recibidos]: 190
[2026-10-02 17:03:43.222] [Bytes recibidos]: 145
[2026-10-02 17:03:43.222] [Bytes recibidos]: 128
[2026-10-02 17:03:43.222] [Bytes recibidos]: 223
[2026-10-02 17:03:43.222] [Bytes recibidos]: 190
[2026-10-02 17:03:43.222] [Bytes recibidos]: 138
[2026-10-02 17:03:43.222] [Bytes recibidos]: 175
[2026-10-02 17:03:43.222] [Bytes recibidos]: 161
[2026-10-02 17:03:43.222] [Bytes recibidos]: 148
[2026-10-02 17:03:43.222] [Bytes recibidos]: 190
[2026-10-02 17:03:43.222] [Bytes recibidos]: 145
[2026-10-02 17:03:43.223] [Bytes recibidos]: 128
[2026-10-02 17:03:43.223] [Bytes recibidos]: 223
[2026-10-02 17:03:43.223] [Bytes recibidos]: 138
[2026-10-02 17:03:43.223] [Bytes recibidos]: 139
[2026-10-02 17:03:43.223] [Bytes recibidos]: 161
[2026-10-02 17:03:43.223] [Bytes recibidos]: 162
[2026-10-02 17:03:43.223] [Bytes recibidos]: 148
[2026-10-02 17:03:43.223] [Bytes recibidos]: 190
[2026-10-02 17:03:43.223] [Bytes recibidos]: 145
[2026-10-02 17:03:43.223] [Bytes recibidos]: 128
[2026-10-02 17:03:43.223] [Bytes recibidos]: 223
[2026-10-02 17:03:43.223] [Bytes recibidos]: 155
[2026-10-02 17:03:43.223] [Bytes recibidos]: 139
[2026-10-02 17:03:43.224] [Bytes recibidos]: 155
[2026-10-02 17:03:43.224] [Bytes recibidos]: 163
[2026-10-02 17:03:43.224] [Bytes recibidos]: 148
[2026-10-02 17:03:43.224] [Bytes recibidos]: 190
[2026-10-02 17:03:43.224] [Bytes recibidos]: 145
[2026-10-02 17:03:43.224] [Bytes recibidos]: 128
[2026-10-02 17:03:43.224] [Bytes recibidos]: 223
[2026-10-02 17:03:43.224] [Bytes recibidos]: 165
[2026-10-02 17:03:43.224] [Bytes recibidos]: 139
[2026-10-02 17:03:43.224] [Bytes recibidos]: 185
[2026-10-02 17:03:43.224] [Bytes recibidos]: 163
[2026-10-02 17:03:43.224] [Bytes recibidos]: 148
[2026-10-02 17:03:43.224] [Bytes recibidos]: 190
[2026-10-02 17:03:43.225] [Bytes recibidos]: 145
[2026-10-02 17:03:43.225] [Bytes recibidos]: 128
[2026-10-02 17:03:43.225] [Bytes recibidos]: 223
[2026-10-02 17:03:43.225] [Bytes recibidos]: 191
[2026-10-02 17:03:43.225] [Bytes recibidos]: 139
[2026-10-02 17:03:43.225] [Bytes recibidos]: 186
[2026-10-02 17:03:43.225] [Bytes recibidos]: 164
[2026-10-02 17:03:43.225] [Bytes recibidos]: 148
[2026-10-02 17:03:43.225] [Bytes recibidos]: 190
[2026-10-02 17:03:43.225] [Bytes recibidos]: 145
[2026-10-02 17:03:43.225] [Bytes recibidos]: 128
[2026-10-02 17:03:43.225] [Bytes recibidos]: 223
[2026-10-02 17:03:43.225] [Bytes recibidos]: 175
[2026-10-02 17:03:43.226] [Bytes recibidos]: 140
[2026-10-02 17:03:43.226] [Bytes recibidos]: 156
[2026-10-02 17:03:43.226] [Bytes recibidos]: 166
[2026-10-02 17:03:43.226] [Bytes recibidos]: 148
[2026-10-02 17:03:43.226] [Bytes recibidos]: 190
[2026-10-02 17:03:43.226] [Bytes recibidos]: 145
[2026-10-02 17:03:43.226] [Bytes recibidos]: 128
[2026-10-02 17:03:43.226] [Bytes recibidos]: 223
[2026-10-02 17:03:43.226] [Bytes recibidos]: 150
[2026-10-02 17:03:43.226] [Bytes recibidos]: 141
[2026-10-02 17:03:43.226] [Bytes recibidos]: 155
[2026-10-02 17:03:43.226] [Bytes recibidos]: 167
[2026-10-02 17:03:43.226] [Bytes recibidos]: 148
[2026-10-02 17:03:43.226] [Bytes recibidos]: 190
[2026-10-02 17:03:43.226] [Bytes recibidos]: 145
[2026-10-02 17:03:43.227] [Bytes recibidos]: 128
[2026-10-02 17:03:43.227] [Bytes recibidos]: 223
[2026-10-02 17:03:43.227] [Bytes recibidos]: 128
[2026-10-02 17:03:43.227] [Bytes recibidos]: 142
[2026-10-02 17:03:43.227] [Bytes recibidos]: 147
[2026-10-02 17:03:43.227] [Bytes recibidos]: 168
[2026-10-02 17:03:43.227] [Bytes recibidos]: 148
[2026-10-02 17:03:43.227] [Bytes recibidos]: 190
[2026-10-02 17:03:43.227] [Bytes recibidos]: 145
[2026-10-02 17:03:43.227] [Bytes recibidos]: 128
[2026-10-02 17:03:43.227] [Bytes recibidos]: 223
[2026-10-02 17:03:43.227] [Bytes recibidos]: 150
[2026-10-02 17:03:43.227] [Bytes recibidos]: 142
[2026-10-02 17:03:43.227] [Bytes recibidos]: 171
[2026-10-02 17:03:43.227] [Bytes recibidos]: 168
[2026-10-02 17:03:43.228] [Bytes recibidos]: 148
[2026-10-02 17:03:43.228] [Bytes recibidos]: 190
[2026-10-02 17:03:43.228] [Bytes recibidos]: 145
[2026-10-02 17:03:43.228] [Bytes recibidos]: 128
[2026-10-02 17:03:43.228] [Bytes recibidos]: 223
[2026-10-02 17:03:43.228] [Bytes recibidos]: 130
[2026-10-02 17:03:43.228] [Bytes recibidos]: 143
[2026-10-02 17:03:43.228] [Bytes recibidos]: 148
[2026-10-02 17:03:43.228] [Bytes recibidos]: 169
[2026-10-02 17:03:43.228] [Bytes recibidos]: 147
[2026-10-02 17:03:43.228] [Bytes recibidos]: 190
[2026-10-02 17:03:43.228] [Bytes recibidos]: 145
[2026-10-02 17:03:43.228] [Bytes recibidos]: 128
[2026-10-02 17:03:43.228] [Bytes recibidos]: 223
[2026-10-02 17:03:43.229] [Bytes recibidos]: 128
[2026-10-02 17:03:43.229] [Bytes recibidos]: 144
[2026-10-02 17:03:43.229] [Bytes recibidos]: 186
[2026-10-02 17:03:43.229] [Bytes recibidos]: 169
[2026-10-02 17:03:43.229] [Bytes recibidos]: 147
[2026-10-02 17:03:43.229] [Bytes recibidos]: 190
[2026-10-02 17:03:43.229] [Bytes recibidos]: 145
[2026-10-02 17:03:43.229] [Bytes recibidos]: 128
[2026-10-02 17:03:43.229] [Bytes recibidos]: 223
[2026-10-02 17:03:43.229] [Bytes recibidos]: 165
[2026-10-02 17:03:43.229] [Bytes recibidos]: 144
[2026-10-02 17:03:43.229] [Bytes recibidos]: 132
[2026-10-02 17:03:43.229] [Bytes recibidos]: 170
[2026-10-02 17:03:43.230] [Bytes recibidos]: 147
[2026-10-02 17:03:43.230] [Bytes recibidos]: 190
[2026-10-02 17:03:43.230] [Bytes recibidos]: 145
[2026-10-02 17:03:43.230] [Bytes recibidos]: 128
[2026-10-02 17:03:43.230] [Bytes recibidos]: 223
[2026-10-02 17:03:43.230] [Bytes recibidos]: 133
[2026-10-02 17:03:43.230] [Bytes recibidos]: 145
[2026-10-02 17:03:43.230] [Bytes recibidos]: 131
[2026-10-02 17:03:43.230] [Bytes recibidos]: 170
[2026-10-02 17:03:43.230] [Bytes recibidos]: 147
[2026-10-02 17:03:43.230] [Bytes recibidos]: 190
[2026-10-02 17:03:43.230] [Bytes recibidos]: 145
[2026-10-02 17:03:43.231] [Bytes recibidos]: 128
[2026-10-02 17:03:43.231] [Bytes recibidos]: 223
[2026-10-02 17:03:43.231] [Bytes recibidos]: 147
[2026-10-02 17:03:43.231] [Bytes recibidos]: 145
[2026-10-02 17:03:43.231] [Bytes recibidos]: 191
[2026-10-02 17:03:43.231] [Bytes recibidos]: 169
[2026-10-02 17:03:43.231] [Bytes recibidos]: 147
[2026-10-02 17:03:43.231] [Bytes recibidos]: 190
[2026-10-02 17:03:43.231] [Bytes recibidos]: 145
[2026-10-02 17:03:43.231] [Bytes recibidos]: 128
[2026-10-02 17:03:43.231] [Bytes recibidos]: 27
[2026-10-02 17:03:43.231] [Bytes recibidos]: 81
[2026-10-02 17:03:43.231] [Bytes recibidos]: 54
[2026-10-02 17:03:43.231] [Bytes recibidos]: 67
[2026-10-02 17:03:43.231] [Bytes recibidos]: 13
[2026-10-02 17:03:43.232] [Data Recibida]: 49.98266178266178
[2026-10-02 17:03:43.232] [MIN]: -21
[2026-10-02 17:03:43.232] [MAX]: 121
[2026-10-02 17:03:43.232] [MAXBIN]: 4095
[2026-10-02 17:03:43.232] [Data Recibida]: 171.71794871794873
[2026-10-02 17:03:43.232] [MIN]: -181
[2026-10-02 17:03:43.232] [MAX]: 181
[2026-10-02 17:03:43.232] [MAXBIN]: 4095
[2026-10-02 17:03:43.232] [Data Recibida]: 0.41514041514041516
[2026-10-02 17:03:43.232] [MIN]: 0
[2026-10-02 17:03:43.232] [MAX]: 100
[2026-10-02 17:03:43.232] [MAXBIN]: 4095
[2026-10-02 17:03:43.232] [Data Recibida]: 100.3076923076923
[2026-10-02 17:03:43.232] [MIN]: 0
[2026-10-02 17:03:43.232] [MAX]: 120
[2026-10-02 17:03:43.233] [MAXBIN]: 4095
[2026-10-02 17:03:43.233] [Data Recibida]: 19.741147741147742
[2026-10-02 17:03:43.233] [MIN]: 0
[2026-10-02 17:03:43.233] [MAX]: 20
[2026-10-02 17:03:43.233] [MAXBIN]: 4095
[2026-10-02 17:03:43.233] [Data Recibida]: 35.14041514041514
[2026-10-02 17:03:43.233] [MIN]: 0
[2026-10-02 17:03:43.233] [MAX]: 100
[2026-10-02 17:03:43.233] [MAXBIN]: 4095
[2026-10-02 17:03:43.233] [Data Recibida]: 5.616605616605616
[2026-10-02 17:03:43.233] [MIN]: 0
[2026-10-02 17:03:43.233] [MAX]: 20
[2026-10-02 17:03:43.233] [MAXBIN]: 4095
[2026-10-02 17:03:43.233] [Data Recibida]: 9.68986568986569
[2026-10-02 17:03:43.233] [MIN]: 0
[2026-10-02 17:03:43.233] [MAX]: 20
[2026-10-02 17:03:43.233] [MAXBIN]: 4095
[2026-10-02 17:03:45.942] Datos recibidos (5 bytes): 1B 51 36 43 0D
[2026-10-02 17:03:47.945] Enviado:  | HEX: 01 15 31 36 0D
[2026-10-02 17:03:48.046] Recibido ASCII: <ESC>Q6C<CR>
[2026-10-02 17:03:48.046] Recibido HEX: 1B 51 36 43 0D
[2026-10-02 17:03:50.047] Enviado: Q | HEX: 1B 51 36 43 0D
[2026-10-02 17:03:50.148] Recibido ASCII: <SOH>Q52<CR>
[2026-10-02 17:03:50.148] Recibido HEX: 01 51 35 32 0D
[2026-10-02 17:03:51.149] Enviado: R | HEX: 1B 52 36 44 0D
[2026-10-02 17:03:51.149] Recibido ASCII: <ESC>R6D<CR>
[2026-10-02 17:03:51.151] Recibido HEX: 1B 52 36 44 0D
[2026-10-02 17:03:52.151] Enviado: R | HEX: 01 52 35 33 0D
[2026-10-02 17:03:52.152] Recibido ASCII: <SOH>R5555'A3XX'02.11:06.00B9<CR>
[2026-10-02 17:03:52.152] Recibido HEX: 01 52 35 35 35 35 27 41 33 58 58 27 30 32 2E 31 31 3A 30 36 2E 30 30 42 39 0D
[2026-10-02 17:03:52.153] Enviado: 0161'OpenICE'02.11:06.00 | HEX: 01 30 31 36 31 27 4F 70 65 6E 49 43 45 27 30 32 2E 31 31 3A 30 36 2E 30 30 39 41 0D
[2026-10-02 17:03:52.234] Recibido ASCII: <ESC>)44<CR>
[2026-10-02 17:03:52.234] Recibido HEX: 1B 29 34 34 0D
[2026-10-02 17:03:52.234] Datos recibidos (5 bytes): 1B 29 34 34 0D
[2026-10-02 17:03:54.237] Enviado:  | HEX: 01 15 31 36 0D
[2026-10-02 17:03:54.340] Recibido ASCII: <ESC>)44<CR>
[2026-10-02 17:03:54.340] Recibido HEX: 1B 29 34 34 0D
[2026-10-02 17:03:57.938] Datos recibidos (5 bytes): 1B 51 36 43 0D
[2026-10-02 17:03:59.941] Enviado:  | HEX: 01 15 31 36 0D
[2026-10-02 17:04:00.042] Recibido ASCII: <ESC>Q6C<CR>
[2026-10-02 17:04:00.043] Recibido HEX: 1B 51 36 43 0D
[2026-10-02 17:04:02.044] Enviado: Q | HEX: 1B 51 36 43 0D
[2026-10-02 17:04:02.145] Recibido ASCII: <SOH>Q52<CR>
[2026-10-02 17:04:02.145] Recibido HEX: 01 51 35 32 0D
[2026-10-02 17:04:03.146] Enviado: R | HEX: 1B 52 36 44 0D
[2026-10-02 17:04:03.146] Recibido ASCII: <ESC>R6D<CR>
[2026-10-02 17:04:03.148] Recibido HEX: 1B 52 36 44 0D
[2026-10-02 17:04:04.148] Enviado: R | HEX: 01 52 35 33 0D
[2026-10-02 17:04:04.149] Recibido ASCII: <SOH>R5555'A3XX'02.11:06.00B9<CR>
[2026-10-02 17:04:04.149] Recibido HEX: 01 52 35 35 35 35 27 41 33 58 58 27 30 32 2E 31 31 3A 30 36 2E 30 30 42 39 0D
[2026-10-02 17:04:04.150] Enviado: 0161'OpenICE'02.11:06.00 | HEX: 01 30 31 36 31 27 4F 70 65 6E 49 43 45 27 30 32 2E 31 31 3A 30 36 2E 30 30 39 41 0D
[2026-10-02 17:04:04.231] Recibido ASCII: <ESC>)44<CR>
[2026-10-02 17:04:04.231] Recibido HEX: 1B 29 34 34 0D
[2026-10-02 17:04:04.232] Datos recibidos (1 bytes): 1B
[2026-10-02 17:04:04.252] Recibido ASCII: )44<CR>
[2026-10-02 17:04:04.252] Recibido HEX: 29 34 34 0D
[2026-10-02 17:04:04.253] Enviado:  | HEX: 01 15 31 36 0D
[2026-10-02 17:04:04.335] Recibido ASCII: <ESC>)44<CR>
[2026-10-02 17:04:04.335] Recibido HEX: 1B 29 34 34 0D
[2026-10-02 17:04:08.134] Datos recibidos (5 bytes): 1B 51 36 43 0D
[2026-10-02 17:04:10.152] Enviado:  | HEX: 01 15 31 36 0D
[2026-10-02 17:04:10.233] Recibido ASCII: <ESC>Q6C<CR>
[2026-10-02 17:04:10.233] Recibido HEX: 1B 51 36 43 0D
[2026-10-02 17:04:12.234] Enviado: Q | HEX: 1B 51 36 43 0D
[2026-10-02 17:04:12.336] Recibido ASCII: <SOH>Q52<CR>
[2026-10-02 17:04:12.336] Recibido HEX: 01 51 35 32 0D
[2026-10-02 17:04:13.337] Enviado: R | HEX: 1B 52 36 44 0D
[2026-10-02 17:04:13.338] Recibido ASCII: <ESC>R6D<CR>
[2026-10-02 17:04:13.338] Recibido HEX: 1B 52 36 44 0D
[2026-10-02 17:04:14.339] Enviado: R | HEX: 01 52 35 33 0D
[2026-10-02 17:04:14.340] Recibido ASCII: <SOH>R5555'A3XX'02.11:06.00B9<CR>
[2026-10-02 17:04:14.340] Recibido HEX: 01 52 35 35 35 35 27 41 33 58 58 27 30 32 2E 31 31 3A 30 36 2E 30 30 42 39 0D
[2026-10-02 17:04:14.340] Enviado: 0161'OpenICE'02.11:06.00 | HEX: 01 30 31 36 31 27 4F 70 65 6E 49 43 45 27 30 32 2E 31 31 3A 30 36 2E 30 30 39 41 0D
[2026-10-02 17:04:14.442] Recibido ASCII: <ESC>)44<CR>
[2026-10-02 17:04:14.443] Recibido HEX: 1B 29 34 34 0D
[2026-10-02 17:04:14.443] Datos recibidos (5 bytes): 1B 29 34 34 0D
[2026-10-02 17:04:16.454] Enviado:  | HEX: 01 15 31 36 0D
[2026-10-02 17:04:16.536] Recibido ASCII: <ESC>)44<CR>
[2026-10-02 17:04:16.536] Recibido HEX: 1B 29 34 34 0D
[2026-10-02 17:04:20.132] Datos recibidos (5 bytes): 1B 51 36 43 0D
[2026-10-02 17:04:22.151] Enviado:  | HEX: 01 15 31 36 0D
[2026-10-02 17:04:22.232] Recibido ASCII: <ESC>Q6C<CR>
[2026-10-02 17:04:22.233] Recibido HEX: 1B 51 36 43 0D
[2026-10-02 17:04:24.234] Enviado: Q | HEX: 1B 51 36 43 0D
[2026-10-02 17:04:24.335] Recibido ASCII: <SOH>Q52<CR>
[2026-10-02 17:04:24.336] Recibido HEX: 01 51 35 32 0D
[2026-10-02 17:04:25.336] Enviado: R | HEX: 1B 52 36 44 0D
[2026-10-02 17:04:25.337] Recibido ASCII: <ESC>R6D<CR>
[2026-10-02 17:04:25.337] Recibido HEX: 1B 52 36 44 0D
[2026-10-02 17:04:26.338] Enviado: R | HEX: 01 52 35 33 0D
[2026-10-02 17:04:26.339] Recibido ASCII: <SOH>R5555'A3XX'02.11:06.00B9<CR>
[2026-10-02 17:04:26.339] Recibido HEX: 01 52 35 35 35 35 27 41 33 58 58 27 30 32 2E 31 31 3A 30 36 2E 30 30 42 39 0D
[2026-10-02 17:04:26.339] Enviado: 0161'OpenICE'02.11:06.00 | HEX: 01 30 31 36 31 27 4F 70 65 6E 49 43 45 27 30 32 2E 31 31 3A 30 36 2E 30 30 39 41 0D
[2026-10-02 17:04:26.441] Recibido ASCII: <ESC>)44<CR>
[2026-10-02 17:04:26.442] Recibido HEX: 1B 29 34 34 0D
[2026-10-02 17:04:26.442] Datos recibidos (5 bytes): 1B 29 34 34 0D
[2026-10-02 17:04:28.458] Enviado:  | HEX: 01 15 31 36 0D
[2026-10-02 17:04:28.540] Recibido ASCII: <ESC>)44<CR>
[2026-10-02 17:04:28.540] Recibido HEX: 1B 29 34 34 0D
[2026-10-02 17:04:32.150] Datos recibidos (5 bytes): 1B 51 36 43 0D
[2026-10-02 17:04:34.166] Enviado:  | HEX: 01 15 31 36 0D
[2026-10-02 17:04:34.248] Recibido ASCII: <ESC>Q6C<CR>
[2026-10-02 17:04:34.248] Recibido HEX: 1B 51 36 43 0D
[2026-10-02 17:04:36.249] Enviado: Q | HEX: 1B 51 36 43 0D
[2026-10-02 17:04:36.331] Recibido ASCII: <SOH>Q52<CR>
[2026-10-02 17:04:36.332] Recibido HEX: 01 51 35 32 0D
[2026-10-02 17:04:37.332] Enviado: R | HEX: 1B 52 36 44 0D
[2026-10-02 17:04:37.333] Recibido ASCII: <ESC>R6D<CR>
[2026-10-02 17:04:37.334] Recibido HEX: 1B 52 36 44 0D
[2026-10-02 17:04:38.335] Enviado: R | HEX: 01 52 35 33 0D
[2026-10-02 17:04:38.336] Recibido ASCII: <SOH>R5555'A3XX'02.11:06.00B9<CR>
[2026-10-02 17:04:38.336] Recibido HEX: 01 52 35 35 35 35 27 41 33 58 58 27 30 32 2E 31 31 3A 30 36 2E 30 30 42 39 0D
[2026-10-02 17:04:38.337] Enviado: 0161'OpenICE'02.11:06.00 | HEX: 01 30 31 36 31 27 4F 70 65 6E 49 43 45 27 30 32 2E 31 31 3A 30 36 2E 30 30 39 41 0D
[2026-10-02 17:04:38.440] Recibido ASCII: <ESC>)44<CR>
[2026-10-02 17:04:38.440] Recibido HEX: 1B 29 34 34 0D
[2026-10-02 17:04:38.440] Datos recibidos (5 bytes): 1B 29 34 34 0D
[2026-10-02 17:04:40.448] Enviado:  | HEX: 01 15 31 36 0D
[2026-10-02 17:04:40.549] Recibido ASCII: <ESC>)44<CR>
[2026-10-02 17:04:40.549] Recibido HEX: 1B 29 34 34 0D
[2026-10-02 17:04:44.148] Datos recibidos (5 bytes): 1B 51 36 43 0D
[2026-10-02 17:04:46.149] Enviado:  | HEX: 01 15 31 36 0D
[2026-10-02 17:04:46.231] Recibido ASCII: <ESC>Q6C<CR>
[2026-10-02 17:04:46.231] Recibido HEX: 1B 51 36 43 0D
[2026-10-02 17:04:48.232] Enviado: Q | HEX: 1B 51 36 43 0D
[2026-10-02 17:04:48.334] Recibido ASCII: <SOH>Q52<CR>
[2026-10-02 17:04:48.334] Recibido HEX: 01 51 35 32 0D
[2026-10-02 17:04:49.335] Enviado: R | HEX: 1B 52 36 44 0D
[2026-10-02 17:04:49.336] Recibido ASCII: <ESC>R6D<CR>
[2026-10-02 17:04:49.336] Recibido HEX: 1B 52 36 44 0D
[2026-10-02 17:04:50.336] Enviado: R | HEX: 01 52 35 33 0D
[2026-10-02 17:04:50.337] Recibido ASCII: <SOH>R5555'A3XX'02.11:06.00B9<CR>
[2026-10-02 17:04:50.337] Recibido HEX: 01 52 35 35 35 35 27 41 33 58 58 27 30 32 2E 31 31 3A 30 36 2E 30 30 42 39 0D
[2026-10-02 17:04:50.338] Enviado: 0161'OpenICE'02.11:06.00 | HEX: 01 30 31 36 31 27 4F 70 65 6E 49 43 45 27 30 32 2E 31 31 3A 30 36 2E 30 30 39 41 0D
[2026-10-02 17:04:50.440] Recibido ASCII: <ESC>)44<CR>
[2026-10-02 17:04:50.440] Recibido HEX: 1B 29 34 34 0D
[2026-10-02 17:04:50.440] Datos recibidos (5 bytes): 1B 29 34 34 0D
[2026-10-02 17:04:52.456] Enviado:  | HEX: 01 15 31 36 0D
[2026-10-02 17:04:52.538] Recibido ASCII: <ESC>)44<CR>
[2026-10-02 17:04:52.538] Recibido HEX: 1B 29 34 34 0D
[2026-10-02 17:04:56.146] Datos recibidos (5 bytes): 1B 51 36 43 0D
[2026-10-02 17:04:58.161] Enviado:  | HEX: 01 15 31 36 0D
[2026-10-02 17:04:58.243] Recibido ASCII: <ESC>Q6C<CR>
[2026-10-02 17:04:58.243] Recibido HEX: 1B 51 36 43 0D
[2026-10-02 17:05:00.244] Enviado: Q | HEX: 1B 51 36 43 0D
[2026-10-02 17:05:00.346] Recibido ASCII: <SOH>Q52<CR>
[2026-10-02 17:05:00.346] Recibido HEX: 01 51 35 32 0D
[2026-10-02 17:05:01.347] Enviado: R | HEX: 1B 52 36 44 0D
[2026-10-02 17:05:01.347] Recibido ASCII: <ESC>R6D<CR>
[2026-10-02 17:05:01.348] Recibido HEX: 1B 52 36 44 0D
[2026-10-02 17:05:02.349] Enviado: R | HEX: 01 52 35 33 0D
[2026-10-02 17:05:02.350] Recibido ASCII: <SOH>R5555'A3XX'02.11:06.00B9<CR>
[2026-10-02 17:05:02.350] Recibido HEX: 01 52 35 35 35 35 27 41 33 58 58 27 30 32 2E 31 31 3A 30 36 2E 30 30 42 39 0D
[2026-10-02 17:05:02.350] Enviado: 0161'OpenICE'02.11:06.00 | HEX: 01 30 31 36 31 27 4F 70 65 6E 49 43 45 27 30 32 2E 31 31 3A 30 36 2E 30 30 39 41 0D
[2026-10-02 17:05:02.452] Recibido ASCII: <ESC>)44<CR>
[2026-10-02 17:05:02.452] Recibido HEX: 1B 29 34 34 0D
[2026-10-02 17:05:02.452] Datos recibidos (5 bytes): 1B 29 34 34 0D
[2026-10-02 17:05:04.457] Enviado:  | HEX: 01 15 31 36 0D
[2026-10-02 17:05:04.539] Recibido ASCII: <ESC>)44<CR>
[2026-10-02 17:05:04.539] Recibido HEX: 1B 29 34 34 0D
[2026-10-02 17:05:08.137] Datos recibidos (5 bytes): 1B 51 36 43 0D
[2026-10-02 17:05:10.137] Enviado:  | HEX: 01 15 31 36 0D
[2026-10-02 17:05:12.137] Enviado:  | HEX: 01 15 31 36 0D
[2026-10-02 17:05:13.513] Error en el ciclo de polling: java.io.IOException: Stream Closed
