[2026-10-02 16:57:44.632] Iniciando comunicación con Atlan A350 XL (8E1)...
[2026-10-02 16:57:44.642] Enviado: Q | HEX: 1B 51 36 43 0D
[2026-10-02 16:57:44.726] Recibido ASCII: <SOH>Q52<CR>
[2026-10-02 16:57:44.726] Recibido HEX: 01 51 35 32 0D
[2026-10-02 16:57:45.729] Enviado: R | HEX: 1B 52 36 44 0D
[2026-10-02 16:57:45.730] Recibido ASCII: <ESC>R6D<CR>
[2026-10-02 16:57:45.731] Recibido HEX: 1B 52 36 44 0D
[2026-10-02 16:57:46.733] Enviado: R | HEX: 01 52 35 33 0D
[2026-10-02 16:57:46.736] Recibido ASCII: <SOH>R5555'A3XX'02.11:06.00B9<CR>
[2026-10-02 16:57:46.736] Recibido HEX: 01 52 35 35 35 35 27 41 33 58 58 27 30 32 2E 31 31 3A 30 36 2E 30 30 42 39 0D
[2026-10-02 16:57:46.741] Enviado: S | HEX: 1B 53 36 45 0D
[2026-10-02 16:57:46.824] Recibido ASCII: <ESC>)44<CR>
[2026-10-02 16:57:46.824] Recibido HEX: 1B 29 34 34 0D
[2026-10-02 16:57:47.826] Sin registros de realtime configuration, se omite el paso <54H>
[2026-10-02 16:57:47.843] Datos recibidos (189 bytes): 01 53 30 30 20 20 20 32 30 30 30 30 2D 20 20 32 31 20 20 31 32 31 46 46 46 30 31 20 20 20 32 30 30 30 30 2D 20 31 38 31 20 20 31 38 31 46 46 46 30 35 20 20 20 32 30 30 30 30 20 20 20 20 30 20 20 31 30 30 46 46 46 30 36 20 20 20 32 30 30 30 30 20 20 20 20 30 20 20 31 32 30 46 46 46 30 37 20 20 20 32 30 30 30 30 20 20 20 20 30 20 20 20 32 30 46 46 46 30 38 20 20 20 32 30 30 30 30 20 20 20 20 30 20 20 31 30 30 46 46 46 30 41 20 20 20 32 30 30 30 30 20 20 20 20 30 20 20 20 32 30 46 46 46 32 41 20 20 20 32 30 30 30 30 20 20 20 20 30 20 20 20 32 30 46 46 46 46 33 0D
[2026-10-02 16:57:47.844] [Bytes recibidos]: 1
[2026-10-02 16:57:47.845] [Bytes recibidos]: 83
[2026-10-02 16:57:47.845] [Bytes recibidos]: 48
[2026-10-02 16:57:47.846] [Bytes recibidos]: 48
[2026-10-02 16:57:47.846] [Bytes recibidos]: 32
[2026-10-02 16:57:47.847] [Bytes recibidos]: 32
[2026-10-02 16:57:47.847] [Bytes recibidos]: 32
[2026-10-02 16:57:47.847] [Bytes recibidos]: 50
[2026-10-02 16:57:47.848] [Bytes recibidos]: 48
[2026-10-02 16:57:47.848] [Bytes recibidos]: 48
[2026-10-02 16:57:47.849] [Bytes recibidos]: 48
[2026-10-02 16:57:47.849] [Bytes recibidos]: 48
[2026-10-02 16:57:47.850] [Bytes recibidos]: 45
[2026-10-02 16:57:47.850] [Bytes recibidos]: 32
[2026-10-02 16:57:47.851] [Bytes recibidos]: 32
[2026-10-02 16:57:47.851] [Bytes recibidos]: 50
[2026-10-02 16:57:47.852] [Bytes recibidos]: 49
[2026-10-02 16:57:47.852] [Bytes recibidos]: 32
[2026-10-02 16:57:47.852] [Bytes recibidos]: 32
[2026-10-02 16:57:47.853] [Bytes recibidos]: 49
[2026-10-02 16:57:47.853] [Bytes recibidos]: 50
[2026-10-02 16:57:47.854] [Bytes recibidos]: 49
[2026-10-02 16:57:47.854] [Bytes recibidos]: 70
[2026-10-02 16:57:47.855] [Bytes recibidos]: 70
[2026-10-02 16:57:47.855] [Bytes recibidos]: 70
[2026-10-02 16:57:47.856] [Bytes recibidos]: 48
[2026-10-02 16:57:47.856] [Bytes recibidos]: 49
[2026-10-02 16:57:47.856] [Bytes recibidos]: 32
[2026-10-02 16:57:47.857] [Bytes recibidos]: 32
[2026-10-02 16:57:47.857] [Bytes recibidos]: 32
[2026-10-02 16:57:47.858] [Bytes recibidos]: 50
[2026-10-02 16:57:47.858] [Bytes recibidos]: 48
[2026-10-02 16:57:47.858] [Bytes recibidos]: 48
[2026-10-02 16:57:47.859] [Bytes recibidos]: 48
[2026-10-02 16:57:47.859] [Bytes recibidos]: 48
[2026-10-02 16:57:47.860] [Bytes recibidos]: 45
[2026-10-02 16:57:47.860] [Bytes recibidos]: 32
[2026-10-02 16:57:47.860] [Bytes recibidos]: 49
[2026-10-02 16:57:47.861] [Bytes recibidos]: 56
[2026-10-02 16:57:47.861] [Bytes recibidos]: 49
[2026-10-02 16:57:47.862] [Bytes recibidos]: 32
[2026-10-02 16:57:47.862] [Bytes recibidos]: 32
[2026-10-02 16:57:47.862] [Bytes recibidos]: 49
[2026-10-02 16:57:47.863] [Bytes recibidos]: 56
[2026-10-02 16:57:47.863] [Bytes recibidos]: 49
[2026-10-02 16:57:47.864] [Bytes recibidos]: 70
[2026-10-02 16:57:47.864] [Bytes recibidos]: 70
[2026-10-02 16:57:47.865] [Bytes recibidos]: 70
[2026-10-02 16:57:47.865] [Bytes recibidos]: 48
[2026-10-02 16:57:47.865] [Bytes recibidos]: 53
[2026-10-02 16:57:47.866] [Bytes recibidos]: 32
[2026-10-02 16:57:47.866] [Bytes recibidos]: 32
[2026-10-02 16:57:47.867] [Bytes recibidos]: 32
[2026-10-02 16:57:47.867] [Bytes recibidos]: 50
[2026-10-02 16:57:47.867] [Bytes recibidos]: 48
[2026-10-02 16:57:47.868] [Bytes recibidos]: 48
[2026-10-02 16:57:47.868] [Bytes recibidos]: 48
[2026-10-02 16:57:47.869] [Bytes recibidos]: 48
[2026-10-02 16:57:47.869] [Bytes recibidos]: 32
[2026-10-02 16:57:47.869] [Bytes recibidos]: 32
[2026-10-02 16:57:47.870] [Bytes recibidos]: 32
[2026-10-02 16:57:47.870] [Bytes recibidos]: 32
[2026-10-02 16:57:47.870] [Bytes recibidos]: 48
[2026-10-02 16:57:47.871] [Bytes recibidos]: 32
[2026-10-02 16:57:47.871] [Bytes recibidos]: 32
[2026-10-02 16:57:47.871] [Bytes recibidos]: 49
[2026-10-02 16:57:47.872] [Bytes recibidos]: 48
[2026-10-02 16:57:47.872] [Bytes recibidos]: 48
[2026-10-02 16:57:47.873] [Bytes recibidos]: 70
[2026-10-02 16:57:47.873] [Bytes recibidos]: 70
[2026-10-02 16:57:47.873] [Bytes recibidos]: 70
[2026-10-02 16:57:47.874] [Bytes recibidos]: 48
[2026-10-02 16:57:47.874] [Bytes recibidos]: 54
[2026-10-02 16:57:47.874] [Bytes recibidos]: 32
[2026-10-02 16:57:47.875] [Bytes recibidos]: 32
[2026-10-02 16:57:47.875] [Bytes recibidos]: 32
[2026-10-02 16:57:47.875] [Bytes recibidos]: 50
[2026-10-02 16:57:47.876] [Bytes recibidos]: 48
[2026-10-02 16:57:47.876] [Bytes recibidos]: 48
[2026-10-02 16:57:47.876] [Bytes recibidos]: 48
[2026-10-02 16:57:47.877] [Bytes recibidos]: 48
[2026-10-02 16:57:47.877] [Bytes recibidos]: 32
[2026-10-02 16:57:47.878] [Bytes recibidos]: 32
[2026-10-02 16:57:47.878] [Bytes recibidos]: 32
[2026-10-02 16:57:47.879] [Bytes recibidos]: 32
[2026-10-02 16:57:47.879] [Bytes recibidos]: 48
[2026-10-02 16:57:47.880] [Bytes recibidos]: 32
[2026-10-02 16:57:47.880] [Bytes recibidos]: 32
[2026-10-02 16:57:47.881] [Bytes recibidos]: 49
[2026-10-02 16:57:47.881] [Bytes recibidos]: 50
[2026-10-02 16:57:47.882] [Bytes recibidos]: 48
[2026-10-02 16:57:47.882] [Bytes recibidos]: 70
[2026-10-02 16:57:47.882] [Bytes recibidos]: 70
[2026-10-02 16:57:47.883] [Bytes recibidos]: 70
[2026-10-02 16:57:47.883] [Bytes recibidos]: 48
[2026-10-02 16:57:47.884] [Bytes recibidos]: 55
[2026-10-02 16:57:47.884] [Bytes recibidos]: 32
[2026-10-02 16:57:47.885] [Bytes recibidos]: 32
[2026-10-02 16:57:47.885] [Bytes recibidos]: 32
[2026-10-02 16:57:47.886] [Bytes recibidos]: 50
[2026-10-02 16:57:47.886] [Bytes recibidos]: 48
[2026-10-02 16:57:47.886] [Bytes recibidos]: 48
[2026-10-02 16:57:47.887] [Bytes recibidos]: 48
[2026-10-02 16:57:47.887] [Bytes recibidos]: 48
[2026-10-02 16:57:47.888] [Bytes recibidos]: 32
[2026-10-02 16:57:47.888] [Bytes recibidos]: 32
[2026-10-02 16:57:47.888] [Bytes recibidos]: 32
[2026-10-02 16:57:47.889] [Bytes recibidos]: 32
[2026-10-02 16:57:47.889] [Bytes recibidos]: 48
[2026-10-02 16:57:47.889] [Bytes recibidos]: 32
[2026-10-02 16:57:47.890] [Bytes recibidos]: 32
[2026-10-02 16:57:47.890] [Bytes recibidos]: 32
[2026-10-02 16:57:47.891] [Bytes recibidos]: 50
[2026-10-02 16:57:47.891] [Bytes recibidos]: 48
[2026-10-02 16:57:47.891] [Bytes recibidos]: 70
[2026-10-02 16:57:47.892] [Bytes recibidos]: 70
[2026-10-02 16:57:47.892] [Bytes recibidos]: 70
[2026-10-02 16:57:47.892] [Bytes recibidos]: 48
[2026-10-02 16:57:47.893] [Bytes recibidos]: 56
[2026-10-02 16:57:47.893] [Bytes recibidos]: 32
[2026-10-02 16:57:47.893] [Bytes recibidos]: 32
[2026-10-02 16:57:47.894] [Bytes recibidos]: 32
[2026-10-02 16:57:47.894] [Bytes recibidos]: 50
[2026-10-02 16:57:47.894] [Bytes recibidos]: 48
[2026-10-02 16:57:47.895] [Bytes recibidos]: 48
[2026-10-02 16:57:47.895] [Bytes recibidos]: 48
[2026-10-02 16:57:47.895] [Bytes recibidos]: 48
[2026-10-02 16:57:47.896] [Bytes recibidos]: 32
[2026-10-02 16:57:47.896] [Bytes recibidos]: 32
[2026-10-02 16:57:47.897] [Bytes recibidos]: 32
[2026-10-02 16:57:47.897] [Bytes recibidos]: 32
[2026-10-02 16:57:47.897] [Bytes recibidos]: 48
[2026-10-02 16:57:47.898] [Bytes recibidos]: 32
[2026-10-02 16:57:47.898] [Bytes recibidos]: 32
[2026-10-02 16:57:47.898] [Bytes recibidos]: 49
[2026-10-02 16:57:47.899] [Bytes recibidos]: 48
[2026-10-02 16:57:47.899] [Bytes recibidos]: 48
[2026-10-02 16:57:47.899] [Bytes recibidos]: 70
[2026-10-02 16:57:47.899] [Bytes recibidos]: 70
[2026-10-02 16:57:47.900] [Bytes recibidos]: 70
[2026-10-02 16:57:47.900] [Bytes recibidos]: 48
[2026-10-02 16:57:47.900] [Bytes recibidos]: 65
[2026-10-02 16:57:47.901] [Bytes recibidos]: 32
[2026-10-02 16:57:47.901] [Bytes recibidos]: 32
[2026-10-02 16:57:47.902] [Bytes recibidos]: 32
[2026-10-02 16:57:47.902] [Bytes recibidos]: 50
[2026-10-02 16:57:47.902] [Bytes recibidos]: 48
[2026-10-02 16:57:47.902] [Bytes recibidos]: 48
[2026-10-02 16:57:47.903] [Bytes recibidos]: 48
[2026-10-02 16:57:47.903] [Bytes recibidos]: 48
[2026-10-02 16:57:47.903] [Bytes recibidos]: 32
[2026-10-02 16:57:47.904] [Bytes recibidos]: 32
[2026-10-02 16:57:47.904] [Bytes recibidos]: 32
[2026-10-02 16:57:47.905] [Bytes recibidos]: 32
[2026-10-02 16:57:47.905] [Bytes recibidos]: 48
[2026-10-02 16:57:47.906] [Bytes recibidos]: 32
[2026-10-02 16:57:47.906] [Bytes recibidos]: 32
[2026-10-02 16:57:47.907] [Bytes recibidos]: 32
[2026-10-02 16:57:47.907] [Bytes recibidos]: 50
[2026-10-02 16:57:47.907] [Bytes recibidos]: 48
[2026-10-02 16:57:47.908] [Bytes recibidos]: 70
[2026-10-02 16:57:47.908] [Bytes recibidos]: 70
[2026-10-02 16:57:47.908] [Bytes recibidos]: 70
[2026-10-02 16:57:47.909] [Bytes recibidos]: 50
[2026-10-02 16:57:47.909] [Bytes recibidos]: 65
[2026-10-02 16:57:47.909] [Bytes recibidos]: 32
[2026-10-02 16:57:47.909] [Bytes recibidos]: 32
[2026-10-02 16:57:47.910] [Bytes recibidos]: 32
[2026-10-02 16:57:47.910] [Bytes recibidos]: 50
[2026-10-02 16:57:47.910] [Bytes recibidos]: 48
[2026-10-02 16:57:47.911] [Bytes recibidos]: 48
[2026-10-02 16:57:47.911] [Bytes recibidos]: 48
[2026-10-02 16:57:47.911] [Bytes recibidos]: 48
[2026-10-02 16:57:47.912] [Bytes recibidos]: 32
[2026-10-02 16:57:47.912] [Bytes recibidos]: 32
[2026-10-02 16:57:47.912] [Bytes recibidos]: 32
[2026-10-02 16:57:47.913] [Bytes recibidos]: 32
[2026-10-02 16:57:47.913] [Bytes recibidos]: 48
[2026-10-02 16:57:47.913] [Bytes recibidos]: 32
[2026-10-02 16:57:47.913] [Bytes recibidos]: 32
[2026-10-02 16:57:47.914] [Bytes recibidos]: 32
[2026-10-02 16:57:47.914] [Bytes recibidos]: 50
[2026-10-02 16:57:47.914] [Bytes recibidos]: 48
[2026-10-02 16:57:47.915] [Bytes recibidos]: 70
[2026-10-02 16:57:47.915] [Bytes recibidos]: 70
[2026-10-02 16:57:47.915] [Bytes recibidos]: 70
[2026-10-02 16:57:47.916] [Bytes recibidos]: 70
[2026-10-02 16:57:47.916] [Bytes recibidos]: 51
[2026-10-02 16:57:47.916] [Bytes recibidos]: 13
[2026-10-02 16:57:49.918] Enviado: S | HEX: 1B 53 36 45 0D
[2026-10-02 16:57:50.130] Recibido ASCII: <SOH>S00   20000-  21  121FFF01   20000- 181  181FFF05   20000    0  100FFF06   20000    0  120FFF07   20000    0   20FFF08   20000    0  100FFF0A   20000    0   20FFF2A   20000    0   20FFFF3<CR>
[2026-10-02 16:57:50.131] Recibido HEX: 01 53 30 30 20 20 20 32 30 30 30 30 2D 20 20 32 31 20 20 31 32 31 46 46 46 30 31 20 20 20 32 30 30 30 30 2D 20 31 38 31 20 20 31 38 31 46 46 46 30 35 20 20 20 32 30 30 30 30 20 20 20 20 30 20 20 31 30 30 46 46 46 30 36 20 20 20 32 30 30 30 30 20 20 20 20 30 20 20 31 32 30 46 46 46 30 37 20 20 20 32 30 30 30 30 20 20 20 20 30 20 20 20 32 30 46 46 46 30 38 20 20 20 32 30 30 30 30 20 20 20 20 30 20 20 31 30 30 46 46 46 30 41 20 20 20 32 30 30 30 30 20 20 20 20 30 20 20 20 32 30 46 46 46 32 41 20 20 20 32 30 30 30 30 20 20 20 20 30 20 20 20 32 30 46 46 46 46 33 0D
[2026-10-02 16:57:51.138] Enviado: T0001010105010601070108010A012A01 | HEX: 1B 54 30 30 30 31 30 31 30 31 30 35 30 31 30 36 30 31 30 37 30 31 30 38 30 31 30 41 30 31 32 41 30 31 42 36 0D
[2026-10-02 16:57:51.221] Recibido ASCII: <SOH>T55<CR>
[2026-10-02 16:57:51.221] Recibido HEX: 01 54 35 35 0D
[2026-10-02 16:57:53.235] Datos recibidos (405 bytes): DF B7 8A 80 A0 86 BE 8F 80 DF B7 8A 80 A0 86 BE 8F 80 DF B7 8A 80 A0 86 BE 8F 80 DF B7 8A 80 A0 86 BE 8F 80 DF B7 8A 80 A0 86 BE 8F 80 DF B7 8A 80 A0 86 BE 8F 80 DF B6 8A 80 A0 86 BE 8F 80 DF B6 8A 80 A0 86 BE 8F 80 DF B6 8A 80 A0 85 BE 8F 80 DF B6 8A 80 A0 85 BE 8F 80 DF B6 8A 80 A0 85 BE 8F 80 DF B6 8A 80 A0 85 BE 8F 80 DF B5 8A 80 A0 85 BE 8F 80 DF B5 8A 80 A0 85 BE 8F 80 DF B5 8A 80 A0 85 BE 8F 80 DF B5 8A 80 A0 85 BE 8F 80 DF B5 8A 80 A0 85 BE 8F 80 DF B5 8A 80 A0 85 BE 8F 80 DF B5 8A 80 A0 85 BE 8F 80 DF B4 8A 80 A0 85 BE 8F 80 DF B4 8A 80 A0 85 BE 8F 80 DF B4 8A BF 9F 85 BE 8F 80 DF B4 8A BF 9F 85 BE 91 80 DF B3 8A BF 9F 84 BE 91 80 DF B3 8A BF 9F 84 BE 91 80 DF B3 8A BF 9F 84 BE 91 80 DF B3 8A BF 9F 84 BE 91 80 DF B3 8A BF 9F 84 BE 91 80 DF B3 8A BF 9F 84 BE 91 80 DF B2 8A BF 9F 84 BE 91 80 DF B2 8A BF 9F 84 BE 91 80 DF B2 8A BF 9F 84 BE 91 80 DF B2 8A BF 9F 84 BE 91 80 DF B2 8A BF 9F 84 BE 91 80 DF B2 8A BF 9F 84 BE 91 80 DF B1 8A BF 9F 83 BE 91 80 DF B1 8A 80 A0 83 BE 91 80 DF B1 8A 80 A0 83 BE 91 80 DF B1 8A 80 A0 83 BE 91 80 DF B1 8A 80 A0 83 BE 91 80 DF B1 8A 80 A0 83 BE 91 80 DF B0 8A 80 A0 83 BE 91 80 DF B0 8A 80 A0 83 BE 91 80 DF B0 8A 80 A0 83 BE 91 80 DF B0 8A 80 A0 83 BE 91 80
[2026-10-02 16:57:53.236] [Bytes recibidos]: 223
[2026-10-02 16:57:53.236] [Bytes recibidos]: 183
[2026-10-02 16:57:53.236] [Bytes recibidos]: 138
[2026-10-02 16:57:53.237] [Bytes recibidos]: 128
[2026-10-02 16:57:53.237] [Bytes recibidos]: 160
[2026-10-02 16:57:53.237] [Bytes recibidos]: 134
[2026-10-02 16:57:53.237] [Bytes recibidos]: 190
[2026-10-02 16:57:53.237] [Bytes recibidos]: 143
[2026-10-02 16:57:53.238] [Bytes recibidos]: 128
[2026-10-02 16:57:53.238] [Bytes recibidos]: 223
[2026-10-02 16:57:53.238] [Bytes recibidos]: 183
[2026-10-02 16:57:53.238] [Bytes recibidos]: 138
[2026-10-02 16:57:53.239] [Bytes recibidos]: 128
[2026-10-02 16:57:53.239] [Bytes recibidos]: 160
[2026-10-02 16:57:53.239] [Bytes recibidos]: 134
[2026-10-02 16:57:53.239] [Bytes recibidos]: 190
[2026-10-02 16:57:53.240] [Bytes recibidos]: 143
[2026-10-02 16:57:53.240] [Bytes recibidos]: 128
[2026-10-02 16:57:53.240] [Bytes recibidos]: 223
[2026-10-02 16:57:53.240] [Bytes recibidos]: 183
[2026-10-02 16:57:53.241] [Bytes recibidos]: 138
[2026-10-02 16:57:53.241] [Bytes recibidos]: 128
[2026-10-02 16:57:53.241] [Bytes recibidos]: 160
[2026-10-02 16:57:53.241] [Bytes recibidos]: 134
[2026-10-02 16:57:53.242] [Bytes recibidos]: 190
[2026-10-02 16:57:53.242] [Bytes recibidos]: 143
[2026-10-02 16:57:53.242] [Bytes recibidos]: 128
[2026-10-02 16:57:53.242] [Bytes recibidos]: 223
[2026-10-02 16:57:53.242] [Bytes recibidos]: 183
[2026-10-02 16:57:53.243] [Bytes recibidos]: 138
[2026-10-02 16:57:53.243] [Bytes recibidos]: 128
[2026-10-02 16:57:53.243] [Bytes recibidos]: 160
[2026-10-02 16:57:53.243] [Bytes recibidos]: 134
[2026-10-02 16:57:53.244] [Bytes recibidos]: 190
[2026-10-02 16:57:53.244] [Bytes recibidos]: 143
[2026-10-02 16:57:53.244] [Bytes recibidos]: 128
[2026-10-02 16:57:53.244] [Bytes recibidos]: 223
[2026-10-02 16:57:53.245] [Bytes recibidos]: 183
[2026-10-02 16:57:53.245] [Bytes recibidos]: 138
[2026-10-02 16:57:53.245] [Bytes recibidos]: 128
[2026-10-02 16:57:53.245] [Bytes recibidos]: 160
[2026-10-02 16:57:53.246] [Bytes recibidos]: 134
[2026-10-02 16:57:53.246] [Bytes recibidos]: 190
[2026-10-02 16:57:53.246] [Bytes recibidos]: 143
[2026-10-02 16:57:53.247] [Bytes recibidos]: 128
[2026-10-02 16:57:53.247] [Bytes recibidos]: 223
[2026-10-02 16:57:53.247] [Bytes recibidos]: 183
[2026-10-02 16:57:53.248] [Bytes recibidos]: 138
[2026-10-02 16:57:53.248] [Bytes recibidos]: 128
[2026-10-02 16:57:53.248] [Bytes recibidos]: 160
[2026-10-02 16:57:53.248] [Bytes recibidos]: 134
[2026-10-02 16:57:53.249] [Bytes recibidos]: 190
[2026-10-02 16:57:53.249] [Bytes recibidos]: 143
[2026-10-02 16:57:53.249] [Bytes recibidos]: 128
[2026-10-02 16:57:53.250] [Bytes recibidos]: 223
[2026-10-02 16:57:53.250] [Bytes recibidos]: 182
[2026-10-02 16:57:53.250] [Bytes recibidos]: 138
[2026-10-02 16:57:53.251] [Bytes recibidos]: 128
[2026-10-02 16:57:53.251] [Bytes recibidos]: 160
[2026-10-02 16:57:53.251] [Bytes recibidos]: 134
[2026-10-02 16:57:53.252] [Bytes recibidos]: 190
[2026-10-02 16:57:53.252] [Bytes recibidos]: 143
[2026-10-02 16:57:53.252] [Bytes recibidos]: 128
[2026-10-02 16:57:53.253] [Bytes recibidos]: 223
[2026-10-02 16:57:53.253] [Bytes recibidos]: 182
[2026-10-02 16:57:53.253] [Bytes recibidos]: 138
[2026-10-02 16:57:53.253] [Bytes recibidos]: 128
[2026-10-02 16:57:53.254] [Bytes recibidos]: 160
[2026-10-02 16:57:53.254] [Bytes recibidos]: 134
[2026-10-02 16:57:53.254] [Bytes recibidos]: 190
[2026-10-02 16:57:53.255] [Bytes recibidos]: 143
[2026-10-02 16:57:53.255] [Bytes recibidos]: 128
[2026-10-02 16:57:53.255] [Bytes recibidos]: 223
[2026-10-02 16:57:53.256] [Bytes recibidos]: 182
[2026-10-02 16:57:53.256] [Bytes recibidos]: 138
[2026-10-02 16:57:53.256] [Bytes recibidos]: 128
[2026-10-02 16:57:53.257] [Bytes recibidos]: 160
[2026-10-02 16:57:53.257] [Bytes recibidos]: 133
[2026-10-02 16:57:53.257] [Bytes recibidos]: 190
[2026-10-02 16:57:53.257] [Bytes recibidos]: 143
[2026-10-02 16:57:53.258] [Bytes recibidos]: 128
[2026-10-02 16:57:53.258] [Bytes recibidos]: 223
[2026-10-02 16:57:53.258] [Bytes recibidos]: 182
[2026-10-02 16:57:53.259] [Bytes recibidos]: 138
[2026-10-02 16:57:53.259] [Bytes recibidos]: 128
[2026-10-02 16:57:53.259] [Bytes recibidos]: 160
[2026-10-02 16:57:53.260] [Bytes recibidos]: 133
[2026-10-02 16:57:53.260] [Bytes recibidos]: 190
[2026-10-02 16:57:53.260] [Bytes recibidos]: 143
[2026-10-02 16:57:53.260] [Bytes recibidos]: 128
[2026-10-02 16:57:53.260] [Bytes recibidos]: 223
[2026-10-02 16:57:53.261] [Bytes recibidos]: 182
[2026-10-02 16:57:53.261] [Bytes recibidos]: 138
[2026-10-02 16:57:53.261] [Bytes recibidos]: 128
[2026-10-02 16:57:53.261] [Bytes recibidos]: 160
[2026-10-02 16:57:53.262] [Bytes recibidos]: 133
[2026-10-02 16:57:53.262] [Bytes recibidos]: 190
[2026-10-02 16:57:53.262] [Bytes recibidos]: 143
[2026-10-02 16:57:53.263] [Bytes recibidos]: 128
[2026-10-02 16:57:53.263] [Bytes recibidos]: 223
[2026-10-02 16:57:53.263] [Bytes recibidos]: 182
[2026-10-02 16:57:53.264] [Bytes recibidos]: 138
[2026-10-02 16:57:53.264] [Bytes recibidos]: 128
[2026-10-02 16:57:53.264] [Bytes recibidos]: 160
[2026-10-02 16:57:53.265] [Bytes recibidos]: 133
[2026-10-02 16:57:53.265] [Bytes recibidos]: 190
[2026-10-02 16:57:53.265] [Bytes recibidos]: 143
[2026-10-02 16:57:53.266] [Bytes recibidos]: 128
[2026-10-02 16:57:53.266] [Bytes recibidos]: 223
[2026-10-02 16:57:53.266] [Bytes recibidos]: 181
[2026-10-02 16:57:53.266] [Bytes recibidos]: 138
[2026-10-02 16:57:53.267] [Bytes recibidos]: 128
[2026-10-02 16:57:53.267] [Bytes recibidos]: 160
[2026-10-02 16:57:53.267] [Bytes recibidos]: 133
[2026-10-02 16:57:53.267] [Bytes recibidos]: 190
[2026-10-02 16:57:53.268] [Bytes recibidos]: 143
[2026-10-02 16:57:53.268] [Bytes recibidos]: 128
[2026-10-02 16:57:53.268] [Bytes recibidos]: 223
[2026-10-02 16:57:53.269] [Bytes recibidos]: 181
[2026-10-02 16:57:53.269] [Bytes recibidos]: 138
[2026-10-02 16:57:53.269] [Bytes recibidos]: 128
[2026-10-02 16:57:53.269] [Bytes recibidos]: 160
[2026-10-02 16:57:53.270] [Bytes recibidos]: 133
[2026-10-02 16:57:53.270] [Bytes recibidos]: 190
[2026-10-02 16:57:53.270] [Bytes recibidos]: 143
[2026-10-02 16:57:53.270] [Bytes recibidos]: 128
[2026-10-02 16:57:53.270] [Bytes recibidos]: 223
[2026-10-02 16:57:53.271] [Bytes recibidos]: 181
[2026-10-02 16:57:53.271] [Bytes recibidos]: 138
[2026-10-02 16:57:53.271] [Bytes recibidos]: 128
[2026-10-02 16:57:53.271] [Bytes recibidos]: 160
[2026-10-02 16:57:53.272] [Bytes recibidos]: 133
[2026-10-02 16:57:53.272] [Bytes recibidos]: 190
[2026-10-02 16:57:53.272] [Bytes recibidos]: 143
[2026-10-02 16:57:53.272] [Bytes recibidos]: 128
[2026-10-02 16:57:53.272] [Bytes recibidos]: 223
[2026-10-02 16:57:53.273] [Bytes recibidos]: 181
[2026-10-02 16:57:53.273] [Bytes recibidos]: 138
[2026-10-02 16:57:53.273] [Bytes recibidos]: 128
[2026-10-02 16:57:53.273] [Bytes recibidos]: 160
[2026-10-02 16:57:53.274] [Bytes recibidos]: 133
[2026-10-02 16:57:53.274] [Bytes recibidos]: 190
[2026-10-02 16:57:53.274] [Bytes recibidos]: 143
[2026-10-02 16:57:53.274] [Bytes recibidos]: 128
[2026-10-02 16:57:53.275] [Bytes recibidos]: 223
[2026-10-02 16:57:53.275] [Bytes recibidos]: 181
[2026-10-02 16:57:53.275] [Bytes recibidos]: 138
[2026-10-02 16:57:53.275] [Bytes recibidos]: 128
[2026-10-02 16:57:53.275] [Bytes recibidos]: 160
[2026-10-02 16:57:53.276] [Bytes recibidos]: 133
[2026-10-02 16:57:53.276] [Bytes recibidos]: 190
[2026-10-02 16:57:53.276] [Bytes recibidos]: 143
[2026-10-02 16:57:53.276] [Bytes recibidos]: 128
[2026-10-02 16:57:53.277] [Bytes recibidos]: 223
[2026-10-02 16:57:53.277] [Bytes recibidos]: 181
[2026-10-02 16:57:53.277] [Bytes recibidos]: 138
[2026-10-02 16:57:53.277] [Bytes recibidos]: 128
[2026-10-02 16:57:53.277] [Bytes recibidos]: 160
[2026-10-02 16:57:53.278] [Bytes recibidos]: 133
[2026-10-02 16:57:53.278] [Bytes recibidos]: 190
[2026-10-02 16:57:53.278] [Bytes recibidos]: 143
[2026-10-02 16:57:53.278] [Bytes recibidos]: 128
[2026-10-02 16:57:53.278] [Bytes recibidos]: 223
[2026-10-02 16:57:53.279] [Bytes recibidos]: 181
[2026-10-02 16:57:53.279] [Bytes recibidos]: 138
[2026-10-02 16:57:53.279] [Bytes recibidos]: 128
[2026-10-02 16:57:53.279] [Bytes recibidos]: 160
[2026-10-02 16:57:53.280] [Bytes recibidos]: 133
[2026-10-02 16:57:53.280] [Bytes recibidos]: 190
[2026-10-02 16:57:53.280] [Bytes recibidos]: 143
[2026-10-02 16:57:53.280] [Bytes recibidos]: 128
[2026-10-02 16:57:53.280] [Bytes recibidos]: 223
[2026-10-02 16:57:53.281] [Bytes recibidos]: 180
[2026-10-02 16:57:53.281] [Bytes recibidos]: 138
[2026-10-02 16:57:53.281] [Bytes recibidos]: 128
[2026-10-02 16:57:53.282] [Bytes recibidos]: 160
[2026-10-02 16:57:53.282] [Bytes recibidos]: 133
[2026-10-02 16:57:53.282] [Bytes recibidos]: 190
[2026-10-02 16:57:53.282] [Bytes recibidos]: 143
[2026-10-02 16:57:53.282] [Bytes recibidos]: 128
[2026-10-02 16:57:53.282] [Bytes recibidos]: 223
[2026-10-02 16:57:53.283] [Bytes recibidos]: 180
[2026-10-02 16:57:53.283] [Bytes recibidos]: 138
[2026-10-02 16:57:53.283] [Bytes recibidos]: 128
[2026-10-02 16:57:53.283] [Bytes recibidos]: 160
[2026-10-02 16:57:53.283] [Bytes recibidos]: 133
[2026-10-02 16:57:53.284] [Bytes recibidos]: 190
[2026-10-02 16:57:53.284] [Bytes recibidos]: 143
[2026-10-02 16:57:53.284] [Bytes recibidos]: 128
[2026-10-02 16:57:53.284] [Bytes recibidos]: 223
[2026-10-02 16:57:53.284] [Bytes recibidos]: 180
[2026-10-02 16:57:53.285] [Bytes recibidos]: 138
[2026-10-02 16:57:53.285] [Bytes recibidos]: 191
[2026-10-02 16:57:53.285] [Bytes recibidos]: 159
[2026-10-02 16:57:53.285] [Bytes recibidos]: 133
[2026-10-02 16:57:53.285] [Bytes recibidos]: 190
[2026-10-02 16:57:53.286] [Bytes recibidos]: 143
[2026-10-02 16:57:53.286] [Bytes recibidos]: 128
[2026-10-02 16:57:53.286] [Bytes recibidos]: 223
[2026-10-02 16:57:53.286] [Bytes recibidos]: 180
[2026-10-02 16:57:53.286] [Bytes recibidos]: 138
[2026-10-02 16:57:53.287] [Bytes recibidos]: 191
[2026-10-02 16:57:53.287] [Bytes recibidos]: 159
[2026-10-02 16:57:53.287] [Bytes recibidos]: 133
[2026-10-02 16:57:53.287] [Bytes recibidos]: 190
[2026-10-02 16:57:53.287] [Bytes recibidos]: 145
[2026-10-02 16:57:53.287] [Bytes recibidos]: 128
[2026-10-02 16:57:53.288] [Bytes recibidos]: 223
[2026-10-02 16:57:53.288] [Bytes recibidos]: 179
[2026-10-02 16:57:53.288] [Bytes recibidos]: 138
[2026-10-02 16:57:53.288] [Bytes recibidos]: 191
[2026-10-02 16:57:53.288] [Bytes recibidos]: 159
[2026-10-02 16:57:53.289] [Bytes recibidos]: 132
[2026-10-02 16:57:53.289] [Bytes recibidos]: 190
[2026-10-02 16:57:53.289] [Bytes recibidos]: 145
[2026-10-02 16:57:53.289] [Bytes recibidos]: 128
[2026-10-02 16:57:53.289] [Bytes recibidos]: 223
[2026-10-02 16:57:53.289] [Bytes recibidos]: 179
[2026-10-02 16:57:53.290] [Bytes recibidos]: 138
[2026-10-02 16:57:53.290] [Bytes recibidos]: 191
[2026-10-02 16:57:53.290] [Bytes recibidos]: 159
[2026-10-02 16:57:53.290] [Bytes recibidos]: 132
[2026-10-02 16:57:53.290] [Bytes recibidos]: 190
[2026-10-02 16:57:53.291] [Bytes recibidos]: 145
[2026-10-02 16:57:53.291] [Bytes recibidos]: 128
[2026-10-02 16:57:53.291] [Bytes recibidos]: 223
[2026-10-02 16:57:53.291] [Bytes recibidos]: 179
[2026-10-02 16:57:53.291] [Bytes recibidos]: 138
[2026-10-02 16:57:53.292] [Bytes recibidos]: 191
[2026-10-02 16:57:53.292] [Bytes recibidos]: 159
[2026-10-02 16:57:53.292] [Bytes recibidos]: 132
[2026-10-02 16:57:53.292] [Bytes recibidos]: 190
[2026-10-02 16:57:53.292] [Bytes recibidos]: 145
[2026-10-02 16:57:53.292] [Bytes recibidos]: 128
[2026-10-02 16:57:53.293] [Bytes recibidos]: 223
[2026-10-02 16:57:53.293] [Bytes recibidos]: 179
[2026-10-02 16:57:53.293] [Bytes recibidos]: 138
[2026-10-02 16:57:53.293] [Bytes recibidos]: 191
[2026-10-02 16:57:53.293] [Bytes recibidos]: 159
[2026-10-02 16:57:53.294] [Bytes recibidos]: 132
[2026-10-02 16:57:53.294] [Bytes recibidos]: 190
[2026-10-02 16:57:53.294] [Bytes recibidos]: 145
[2026-10-02 16:57:53.294] [Bytes recibidos]: 128
[2026-10-02 16:57:53.294] [Bytes recibidos]: 223
[2026-10-02 16:57:53.295] [Bytes recibidos]: 179
[2026-10-02 16:57:53.295] [Bytes recibidos]: 138
[2026-10-02 16:57:53.295] [Bytes recibidos]: 191
[2026-10-02 16:57:53.295] [Bytes recibidos]: 159
[2026-10-02 16:57:53.295] [Bytes recibidos]: 132
[2026-10-02 16:57:53.295] [Bytes recibidos]: 190
[2026-10-02 16:57:53.296] [Bytes recibidos]: 145
[2026-10-02 16:57:53.296] [Bytes recibidos]: 128
[2026-10-02 16:57:53.296] [Bytes recibidos]: 223
[2026-10-02 16:57:53.296] [Bytes recibidos]: 179
[2026-10-02 16:57:53.296] [Bytes recibidos]: 138
[2026-10-02 16:57:53.297] [Bytes recibidos]: 191
[2026-10-02 16:57:53.297] [Bytes recibidos]: 159
[2026-10-02 16:57:53.297] [Bytes recibidos]: 132
[2026-10-02 16:57:53.297] [Bytes recibidos]: 190
[2026-10-02 16:57:53.297] [Bytes recibidos]: 145
[2026-10-02 16:57:53.298] [Bytes recibidos]: 128
[2026-10-02 16:57:53.298] [Bytes recibidos]: 223
[2026-10-02 16:57:53.298] [Bytes recibidos]: 178
[2026-10-02 16:57:53.298] [Bytes recibidos]: 138
[2026-10-02 16:57:53.298] [Bytes recibidos]: 191
[2026-10-02 16:57:53.298] [Bytes recibidos]: 159
[2026-10-02 16:57:53.299] [Bytes recibidos]: 132
[2026-10-02 16:57:53.299] [Bytes recibidos]: 190
[2026-10-02 16:57:53.299] [Bytes recibidos]: 145
[2026-10-02 16:57:53.299] [Bytes recibidos]: 128
[2026-10-02 16:57:53.299] [Bytes recibidos]: 223
[2026-10-02 16:57:53.300] [Bytes recibidos]: 178
[2026-10-02 16:57:53.300] [Bytes recibidos]: 138
[2026-10-02 16:57:53.300] [Bytes recibidos]: 191
[2026-10-02 16:57:53.300] [Bytes recibidos]: 159
[2026-10-02 16:57:53.301] [Bytes recibidos]: 132
[2026-10-02 16:57:53.301] [Bytes recibidos]: 190
[2026-10-02 16:57:53.301] [Bytes recibidos]: 145
[2026-10-02 16:57:53.301] [Bytes recibidos]: 128
[2026-10-02 16:57:53.301] [Bytes recibidos]: 223
[2026-10-02 16:57:53.302] [Bytes recibidos]: 178
[2026-10-02 16:57:53.302] [Bytes recibidos]: 138
[2026-10-02 16:57:53.302] [Bytes recibidos]: 191
[2026-10-02 16:57:53.302] [Bytes recibidos]: 159
[2026-10-02 16:57:53.302] [Bytes recibidos]: 132
[2026-10-02 16:57:53.303] [Bytes recibidos]: 190
[2026-10-02 16:57:53.303] [Bytes recibidos]: 145
[2026-10-02 16:57:53.303] [Bytes recibidos]: 128
[2026-10-02 16:57:53.304] [Bytes recibidos]: 223
[2026-10-02 16:57:53.304] [Bytes recibidos]: 178
[2026-10-02 16:57:53.304] [Bytes recibidos]: 138
[2026-10-02 16:57:53.304] [Bytes recibidos]: 191
[2026-10-02 16:57:53.304] [Bytes recibidos]: 159
[2026-10-02 16:57:53.305] [Bytes recibidos]: 132
[2026-10-02 16:57:53.305] [Bytes recibidos]: 190
[2026-10-02 16:57:53.305] [Bytes recibidos]: 145
[2026-10-02 16:57:53.305] [Bytes recibidos]: 128
[2026-10-02 16:57:53.305] [Bytes recibidos]: 223
[2026-10-02 16:57:53.306] [Bytes recibidos]: 178
[2026-10-02 16:57:53.306] [Bytes recibidos]: 138
[2026-10-02 16:57:53.307] [Bytes recibidos]: 191
[2026-10-02 16:57:53.307] [Bytes recibidos]: 159
[2026-10-02 16:57:53.307] [Bytes recibidos]: 132
[2026-10-02 16:57:53.307] [Bytes recibidos]: 190
[2026-10-02 16:57:53.307] [Bytes recibidos]: 145
[2026-10-02 16:57:53.308] [Bytes recibidos]: 128
[2026-10-02 16:57:53.308] [Bytes recibidos]: 223
[2026-10-02 16:57:53.308] [Bytes recibidos]: 178
[2026-10-02 16:57:53.308] [Bytes recibidos]: 138
[2026-10-02 16:57:53.308] [Bytes recibidos]: 191
[2026-10-02 16:57:53.308] [Bytes recibidos]: 159
[2026-10-02 16:57:53.309] [Bytes recibidos]: 132
[2026-10-02 16:57:53.309] [Bytes recibidos]: 190
[2026-10-02 16:57:53.309] [Bytes recibidos]: 145
[2026-10-02 16:57:53.309] [Bytes recibidos]: 128
[2026-10-02 16:57:53.309] [Bytes recibidos]: 223
[2026-10-02 16:57:53.309] [Bytes recibidos]: 177
[2026-10-02 16:57:53.310] [Bytes recibidos]: 138
[2026-10-02 16:57:53.310] [Bytes recibidos]: 191
[2026-10-02 16:57:53.310] [Bytes recibidos]: 159
[2026-10-02 16:57:53.310] [Bytes recibidos]: 131
[2026-10-02 16:57:53.310] [Bytes recibidos]: 190
[2026-10-02 16:57:53.311] [Bytes recibidos]: 145
[2026-10-02 16:57:53.311] [Bytes recibidos]: 128
[2026-10-02 16:57:53.311] [Bytes recibidos]: 223
[2026-10-02 16:57:53.311] [Bytes recibidos]: 177
[2026-10-02 16:57:53.311] [Bytes recibidos]: 138
[2026-10-02 16:57:53.311] [Bytes recibidos]: 128
[2026-10-02 16:57:53.312] [Bytes recibidos]: 160
[2026-10-02 16:57:53.312] [Bytes recibidos]: 131
[2026-10-02 16:57:53.312] [Bytes recibidos]: 190
[2026-10-02 16:57:53.312] [Bytes recibidos]: 145
[2026-10-02 16:57:53.312] [Bytes recibidos]: 128
[2026-10-02 16:57:53.312] [Bytes recibidos]: 223
[2026-10-02 16:57:53.312] [Bytes recibidos]: 177
[2026-10-02 16:57:53.313] [Bytes recibidos]: 138
[2026-10-02 16:57:53.313] [Bytes recibidos]: 128
[2026-10-02 16:57:53.313] [Bytes recibidos]: 160
[2026-10-02 16:57:53.313] [Bytes recibidos]: 131
[2026-10-02 16:57:53.313] [Bytes recibidos]: 190
[2026-10-02 16:57:53.314] [Bytes recibidos]: 145
[2026-10-02 16:57:53.314] [Bytes recibidos]: 128
[2026-10-02 16:57:53.314] [Bytes recibidos]: 223
[2026-10-02 16:57:53.314] [Bytes recibidos]: 177
[2026-10-02 16:57:53.314] [Bytes recibidos]: 138
[2026-10-02 16:57:53.314] [Bytes recibidos]: 128
[2026-10-02 16:57:53.315] [Bytes recibidos]: 160
[2026-10-02 16:57:53.315] [Bytes recibidos]: 131
[2026-10-02 16:57:53.315] [Bytes recibidos]: 190
[2026-10-02 16:57:53.315] [Bytes recibidos]: 145
[2026-10-02 16:57:53.315] [Bytes recibidos]: 128
[2026-10-02 16:57:53.315] [Bytes recibidos]: 223
[2026-10-02 16:57:53.316] [Bytes recibidos]: 177
[2026-10-02 16:57:53.316] [Bytes recibidos]: 138
[2026-10-02 16:57:53.316] [Bytes recibidos]: 128
[2026-10-02 16:57:53.316] [Bytes recibidos]: 160
[2026-10-02 16:57:53.316] [Bytes recibidos]: 131
[2026-10-02 16:57:53.317] [Bytes recibidos]: 190
[2026-10-02 16:57:53.317] [Bytes recibidos]: 145
[2026-10-02 16:57:53.317] [Bytes recibidos]: 128
[2026-10-02 16:57:53.317] [Bytes recibidos]: 223
[2026-10-02 16:57:53.317] [Bytes recibidos]: 177
[2026-10-02 16:57:53.318] [Bytes recibidos]: 138
[2026-10-02 16:57:53.318] [Bytes recibidos]: 128
[2026-10-02 16:57:53.318] [Bytes recibidos]: 160
[2026-10-02 16:57:53.318] [Bytes recibidos]: 131
[2026-10-02 16:57:53.318] [Bytes recibidos]: 190
[2026-10-02 16:57:53.319] [Bytes recibidos]: 145
[2026-10-02 16:57:53.319] [Bytes recibidos]: 128
[2026-10-02 16:57:53.319] [Bytes recibidos]: 223
[2026-10-02 16:57:53.319] [Bytes recibidos]: 176
[2026-10-02 16:57:53.319] [Bytes recibidos]: 138
[2026-10-02 16:57:53.319] [Bytes recibidos]: 128
[2026-10-02 16:57:53.320] [Bytes recibidos]: 160
[2026-10-02 16:57:53.320] [Bytes recibidos]: 131
[2026-10-02 16:57:53.320] [Bytes recibidos]: 190
[2026-10-02 16:57:53.320] [Bytes recibidos]: 145
[2026-10-02 16:57:53.320] [Bytes recibidos]: 128
[2026-10-02 16:57:53.320] [Bytes recibidos]: 223
[2026-10-02 16:57:53.321] [Bytes recibidos]: 176
[2026-10-02 16:57:53.321] [Bytes recibidos]: 138
[2026-10-02 16:57:53.321] [Bytes recibidos]: 128
[2026-10-02 16:57:53.321] [Bytes recibidos]: 160
[2026-10-02 16:57:53.321] [Bytes recibidos]: 131
[2026-10-02 16:57:53.321] [Bytes recibidos]: 190
[2026-10-02 16:57:53.322] [Bytes recibidos]: 145
[2026-10-02 16:57:53.322] [Bytes recibidos]: 128
[2026-10-02 16:57:53.322] [Bytes recibidos]: 223
[2026-10-02 16:57:53.322] [Bytes recibidos]: 176
[2026-10-02 16:57:53.322] [Bytes recibidos]: 138
[2026-10-02 16:57:53.322] [Bytes recibidos]: 128
[2026-10-02 16:57:53.323] [Bytes recibidos]: 160
[2026-10-02 16:57:53.323] [Bytes recibidos]: 131
[2026-10-02 16:57:53.323] [Bytes recibidos]: 190
[2026-10-02 16:57:53.323] [Bytes recibidos]: 145
[2026-10-02 16:57:53.323] [Bytes recibidos]: 128
[2026-10-02 16:57:53.323] [Bytes recibidos]: 223
[2026-10-02 16:57:53.324] [Bytes recibidos]: 176
[2026-10-02 16:57:53.324] [Bytes recibidos]: 138
[2026-10-02 16:57:53.324] [Bytes recibidos]: 128
[2026-10-02 16:57:53.324] [Bytes recibidos]: 160
[2026-10-02 16:57:53.324] [Bytes recibidos]: 131
[2026-10-02 16:57:53.325] [Bytes recibidos]: 190
[2026-10-02 16:57:53.325] [Bytes recibidos]: 145
[2026-10-02 16:57:53.325] [Bytes recibidos]: 128
[2026-10-02 16:57:53.329] [Data Recibida]: 102.13601953601953
[2026-10-02 16:57:53.329] [MIN]: -21
[2026-10-02 16:57:53.330] [MAX]: 121
[2026-10-02 16:57:53.330] [MAXBIN]: 4095
[2026-10-02 16:57:53.330] [Data Recibida]: -180.1159951159951
[2026-10-02 16:57:53.330] [MIN]: -181
[2026-10-02 16:57:53.331] [MAX]: 181
[2026-10-02 16:57:53.331] [MAXBIN]: 4095
[2026-10-02 16:57:53.331] [Data Recibida]: 10.158730158730158
[2026-10-02 16:57:53.331] [MIN]: 0
[2026-10-02 16:57:53.331] [MAX]: 100
[2026-10-02 16:57:53.331] [MAXBIN]: 4095
[2026-10-02 16:57:53.332] [Data Recibida]: 29.94871794871795
[2026-10-02 16:57:53.332] [MIN]: 0
[2026-10-02 16:57:53.332] [MAX]: 120
[2026-10-02 16:57:53.332] [MAXBIN]: 4095
[2026-10-02 16:57:53.332] [Data Recibida]: 9.68986568986569
[2026-10-02 16:57:53.333] [MIN]: 0
[2026-10-02 16:57:53.333] [MAX]: 20
[2026-10-02 16:57:53.333] [MAXBIN]: 4095
[2026-10-02 16:57:53.333] [Data Recibida]: 16.971916971916972
[2026-10-02 16:57:53.333] [MIN]: 0
[2026-10-02 16:57:53.334] [MAX]: 100
[2026-10-02 16:57:53.334] [MAXBIN]: 4095
[2026-10-02 16:57:53.334] [Data Recibida]: 10.002442002442002
[2026-10-02 16:57:53.334] [MIN]: 0
[2026-10-02 16:57:53.334] [MAX]: 20
[2026-10-02 16:57:53.335] [MAXBIN]: 4095
[2026-10-02 16:57:53.335] [Data Recibida]: 19.409035409035408
[2026-10-02 16:57:53.335] [MIN]: 0
[2026-10-02 16:57:53.335] [MAX]: 20
[2026-10-02 16:57:53.335] [MAXBIN]: 4095
[2026-10-02 16:57:55.351] Datos recibidos (956 bytes): DF B0 8A BF 9F 83 BE 91 80 DF C6 C0 AF 8A BF 9F 83 BE 91 80 DF AF 8A BF 9F 83 BE 91 80 DF AF 8A BE 9F 83 BE 91 80 DF AF 8A BE 9F 83 BE 91 80 DF AE 8A 80 A0 82 BE 91 80 DF AF 8A 86 A0 82 BE 91 80 DF B0 8A 94 A0 82 BE 91 80 DF B3 8A AA A0 82 BE 91 80 DF B5 8A B8 A0 82 BE 91 80 DF 80 8B B1 A1 82 BE 91 80 DF 8C 8B A3 A2 82 BE 91 80 DF 9D 8B 9C A3 82 BE 91 80 DF B4 8B 9A A4 82 BE 91 80 DF 81 8C BA A4 82 BE 91 80 DF A0 8C BB A5 82 BE 91 80 DF 98 8D 98 A7 82 BE 91 80 DF 81 8E 8E A8 82 BE 91 80 DF AC 8E BB A8 82 BE 91 80 DF 97 8F 9C A9 82 BE 91 80 DF AC 8F A8 A9 82 BE 91 80 DF A4 90 B9 A9 82 BE 91 80 DF 83 91 B7 A9 82 BE 91 80 DF 9C 91 AC A9 82 BE 91 80 DF B0 91 9C A9 82 BE 91 80 DF B7 91 92 A9 82 BE 91 80 DF 87 92 B3 A8 82 BE 91 80 DF 8C 92 9E A8 82 BE 91 80 DF 8E 92 8A A8 82 BE 91 80 DF 8F 92 B7 A7 82 BE 91 80 DF 90 92 AF A7 82 BE 91 80 DF 90 92 97 A7 82 BE 91 80 DF 91 92 89 A7 83 BE 91 80 DF 92 92 82 A7 83 BE 91 80 DF 94 92 AE A6 83 BE 91 80 DF 95 92 A8 A6 83 BE 91 80 DF 97 92 93 A6 83 BE 91 80 DF 99 92 86 A6 83 BE 91 80 DF 9B 92 B8 A5 83 BE 91 80 DF 9C 92 AA A5 83 BE 91 80 DF 9E 92 9B A5 83 BE 91 80 DF 9F 92 8D A5 83 BE 91 80 DF A1 92 BF A4 83 BE 91 80 DF A2 92 B1 A4 83 BE 91 80 DF A3 92 A2 A4 83 BE 91 80 DF A4 92 95 A4 83 BE 91 80 DF A5 92 87 A4 83 BE 91 80 DF A6 92 BA A3 83 BE 91 80 DF A6 92 AD A3 83 BE 91 80 DF A7 92 A0 A3 83 BE 91 80 DF A7 92 94 A3 84 BE 91 80 DF A8 92 88 A3 84 BE 91 80 DF A8 92 BC A2 84 BE 91 80 DF A8 92 B1 A2 84 BE 91 80 DF A9 92 A7 A2 84 BE 91 80 DF A9 92 A1 A2 84 BE 91 80 DF A9 92 93 A2 84 BE 91 80 DF AA 92 8A A2 84 BE 91 80 DF AA 92 81 A2 84 BE 91 80 DF AA 92 BD A1 84 BE 91 80 DF AA 92 B1 A1 85 BE 91 80 DF AA 92 A9 A1 85 BE 91 80 DF AA 92 A2 A1 85 BE 91 80 DF AA 92 9C A1 85 BE 91 80 DF AA 92 9A A1 85 BE 91 80 DF AA 92 92 A1 85 BE 91 80 DF A9 92 8D A1 85 BE 91 80 DF A9 92 89 A1 85 BE 91 80 DF A9 92 84 A1 85 BE 91 80 DF A9 92 81 A1 85 BE 91 80 DF A9 92 BF A0 85 BE 91 80 DF A9 92 BB A0 85 BE 91 80 DF A9 92 BA A0 85 BE 91 80 DF A8 92 BA A0 85 BE 91 80 DF A8 92 B8 A0 85 BE 91 80 DF A8 92 B7 A0 85 BE 91 80 DF A8 92 B4 A0 85 BE 91 80 DF A7 92 B0 A0 85 BE 91 80 DF A7 92 AE A0 85 BE 91 80 DF A7 92 AC A0 85 BE 91 80 DF A6 92 AB A0 85 BE 91 80 DF A6 92 AB A0 85 BE 91 80 DF A6 92 AC A0 85 BE 91 80 DF A5 92 AD A0 86 BE 91 80 DF A5 92 AE A0 86 BE 91 80 DF A5 92 B1 A0 86 BE 91 80 DF A4 92 B2 A0 86 BE 91 80 DF A4 92 B4 A0 86 BE 91 80 DF A3 92 B4 A0 86 BE 91 80 DF A2 92 B3 A0 86 BE 91 80 DF 9E 92 AB A0 86 BE 91 80 DF 96 92 9B A0 86 BE 91 80 DF 8B 92 BC 9F 86 BE 91 80 DF B9 91 89 9F 86 BE 91 80 DF A2 91 85 9E 86 BE 91 80 DF 87 91 B6 9C 86 BE 91 80 DF AA 90 A5 9B 86 BE 91 80 DF 8B 90 9B 9A 87 BE 91 80 DF AC 8F 9D 99 87 BE 91 80 DF 9D 8F 82 99 87 BE 91 80 DF 81 8F 98 98 87 BE 91 80 DF 9E 8E B3 97 87 BE 91 80 DF 8B 8E A8 97 87 BE 91 80 DF BB 8D A4 97 87 BE 91 80 DF B4 8D A3 97 87 BE 91 80 DF A7 8D A4 97 87 BE 91 80
[2026-10-02 16:57:55.352] [Bytes recibidos]: 223
[2026-10-02 16:57:55.352] [Bytes recibidos]: 176
[2026-10-02 16:57:55.352] [Bytes recibidos]: 138
[2026-10-02 16:57:55.352] [Bytes recibidos]: 191
[2026-10-02 16:57:55.352] [Bytes recibidos]: 159
[2026-10-02 16:57:55.352] [Bytes recibidos]: 131
[2026-10-02 16:57:55.352] [Bytes recibidos]: 190
[2026-10-02 16:57:55.353] [Bytes recibidos]: 145
[2026-10-02 16:57:55.353] [Bytes recibidos]: 128
[2026-10-02 16:57:55.353] [Bytes recibidos]: 223
[2026-10-02 16:57:55.353] [Bytes recibidos]: 198
[2026-10-02 16:57:55.353] [Bytes recibidos]: 192
[2026-10-02 16:57:55.353] [Bytes recibidos]: 175
[2026-10-02 16:57:55.353] [Bytes recibidos]: 138
[2026-10-02 16:57:55.354] [Bytes recibidos]: 191
[2026-10-02 16:57:55.354] [Bytes recibidos]: 159
[2026-10-02 16:57:55.354] [Bytes recibidos]: 131
[2026-10-02 16:57:55.354] [Bytes recibidos]: 190
[2026-10-02 16:57:55.354] [Bytes recibidos]: 145
[2026-10-02 16:57:55.354] [Bytes recibidos]: 128
[2026-10-02 16:57:55.355] [Bytes recibidos]: 223
[2026-10-02 16:57:55.355] [Bytes recibidos]: 175
[2026-10-02 16:57:55.355] [Bytes recibidos]: 138
[2026-10-02 16:57:55.355] [Bytes recibidos]: 191
[2026-10-02 16:57:55.355] [Bytes recibidos]: 159
[2026-10-02 16:57:55.355] [Bytes recibidos]: 131
[2026-10-02 16:57:55.356] [Bytes recibidos]: 190
[2026-10-02 16:57:55.356] [Bytes recibidos]: 145
[2026-10-02 16:57:55.356] [Bytes recibidos]: 128
[2026-10-02 16:57:55.356] [Bytes recibidos]: 223
[2026-10-02 16:57:55.356] [Bytes recibidos]: 175
[2026-10-02 16:57:55.356] [Bytes recibidos]: 138
[2026-10-02 16:57:55.357] [Bytes recibidos]: 190
[2026-10-02 16:57:55.357] [Bytes recibidos]: 159
[2026-10-02 16:57:55.357] [Bytes recibidos]: 131
[2026-10-02 16:57:55.357] [Bytes recibidos]: 190
[2026-10-02 16:57:55.357] [Bytes recibidos]: 145
[2026-10-02 16:57:55.357] [Bytes recibidos]: 128
[2026-10-02 16:57:55.358] [Bytes recibidos]: 223
[2026-10-02 16:57:55.358] [Bytes recibidos]: 175
[2026-10-02 16:57:55.358] [Bytes recibidos]: 138
[2026-10-02 16:57:55.358] [Bytes recibidos]: 190
[2026-10-02 16:57:55.358] [Bytes recibidos]: 159
[2026-10-02 16:57:55.358] [Bytes recibidos]: 131
[2026-10-02 16:57:55.359] [Bytes recibidos]: 190
[2026-10-02 16:57:55.359] [Bytes recibidos]: 145
[2026-10-02 16:57:55.359] [Bytes recibidos]: 128
[2026-10-02 16:57:55.359] [Bytes recibidos]: 223
[2026-10-02 16:57:55.359] [Bytes recibidos]: 174
[2026-10-02 16:57:55.359] [Bytes recibidos]: 138
[2026-10-02 16:57:55.360] [Bytes recibidos]: 128
[2026-10-02 16:57:55.360] [Bytes recibidos]: 160
[2026-10-02 16:57:55.360] [Bytes recibidos]: 130
[2026-10-02 16:57:55.360] [Bytes recibidos]: 190
[2026-10-02 16:57:55.360] [Bytes recibidos]: 145
[2026-10-02 16:57:55.360] [Bytes recibidos]: 128
[2026-10-02 16:57:55.360] [Bytes recibidos]: 223
[2026-10-02 16:57:55.361] [Bytes recibidos]: 175
[2026-10-02 16:57:55.361] [Bytes recibidos]: 138
[2026-10-02 16:57:55.361] [Bytes recibidos]: 134
[2026-10-02 16:57:55.361] [Bytes recibidos]: 160
[2026-10-02 16:57:55.361] [Bytes recibidos]: 130
[2026-10-02 16:57:55.361] [Bytes recibidos]: 190
[2026-10-02 16:57:55.361] [Bytes recibidos]: 145
[2026-10-02 16:57:55.361] [Bytes recibidos]: 128
[2026-10-02 16:57:55.362] [Bytes recibidos]: 223
[2026-10-02 16:57:55.362] [Bytes recibidos]: 176
[2026-10-02 16:57:55.362] [Bytes recibidos]: 138
[2026-10-02 16:57:55.362] [Bytes recibidos]: 148
[2026-10-02 16:57:55.362] [Bytes recibidos]: 160
[2026-10-02 16:57:55.362] [Bytes recibidos]: 130
[2026-10-02 16:57:55.362] [Bytes recibidos]: 190
[2026-10-02 16:57:55.362] [Bytes recibidos]: 145
[2026-10-02 16:57:55.362] [Bytes recibidos]: 128
[2026-10-02 16:57:55.363] [Bytes recibidos]: 223
[2026-10-02 16:57:55.363] [Bytes recibidos]: 179
[2026-10-02 16:57:55.363] [Bytes recibidos]: 138
[2026-10-02 16:57:55.363] [Bytes recibidos]: 170
[2026-10-02 16:57:55.363] [Bytes recibidos]: 160
[2026-10-02 16:57:55.363] [Bytes recibidos]: 130
[2026-10-02 16:57:55.364] [Bytes recibidos]: 190
[2026-10-02 16:57:55.364] [Bytes recibidos]: 145
[2026-10-02 16:57:55.364] [Bytes recibidos]: 128
[2026-10-02 16:57:55.364] [Bytes recibidos]: 223
[2026-10-02 16:57:55.364] [Bytes recibidos]: 181
[2026-10-02 16:57:55.364] [Bytes recibidos]: 138
[2026-10-02 16:57:55.364] [Bytes recibidos]: 184
[2026-10-02 16:57:55.365] [Bytes recibidos]: 160
[2026-10-02 16:57:55.365] [Bytes recibidos]: 130
[2026-10-02 16:57:55.365] [Bytes recibidos]: 190
[2026-10-02 16:57:55.365] [Bytes recibidos]: 145
[2026-10-02 16:57:55.365] [Bytes recibidos]: 128
[2026-10-02 16:57:55.365] [Bytes recibidos]: 223
[2026-10-02 16:57:55.365] [Bytes recibidos]: 128
[2026-10-02 16:57:55.366] [Bytes recibidos]: 139
[2026-10-02 16:57:55.366] [Bytes recibidos]: 177
[2026-10-02 16:57:55.366] [Bytes recibidos]: 161
[2026-10-02 16:57:55.366] [Bytes recibidos]: 130
[2026-10-02 16:57:55.366] [Bytes recibidos]: 190
[2026-10-02 16:57:55.366] [Bytes recibidos]: 145
[2026-10-02 16:57:55.366] [Bytes recibidos]: 128
[2026-10-02 16:57:55.367] [Bytes recibidos]: 223
[2026-10-02 16:57:55.367] [Bytes recibidos]: 140
[2026-10-02 16:57:55.367] [Bytes recibidos]: 139
[2026-10-02 16:57:55.367] [Bytes recibidos]: 163
[2026-10-02 16:57:55.367] [Bytes recibidos]: 162
[2026-10-02 16:57:55.367] [Bytes recibidos]: 130
[2026-10-02 16:57:55.367] [Bytes recibidos]: 190
[2026-10-02 16:57:55.368] [Bytes recibidos]: 145
[2026-10-02 16:57:55.368] [Bytes recibidos]: 128
[2026-10-02 16:57:55.368] [Bytes recibidos]: 223
[2026-10-02 16:57:55.368] [Bytes recibidos]: 157
[2026-10-02 16:57:55.368] [Bytes recibidos]: 139
[2026-10-02 16:57:55.369] [Bytes recibidos]: 156
[2026-10-02 16:57:55.369] [Bytes recibidos]: 163
[2026-10-02 16:57:55.369] [Bytes recibidos]: 130
[2026-10-02 16:57:55.369] [Bytes recibidos]: 190
[2026-10-02 16:57:55.369] [Bytes recibidos]: 145
[2026-10-02 16:57:55.370] [Bytes recibidos]: 128
[2026-10-02 16:57:55.370] [Bytes recibidos]: 223
[2026-10-02 16:57:55.370] [Bytes recibidos]: 180
[2026-10-02 16:57:55.370] [Bytes recibidos]: 139
[2026-10-02 16:57:55.370] [Bytes recibidos]: 154
[2026-10-02 16:57:55.370] [Bytes recibidos]: 164
[2026-10-02 16:57:55.370] [Bytes recibidos]: 130
[2026-10-02 16:57:55.371] [Bytes recibidos]: 190
[2026-10-02 16:57:55.371] [Bytes recibidos]: 145
[2026-10-02 16:57:55.371] [Bytes recibidos]: 128
[2026-10-02 16:57:55.371] [Bytes recibidos]: 223
[2026-10-02 16:57:55.371] [Bytes recibidos]: 129
[2026-10-02 16:57:55.371] [Bytes recibidos]: 140
[2026-10-02 16:57:55.371] [Bytes recibidos]: 186
[2026-10-02 16:57:55.371] [Bytes recibidos]: 164
[2026-10-02 16:57:55.371] [Bytes recibidos]: 130
[2026-10-02 16:57:55.372] [Bytes recibidos]: 190
[2026-10-02 16:57:55.372] [Bytes recibidos]: 145
[2026-10-02 16:57:55.372] [Bytes recibidos]: 128
[2026-10-02 16:57:55.372] [Bytes recibidos]: 223
[2026-10-02 16:57:55.372] [Bytes recibidos]: 160
[2026-10-02 16:57:55.372] [Bytes recibidos]: 140
[2026-10-02 16:57:55.372] [Bytes recibidos]: 187
[2026-10-02 16:57:55.372] [Bytes recibidos]: 165
[2026-10-02 16:57:55.373] [Bytes recibidos]: 130
[2026-10-02 16:57:55.373] [Bytes recibidos]: 190
[2026-10-02 16:57:55.373] [Bytes recibidos]: 145
[2026-10-02 16:57:55.373] [Bytes recibidos]: 128
[2026-10-02 16:57:55.373] [Bytes recibidos]: 223
[2026-10-02 16:57:55.373] [Bytes recibidos]: 152
[2026-10-02 16:57:55.373] [Bytes recibidos]: 141
[2026-10-02 16:57:55.373] [Bytes recibidos]: 152
[2026-10-02 16:57:55.373] [Bytes recibidos]: 167
[2026-10-02 16:57:55.374] [Bytes recibidos]: 130
[2026-10-02 16:57:55.374] [Bytes recibidos]: 190
[2026-10-02 16:57:55.374] [Bytes recibidos]: 145
[2026-10-02 16:57:55.374] [Bytes recibidos]: 128
[2026-10-02 16:57:55.374] [Bytes recibidos]: 223
[2026-10-02 16:57:55.374] [Bytes recibidos]: 129
[2026-10-02 16:57:55.374] [Bytes recibidos]: 142
[2026-10-02 16:57:55.374] [Bytes recibidos]: 142
[2026-10-02 16:57:55.374] [Bytes recibidos]: 168
[2026-10-02 16:57:55.374] [Bytes recibidos]: 130
[2026-10-02 16:57:55.375] [Bytes recibidos]: 190
[2026-10-02 16:57:55.375] [Bytes recibidos]: 145
[2026-10-02 16:57:55.375] [Bytes recibidos]: 128
[2026-10-02 16:57:55.375] [Bytes recibidos]: 223
[2026-10-02 16:57:55.375] [Bytes recibidos]: 172
[2026-10-02 16:57:55.375] [Bytes recibidos]: 142
[2026-10-02 16:57:55.375] [Bytes recibidos]: 187
[2026-10-02 16:57:55.375] [Bytes recibidos]: 168
[2026-10-02 16:57:55.375] [Bytes recibidos]: 130
[2026-10-02 16:57:55.376] [Bytes recibidos]: 190
[2026-10-02 16:57:55.376] [Bytes recibidos]: 145
[2026-10-02 16:57:55.376] [Bytes recibidos]: 128
[2026-10-02 16:57:55.376] [Bytes recibidos]: 223
[2026-10-02 16:57:55.376] [Bytes recibidos]: 151
[2026-10-02 16:57:55.376] [Bytes recibidos]: 143
[2026-10-02 16:57:55.376] [Bytes recibidos]: 156
[2026-10-02 16:57:55.376] [Bytes recibidos]: 169
[2026-10-02 16:57:55.376] [Bytes recibidos]: 130
[2026-10-02 16:57:55.377] [Bytes recibidos]: 190
[2026-10-02 16:57:55.377] [Bytes recibidos]: 145
[2026-10-02 16:57:55.377] [Bytes recibidos]: 128
[2026-10-02 16:57:55.377] [Bytes recibidos]: 223
[2026-10-02 16:57:55.377] [Bytes recibidos]: 172
[2026-10-02 16:57:55.377] [Bytes recibidos]: 143
[2026-10-02 16:57:55.377] [Bytes recibidos]: 168
[2026-10-02 16:57:55.377] [Bytes recibidos]: 169
[2026-10-02 16:57:55.377] [Bytes recibidos]: 130
[2026-10-02 16:57:55.377] [Bytes recibidos]: 190
[2026-10-02 16:57:55.378] [Bytes recibidos]: 145
[2026-10-02 16:57:55.378] [Bytes recibidos]: 128
[2026-10-02 16:57:55.378] [Bytes recibidos]: 223
[2026-10-02 16:57:55.378] [Bytes recibidos]: 164
[2026-10-02 16:57:55.378] [Bytes recibidos]: 144
[2026-10-02 16:57:55.378] [Bytes recibidos]: 185
[2026-10-02 16:57:55.378] [Bytes recibidos]: 169
[2026-10-02 16:57:55.378] [Bytes recibidos]: 130
[2026-10-02 16:57:55.378] [Bytes recibidos]: 190
[2026-10-02 16:57:55.379] [Bytes recibidos]: 145
[2026-10-02 16:57:55.379] [Bytes recibidos]: 128
[2026-10-02 16:57:55.379] [Bytes recibidos]: 223
[2026-10-02 16:57:55.379] [Bytes recibidos]: 131
[2026-10-02 16:57:55.379] [Bytes recibidos]: 145
[2026-10-02 16:57:55.379] [Bytes recibidos]: 183
[2026-10-02 16:57:55.379] [Bytes recibidos]: 169
[2026-10-02 16:57:55.379] [Bytes recibidos]: 130
[2026-10-02 16:57:55.380] [Bytes recibidos]: 190
[2026-10-02 16:57:55.380] [Bytes recibidos]: 145
[2026-10-02 16:57:55.380] [Bytes recibidos]: 128
[2026-10-02 16:57:55.380] [Bytes recibidos]: 223
[2026-10-02 16:57:55.380] [Bytes recibidos]: 156
[2026-10-02 16:57:55.380] [Bytes recibidos]: 145
[2026-10-02 16:57:55.380] [Bytes recibidos]: 172
[2026-10-02 16:57:55.380] [Bytes recibidos]: 169
[2026-10-02 16:57:55.380] [Bytes recibidos]: 130
[2026-10-02 16:57:55.381] [Bytes recibidos]: 190
[2026-10-02 16:57:55.381] [Bytes recibidos]: 145
[2026-10-02 16:57:55.381] [Bytes recibidos]: 128
[2026-10-02 16:57:55.381] [Bytes recibidos]: 223
[2026-10-02 16:57:55.381] [Bytes recibidos]: 176
[2026-10-02 16:57:55.381] [Bytes recibidos]: 145
[2026-10-02 16:57:55.381] [Bytes recibidos]: 156
[2026-10-02 16:57:55.381] [Bytes recibidos]: 169
[2026-10-02 16:57:55.381] [Bytes recibidos]: 130
[2026-10-02 16:57:55.382] [Bytes recibidos]: 190
[2026-10-02 16:57:55.382] [Bytes recibidos]: 145
[2026-10-02 16:57:55.382] [Bytes recibidos]: 128
[2026-10-02 16:57:55.382] [Bytes recibidos]: 223
[2026-10-02 16:57:55.382] [Bytes recibidos]: 183
[2026-10-02 16:57:55.382] [Bytes recibidos]: 145
[2026-10-02 16:57:55.382] [Bytes recibidos]: 146
[2026-10-02 16:57:55.382] [Bytes recibidos]: 169
[2026-10-02 16:57:55.382] [Bytes recibidos]: 130
[2026-10-02 16:57:55.382] [Bytes recibidos]: 190
[2026-10-02 16:57:55.382] [Bytes recibidos]: 145
[2026-10-02 16:57:55.383] [Bytes recibidos]: 128
[2026-10-02 16:57:55.383] [Bytes recibidos]: 223
[2026-10-02 16:57:55.383] [Bytes recibidos]: 135
[2026-10-02 16:57:55.383] [Bytes recibidos]: 146
[2026-10-02 16:57:55.383] [Bytes recibidos]: 179
[2026-10-02 16:57:55.383] [Bytes recibidos]: 168
[2026-10-02 16:57:55.383] [Bytes recibidos]: 130
[2026-10-02 16:57:55.383] [Bytes recibidos]: 190
[2026-10-02 16:57:55.384] [Bytes recibidos]: 145
[2026-10-02 16:57:55.384] [Bytes recibidos]: 128
[2026-10-02 16:57:55.384] [Bytes recibidos]: 223
[2026-10-02 16:57:55.384] [Bytes recibidos]: 140
[2026-10-02 16:57:55.384] [Bytes recibidos]: 146
[2026-10-02 16:57:55.384] [Bytes recibidos]: 158
[2026-10-02 16:57:55.385] [Bytes recibidos]: 168
[2026-10-02 16:57:55.385] [Bytes recibidos]: 130
[2026-10-02 16:57:55.385] [Bytes recibidos]: 190
[2026-10-02 16:57:55.385] [Bytes recibidos]: 145
[2026-10-02 16:57:55.385] [Bytes recibidos]: 128
[2026-10-02 16:57:55.385] [Bytes recibidos]: 223
[2026-10-02 16:57:55.385] [Bytes recibidos]: 142
[2026-10-02 16:57:55.385] [Bytes recibidos]: 146
[2026-10-02 16:57:55.386] [Bytes recibidos]: 138
[2026-10-02 16:57:55.386] [Bytes recibidos]: 168
[2026-10-02 16:57:55.386] [Bytes recibidos]: 130
[2026-10-02 16:57:55.386] [Bytes recibidos]: 190
[2026-10-02 16:57:55.386] [Bytes recibidos]: 145
[2026-10-02 16:57:55.386] [Bytes recibidos]: 128
[2026-10-02 16:57:55.386] [Bytes recibidos]: 223
[2026-10-02 16:57:55.386] [Bytes recibidos]: 143
[2026-10-02 16:57:55.386] [Bytes recibidos]: 146
[2026-10-02 16:57:55.387] [Bytes recibidos]: 183
[2026-10-02 16:57:55.387] [Bytes recibidos]: 167
[2026-10-02 16:57:55.387] [Bytes recibidos]: 130
[2026-10-02 16:57:55.387] [Bytes recibidos]: 190
[2026-10-02 16:57:55.387] [Bytes recibidos]: 145
[2026-10-02 16:57:55.387] [Bytes recibidos]: 128
[2026-10-02 16:57:55.387] [Bytes recibidos]: 223
[2026-10-02 16:57:55.387] [Bytes recibidos]: 144
[2026-10-02 16:57:55.387] [Bytes recibidos]: 146
[2026-10-02 16:57:55.387] [Bytes recibidos]: 175
[2026-10-02 16:57:55.388] [Bytes recibidos]: 167
[2026-10-02 16:57:55.388] [Bytes recibidos]: 130
[2026-10-02 16:57:55.388] [Bytes recibidos]: 190
[2026-10-02 16:57:55.388] [Bytes recibidos]: 145
[2026-10-02 16:57:55.388] [Bytes recibidos]: 128
[2026-10-02 16:57:55.388] [Bytes recibidos]: 223
[2026-10-02 16:57:55.388] [Bytes recibidos]: 144
[2026-10-02 16:57:55.388] [Bytes recibidos]: 146
[2026-10-02 16:57:55.388] [Bytes recibidos]: 151
[2026-10-02 16:57:55.389] [Bytes recibidos]: 167
[2026-10-02 16:57:55.389] [Bytes recibidos]: 130
[2026-10-02 16:57:55.389] [Bytes recibidos]: 190
[2026-10-02 16:57:55.389] [Bytes recibidos]: 145
[2026-10-02 16:57:55.389] [Bytes recibidos]: 128
[2026-10-02 16:57:55.389] [Bytes recibidos]: 223
[2026-10-02 16:57:55.389] [Bytes recibidos]: 145
[2026-10-02 16:57:55.389] [Bytes recibidos]: 146
[2026-10-02 16:57:55.389] [Bytes recibidos]: 137
[2026-10-02 16:57:55.389] [Bytes recibidos]: 167
[2026-10-02 16:57:55.390] [Bytes recibidos]: 131
[2026-10-02 16:57:55.390] [Bytes recibidos]: 190
[2026-10-02 16:57:55.390] [Bytes recibidos]: 145
[2026-10-02 16:57:55.390] [Bytes recibidos]: 128
[2026-10-02 16:57:55.390] [Bytes recibidos]: 223
[2026-10-02 16:57:55.390] [Bytes recibidos]: 146
[2026-10-02 16:57:55.390] [Bytes recibidos]: 146
[2026-10-02 16:57:55.390] [Bytes recibidos]: 130
[2026-10-02 16:57:55.390] [Bytes recibidos]: 167
[2026-10-02 16:57:55.391] [Bytes recibidos]: 131
[2026-10-02 16:57:55.391] [Bytes recibidos]: 190
[2026-10-02 16:57:55.391] [Bytes recibidos]: 145
[2026-10-02 16:57:55.391] [Bytes recibidos]: 128
[2026-10-02 16:57:55.391] [Bytes recibidos]: 223
[2026-10-02 16:57:55.391] [Bytes recibidos]: 148
[2026-10-02 16:57:55.391] [Bytes recibidos]: 146
[2026-10-02 16:57:55.391] [Bytes recibidos]: 174
[2026-10-02 16:57:55.391] [Bytes recibidos]: 166
[2026-10-02 16:57:55.392] [Bytes recibidos]: 131
[2026-10-02 16:57:55.392] [Bytes recibidos]: 190
[2026-10-02 16:57:55.392] [Bytes recibidos]: 145
[2026-10-02 16:57:55.392] [Bytes recibidos]: 128
[2026-10-02 16:57:55.392] [Bytes recibidos]: 223
[2026-10-02 16:57:55.392] [Bytes recibidos]: 149
[2026-10-02 16:57:55.392] [Bytes recibidos]: 146
[2026-10-02 16:57:55.392] [Bytes recibidos]: 168
[2026-10-02 16:57:55.392] [Bytes recibidos]: 166
[2026-10-02 16:57:55.392] [Bytes recibidos]: 131
[2026-10-02 16:57:55.393] [Bytes recibidos]: 190
[2026-10-02 16:57:55.393] [Bytes recibidos]: 145
[2026-10-02 16:57:55.393] [Bytes recibidos]: 128
[2026-10-02 16:57:55.393] [Bytes recibidos]: 223
[2026-10-02 16:57:55.393] [Bytes recibidos]: 151
[2026-10-02 16:57:55.393] [Bytes recibidos]: 146
[2026-10-02 16:57:55.393] [Bytes recibidos]: 147
[2026-10-02 16:57:55.393] [Bytes recibidos]: 166
[2026-10-02 16:57:55.393] [Bytes recibidos]: 131
[2026-10-02 16:57:55.393] [Bytes recibidos]: 190
[2026-10-02 16:57:55.394] [Bytes recibidos]: 145
[2026-10-02 16:57:55.394] [Bytes recibidos]: 128
[2026-10-02 16:57:55.394] [Bytes recibidos]: 223
[2026-10-02 16:57:55.394] [Bytes recibidos]: 153
[2026-10-02 16:57:55.394] [Bytes recibidos]: 146
[2026-10-02 16:57:55.394] [Bytes recibidos]: 134
[2026-10-02 16:57:55.394] [Bytes recibidos]: 166
[2026-10-02 16:57:55.394] [Bytes recibidos]: 131
[2026-10-02 16:57:55.394] [Bytes recibidos]: 190
[2026-10-02 16:57:55.394] [Bytes recibidos]: 145
[2026-10-02 16:57:55.395] [Bytes recibidos]: 128
[2026-10-02 16:57:55.395] [Bytes recibidos]: 223
[2026-10-02 16:57:55.395] [Bytes recibidos]: 155
[2026-10-02 16:57:55.395] [Bytes recibidos]: 146
[2026-10-02 16:57:55.395] [Bytes recibidos]: 184
[2026-10-02 16:57:55.395] [Bytes recibidos]: 165
[2026-10-02 16:57:55.395] [Bytes recibidos]: 131
[2026-10-02 16:57:55.395] [Bytes recibidos]: 190
[2026-10-02 16:57:55.395] [Bytes recibidos]: 145
[2026-10-02 16:57:55.395] [Bytes recibidos]: 128
[2026-10-02 16:57:55.395] [Bytes recibidos]: 223
[2026-10-02 16:57:55.396] [Bytes recibidos]: 156
[2026-10-02 16:57:55.396] [Bytes recibidos]: 146
[2026-10-02 16:57:55.396] [Bytes recibidos]: 170
[2026-10-02 16:57:55.396] [Bytes recibidos]: 165
[2026-10-02 16:57:55.396] [Bytes recibidos]: 131
[2026-10-02 16:57:55.396] [Bytes recibidos]: 190
[2026-10-02 16:57:55.396] [Bytes recibidos]: 145
[2026-10-02 16:57:55.396] [Bytes recibidos]: 128
[2026-10-02 16:57:55.396] [Bytes recibidos]: 223
[2026-10-02 16:57:55.396] [Bytes recibidos]: 158
[2026-10-02 16:57:55.397] [Bytes recibidos]: 146
[2026-10-02 16:57:55.397] [Bytes recibidos]: 155
[2026-10-02 16:57:55.397] [Bytes recibidos]: 165
[2026-10-02 16:57:55.397] [Bytes recibidos]: 131
[2026-10-02 16:57:55.397] [Bytes recibidos]: 190
[2026-10-02 16:57:55.397] [Bytes recibidos]: 145
[2026-10-02 16:57:55.397] [Bytes recibidos]: 128
[2026-10-02 16:57:55.397] [Bytes recibidos]: 223
[2026-10-02 16:57:55.397] [Bytes recibidos]: 159
[2026-10-02 16:57:55.398] [Bytes recibidos]: 146
[2026-10-02 16:57:55.398] [Bytes recibidos]: 141
[2026-10-02 16:57:55.398] [Bytes recibidos]: 165
[2026-10-02 16:57:55.398] [Bytes recibidos]: 131
[2026-10-02 16:57:55.398] [Bytes recibidos]: 190
[2026-10-02 16:57:55.398] [Bytes recibidos]: 145
[2026-10-02 16:57:55.398] [Bytes recibidos]: 128
[2026-10-02 16:57:55.398] [Bytes recibidos]: 223
[2026-10-02 16:57:55.398] [Bytes recibidos]: 161
[2026-10-02 16:57:55.398] [Bytes recibidos]: 146
[2026-10-02 16:57:55.399] [Bytes recibidos]: 191
[2026-10-02 16:57:55.399] [Bytes recibidos]: 164
[2026-10-02 16:57:55.399] [Bytes recibidos]: 131
[2026-10-02 16:57:55.399] [Bytes recibidos]: 190
[2026-10-02 16:57:55.399] [Bytes recibidos]: 145
[2026-10-02 16:57:55.399] [Bytes recibidos]: 128
[2026-10-02 16:57:55.399] [Bytes recibidos]: 223
[2026-10-02 16:57:55.399] [Bytes recibidos]: 162
[2026-10-02 16:57:55.399] [Bytes recibidos]: 146
[2026-10-02 16:57:55.400] [Bytes recibidos]: 177
[2026-10-02 16:57:55.400] [Bytes recibidos]: 164
[2026-10-02 16:57:55.400] [Bytes recibidos]: 131
[2026-10-02 16:57:55.400] [Bytes recibidos]: 190
[2026-10-02 16:57:55.400] [Bytes recibidos]: 145
[2026-10-02 16:57:55.400] [Bytes recibidos]: 128
[2026-10-02 16:57:55.400] [Bytes recibidos]: 223
[2026-10-02 16:57:55.400] [Bytes recibidos]: 163
[2026-10-02 16:57:55.400] [Bytes recibidos]: 146
[2026-10-02 16:57:55.401] [Bytes recibidos]: 162
[2026-10-02 16:57:55.401] [Bytes recibidos]: 164
[2026-10-02 16:57:55.401] [Bytes recibidos]: 131
[2026-10-02 16:57:55.401] [Bytes recibidos]: 190
[2026-10-02 16:57:55.401] [Bytes recibidos]: 145
[2026-10-02 16:57:55.401] [Bytes recibidos]: 128
[2026-10-02 16:57:55.401] [Bytes recibidos]: 223
[2026-10-02 16:57:55.401] [Bytes recibidos]: 164
[2026-10-02 16:57:55.401] [Bytes recibidos]: 146
[2026-10-02 16:57:55.402] [Bytes recibidos]: 149
[2026-10-02 16:57:55.402] [Bytes recibidos]: 164
[2026-10-02 16:57:55.402] [Bytes recibidos]: 131
[2026-10-02 16:57:55.402] [Bytes recibidos]: 190
[2026-10-02 16:57:55.402] [Bytes recibidos]: 145
[2026-10-02 16:57:55.402] [Bytes recibidos]: 128
[2026-10-02 16:57:55.402] [Bytes recibidos]: 223
[2026-10-02 16:57:55.402] [Bytes recibidos]: 165
[2026-10-02 16:57:55.403] [Bytes recibidos]: 146
[2026-10-02 16:57:55.403] [Bytes recibidos]: 135
[2026-10-02 16:57:55.403] [Bytes recibidos]: 164
[2026-10-02 16:57:55.403] [Bytes recibidos]: 131
[2026-10-02 16:57:55.403] [Bytes recibidos]: 190
[2026-10-02 16:57:55.403] [Bytes recibidos]: 145
[2026-10-02 16:57:55.403] [Bytes recibidos]: 128
[2026-10-02 16:57:55.403] [Bytes recibidos]: 223
[2026-10-02 16:57:55.404] [Bytes recibidos]: 166
[2026-10-02 16:57:55.404] [Bytes recibidos]: 146
[2026-10-02 16:57:55.404] [Bytes recibidos]: 186
[2026-10-02 16:57:55.404] [Bytes recibidos]: 163
[2026-10-02 16:57:55.404] [Bytes recibidos]: 131
[2026-10-02 16:57:55.404] [Bytes recibidos]: 190
[2026-10-02 16:57:55.404] [Bytes recibidos]: 145
[2026-10-02 16:57:55.404] [Bytes recibidos]: 128
[2026-10-02 16:57:55.405] [Bytes recibidos]: 223
[2026-10-02 16:57:55.405] [Bytes recibidos]: 166
[2026-10-02 16:57:55.405] [Bytes recibidos]: 146
[2026-10-02 16:57:55.405] [Bytes recibidos]: 173
[2026-10-02 16:57:55.405] [Bytes recibidos]: 163
[2026-10-02 16:57:55.405] [Bytes recibidos]: 131
[2026-10-02 16:57:55.405] [Bytes recibidos]: 190
[2026-10-02 16:57:55.405] [Bytes recibidos]: 145
[2026-10-02 16:57:55.405] [Bytes recibidos]: 128
[2026-10-02 16:57:55.406] [Bytes recibidos]: 223
[2026-10-02 16:57:55.406] [Bytes recibidos]: 167
[2026-10-02 16:57:55.406] [Bytes recibidos]: 146
[2026-10-02 16:57:55.406] [Bytes recibidos]: 160
[2026-10-02 16:57:55.406] [Bytes recibidos]: 163
[2026-10-02 16:57:55.406] [Bytes recibidos]: 131
[2026-10-02 16:57:55.406] [Bytes recibidos]: 190
[2026-10-02 16:57:55.406] [Bytes recibidos]: 145
[2026-10-02 16:57:55.406] [Bytes recibidos]: 128
[2026-10-02 16:57:55.406] [Bytes recibidos]: 223
[2026-10-02 16:57:55.407] [Bytes recibidos]: 167
[2026-10-02 16:57:55.407] [Bytes recibidos]: 146
[2026-10-02 16:57:55.407] [Bytes recibidos]: 148
[2026-10-02 16:57:55.407] [Bytes recibidos]: 163
[2026-10-02 16:57:55.407] [Bytes recibidos]: 132
[2026-10-02 16:57:55.407] [Bytes recibidos]: 190
[2026-10-02 16:57:55.407] [Bytes recibidos]: 145
[2026-10-02 16:57:55.407] [Bytes recibidos]: 128
[2026-10-02 16:57:55.407] [Bytes recibidos]: 223
[2026-10-02 16:57:55.407] [Bytes recibidos]: 168
[2026-10-02 16:57:55.408] [Bytes recibidos]: 146
[2026-10-02 16:57:55.408] [Bytes recibidos]: 136
[2026-10-02 16:57:55.408] [Bytes recibidos]: 163
[2026-10-02 16:57:55.408] [Bytes recibidos]: 132
[2026-10-02 16:57:55.408] [Bytes recibidos]: 190
[2026-10-02 16:57:55.408] [Bytes recibidos]: 145
[2026-10-02 16:57:55.408] [Bytes recibidos]: 128
[2026-10-02 16:57:55.409] [Bytes recibidos]: 223
[2026-10-02 16:57:55.409] [Bytes recibidos]: 168
[2026-10-02 16:57:55.409] [Bytes recibidos]: 146
[2026-10-02 16:57:55.409] [Bytes recibidos]: 188
[2026-10-02 16:57:55.409] [Bytes recibidos]: 162
[2026-10-02 16:57:55.409] [Bytes recibidos]: 132
[2026-10-02 16:57:55.409] [Bytes recibidos]: 190
[2026-10-02 16:57:55.409] [Bytes recibidos]: 145
[2026-10-02 16:57:55.409] [Bytes recibidos]: 128
[2026-10-02 16:57:55.409] [Bytes recibidos]: 223
[2026-10-02 16:57:55.409] [Bytes recibidos]: 168
[2026-10-02 16:57:55.410] [Bytes recibidos]: 146
[2026-10-02 16:57:55.410] [Bytes recibidos]: 177
[2026-10-02 16:57:55.410] [Bytes recibidos]: 162
[2026-10-02 16:57:55.410] [Bytes recibidos]: 132
[2026-10-02 16:57:55.410] [Bytes recibidos]: 190
[2026-10-02 16:57:55.410] [Bytes recibidos]: 145
[2026-10-02 16:57:55.410] [Bytes recibidos]: 128
[2026-10-02 16:57:55.410] [Bytes recibidos]: 223
[2026-10-02 16:57:55.410] [Bytes recibidos]: 169
[2026-10-02 16:57:55.410] [Bytes recibidos]: 146
[2026-10-02 16:57:55.411] [Bytes recibidos]: 167
[2026-10-02 16:57:55.411] [Bytes recibidos]: 162
[2026-10-02 16:57:55.411] [Bytes recibidos]: 132
[2026-10-02 16:57:55.411] [Bytes recibidos]: 190
[2026-10-02 16:57:55.411] [Bytes recibidos]: 145
[2026-10-02 16:57:55.411] [Bytes recibidos]: 128
[2026-10-02 16:57:55.411] [Bytes recibidos]: 223
[2026-10-02 16:57:55.411] [Bytes recibidos]: 169
[2026-10-02 16:57:55.411] [Bytes recibidos]: 146
[2026-10-02 16:57:55.411] [Bytes recibidos]: 161
[2026-10-02 16:57:55.412] [Bytes recibidos]: 162
[2026-10-02 16:57:55.412] [Bytes recibidos]: 132
[2026-10-02 16:57:55.412] [Bytes recibidos]: 190
[2026-10-02 16:57:55.412] [Bytes recibidos]: 145
[2026-10-02 16:57:55.412] [Bytes recibidos]: 128
[2026-10-02 16:57:55.412] [Bytes recibidos]: 223
[2026-10-02 16:57:55.412] [Bytes recibidos]: 169
[2026-10-02 16:57:55.412] [Bytes recibidos]: 146
[2026-10-02 16:57:55.412] [Bytes recibidos]: 147
[2026-10-02 16:57:55.412] [Bytes recibidos]: 162
[2026-10-02 16:57:55.413] [Bytes recibidos]: 132
[2026-10-02 16:57:55.413] [Bytes recibidos]: 190
[2026-10-02 16:57:55.413] [Bytes recibidos]: 145
[2026-10-02 16:57:55.413] [Bytes recibidos]: 128
[2026-10-02 16:57:55.413] [Bytes recibidos]: 223
[2026-10-02 16:57:55.413] [Bytes recibidos]: 170
[2026-10-02 16:57:55.413] [Bytes recibidos]: 146
[2026-10-02 16:57:55.413] [Bytes recibidos]: 138
[2026-10-02 16:57:55.413] [Bytes recibidos]: 162
[2026-10-02 16:57:55.413] [Bytes recibidos]: 132
[2026-10-02 16:57:55.413] [Bytes recibidos]: 190
[2026-10-02 16:57:55.414] [Bytes recibidos]: 145
[2026-10-02 16:57:55.414] [Bytes recibidos]: 128
[2026-10-02 16:57:55.414] [Bytes recibidos]: 223
[2026-10-02 16:57:55.414] [Bytes recibidos]: 170
[2026-10-02 16:57:55.414] [Bytes recibidos]: 146
[2026-10-02 16:57:55.414] [Bytes recibidos]: 129
[2026-10-02 16:57:55.414] [Bytes recibidos]: 162
[2026-10-02 16:57:55.414] [Bytes recibidos]: 132
[2026-10-02 16:57:55.414] [Bytes recibidos]: 190
[2026-10-02 16:57:55.415] [Bytes recibidos]: 145
[2026-10-02 16:57:55.415] [Bytes recibidos]: 128
[2026-10-02 16:57:55.415] [Bytes recibidos]: 223
[2026-10-02 16:57:55.415] [Bytes recibidos]: 170
[2026-10-02 16:57:55.415] [Bytes recibidos]: 146
[2026-10-02 16:57:55.415] [Bytes recibidos]: 189
[2026-10-02 16:57:55.415] [Bytes recibidos]: 161
[2026-10-02 16:57:55.415] [Bytes recibidos]: 132
[2026-10-02 16:57:55.415] [Bytes recibidos]: 190
[2026-10-02 16:57:55.415] [Bytes recibidos]: 145
[2026-10-02 16:57:55.415] [Bytes recibidos]: 128
[2026-10-02 16:57:55.415] [Bytes recibidos]: 223
[2026-10-02 16:57:55.415] [Bytes recibidos]: 170
[2026-10-02 16:57:55.416] [Bytes recibidos]: 146
[2026-10-02 16:57:55.416] [Bytes recibidos]: 177
[2026-10-02 16:57:55.416] [Bytes recibidos]: 161
[2026-10-02 16:57:55.416] [Bytes recibidos]: 133
[2026-10-02 16:57:55.416] [Bytes recibidos]: 190
[2026-10-02 16:57:55.416] [Bytes recibidos]: 145
[2026-10-02 16:57:55.416] [Bytes recibidos]: 128
[2026-10-02 16:57:55.416] [Bytes recibidos]: 223
[2026-10-02 16:57:55.416] [Bytes recibidos]: 170
[2026-10-02 16:57:55.416] [Bytes recibidos]: 146
[2026-10-02 16:57:55.416] [Bytes recibidos]: 169
[2026-10-02 16:57:55.416] [Bytes recibidos]: 161
[2026-10-02 16:57:55.417] [Bytes recibidos]: 133
[2026-10-02 16:57:55.417] [Bytes recibidos]: 190
[2026-10-02 16:57:55.417] [Bytes recibidos]: 145
[2026-10-02 16:57:55.417] [Bytes recibidos]: 128
[2026-10-02 16:57:55.417] [Bytes recibidos]: 223
[2026-10-02 16:57:55.417] [Bytes recibidos]: 170
[2026-10-02 16:57:55.417] [Bytes recibidos]: 146
[2026-10-02 16:57:55.417] [Bytes recibidos]: 162
[2026-10-02 16:57:55.417] [Bytes recibidos]: 161
[2026-10-02 16:57:55.417] [Bytes recibidos]: 133
[2026-10-02 16:57:55.417] [Bytes recibidos]: 190
[2026-10-02 16:57:55.418] [Bytes recibidos]: 145
[2026-10-02 16:57:55.418] [Bytes recibidos]: 128
[2026-10-02 16:57:55.418] [Bytes recibidos]: 223
[2026-10-02 16:57:55.418] [Bytes recibidos]: 170
[2026-10-02 16:57:55.418] [Bytes recibidos]: 146
[2026-10-02 16:57:55.418] [Bytes recibidos]: 156
[2026-10-02 16:57:55.418] [Bytes recibidos]: 161
[2026-10-02 16:57:55.418] [Bytes recibidos]: 133
[2026-10-02 16:57:55.418] [Bytes recibidos]: 190
[2026-10-02 16:57:55.418] [Bytes recibidos]: 145
[2026-10-02 16:57:55.418] [Bytes recibidos]: 128
[2026-10-02 16:57:55.418] [Bytes recibidos]: 223
[2026-10-02 16:57:55.419] [Bytes recibidos]: 170
[2026-10-02 16:57:55.419] [Bytes recibidos]: 146
[2026-10-02 16:57:55.419] [Bytes recibidos]: 154
[2026-10-02 16:57:55.419] [Bytes recibidos]: 161
[2026-10-02 16:57:55.419] [Bytes recibidos]: 133
[2026-10-02 16:57:55.419] [Bytes recibidos]: 190
[2026-10-02 16:57:55.419] [Bytes recibidos]: 145
[2026-10-02 16:57:55.419] [Bytes recibidos]: 128
[2026-10-02 16:57:55.419] [Bytes recibidos]: 223
[2026-10-02 16:57:55.419] [Bytes recibidos]: 170
[2026-10-02 16:57:55.419] [Bytes recibidos]: 146
[2026-10-02 16:57:55.419] [Bytes recibidos]: 146
[2026-10-02 16:57:55.420] [Bytes recibidos]: 161
[2026-10-02 16:57:55.420] [Bytes recibidos]: 133
[2026-10-02 16:57:55.420] [Bytes recibidos]: 190
[2026-10-02 16:57:55.420] [Bytes recibidos]: 145
[2026-10-02 16:57:55.420] [Bytes recibidos]: 128
[2026-10-02 16:57:55.420] [Bytes recibidos]: 223
[2026-10-02 16:57:55.420] [Bytes recibidos]: 169
[2026-10-02 16:57:55.420] [Bytes recibidos]: 146
[2026-10-02 16:57:55.420] [Bytes recibidos]: 141
[2026-10-02 16:57:55.420] [Bytes recibidos]: 161
[2026-10-02 16:57:55.420] [Bytes recibidos]: 133
[2026-10-02 16:57:55.420] [Bytes recibidos]: 190
[2026-10-02 16:57:55.421] [Bytes recibidos]: 145
[2026-10-02 16:57:55.421] [Bytes recibidos]: 128
[2026-10-02 16:57:55.421] [Bytes recibidos]: 223
[2026-10-02 16:57:55.421] [Bytes recibidos]: 169
[2026-10-02 16:57:55.421] [Bytes recibidos]: 146
[2026-10-02 16:57:55.421] [Bytes recibidos]: 137
[2026-10-02 16:57:55.421] [Bytes recibidos]: 161
[2026-10-02 16:57:55.421] [Bytes recibidos]: 133
[2026-10-02 16:57:55.421] [Bytes recibidos]: 190
[2026-10-02 16:57:55.421] [Bytes recibidos]: 145
[2026-10-02 16:57:55.421] [Bytes recibidos]: 128
[2026-10-02 16:57:55.421] [Bytes recibidos]: 223
[2026-10-02 16:57:55.421] [Bytes recibidos]: 169
[2026-10-02 16:57:55.421] [Bytes recibidos]: 146
[2026-10-02 16:57:55.422] [Bytes recibidos]: 132
[2026-10-02 16:57:55.422] [Bytes recibidos]: 161
[2026-10-02 16:57:55.422] [Bytes recibidos]: 133
[2026-10-02 16:57:55.422] [Bytes recibidos]: 190
[2026-10-02 16:57:55.422] [Bytes recibidos]: 145
[2026-10-02 16:57:55.422] [Bytes recibidos]: 128
[2026-10-02 16:57:55.422] [Bytes recibidos]: 223
[2026-10-02 16:57:55.422] [Bytes recibidos]: 169
[2026-10-02 16:57:55.422] [Bytes recibidos]: 146
[2026-10-02 16:57:55.422] [Bytes recibidos]: 129
[2026-10-02 16:57:55.422] [Bytes recibidos]: 161
[2026-10-02 16:57:55.422] [Bytes recibidos]: 133
[2026-10-02 16:57:55.422] [Bytes recibidos]: 190
[2026-10-02 16:57:55.422] [Bytes recibidos]: 145
[2026-10-02 16:57:55.423] [Bytes recibidos]: 128
[2026-10-02 16:57:55.423] [Bytes recibidos]: 223
[2026-10-02 16:57:55.423] [Bytes recibidos]: 169
[2026-10-02 16:57:55.423] [Bytes recibidos]: 146
[2026-10-02 16:57:55.423] [Bytes recibidos]: 191
[2026-10-02 16:57:55.423] [Bytes recibidos]: 160
[2026-10-02 16:57:55.423] [Bytes recibidos]: 133
[2026-10-02 16:57:55.423] [Bytes recibidos]: 190
[2026-10-02 16:57:55.423] [Bytes recibidos]: 145
[2026-10-02 16:57:55.423] [Bytes recibidos]: 128
[2026-10-02 16:57:55.423] [Bytes recibidos]: 223
[2026-10-02 16:57:55.423] [Bytes recibidos]: 169
[2026-10-02 16:57:55.423] [Bytes recibidos]: 146
[2026-10-02 16:57:55.423] [Bytes recibidos]: 187
[2026-10-02 16:57:55.424] [Bytes recibidos]: 160
[2026-10-02 16:57:55.424] [Bytes recibidos]: 133
[2026-10-02 16:57:55.424] [Bytes recibidos]: 190
[2026-10-02 16:57:55.424] [Bytes recibidos]: 145
[2026-10-02 16:57:55.424] [Bytes recibidos]: 128
[2026-10-02 16:57:55.424] [Bytes recibidos]: 223
[2026-10-02 16:57:55.424] [Bytes recibidos]: 169
[2026-10-02 16:57:55.424] [Bytes recibidos]: 146
[2026-10-02 16:57:55.424] [Bytes recibidos]: 186
[2026-10-02 16:57:55.424] [Bytes recibidos]: 160
[2026-10-02 16:57:55.424] [Bytes recibidos]: 133
[2026-10-02 16:57:55.424] [Bytes recibidos]: 190
[2026-10-02 16:57:55.424] [Bytes recibidos]: 145
[2026-10-02 16:57:55.424] [Bytes recibidos]: 128
[2026-10-02 16:57:55.424] [Bytes recibidos]: 223
[2026-10-02 16:57:55.424] [Bytes recibidos]: 168
[2026-10-02 16:57:55.424] [Bytes recibidos]: 146
[2026-10-02 16:57:55.425] [Bytes recibidos]: 186
[2026-10-02 16:57:55.425] [Bytes recibidos]: 160
[2026-10-02 16:57:55.425] [Bytes recibidos]: 133
[2026-10-02 16:57:55.425] [Bytes recibidos]: 190
[2026-10-02 16:57:55.425] [Bytes recibidos]: 145
[2026-10-02 16:57:55.425] [Bytes recibidos]: 128
[2026-10-02 16:57:55.425] [Bytes recibidos]: 223
[2026-10-02 16:57:55.425] [Bytes recibidos]: 168
[2026-10-02 16:57:55.425] [Bytes recibidos]: 146
[2026-10-02 16:57:55.425] [Bytes recibidos]: 184
[2026-10-02 16:57:55.425] [Bytes recibidos]: 160
[2026-10-02 16:57:55.425] [Bytes recibidos]: 133
[2026-10-02 16:57:55.425] [Bytes recibidos]: 190
[2026-10-02 16:57:55.425] [Bytes recibidos]: 145
[2026-10-02 16:57:55.425] [Bytes recibidos]: 128
[2026-10-02 16:57:55.426] [Bytes recibidos]: 223
[2026-10-02 16:57:55.426] [Bytes recibidos]: 168
[2026-10-02 16:57:55.426] [Bytes recibidos]: 146
[2026-10-02 16:57:55.426] [Bytes recibidos]: 183
[2026-10-02 16:57:55.426] [Bytes recibidos]: 160
[2026-10-02 16:57:55.426] [Bytes recibidos]: 133
[2026-10-02 16:57:55.426] [Bytes recibidos]: 190
[2026-10-02 16:57:55.426] [Bytes recibidos]: 145
[2026-10-02 16:57:55.426] [Bytes recibidos]: 128
[2026-10-02 16:57:55.426] [Bytes recibidos]: 223
[2026-10-02 16:57:55.426] [Bytes recibidos]: 168
[2026-10-02 16:57:55.426] [Bytes recibidos]: 146
[2026-10-02 16:57:55.426] [Bytes recibidos]: 180
[2026-10-02 16:57:55.426] [Bytes recibidos]: 160
[2026-10-02 16:57:55.426] [Bytes recibidos]: 133
[2026-10-02 16:57:55.426] [Bytes recibidos]: 190
[2026-10-02 16:57:55.427] [Bytes recibidos]: 145
[2026-10-02 16:57:55.427] [Bytes recibidos]: 128
[2026-10-02 16:57:55.427] [Bytes recibidos]: 223
[2026-10-02 16:57:55.427] [Bytes recibidos]: 167
[2026-10-02 16:57:55.427] [Bytes recibidos]: 146
[2026-10-02 16:57:55.427] [Bytes recibidos]: 176
[2026-10-02 16:57:55.427] [Bytes recibidos]: 160
[2026-10-02 16:57:55.427] [Bytes recibidos]: 133
[2026-10-02 16:57:55.427] [Bytes recibidos]: 190
[2026-10-02 16:57:55.427] [Bytes recibidos]: 145
[2026-10-02 16:57:55.427] [Bytes recibidos]: 128
[2026-10-02 16:57:55.427] [Bytes recibidos]: 223
[2026-10-02 16:57:55.427] [Bytes recibidos]: 167
[2026-10-02 16:57:55.427] [Bytes recibidos]: 146
[2026-10-02 16:57:55.427] [Bytes recibidos]: 174
[2026-10-02 16:57:55.427] [Bytes recibidos]: 160
[2026-10-02 16:57:55.427] [Bytes recibidos]: 133
[2026-10-02 16:57:55.428] [Bytes recibidos]: 190
[2026-10-02 16:57:55.428] [Bytes recibidos]: 145
[2026-10-02 16:57:55.428] [Bytes recibidos]: 128
[2026-10-02 16:57:55.428] [Bytes recibidos]: 223
[2026-10-02 16:57:55.428] [Bytes recibidos]: 167
[2026-10-02 16:57:55.428] [Bytes recibidos]: 146
[2026-10-02 16:57:55.428] [Bytes recibidos]: 172
[2026-10-02 16:57:55.428] [Bytes recibidos]: 160
[2026-10-02 16:57:55.428] [Bytes recibidos]: 133
[2026-10-02 16:57:55.428] [Bytes recibidos]: 190
[2026-10-02 16:57:55.428] [Bytes recibidos]: 145
[2026-10-02 16:57:55.428] [Bytes recibidos]: 128
[2026-10-02 16:57:55.428] [Bytes recibidos]: 223
[2026-10-02 16:57:55.428] [Bytes recibidos]: 166
[2026-10-02 16:57:55.428] [Bytes recibidos]: 146
[2026-10-02 16:57:55.428] [Bytes recibidos]: 171
[2026-10-02 16:57:55.429] [Bytes recibidos]: 160
[2026-10-02 16:57:55.429] [Bytes recibidos]: 133
[2026-10-02 16:57:55.429] [Bytes recibidos]: 190
[2026-10-02 16:57:55.429] [Bytes recibidos]: 145
[2026-10-02 16:57:55.429] [Bytes recibidos]: 128
[2026-10-02 16:57:55.429] [Bytes recibidos]: 223
[2026-10-02 16:57:55.429] [Bytes recibidos]: 166
[2026-10-02 16:57:55.429] [Bytes recibidos]: 146
[2026-10-02 16:57:55.429] [Bytes recibidos]: 171
[2026-10-02 16:57:55.429] [Bytes recibidos]: 160
[2026-10-02 16:57:55.429] [Bytes recibidos]: 133
[2026-10-02 16:57:55.429] [Bytes recibidos]: 190
[2026-10-02 16:57:55.429] [Bytes recibidos]: 145
[2026-10-02 16:57:55.430] [Bytes recibidos]: 128
[2026-10-02 16:57:55.430] [Bytes recibidos]: 223
[2026-10-02 16:57:55.430] [Bytes recibidos]: 166
[2026-10-02 16:57:55.430] [Bytes recibidos]: 146
[2026-10-02 16:57:55.430] [Bytes recibidos]: 172
[2026-10-02 16:57:55.430] [Bytes recibidos]: 160
[2026-10-02 16:57:55.430] [Bytes recibidos]: 133
[2026-10-02 16:57:55.430] [Bytes recibidos]: 190
[2026-10-02 16:57:55.430] [Bytes recibidos]: 145
[2026-10-02 16:57:55.430] [Bytes recibidos]: 128
[2026-10-02 16:57:55.430] [Bytes recibidos]: 223
[2026-10-02 16:57:55.431] [Bytes recibidos]: 165
[2026-10-02 16:57:55.431] [Bytes recibidos]: 146
[2026-10-02 16:57:55.431] [Bytes recibidos]: 173
[2026-10-02 16:57:55.431] [Bytes recibidos]: 160
[2026-10-02 16:57:55.431] [Bytes recibidos]: 134
[2026-10-02 16:57:55.431] [Bytes recibidos]: 190
[2026-10-02 16:57:55.431] [Bytes recibidos]: 145
[2026-10-02 16:57:55.431] [Bytes recibidos]: 128
[2026-10-02 16:57:55.431] [Bytes recibidos]: 223
[2026-10-02 16:57:55.431] [Bytes recibidos]: 165
[2026-10-02 16:57:55.431] [Bytes recibidos]: 146
[2026-10-02 16:57:55.432] [Bytes recibidos]: 174
[2026-10-02 16:57:55.432] [Bytes recibidos]: 160
[2026-10-02 16:57:55.432] [Bytes recibidos]: 134
[2026-10-02 16:57:55.432] [Bytes recibidos]: 190
[2026-10-02 16:57:55.432] [Bytes recibidos]: 145
[2026-10-02 16:57:55.432] [Bytes recibidos]: 128
[2026-10-02 16:57:55.432] [Bytes recibidos]: 223
[2026-10-02 16:57:55.432] [Bytes recibidos]: 165
[2026-10-02 16:57:55.432] [Bytes recibidos]: 146
[2026-10-02 16:57:55.432] [Bytes recibidos]: 177
[2026-10-02 16:57:55.432] [Bytes recibidos]: 160
[2026-10-02 16:57:55.432] [Bytes recibidos]: 134
[2026-10-02 16:57:55.432] [Bytes recibidos]: 190
[2026-10-02 16:57:55.433] [Bytes recibidos]: 145
[2026-10-02 16:57:55.433] [Bytes recibidos]: 128
[2026-10-02 16:57:55.433] [Bytes recibidos]: 223
[2026-10-02 16:57:55.433] [Bytes recibidos]: 164
[2026-10-02 16:57:55.433] [Bytes recibidos]: 146
[2026-10-02 16:57:55.433] [Bytes recibidos]: 178
[2026-10-02 16:57:55.433] [Bytes recibidos]: 160
[2026-10-02 16:57:55.433] [Bytes recibidos]: 134
[2026-10-02 16:57:55.433] [Bytes recibidos]: 190
[2026-10-02 16:57:55.433] [Bytes recibidos]: 145
[2026-10-02 16:57:55.433] [Bytes recibidos]: 128
[2026-10-02 16:57:55.433] [Bytes recibidos]: 223
[2026-10-02 16:57:55.434] [Bytes recibidos]: 164
[2026-10-02 16:57:55.434] [Bytes recibidos]: 146
[2026-10-02 16:57:55.434] [Bytes recibidos]: 180
[2026-10-02 16:57:55.434] [Bytes recibidos]: 160
[2026-10-02 16:57:55.434] [Bytes recibidos]: 134
[2026-10-02 16:57:55.434] [Bytes recibidos]: 190
[2026-10-02 16:57:55.434] [Bytes recibidos]: 145
[2026-10-02 16:57:55.434] [Bytes recibidos]: 128
[2026-10-02 16:57:55.434] [Bytes recibidos]: 223
[2026-10-02 16:57:55.434] [Bytes recibidos]: 163
[2026-10-02 16:57:55.434] [Bytes recibidos]: 146
[2026-10-02 16:57:55.434] [Bytes recibidos]: 180
[2026-10-02 16:57:55.435] [Bytes recibidos]: 160
[2026-10-02 16:57:55.435] [Bytes recibidos]: 134
[2026-10-02 16:57:55.435] [Bytes recibidos]: 190
[2026-10-02 16:57:55.435] [Bytes recibidos]: 145
[2026-10-02 16:57:55.435] [Bytes recibidos]: 128
[2026-10-02 16:57:55.435] [Bytes recibidos]: 223
[2026-10-02 16:57:55.435] [Bytes recibidos]: 162
[2026-10-02 16:57:55.435] [Bytes recibidos]: 146
[2026-10-02 16:57:55.435] [Bytes recibidos]: 179
[2026-10-02 16:57:55.435] [Bytes recibidos]: 160
[2026-10-02 16:57:55.435] [Bytes recibidos]: 134
[2026-10-02 16:57:55.435] [Bytes recibidos]: 190
[2026-10-02 16:57:55.436] [Bytes recibidos]: 145
[2026-10-02 16:57:55.436] [Bytes recibidos]: 128
[2026-10-02 16:57:55.436] [Bytes recibidos]: 223
[2026-10-02 16:57:55.436] [Bytes recibidos]: 158
[2026-10-02 16:57:55.436] [Bytes recibidos]: 146
[2026-10-02 16:57:55.436] [Bytes recibidos]: 171
[2026-10-02 16:57:55.436] [Bytes recibidos]: 160
[2026-10-02 16:57:55.436] [Bytes recibidos]: 134
[2026-10-02 16:57:55.436] [Bytes recibidos]: 190
[2026-10-02 16:57:55.436] [Bytes recibidos]: 145
[2026-10-02 16:57:55.436] [Bytes recibidos]: 128
[2026-10-02 16:57:55.436] [Bytes recibidos]: 223
[2026-10-02 16:57:55.436] [Bytes recibidos]: 150
[2026-10-02 16:57:55.436] [Bytes recibidos]: 146
[2026-10-02 16:57:55.437] [Bytes recibidos]: 155
[2026-10-02 16:57:55.437] [Bytes recibidos]: 160
[2026-10-02 16:57:55.437] [Bytes recibidos]: 134
[2026-10-02 16:57:55.437] [Bytes recibidos]: 190
[2026-10-02 16:57:55.437] [Bytes recibidos]: 145
[2026-10-02 16:57:55.437] [Bytes recibidos]: 128
[2026-10-02 16:57:55.437] [Bytes recibidos]: 223
[2026-10-02 16:57:55.437] [Bytes recibidos]: 139
[2026-10-02 16:57:55.437] [Bytes recibidos]: 146
[2026-10-02 16:57:55.437] [Bytes recibidos]: 188
[2026-10-02 16:57:55.437] [Bytes recibidos]: 159
[2026-10-02 16:57:55.437] [Bytes recibidos]: 134
[2026-10-02 16:57:55.437] [Bytes recibidos]: 190
[2026-10-02 16:57:55.437] [Bytes recibidos]: 145
[2026-10-02 16:57:55.438] [Bytes recibidos]: 128
[2026-10-02 16:57:55.438] [Bytes recibidos]: 223
[2026-10-02 16:57:55.438] [Bytes recibidos]: 185
[2026-10-02 16:57:55.438] [Bytes recibidos]: 145
[2026-10-02 16:57:55.438] [Bytes recibidos]: 137
[2026-10-02 16:57:55.438] [Bytes recibidos]: 159
[2026-10-02 16:57:55.438] [Bytes recibidos]: 134
[2026-10-02 16:57:55.438] [Bytes recibidos]: 190
[2026-10-02 16:57:55.438] [Bytes recibidos]: 145
[2026-10-02 16:57:55.438] [Bytes recibidos]: 128
[2026-10-02 16:57:55.438] [Bytes recibidos]: 223
[2026-10-02 16:57:55.438] [Bytes recibidos]: 162
[2026-10-02 16:57:55.438] [Bytes recibidos]: 145
[2026-10-02 16:57:55.438] [Bytes recibidos]: 133
[2026-10-02 16:57:55.438] [Bytes recibidos]: 158
[2026-10-02 16:57:55.439] [Bytes recibidos]: 134
[2026-10-02 16:57:55.439] [Bytes recibidos]: 190
[2026-10-02 16:57:55.439] [Bytes recibidos]: 145
[2026-10-02 16:57:55.439] [Bytes recibidos]: 128
[2026-10-02 16:57:55.439] [Bytes recibidos]: 223
[2026-10-02 16:57:55.439] [Bytes recibidos]: 135
[2026-10-02 16:57:55.439] [Bytes recibidos]: 145
[2026-10-02 16:57:55.439] [Bytes recibidos]: 182
[2026-10-02 16:57:55.439] [Bytes recibidos]: 156
[2026-10-02 16:57:55.439] [Bytes recibidos]: 134
[2026-10-02 16:57:55.439] [Bytes recibidos]: 190
[2026-10-02 16:57:55.439] [Bytes recibidos]: 145
[2026-10-02 16:57:55.440] [Bytes recibidos]: 128
[2026-10-02 16:57:55.440] [Bytes recibidos]: 223
[2026-10-02 16:57:55.440] [Bytes recibidos]: 170
[2026-10-02 16:57:55.440] [Bytes recibidos]: 144
[2026-10-02 16:57:55.440] [Bytes recibidos]: 165
[2026-10-02 16:57:55.440] [Bytes recibidos]: 155
[2026-10-02 16:57:55.440] [Bytes recibidos]: 134
[2026-10-02 16:57:55.440] [Bytes recibidos]: 190
[2026-10-02 16:57:55.440] [Bytes recibidos]: 145
[2026-10-02 16:57:55.440] [Bytes recibidos]: 128
[2026-10-02 16:57:55.440] [Bytes recibidos]: 223
[2026-10-02 16:57:55.440] [Bytes recibidos]: 139
[2026-10-02 16:57:55.441] [Bytes recibidos]: 144
[2026-10-02 16:57:55.441] [Bytes recibidos]: 155
[2026-10-02 16:57:55.441] [Bytes recibidos]: 154
[2026-10-02 16:57:55.441] [Bytes recibidos]: 135
[2026-10-02 16:57:55.441] [Bytes recibidos]: 190
[2026-10-02 16:57:55.441] [Bytes recibidos]: 145
[2026-10-02 16:57:55.441] [Bytes recibidos]: 128
[2026-10-02 16:57:55.441] [Bytes recibidos]: 223
[2026-10-02 16:57:55.441] [Bytes recibidos]: 172
[2026-10-02 16:57:55.441] [Bytes recibidos]: 143
[2026-10-02 16:57:55.441] [Bytes recibidos]: 157
[2026-10-02 16:57:55.442] [Bytes recibidos]: 153
[2026-10-02 16:57:55.442] [Bytes recibidos]: 135
[2026-10-02 16:57:55.442] [Bytes recibidos]: 190
[2026-10-02 16:57:55.442] [Bytes recibidos]: 145
[2026-10-02 16:57:55.442] [Bytes recibidos]: 128
[2026-10-02 16:57:55.442] [Bytes recibidos]: 223
[2026-10-02 16:57:55.442] [Bytes recibidos]: 157
[2026-10-02 16:57:55.442] [Bytes recibidos]: 143
[2026-10-02 16:57:55.442] [Bytes recibidos]: 130
[2026-10-02 16:57:55.442] [Bytes recibidos]: 153
[2026-10-02 16:57:55.442] [Bytes recibidos]: 135
[2026-10-02 16:57:55.442] [Bytes recibidos]: 190
[2026-10-02 16:57:55.443] [Bytes recibidos]: 145
[2026-10-02 16:57:55.443] [Bytes recibidos]: 128
[2026-10-02 16:57:55.443] [Bytes recibidos]: 223
[2026-10-02 16:57:55.443] [Bytes recibidos]: 129
[2026-10-02 16:57:55.443] [Bytes recibidos]: 143
[2026-10-02 16:57:55.443] [Bytes recibidos]: 152
[2026-10-02 16:57:55.443] [Bytes recibidos]: 152
[2026-10-02 16:57:55.443] [Bytes recibidos]: 135
[2026-10-02 16:57:55.443] [Bytes recibidos]: 190
[2026-10-02 16:57:55.443] [Bytes recibidos]: 145
[2026-10-02 16:57:55.443] [Bytes recibidos]: 128
[2026-10-02 16:57:55.443] [Bytes recibidos]: 223
[2026-10-02 16:57:55.444] [Bytes recibidos]: 158
[2026-10-02 16:57:55.444] [Bytes recibidos]: 142
[2026-10-02 16:57:55.444] [Bytes recibidos]: 179
[2026-10-02 16:57:55.444] [Bytes recibidos]: 151
[2026-10-02 16:57:55.444] [Bytes recibidos]: 135
[2026-10-02 16:57:55.444] [Bytes recibidos]: 190
[2026-10-02 16:57:55.444] [Bytes recibidos]: 145
[2026-10-02 16:57:55.444] [Bytes recibidos]: 128
[2026-10-02 16:57:55.444] [Bytes recibidos]: 223
[2026-10-02 16:57:55.444] [Bytes recibidos]: 139
[2026-10-02 16:57:55.444] [Bytes recibidos]: 142
[2026-10-02 16:57:55.445] [Bytes recibidos]: 168
[2026-10-02 16:57:55.445] [Bytes recibidos]: 151
[2026-10-02 16:57:55.445] [Bytes recibidos]: 135
[2026-10-02 16:57:55.445] [Bytes recibidos]: 190
[2026-10-02 16:57:55.445] [Bytes recibidos]: 145
[2026-10-02 16:57:55.445] [Bytes recibidos]: 128
[2026-10-02 16:57:55.445] [Bytes recibidos]: 223
[2026-10-02 16:57:55.445] [Bytes recibidos]: 187
[2026-10-02 16:57:55.445] [Bytes recibidos]: 141
[2026-10-02 16:57:55.445] [Bytes recibidos]: 164
[2026-10-02 16:57:55.445] [Bytes recibidos]: 151
[2026-10-02 16:57:55.446] [Bytes recibidos]: 135
[2026-10-02 16:57:55.446] [Bytes recibidos]: 190
[2026-10-02 16:57:55.446] [Bytes recibidos]: 145
[2026-10-02 16:57:55.446] [Bytes recibidos]: 128
[2026-10-02 16:57:55.446] [Bytes recibidos]: 223
[2026-10-02 16:57:55.446] [Bytes recibidos]: 180
[2026-10-02 16:57:55.446] [Bytes recibidos]: 141
[2026-10-02 16:57:55.446] [Bytes recibidos]: 163
[2026-10-02 16:57:55.446] [Bytes recibidos]: 151
[2026-10-02 16:57:55.446] [Bytes recibidos]: 135
[2026-10-02 16:57:55.446] [Bytes recibidos]: 190
[2026-10-02 16:57:55.446] [Bytes recibidos]: 145
[2026-10-02 16:57:55.446] [Bytes recibidos]: 128
[2026-10-02 16:57:55.447] [Bytes recibidos]: 223
[2026-10-02 16:57:55.447] [Bytes recibidos]: 167
[2026-10-02 16:57:55.447] [Bytes recibidos]: 141
[2026-10-02 16:57:55.447] [Bytes recibidos]: 164
[2026-10-02 16:57:55.447] [Bytes recibidos]: 151
[2026-10-02 16:57:55.447] [Bytes recibidos]: 135
[2026-10-02 16:57:55.447] [Bytes recibidos]: 190
[2026-10-02 16:57:55.447] [Bytes recibidos]: 145
[2026-10-02 16:57:55.447] [Bytes recibidos]: 128
[2026-10-02 16:57:55.447] [Data Recibida]: 86.6009768009768
[2026-10-02 16:57:55.448] [MIN]: -21
[2026-10-02 16:57:55.448] [MAX]: 121
[2026-10-02 16:57:55.448] [MAXBIN]: 4095
[2026-10-02 16:57:55.448] [Data Recibida]: 176.31477411477414
[2026-10-02 16:57:55.448] [MIN]: -181
[2026-10-02 16:57:55.448] [MAX]: 181
[2026-10-02 16:57:55.448] [MAXBIN]: 4095
[2026-10-02 16:57:55.448] [Data Recibida]: 5.445665445665446
[2026-10-02 16:57:55.448] [MIN]: 0
[2026-10-02 16:57:55.448] [MAX]: 100
[2026-10-02 16:57:55.448] [MAXBIN]: 4095
[2026-10-02 16:57:55.449] [Data Recibida]: 33.6996336996337
[2026-10-02 16:57:55.449] [MIN]: 0
[2026-10-02 16:57:55.449] [MAX]: 120
[2026-10-02 16:57:55.449] [MAXBIN]: 4095
[2026-10-02 16:57:55.449] [Data Recibida]: 9.68986568986569
[2026-10-02 16:57:55.449] [MIN]: 0
[2026-10-02 16:57:55.449] [MAX]: 20
[2026-10-02 16:57:55.449] [MAXBIN]: 4095
[2026-10-02 16:57:55.449] [Data Recibida]: 0.14652014652014653
[2026-10-02 16:57:55.449] [MIN]: 0
[2026-10-02 16:57:55.449] [MAX]: 100
[2026-10-02 16:57:55.450] [MAXBIN]: 4095
[2026-10-02 16:57:55.450] [Data Recibida]: 3.3553113553113554
[2026-10-02 16:57:55.450] [MIN]: 0
[2026-10-02 16:57:55.450] [MAX]: 20
[2026-10-02 16:57:55.450] [MAXBIN]: 4095
[2026-10-02 16:57:55.450] [Data Recibida]: 9.997557997557998
[2026-10-02 16:57:55.450] [MIN]: 0
[2026-10-02 16:57:55.450] [MAX]: 20
[2026-10-02 16:57:55.450] [MAXBIN]: 4095
[2026-10-02 16:57:57.460] Datos recibidos (626 bytes): DF 96 8D A8 97 87 BE 91 80 DF 8C 8D AB 97 87 BE 91 80 DF 83 8D AE 97 87 BE 91 80 DF BF 8C B0 97 87 BE 91 80 DF B7 8C B4 97 87 BE 91 80 DF AC 8C BA 97 88 BE 91 80 DF A5 8C BE 97 88 BE 91 80 DF 9E 8C 83 98 88 BE 91 80 DF 9B 8C 85 98 88 BE 91 80 DF 91 8C 8C 98 88 BE 91 80 DF 8B 8C 92 98 88 BE 91 80 DF 84 8C 9A 98 88 BE 91 80 DF BE 8B A3 98 88 BE 91 80 DF BB 8B A8 98 88 BE 91 80 DF B2 8B BB 98 88 BE 91 80 DF AC 8B 8B 99 88 BE 91 80 DF A7 8B 9E 99 88 BE 91 80 DF A2 8B B4 99 88 BE 91 80 DF 9F 8B BF 99 88 BE 91 80 DF 99 8B A4 9A 88 BE 91 80 DF 95 8B BD 9A 88 BE 91 80 DF 92 8B 96 9B 88 BE 91 80 DF 8F 8B AF 9B 88 BE 91 80 DF 8D 8B 87 9C 88 BE 91 80 DF 8A 8B A0 9C 88 BE 91 80 DF 88 8B B8 9C 88 BE 91 80 DF 86 8B 90 9D 88 BE 91 80 DF 85 8B A8 9D 88 BE 91 80 DF 84 8B B4 9D 88 BE 91 80 DF 82 8B 95 9E 88 BE 91 80 DF 81 8B A8 9E 88 BE 91 80 DF BF 8A B9 9E 88 BE 91 80 DF BF 8A 88 9F 88 BE 91 80 DF BE 8A 8E 9F 88 BE 91 80 DF BD 8A 9D 9F 88 BE 91 80 DF BC 8A A5 9F 88 BE 91 80 DF BC 8A AB 9F 88 BE 91 80 DF BC 8A AF 9F 88 BE 91 80 DF BC 8A B3 9F 88 BE 91 80 DF BC 8A B4 9F 88 BE 91 80 DF BB 8A B7 9F 88 BE 91 80 DF BB 8A B9 9F 88 BE 91 80 DF BB 8A B9 9F 88 BE 91 80 DF BB 8A BA 9F 88 BE 91 80 DF BB 8A BA 9F 88 BE 91 80 DF BB 8A BA 9F 88 BE 91 80 DF BB 8A BB 9F 88 BE 91 80 DF BB 8A BB 9F 88 BE 91 80 DF BB 8A BC 9F 88 BE 91 80 DF BB 8A BC 9F 88 BE 91 80 DF BB 8A BD 9F 88 BE 91 80 DF BB 8A BD 9F 88 BE 91 80 DF BB 8A BE 9F 88 BE 91 80 DF BB 8A BE 9F 88 BE 91 80 DF BB 8A BE 9F 88 BE 91 80 DF BB 8A BE 9F 88 BE 91 80 DF BB 8A BE 9F 88 BE 91 80 DF BB 8A BE 9F 88 BE 91 80 DF BB 8A BD 9F 88 BE 91 80 DF BB 8A BD 9F 88 BE 91 80 DF BB 8A BD 9F 88 BE 91 80 DF BA 8A BD 9F 88 BE 91 80 DF BA 8A BD 9F 88 BE 91 80 DF BA 8A BD 9F 88 BE 91 80 DF BA 8A BD 9F 88 BE 91 80 DF BA 8A BE 9F 88 BE 91 80 DF BA 8A BE 9F 88 BE 91 80 DF BA 8A BE 9F 88 BE 91 80 DF B9 8A BE 9F 88 BE 91 80 1B 51 36 43 0D
[2026-10-02 16:57:57.461] [Bytes recibidos]: 223
[2026-10-02 16:57:57.461] [Bytes recibidos]: 150
[2026-10-02 16:57:57.461] [Bytes recibidos]: 141
[2026-10-02 16:57:57.461] [Bytes recibidos]: 168
[2026-10-02 16:57:57.461] [Bytes recibidos]: 151
[2026-10-02 16:57:57.461] [Bytes recibidos]: 135
[2026-10-02 16:57:57.461] [Bytes recibidos]: 190
[2026-10-02 16:57:57.462] [Bytes recibidos]: 145
[2026-10-02 16:57:57.462] [Bytes recibidos]: 128
[2026-10-02 16:57:57.462] [Bytes recibidos]: 223
[2026-10-02 16:57:57.462] [Bytes recibidos]: 140
[2026-10-02 16:57:57.462] [Bytes recibidos]: 141
[2026-10-02 16:57:57.462] [Bytes recibidos]: 171
[2026-10-02 16:57:57.462] [Bytes recibidos]: 151
[2026-10-02 16:57:57.462] [Bytes recibidos]: 135
[2026-10-02 16:57:57.462] [Bytes recibidos]: 190
[2026-10-02 16:57:57.462] [Bytes recibidos]: 145
[2026-10-02 16:57:57.462] [Bytes recibidos]: 128
[2026-10-02 16:57:57.463] [Bytes recibidos]: 223
[2026-10-02 16:57:57.463] [Bytes recibidos]: 131
[2026-10-02 16:57:57.463] [Bytes recibidos]: 141
[2026-10-02 16:57:57.463] [Bytes recibidos]: 174
[2026-10-02 16:57:57.463] [Bytes recibidos]: 151
[2026-10-02 16:57:57.463] [Bytes recibidos]: 135
[2026-10-02 16:57:57.463] [Bytes recibidos]: 190
[2026-10-02 16:57:57.463] [Bytes recibidos]: 145
[2026-10-02 16:57:57.463] [Bytes recibidos]: 128
[2026-10-02 16:57:57.463] [Bytes recibidos]: 223
[2026-10-02 16:57:57.463] [Bytes recibidos]: 191
[2026-10-02 16:57:57.463] [Bytes recibidos]: 140
[2026-10-02 16:57:57.464] [Bytes recibidos]: 176
[2026-10-02 16:57:57.464] [Bytes recibidos]: 151
[2026-10-02 16:57:57.464] [Bytes recibidos]: 135
[2026-10-02 16:57:57.464] [Bytes recibidos]: 190
[2026-10-02 16:57:57.464] [Bytes recibidos]: 145
[2026-10-02 16:57:57.464] [Bytes recibidos]: 128
[2026-10-02 16:57:57.464] [Bytes recibidos]: 223
[2026-10-02 16:57:57.464] [Bytes recibidos]: 183
[2026-10-02 16:57:57.464] [Bytes recibidos]: 140
[2026-10-02 16:57:57.464] [Bytes recibidos]: 180
[2026-10-02 16:57:57.464] [Bytes recibidos]: 151
[2026-10-02 16:57:57.464] [Bytes recibidos]: 135
[2026-10-02 16:57:57.464] [Bytes recibidos]: 190
[2026-10-02 16:57:57.465] [Bytes recibidos]: 145
[2026-10-02 16:57:57.465] [Bytes recibidos]: 128
[2026-10-02 16:57:57.465] [Bytes recibidos]: 223
[2026-10-02 16:57:57.465] [Bytes recibidos]: 172
[2026-10-02 16:57:57.465] [Bytes recibidos]: 140
[2026-10-02 16:57:57.465] [Bytes recibidos]: 186
[2026-10-02 16:57:57.465] [Bytes recibidos]: 151
[2026-10-02 16:57:57.465] [Bytes recibidos]: 136
[2026-10-02 16:57:57.465] [Bytes recibidos]: 190
[2026-10-02 16:57:57.465] [Bytes recibidos]: 145
[2026-10-02 16:57:57.465] [Bytes recibidos]: 128
[2026-10-02 16:57:57.465] [Bytes recibidos]: 223
[2026-10-02 16:57:57.466] [Bytes recibidos]: 165
[2026-10-02 16:57:57.466] [Bytes recibidos]: 140
[2026-10-02 16:57:57.466] [Bytes recibidos]: 190
[2026-10-02 16:57:57.466] [Bytes recibidos]: 151
[2026-10-02 16:57:57.466] [Bytes recibidos]: 136
[2026-10-02 16:57:57.466] [Bytes recibidos]: 190
[2026-10-02 16:57:57.466] [Bytes recibidos]: 145
[2026-10-02 16:57:57.466] [Bytes recibidos]: 128
[2026-10-02 16:57:57.466] [Bytes recibidos]: 223
[2026-10-02 16:57:57.466] [Bytes recibidos]: 158
[2026-10-02 16:57:57.466] [Bytes recibidos]: 140
[2026-10-02 16:57:57.466] [Bytes recibidos]: 131
[2026-10-02 16:57:57.466] [Bytes recibidos]: 152
[2026-10-02 16:57:57.467] [Bytes recibidos]: 136
[2026-10-02 16:57:57.467] [Bytes recibidos]: 190
[2026-10-02 16:57:57.467] [Bytes recibidos]: 145
[2026-10-02 16:57:57.467] [Bytes recibidos]: 128
[2026-10-02 16:57:57.467] [Bytes recibidos]: 223
[2026-10-02 16:57:57.467] [Bytes recibidos]: 155
[2026-10-02 16:57:57.467] [Bytes recibidos]: 140
[2026-10-02 16:57:57.467] [Bytes recibidos]: 133
[2026-10-02 16:57:57.467] [Bytes recibidos]: 152
[2026-10-02 16:57:57.467] [Bytes recibidos]: 136
[2026-10-02 16:57:57.467] [Bytes recibidos]: 190
[2026-10-02 16:57:57.467] [Bytes recibidos]: 145
[2026-10-02 16:57:57.468] [Bytes recibidos]: 128
[2026-10-02 16:57:57.468] [Bytes recibidos]: 223
[2026-10-02 16:57:57.468] [Bytes recibidos]: 145
[2026-10-02 16:57:57.468] [Bytes recibidos]: 140
[2026-10-02 16:57:57.468] [Bytes recibidos]: 140
[2026-10-02 16:57:57.468] [Bytes recibidos]: 152
[2026-10-02 16:57:57.468] [Bytes recibidos]: 136
[2026-10-02 16:57:57.468] [Bytes recibidos]: 190
[2026-10-02 16:57:57.468] [Bytes recibidos]: 145
[2026-10-02 16:57:57.468] [Bytes recibidos]: 128
[2026-10-02 16:57:57.468] [Bytes recibidos]: 223
[2026-10-02 16:57:57.469] [Bytes recibidos]: 139
[2026-10-02 16:57:57.469] [Bytes recibidos]: 140
[2026-10-02 16:57:57.469] [Bytes recibidos]: 146
[2026-10-02 16:57:57.469] [Bytes recibidos]: 152
[2026-10-02 16:57:57.469] [Bytes recibidos]: 136
[2026-10-02 16:57:57.469] [Bytes recibidos]: 190
[2026-10-02 16:57:57.469] [Bytes recibidos]: 145
[2026-10-02 16:57:57.469] [Bytes recibidos]: 128
[2026-10-02 16:57:57.469] [Bytes recibidos]: 223
[2026-10-02 16:57:57.469] [Bytes recibidos]: 132
[2026-10-02 16:57:57.469] [Bytes recibidos]: 140
[2026-10-02 16:57:57.469] [Bytes recibidos]: 154
[2026-10-02 16:57:57.469] [Bytes recibidos]: 152
[2026-10-02 16:57:57.470] [Bytes recibidos]: 136
[2026-10-02 16:57:57.470] [Bytes recibidos]: 190
[2026-10-02 16:57:57.470] [Bytes recibidos]: 145
[2026-10-02 16:57:57.470] [Bytes recibidos]: 128
[2026-10-02 16:57:57.470] [Bytes recibidos]: 223
[2026-10-02 16:57:57.470] [Bytes recibidos]: 190
[2026-10-02 16:57:57.470] [Bytes recibidos]: 139
[2026-10-02 16:57:57.470] [Bytes recibidos]: 163
[2026-10-02 16:57:57.470] [Bytes recibidos]: 152
[2026-10-02 16:57:57.470] [Bytes recibidos]: 136
[2026-10-02 16:57:57.470] [Bytes recibidos]: 190
[2026-10-02 16:57:57.470] [Bytes recibidos]: 145
[2026-10-02 16:57:57.471] [Bytes recibidos]: 128
[2026-10-02 16:57:57.471] [Bytes recibidos]: 223
[2026-10-02 16:57:57.471] [Bytes recibidos]: 187
[2026-10-02 16:57:57.471] [Bytes recibidos]: 139
[2026-10-02 16:57:57.471] [Bytes recibidos]: 168
[2026-10-02 16:57:57.471] [Bytes recibidos]: 152
[2026-10-02 16:57:57.471] [Bytes recibidos]: 136
[2026-10-02 16:57:57.471] [Bytes recibidos]: 190
[2026-10-02 16:57:57.471] [Bytes recibidos]: 145
[2026-10-02 16:57:57.471] [Bytes recibidos]: 128
[2026-10-02 16:57:57.471] [Bytes recibidos]: 223
[2026-10-02 16:57:57.471] [Bytes recibidos]: 178
[2026-10-02 16:57:57.471] [Bytes recibidos]: 139
[2026-10-02 16:57:57.471] [Bytes recibidos]: 187
[2026-10-02 16:57:57.472] [Bytes recibidos]: 152
[2026-10-02 16:57:57.472] [Bytes recibidos]: 136
[2026-10-02 16:57:57.472] [Bytes recibidos]: 190
[2026-10-02 16:57:57.472] [Bytes recibidos]: 145
[2026-10-02 16:57:57.472] [Bytes recibidos]: 128
[2026-10-02 16:57:57.472] [Bytes recibidos]: 223
[2026-10-02 16:57:57.472] [Bytes recibidos]: 172
[2026-10-02 16:57:57.472] [Bytes recibidos]: 139
[2026-10-02 16:57:57.472] [Bytes recibidos]: 139
[2026-10-02 16:57:57.472] [Bytes recibidos]: 153
[2026-10-02 16:57:57.472] [Bytes recibidos]: 136
[2026-10-02 16:57:57.472] [Bytes recibidos]: 190
[2026-10-02 16:57:57.472] [Bytes recibidos]: 145
[2026-10-02 16:57:57.473] [Bytes recibidos]: 128
[2026-10-02 16:57:57.473] [Bytes recibidos]: 223
[2026-10-02 16:57:57.473] [Bytes recibidos]: 167
[2026-10-02 16:57:57.473] [Bytes recibidos]: 139
[2026-10-02 16:57:57.473] [Bytes recibidos]: 158
[2026-10-02 16:57:57.473] [Bytes recibidos]: 153
[2026-10-02 16:57:57.473] [Bytes recibidos]: 136
[2026-10-02 16:57:57.473] [Bytes recibidos]: 190
[2026-10-02 16:57:57.473] [Bytes recibidos]: 145
[2026-10-02 16:57:57.473] [Bytes recibidos]: 128
[2026-10-02 16:57:57.473] [Bytes recibidos]: 223
[2026-10-02 16:57:57.473] [Bytes recibidos]: 162
[2026-10-02 16:57:57.474] [Bytes recibidos]: 139
[2026-10-02 16:57:57.474] [Bytes recibidos]: 180
[2026-10-02 16:57:57.474] [Bytes recibidos]: 153
[2026-10-02 16:57:57.474] [Bytes recibidos]: 136
[2026-10-02 16:57:57.474] [Bytes recibidos]: 190
[2026-10-02 16:57:57.474] [Bytes recibidos]: 145
[2026-10-02 16:57:57.474] [Bytes recibidos]: 128
[2026-10-02 16:57:57.474] [Bytes recibidos]: 223
[2026-10-02 16:57:57.474] [Bytes recibidos]: 159
[2026-10-02 16:57:57.474] [Bytes recibidos]: 139
[2026-10-02 16:57:57.474] [Bytes recibidos]: 191
[2026-10-02 16:57:57.474] [Bytes recibidos]: 153
[2026-10-02 16:57:57.474] [Bytes recibidos]: 136
[2026-10-02 16:57:57.474] [Bytes recibidos]: 190
[2026-10-02 16:57:57.475] [Bytes recibidos]: 145
[2026-10-02 16:57:57.475] [Bytes recibidos]: 128
[2026-10-02 16:57:57.475] [Bytes recibidos]: 223
[2026-10-02 16:57:57.475] [Bytes recibidos]: 153
[2026-10-02 16:57:57.475] [Bytes recibidos]: 139
[2026-10-02 16:57:57.475] [Bytes recibidos]: 164
[2026-10-02 16:57:57.475] [Bytes recibidos]: 154
[2026-10-02 16:57:57.475] [Bytes recibidos]: 136
[2026-10-02 16:57:57.475] [Bytes recibidos]: 190
[2026-10-02 16:57:57.475] [Bytes recibidos]: 145
[2026-10-02 16:57:57.475] [Bytes recibidos]: 128
[2026-10-02 16:57:57.475] [Bytes recibidos]: 223
[2026-10-02 16:57:57.475] [Bytes recibidos]: 149
[2026-10-02 16:57:57.476] [Bytes recibidos]: 139
[2026-10-02 16:57:57.476] [Bytes recibidos]: 189
[2026-10-02 16:57:57.476] [Bytes recibidos]: 154
[2026-10-02 16:57:57.476] [Bytes recibidos]: 136
[2026-10-02 16:57:57.476] [Bytes recibidos]: 190
[2026-10-02 16:57:57.476] [Bytes recibidos]: 145
[2026-10-02 16:57:57.476] [Bytes recibidos]: 128
[2026-10-02 16:57:57.476] [Bytes recibidos]: 223
[2026-10-02 16:57:57.476] [Bytes recibidos]: 146
[2026-10-02 16:57:57.476] [Bytes recibidos]: 139
[2026-10-02 16:57:57.476] [Bytes recibidos]: 150
[2026-10-02 16:57:57.476] [Bytes recibidos]: 155
[2026-10-02 16:57:57.476] [Bytes recibidos]: 136
[2026-10-02 16:57:57.476] [Bytes recibidos]: 190
[2026-10-02 16:57:57.477] [Bytes recibidos]: 145
[2026-10-02 16:57:57.477] [Bytes recibidos]: 128
[2026-10-02 16:57:57.477] [Bytes recibidos]: 223
[2026-10-02 16:57:57.477] [Bytes recibidos]: 143
[2026-10-02 16:57:57.477] [Bytes recibidos]: 139
[2026-10-02 16:57:57.477] [Bytes recibidos]: 175
[2026-10-02 16:57:57.477] [Bytes recibidos]: 155
[2026-10-02 16:57:57.477] [Bytes recibidos]: 136
[2026-10-02 16:57:57.477] [Bytes recibidos]: 190
[2026-10-02 16:57:57.477] [Bytes recibidos]: 145
[2026-10-02 16:57:57.477] [Bytes recibidos]: 128
[2026-10-02 16:57:57.477] [Bytes recibidos]: 223
[2026-10-02 16:57:57.477] [Bytes recibidos]: 141
[2026-10-02 16:57:57.477] [Bytes recibidos]: 139
[2026-10-02 16:57:57.478] [Bytes recibidos]: 135
[2026-10-02 16:57:57.478] [Bytes recibidos]: 156
[2026-10-02 16:57:57.478] [Bytes recibidos]: 136
[2026-10-02 16:57:57.478] [Bytes recibidos]: 190
[2026-10-02 16:57:57.478] [Bytes recibidos]: 145
[2026-10-02 16:57:57.478] [Bytes recibidos]: 128
[2026-10-02 16:57:57.478] [Bytes recibidos]: 223
[2026-10-02 16:57:57.478] [Bytes recibidos]: 138
[2026-10-02 16:57:57.478] [Bytes recibidos]: 139
[2026-10-02 16:57:57.478] [Bytes recibidos]: 160
[2026-10-02 16:57:57.478] [Bytes recibidos]: 156
[2026-10-02 16:57:57.478] [Bytes recibidos]: 136
[2026-10-02 16:57:57.479] [Bytes recibidos]: 190
[2026-10-02 16:57:57.479] [Bytes recibidos]: 145
[2026-10-02 16:57:57.479] [Bytes recibidos]: 128
[2026-10-02 16:57:57.479] [Bytes recibidos]: 223
[2026-10-02 16:57:57.479] [Bytes recibidos]: 136
[2026-10-02 16:57:57.479] [Bytes recibidos]: 139
[2026-10-02 16:57:57.479] [Bytes recibidos]: 184
[2026-10-02 16:57:57.479] [Bytes recibidos]: 156
[2026-10-02 16:57:57.479] [Bytes recibidos]: 136
[2026-10-02 16:57:57.479] [Bytes recibidos]: 190
[2026-10-02 16:57:57.479] [Bytes recibidos]: 145
[2026-10-02 16:57:57.480] [Bytes recibidos]: 128
[2026-10-02 16:57:57.480] [Bytes recibidos]: 223
[2026-10-02 16:57:57.480] [Bytes recibidos]: 134
[2026-10-02 16:57:57.480] [Bytes recibidos]: 139
[2026-10-02 16:57:57.480] [Bytes recibidos]: 144
[2026-10-02 16:57:57.480] [Bytes recibidos]: 157
[2026-10-02 16:57:57.480] [Bytes recibidos]: 136
[2026-10-02 16:57:57.480] [Bytes recibidos]: 190
[2026-10-02 16:57:57.480] [Bytes recibidos]: 145
[2026-10-02 16:57:57.480] [Bytes recibidos]: 128
[2026-10-02 16:57:57.480] [Bytes recibidos]: 223
[2026-10-02 16:57:57.481] [Bytes recibidos]: 133
[2026-10-02 16:57:57.481] [Bytes recibidos]: 139
[2026-10-02 16:57:57.481] [Bytes recibidos]: 168
[2026-10-02 16:57:57.481] [Bytes recibidos]: 157
[2026-10-02 16:57:57.481] [Bytes recibidos]: 136
[2026-10-02 16:57:57.481] [Bytes recibidos]: 190
[2026-10-02 16:57:57.481] [Bytes recibidos]: 145
[2026-10-02 16:57:57.481] [Bytes recibidos]: 128
[2026-10-02 16:57:57.481] [Bytes recibidos]: 223
[2026-10-02 16:57:57.481] [Bytes recibidos]: 132
[2026-10-02 16:57:57.482] [Bytes recibidos]: 139
[2026-10-02 16:57:57.482] [Bytes recibidos]: 180
[2026-10-02 16:57:57.482] [Bytes recibidos]: 157
[2026-10-02 16:57:57.482] [Bytes recibidos]: 136
[2026-10-02 16:57:57.482] [Bytes recibidos]: 190
[2026-10-02 16:57:57.482] [Bytes recibidos]: 145
[2026-10-02 16:57:57.482] [Bytes recibidos]: 128
[2026-10-02 16:57:57.482] [Bytes recibidos]: 223
[2026-10-02 16:57:57.482] [Bytes recibidos]: 130
[2026-10-02 16:57:57.482] [Bytes recibidos]: 139
[2026-10-02 16:57:57.482] [Bytes recibidos]: 149
[2026-10-02 16:57:57.482] [Bytes recibidos]: 158
[2026-10-02 16:57:57.482] [Bytes recibidos]: 136
[2026-10-02 16:57:57.483] [Bytes recibidos]: 190
[2026-10-02 16:57:57.483] [Bytes recibidos]: 145
[2026-10-02 16:57:57.483] [Bytes recibidos]: 128
[2026-10-02 16:57:57.483] [Bytes recibidos]: 223
[2026-10-02 16:57:57.483] [Bytes recibidos]: 129
[2026-10-02 16:57:57.483] [Bytes recibidos]: 139
[2026-10-02 16:57:57.483] [Bytes recibidos]: 168
[2026-10-02 16:57:57.483] [Bytes recibidos]: 158
[2026-10-02 16:57:57.483] [Bytes recibidos]: 136
[2026-10-02 16:57:57.483] [Bytes recibidos]: 190
[2026-10-02 16:57:57.483] [Bytes recibidos]: 145
[2026-10-02 16:57:57.484] [Bytes recibidos]: 128
[2026-10-02 16:57:57.484] [Bytes recibidos]: 223
[2026-10-02 16:57:57.484] [Bytes recibidos]: 191
[2026-10-02 16:57:57.484] [Bytes recibidos]: 138
[2026-10-02 16:57:57.484] [Bytes recibidos]: 185
[2026-10-02 16:57:57.484] [Bytes recibidos]: 158
[2026-10-02 16:57:57.484] [Bytes recibidos]: 136
[2026-10-02 16:57:57.484] [Bytes recibidos]: 190
[2026-10-02 16:57:57.484] [Bytes recibidos]: 145
[2026-10-02 16:57:57.484] [Bytes recibidos]: 128
[2026-10-02 16:57:57.484] [Bytes recibidos]: 223
[2026-10-02 16:57:57.484] [Bytes recibidos]: 191
[2026-10-02 16:57:57.484] [Bytes recibidos]: 138
[2026-10-02 16:57:57.484] [Bytes recibidos]: 136
[2026-10-02 16:57:57.484] [Bytes recibidos]: 159
[2026-10-02 16:57:57.484] [Bytes recibidos]: 136
[2026-10-02 16:57:57.484] [Bytes recibidos]: 190
[2026-10-02 16:57:57.485] [Bytes recibidos]: 145
[2026-10-02 16:57:57.485] [Bytes recibidos]: 128
[2026-10-02 16:57:57.485] [Bytes recibidos]: 223
[2026-10-02 16:57:57.485] [Bytes recibidos]: 190
[2026-10-02 16:57:57.485] [Bytes recibidos]: 138
[2026-10-02 16:57:57.485] [Bytes recibidos]: 142
[2026-10-02 16:57:57.485] [Bytes recibidos]: 159
[2026-10-02 16:57:57.485] [Bytes recibidos]: 136
[2026-10-02 16:57:57.485] [Bytes recibidos]: 190
[2026-10-02 16:57:57.485] [Bytes recibidos]: 145
[2026-10-02 16:57:57.485] [Bytes recibidos]: 128
[2026-10-02 16:57:57.485] [Bytes recibidos]: 223
[2026-10-02 16:57:57.485] [Bytes recibidos]: 189
[2026-10-02 16:57:57.485] [Bytes recibidos]: 138
[2026-10-02 16:57:57.485] [Bytes recibidos]: 157
[2026-10-02 16:57:57.485] [Bytes recibidos]: 159
[2026-10-02 16:57:57.486] [Bytes recibidos]: 136
[2026-10-02 16:57:57.486] [Bytes recibidos]: 190
[2026-10-02 16:57:57.486] [Bytes recibidos]: 145
[2026-10-02 16:57:57.486] [Bytes recibidos]: 128
[2026-10-02 16:57:57.486] [Bytes recibidos]: 223
[2026-10-02 16:57:57.486] [Bytes recibidos]: 188
[2026-10-02 16:57:57.486] [Bytes recibidos]: 138
[2026-10-02 16:57:57.486] [Bytes recibidos]: 165
[2026-10-02 16:57:57.486] [Bytes recibidos]: 159
[2026-10-02 16:57:57.486] [Bytes recibidos]: 136
[2026-10-02 16:57:57.486] [Bytes recibidos]: 190
[2026-10-02 16:57:57.486] [Bytes recibidos]: 145
[2026-10-02 16:57:57.487] [Bytes recibidos]: 128
[2026-10-02 16:57:57.487] [Bytes recibidos]: 223
[2026-10-02 16:57:57.487] [Bytes recibidos]: 188
[2026-10-02 16:57:57.487] [Bytes recibidos]: 138
[2026-10-02 16:57:57.487] [Bytes recibidos]: 171
[2026-10-02 16:57:57.487] [Bytes recibidos]: 159
[2026-10-02 16:57:57.487] [Bytes recibidos]: 136
[2026-10-02 16:57:57.487] [Bytes recibidos]: 190
[2026-10-02 16:57:57.487] [Bytes recibidos]: 145
[2026-10-02 16:57:57.487] [Bytes recibidos]: 128
[2026-10-02 16:57:57.487] [Bytes recibidos]: 223
[2026-10-02 16:57:57.487] [Bytes recibidos]: 188
[2026-10-02 16:57:57.487] [Bytes recibidos]: 138
[2026-10-02 16:57:57.487] [Bytes recibidos]: 175
[2026-10-02 16:57:57.487] [Bytes recibidos]: 159
[2026-10-02 16:57:57.487] [Bytes recibidos]: 136
[2026-10-02 16:57:57.488] [Bytes recibidos]: 190
[2026-10-02 16:57:57.488] [Bytes recibidos]: 145
[2026-10-02 16:57:57.488] [Bytes recibidos]: 128
[2026-10-02 16:57:57.488] [Bytes recibidos]: 223
[2026-10-02 16:57:57.488] [Bytes recibidos]: 188
[2026-10-02 16:57:57.488] [Bytes recibidos]: 138
[2026-10-02 16:57:57.488] [Bytes recibidos]: 179
[2026-10-02 16:57:57.488] [Bytes recibidos]: 159
[2026-10-02 16:57:57.488] [Bytes recibidos]: 136
[2026-10-02 16:57:57.488] [Bytes recibidos]: 190
[2026-10-02 16:57:57.488] [Bytes recibidos]: 145
[2026-10-02 16:57:57.488] [Bytes recibidos]: 128
[2026-10-02 16:57:57.488] [Bytes recibidos]: 223
[2026-10-02 16:57:57.488] [Bytes recibidos]: 188
[2026-10-02 16:57:57.488] [Bytes recibidos]: 138
[2026-10-02 16:57:57.488] [Bytes recibidos]: 180
[2026-10-02 16:57:57.489] [Bytes recibidos]: 159
[2026-10-02 16:57:57.489] [Bytes recibidos]: 136
[2026-10-02 16:57:57.489] [Bytes recibidos]: 190
[2026-10-02 16:57:57.489] [Bytes recibidos]: 145
[2026-10-02 16:57:57.489] [Bytes recibidos]: 128
[2026-10-02 16:57:57.489] [Bytes recibidos]: 223
[2026-10-02 16:57:57.489] [Bytes recibidos]: 187
[2026-10-02 16:57:57.489] [Bytes recibidos]: 138
[2026-10-02 16:57:57.489] [Bytes recibidos]: 183
[2026-10-02 16:57:57.489] [Bytes recibidos]: 159
[2026-10-02 16:57:57.489] [Bytes recibidos]: 136
[2026-10-02 16:57:57.489] [Bytes recibidos]: 190
[2026-10-02 16:57:57.489] [Bytes recibidos]: 145
[2026-10-02 16:57:57.489] [Bytes recibidos]: 128
[2026-10-02 16:57:57.489] [Bytes recibidos]: 223
[2026-10-02 16:57:57.489] [Bytes recibidos]: 187
[2026-10-02 16:57:57.490] [Bytes recibidos]: 138
[2026-10-02 16:57:57.490] [Bytes recibidos]: 185
[2026-10-02 16:57:57.490] [Bytes recibidos]: 159
[2026-10-02 16:57:57.490] [Bytes recibidos]: 136
[2026-10-02 16:57:57.490] [Bytes recibidos]: 190
[2026-10-02 16:57:57.490] [Bytes recibidos]: 145
[2026-10-02 16:57:57.490] [Bytes recibidos]: 128
[2026-10-02 16:57:57.490] [Bytes recibidos]: 223
[2026-10-02 16:57:57.490] [Bytes recibidos]: 187
[2026-10-02 16:57:57.490] [Bytes recibidos]: 138
[2026-10-02 16:57:57.490] [Bytes recibidos]: 185
[2026-10-02 16:57:57.490] [Bytes recibidos]: 159
[2026-10-02 16:57:57.490] [Bytes recibidos]: 136
[2026-10-02 16:57:57.490] [Bytes recibidos]: 190
[2026-10-02 16:57:57.490] [Bytes recibidos]: 145
[2026-10-02 16:57:57.490] [Bytes recibidos]: 128
[2026-10-02 16:57:57.491] [Bytes recibidos]: 223
[2026-10-02 16:57:57.491] [Bytes recibidos]: 187
[2026-10-02 16:57:57.491] [Bytes recibidos]: 138
[2026-10-02 16:57:57.491] [Bytes recibidos]: 186
[2026-10-02 16:57:57.491] [Bytes recibidos]: 159
[2026-10-02 16:57:57.491] [Bytes recibidos]: 136
[2026-10-02 16:57:57.491] [Bytes recibidos]: 190
[2026-10-02 16:57:57.491] [Bytes recibidos]: 145
[2026-10-02 16:57:57.491] [Bytes recibidos]: 128
[2026-10-02 16:57:57.491] [Bytes recibidos]: 223
[2026-10-02 16:57:57.491] [Bytes recibidos]: 187
[2026-10-02 16:57:57.491] [Bytes recibidos]: 138
[2026-10-02 16:57:57.491] [Bytes recibidos]: 186
[2026-10-02 16:57:57.492] [Bytes recibidos]: 159
[2026-10-02 16:57:57.492] [Bytes recibidos]: 136
[2026-10-02 16:57:57.492] [Bytes recibidos]: 190
[2026-10-02 16:57:57.492] [Bytes recibidos]: 145
[2026-10-02 16:57:57.492] [Bytes recibidos]: 128
[2026-10-02 16:57:57.492] [Bytes recibidos]: 223
[2026-10-02 16:57:57.492] [Bytes recibidos]: 187
[2026-10-02 16:57:57.492] [Bytes recibidos]: 138
[2026-10-02 16:57:57.492] [Bytes recibidos]: 186
[2026-10-02 16:57:57.492] [Bytes recibidos]: 159
[2026-10-02 16:57:57.492] [Bytes recibidos]: 136
[2026-10-02 16:57:57.492] [Bytes recibidos]: 190
[2026-10-02 16:57:57.492] [Bytes recibidos]: 145
[2026-10-02 16:57:57.492] [Bytes recibidos]: 128
[2026-10-02 16:57:57.493] [Bytes recibidos]: 223
[2026-10-02 16:57:57.493] [Bytes recibidos]: 187
[2026-10-02 16:57:57.493] [Bytes recibidos]: 138
[2026-10-02 16:57:57.493] [Bytes recibidos]: 187
[2026-10-02 16:57:57.493] [Bytes recibidos]: 159
[2026-10-02 16:57:57.493] [Bytes recibidos]: 136
[2026-10-02 16:57:57.493] [Bytes recibidos]: 190
[2026-10-02 16:57:57.493] [Bytes recibidos]: 145
[2026-10-02 16:57:57.493] [Bytes recibidos]: 128
[2026-10-02 16:57:57.493] [Bytes recibidos]: 223
[2026-10-02 16:57:57.493] [Bytes recibidos]: 187
[2026-10-02 16:57:57.493] [Bytes recibidos]: 138
[2026-10-02 16:57:57.493] [Bytes recibidos]: 187
[2026-10-02 16:57:57.493] [Bytes recibidos]: 159
[2026-10-02 16:57:57.494] [Bytes recibidos]: 136
[2026-10-02 16:57:57.494] [Bytes recibidos]: 190
[2026-10-02 16:57:57.494] [Bytes recibidos]: 145
[2026-10-02 16:57:57.494] [Bytes recibidos]: 128
[2026-10-02 16:57:57.494] [Bytes recibidos]: 223
[2026-10-02 16:57:57.494] [Bytes recibidos]: 187
[2026-10-02 16:57:57.494] [Bytes recibidos]: 138
[2026-10-02 16:57:57.494] [Bytes recibidos]: 188
[2026-10-02 16:57:57.494] [Bytes recibidos]: 159
[2026-10-02 16:57:57.494] [Bytes recibidos]: 136
[2026-10-02 16:57:57.494] [Bytes recibidos]: 190
[2026-10-02 16:57:57.494] [Bytes recibidos]: 145
[2026-10-02 16:57:57.494] [Bytes recibidos]: 128
[2026-10-02 16:57:57.494] [Bytes recibidos]: 223
[2026-10-02 16:57:57.494] [Bytes recibidos]: 187
[2026-10-02 16:57:57.494] [Bytes recibidos]: 138
[2026-10-02 16:57:57.495] [Bytes recibidos]: 188
[2026-10-02 16:57:57.495] [Bytes recibidos]: 159
[2026-10-02 16:57:57.495] [Bytes recibidos]: 136
[2026-10-02 16:57:57.495] [Bytes recibidos]: 190
[2026-10-02 16:57:57.495] [Bytes recibidos]: 145
[2026-10-02 16:57:57.495] [Bytes recibidos]: 128
[2026-10-02 16:57:57.495] [Bytes recibidos]: 223
[2026-10-02 16:57:57.495] [Bytes recibidos]: 187
[2026-10-02 16:57:57.495] [Bytes recibidos]: 138
[2026-10-02 16:57:57.495] [Bytes recibidos]: 189
[2026-10-02 16:57:57.495] [Bytes recibidos]: 159
[2026-10-02 16:57:57.495] [Bytes recibidos]: 136
[2026-10-02 16:57:57.495] [Bytes recibidos]: 190
[2026-10-02 16:57:57.495] [Bytes recibidos]: 145
[2026-10-02 16:57:57.495] [Bytes recibidos]: 128
[2026-10-02 16:57:57.495] [Bytes recibidos]: 223
[2026-10-02 16:57:57.495] [Bytes recibidos]: 187
[2026-10-02 16:57:57.495] [Bytes recibidos]: 138
[2026-10-02 16:57:57.495] [Bytes recibidos]: 189
[2026-10-02 16:57:57.496] [Bytes recibidos]: 159
[2026-10-02 16:57:57.496] [Bytes recibidos]: 136
[2026-10-02 16:57:57.496] [Bytes recibidos]: 190
[2026-10-02 16:57:57.496] [Bytes recibidos]: 145
[2026-10-02 16:57:57.496] [Bytes recibidos]: 128
[2026-10-02 16:57:57.496] [Bytes recibidos]: 223
[2026-10-02 16:57:57.496] [Bytes recibidos]: 187
[2026-10-02 16:57:57.496] [Bytes recibidos]: 138
[2026-10-02 16:57:57.496] [Bytes recibidos]: 190
[2026-10-02 16:57:57.496] [Bytes recibidos]: 159
[2026-10-02 16:57:57.496] [Bytes recibidos]: 136
[2026-10-02 16:57:57.496] [Bytes recibidos]: 190
[2026-10-02 16:57:57.496] [Bytes recibidos]: 145
[2026-10-02 16:57:57.496] [Bytes recibidos]: 128
[2026-10-02 16:57:57.496] [Bytes recibidos]: 223
[2026-10-02 16:57:57.496] [Bytes recibidos]: 187
[2026-10-02 16:57:57.496] [Bytes recibidos]: 138
[2026-10-02 16:57:57.496] [Bytes recibidos]: 190
[2026-10-02 16:57:57.496] [Bytes recibidos]: 159
[2026-10-02 16:57:57.497] [Bytes recibidos]: 136
[2026-10-02 16:57:57.497] [Bytes recibidos]: 190
[2026-10-02 16:57:57.497] [Bytes recibidos]: 145
[2026-10-02 16:57:57.497] [Bytes recibidos]: 128
[2026-10-02 16:57:57.497] [Bytes recibidos]: 223
[2026-10-02 16:57:57.497] [Bytes recibidos]: 187
[2026-10-02 16:57:57.497] [Bytes recibidos]: 138
[2026-10-02 16:57:57.497] [Bytes recibidos]: 190
[2026-10-02 16:57:57.497] [Bytes recibidos]: 159
[2026-10-02 16:57:57.497] [Bytes recibidos]: 136
[2026-10-02 16:57:57.497] [Bytes recibidos]: 190
[2026-10-02 16:57:57.497] [Bytes recibidos]: 145
[2026-10-02 16:57:57.497] [Bytes recibidos]: 128
[2026-10-02 16:57:57.497] [Bytes recibidos]: 223
[2026-10-02 16:57:57.497] [Bytes recibidos]: 187
[2026-10-02 16:57:57.498] [Bytes recibidos]: 138
[2026-10-02 16:57:57.498] [Bytes recibidos]: 190
[2026-10-02 16:57:57.498] [Bytes recibidos]: 159
[2026-10-02 16:57:57.498] [Bytes recibidos]: 136
[2026-10-02 16:57:57.498] [Bytes recibidos]: 190
[2026-10-02 16:57:57.498] [Bytes recibidos]: 145
[2026-10-02 16:57:57.498] [Bytes recibidos]: 128
[2026-10-02 16:57:57.498] [Bytes recibidos]: 223
[2026-10-02 16:57:57.498] [Bytes recibidos]: 187
[2026-10-02 16:57:57.498] [Bytes recibidos]: 138
[2026-10-02 16:57:57.498] [Bytes recibidos]: 190
[2026-10-02 16:57:57.498] [Bytes recibidos]: 159
[2026-10-02 16:57:57.498] [Bytes recibidos]: 136
[2026-10-02 16:57:57.498] [Bytes recibidos]: 190
[2026-10-02 16:57:57.499] [Bytes recibidos]: 145
[2026-10-02 16:57:57.499] [Bytes recibidos]: 128
[2026-10-02 16:57:57.499] [Bytes recibidos]: 223
[2026-10-02 16:57:57.499] [Bytes recibidos]: 187
[2026-10-02 16:57:57.499] [Bytes recibidos]: 138
[2026-10-02 16:57:57.499] [Bytes recibidos]: 190
[2026-10-02 16:57:57.499] [Bytes recibidos]: 159
[2026-10-02 16:57:57.499] [Bytes recibidos]: 136
[2026-10-02 16:57:57.499] [Bytes recibidos]: 190
[2026-10-02 16:57:57.499] [Bytes recibidos]: 145
[2026-10-02 16:57:57.499] [Bytes recibidos]: 128
[2026-10-02 16:57:57.499] [Bytes recibidos]: 223
[2026-10-02 16:57:57.499] [Bytes recibidos]: 187
[2026-10-02 16:57:57.499] [Bytes recibidos]: 138
[2026-10-02 16:57:57.500] [Bytes recibidos]: 189
[2026-10-02 16:57:57.500] [Bytes recibidos]: 159
[2026-10-02 16:57:57.500] [Bytes recibidos]: 136
[2026-10-02 16:57:57.500] [Bytes recibidos]: 190
[2026-10-02 16:57:57.500] [Bytes recibidos]: 145
[2026-10-02 16:57:57.500] [Bytes recibidos]: 128
[2026-10-02 16:57:57.500] [Bytes recibidos]: 223
[2026-10-02 16:57:57.500] [Bytes recibidos]: 187
[2026-10-02 16:57:57.500] [Bytes recibidos]: 138
[2026-10-02 16:57:57.500] [Bytes recibidos]: 189
[2026-10-02 16:57:57.500] [Bytes recibidos]: 159
[2026-10-02 16:57:57.500] [Bytes recibidos]: 136
[2026-10-02 16:57:57.500] [Bytes recibidos]: 190
[2026-10-02 16:57:57.500] [Bytes recibidos]: 145
[2026-10-02 16:57:57.501] [Bytes recibidos]: 128
[2026-10-02 16:57:57.501] [Bytes recibidos]: 223
[2026-10-02 16:57:57.501] [Bytes recibidos]: 187
[2026-10-02 16:57:57.501] [Bytes recibidos]: 138
[2026-10-02 16:57:57.501] [Bytes recibidos]: 189
[2026-10-02 16:57:57.501] [Bytes recibidos]: 159
[2026-10-02 16:57:57.501] [Bytes recibidos]: 136
[2026-10-02 16:57:57.501] [Bytes recibidos]: 190
[2026-10-02 16:57:57.501] [Bytes recibidos]: 145
[2026-10-02 16:57:57.501] [Bytes recibidos]: 128
[2026-10-02 16:57:57.501] [Bytes recibidos]: 223
[2026-10-02 16:57:57.501] [Bytes recibidos]: 186
[2026-10-02 16:57:57.501] [Bytes recibidos]: 138
[2026-10-02 16:57:57.501] [Bytes recibidos]: 189
[2026-10-02 16:57:57.502] [Bytes recibidos]: 159
[2026-10-02 16:57:57.502] [Bytes recibidos]: 136
[2026-10-02 16:57:57.502] [Bytes recibidos]: 190
[2026-10-02 16:57:57.502] [Bytes recibidos]: 145
[2026-10-02 16:57:57.502] [Bytes recibidos]: 128
[2026-10-02 16:57:57.502] [Bytes recibidos]: 223
[2026-10-02 16:57:57.502] [Bytes recibidos]: 186
[2026-10-02 16:57:57.502] [Bytes recibidos]: 138
[2026-10-02 16:57:57.502] [Bytes recibidos]: 189
[2026-10-02 16:57:57.502] [Bytes recibidos]: 159
[2026-10-02 16:57:57.502] [Bytes recibidos]: 136
[2026-10-02 16:57:57.502] [Bytes recibidos]: 190
[2026-10-02 16:57:57.502] [Bytes recibidos]: 145
[2026-10-02 16:57:57.503] [Bytes recibidos]: 128
[2026-10-02 16:57:57.503] [Bytes recibidos]: 223
[2026-10-02 16:57:57.503] [Bytes recibidos]: 186
[2026-10-02 16:57:57.503] [Bytes recibidos]: 138
[2026-10-02 16:57:57.503] [Bytes recibidos]: 189
[2026-10-02 16:57:57.503] [Bytes recibidos]: 159
[2026-10-02 16:57:57.503] [Bytes recibidos]: 136
[2026-10-02 16:57:57.503] [Bytes recibidos]: 190
[2026-10-02 16:57:57.503] [Bytes recibidos]: 145
[2026-10-02 16:57:57.503] [Bytes recibidos]: 128
[2026-10-02 16:57:57.503] [Bytes recibidos]: 223
[2026-10-02 16:57:57.503] [Bytes recibidos]: 186
[2026-10-02 16:57:57.503] [Bytes recibidos]: 138
[2026-10-02 16:57:57.503] [Bytes recibidos]: 189
[2026-10-02 16:57:57.504] [Bytes recibidos]: 159
[2026-10-02 16:57:57.504] [Bytes recibidos]: 136
[2026-10-02 16:57:57.504] [Bytes recibidos]: 190
[2026-10-02 16:57:57.504] [Bytes recibidos]: 145
[2026-10-02 16:57:57.504] [Bytes recibidos]: 128
[2026-10-02 16:57:57.504] [Bytes recibidos]: 223
[2026-10-02 16:57:57.504] [Bytes recibidos]: 186
[2026-10-02 16:57:57.504] [Bytes recibidos]: 138
[2026-10-02 16:57:57.504] [Bytes recibidos]: 190
[2026-10-02 16:57:57.504] [Bytes recibidos]: 159
[2026-10-02 16:57:57.504] [Bytes recibidos]: 136
[2026-10-02 16:57:57.504] [Bytes recibidos]: 190
[2026-10-02 16:57:57.504] [Bytes recibidos]: 145
[2026-10-02 16:57:57.504] [Bytes recibidos]: 128
[2026-10-02 16:57:57.504] [Bytes recibidos]: 223
[2026-10-02 16:57:57.504] [Bytes recibidos]: 186
[2026-10-02 16:57:57.505] [Bytes recibidos]: 138
[2026-10-02 16:57:57.505] [Bytes recibidos]: 190
[2026-10-02 16:57:57.505] [Bytes recibidos]: 159
[2026-10-02 16:57:57.505] [Bytes recibidos]: 136
[2026-10-02 16:57:57.505] [Bytes recibidos]: 190
[2026-10-02 16:57:57.505] [Bytes recibidos]: 145
[2026-10-02 16:57:57.505] [Bytes recibidos]: 128
[2026-10-02 16:57:57.505] [Bytes recibidos]: 223
[2026-10-02 16:57:57.505] [Bytes recibidos]: 186
[2026-10-02 16:57:57.505] [Bytes recibidos]: 138
[2026-10-02 16:57:57.505] [Bytes recibidos]: 190
[2026-10-02 16:57:57.505] [Bytes recibidos]: 159
[2026-10-02 16:57:57.505] [Bytes recibidos]: 136
[2026-10-02 16:57:57.505] [Bytes recibidos]: 190
[2026-10-02 16:57:57.505] [Bytes recibidos]: 145
[2026-10-02 16:57:57.505] [Bytes recibidos]: 128
[2026-10-02 16:57:57.506] [Bytes recibidos]: 223
[2026-10-02 16:57:57.506] [Bytes recibidos]: 185
[2026-10-02 16:57:57.506] [Bytes recibidos]: 138
[2026-10-02 16:57:57.506] [Bytes recibidos]: 190
[2026-10-02 16:57:57.506] [Bytes recibidos]: 159
[2026-10-02 16:57:57.506] [Bytes recibidos]: 136
[2026-10-02 16:57:57.506] [Bytes recibidos]: 190
[2026-10-02 16:57:57.506] [Bytes recibidos]: 145
[2026-10-02 16:57:57.506] [Bytes recibidos]: 128
[2026-10-02 16:57:57.506] [Bytes recibidos]: 27
[2026-10-02 16:57:57.506] [Bytes recibidos]: 81
[2026-10-02 16:57:57.506] [Bytes recibidos]: 54
[2026-10-02 16:57:57.506] [Bytes recibidos]: 67
[2026-10-02 16:57:57.506] [Bytes recibidos]: 13
[2026-10-02 16:57:57.506] [Data Recibida]: 28.8993894993895
[2026-10-02 16:57:57.507] [MIN]: -21
[2026-10-02 16:57:57.507] [MAX]: 121
[2026-10-02 16:57:57.507] [MAXBIN]: 4095
[2026-10-02 16:57:57.507] [Data Recibida]: 46.45445665445666
[2026-10-02 16:57:57.507] [MIN]: -181
[2026-10-02 16:57:57.507] [MAX]: 181
[2026-10-02 16:57:57.507] [MAXBIN]: 4095
[2026-10-02 16:57:57.507] [Data Recibida]: 11.501831501831502
[2026-10-02 16:57:57.507] [MIN]: 0
[2026-10-02 16:57:57.507] [MAX]: 100
[2026-10-02 16:57:57.507] [MAXBIN]: 4095
[2026-10-02 16:57:57.507] [Data Recibida]: 33.6996336996337
[2026-10-02 16:57:57.507] [MIN]: 0
[2026-10-02 16:57:57.507] [MAX]: 120
[2026-10-02 16:57:57.508] [MAXBIN]: 4095
[2026-10-02 16:57:57.508] [Data Recibida]: 9.68986568986569
[2026-10-02 16:57:57.508] [MIN]: 0
[2026-10-02 16:57:57.508] [MAX]: 20
[2026-10-02 16:57:57.508] [MAXBIN]: 4095
[2026-10-02 16:57:57.508] [Data Recibida]: 20.610500610500612
[2026-10-02 16:57:57.508] [MIN]: 0
[2026-10-02 16:57:57.508] [MAX]: 100
[2026-10-02 16:57:57.508] [MAXBIN]: 4095
[2026-10-02 16:57:57.508] [Data Recibida]: 7.3992673992674
[2026-10-02 16:57:57.508] [MIN]: 0
[2026-10-02 16:57:57.508] [MAX]: 20
[2026-10-02 16:57:57.508] [MAXBIN]: 4095
[2026-10-02 16:57:57.508] [Data Recibida]: 19.413919413919412
[2026-10-02 16:57:57.508] [MIN]: 0
[2026-10-02 16:57:57.508] [MAX]: 20
[2026-10-02 16:57:57.509] [MAXBIN]: 4095
[2026-10-02 16:58:00.322] Datos recibidos (5 bytes): 1B 51 36 43 0D
[2026-10-02 16:58:02.341] Enviado:  | HEX: 01 15 31 36 0D
[2026-10-02 16:58:02.423] Recibido ASCII: <ESC>Q6C<CR>
[2026-10-02 16:58:02.423] Recibido HEX: 1B 51 36 43 0D
[2026-10-02 16:58:04.424] Enviado: Q | HEX: 1B 51 36 43 0D
[2026-10-02 16:58:04.527] Recibido ASCII: <SOH>Q52<CR>
[2026-10-02 16:58:04.527] Recibido HEX: 01 51 35 32 0D
[2026-10-02 16:58:05.528] Enviado: R | HEX: 1B 52 36 44 0D
[2026-10-02 16:58:05.528] Recibido ASCII: <ESC>R6D<CR>
[2026-10-02 16:58:05.528] Recibido HEX: 1B 52 36 44 0D
[2026-10-02 16:58:06.529] Enviado: R | HEX: 01 52 35 33 0D
[2026-10-02 16:58:06.530] Recibido ASCII: <SOH>R5555'A3XX'02.11:06.00B9<CR>
[2026-10-02 16:58:06.530] Recibido HEX: 01 52 35 35 35 35 27 41 33 58 58 27 30 32 2E 31 31 3A 30 36 2E 30 30 42 39 0D
[2026-10-02 16:58:06.531] Enviado: 0161'OpenICE'02.11:06.00 | HEX: 01 30 31 36 31 27 4F 70 65 6E 49 43 45 27 30 32 2E 31 31 3A 30 36 2E 30 30 39 41 0D
[2026-10-02 16:58:06.634] Recibido ASCII: <ESC>)44<CR>
[2026-10-02 16:58:06.634] Recibido HEX: 1B 29 34 34 0D
[2026-10-02 16:58:06.634] Datos recibidos (5 bytes): 1B 29 34 34 0D
[2026-10-02 16:58:08.652] Enviado:  | HEX: 01 15 31 36 0D
[2026-10-02 16:58:08.714] Recibido ASCII: <ESC>)44<CR>
[2026-10-02 16:58:08.714] Recibido HEX: 1B 29 34 34 0D
[2026-10-02 16:58:12.324] Datos recibidos (5 bytes): 1B 51 36 43 0D
[2026-10-02 16:58:14.336] Enviado:  | HEX: 01 15 31 36 0D
[2026-10-02 16:58:14.418] Recibido ASCII: <ESC>Q6C<CR>
[2026-10-02 16:58:14.418] Recibido HEX: 1B 51 36 43 0D
[2026-10-02 16:58:16.419] Enviado: Q | HEX: 1B 51 36 43 0D
[2026-10-02 16:58:16.522] Recibido ASCII: <SOH>Q52<CR>
[2026-10-02 16:58:16.522] Recibido HEX: 01 51 35 32 0D
[2026-10-02 16:58:17.523] Enviado: R | HEX: 1B 52 36 44 0D
[2026-10-02 16:58:17.523] Recibido ASCII: <ESC>R6D<CR>
[2026-10-02 16:58:17.523] Recibido HEX: 1B 52 36 44 0D
[2026-10-02 16:58:18.524] Enviado: R | HEX: 01 52 35 33 0D
[2026-10-02 16:58:18.525] Recibido ASCII: <SOH>R5555'A3XX'02.11:06.00B9<CR>
[2026-10-02 16:58:18.525] Recibido HEX: 01 52 35 35 35 35 27 41 33 58 58 27 30 32 2E 31 31 3A 30 36 2E 30 30 42 39 0D
[2026-10-02 16:58:18.526] Enviado: 0161'OpenICE'02.11:06.00 | HEX: 01 30 31 36 31 27 4F 70 65 6E 49 43 45 27 30 32 2E 31 31 3A 30 36 2E 30 30 39 41 0D
[2026-10-02 16:58:18.628] Recibido ASCII: <ESC>)44<CR>
[2026-10-02 16:58:18.628] Recibido HEX: 1B 29 34 34 0D
[2026-10-02 16:58:18.629] Datos recibidos (5 bytes): 1B 29 34 34 0D
[2026-10-02 16:58:20.640] Enviado:  | HEX: 01 15 31 36 0D
[2026-10-02 16:58:20.722] Recibido ASCII: <ESC>)44<CR>
[2026-10-02 16:58:20.723] Recibido HEX: 1B 29 34 34 0D
[2026-10-02 16:58:24.328] Datos recibidos (5 bytes): 1B 51 36 43 0D
[2026-10-02 16:58:26.339] Enviado:  | HEX: 01 15 31 36 0D
[2026-10-02 16:58:26.421] Recibido ASCII: <ESC>Q6C<CR>
[2026-10-02 16:58:26.421] Recibido HEX: 1B 51 36 43 0D
[2026-10-02 16:58:28.422] Enviado: Q | HEX: 1B 51 36 43 0D
[2026-10-02 16:58:28.525] Recibido ASCII: <SOH>Q52<CR>
[2026-10-02 16:58:28.525] Recibido HEX: 01 51 35 32 0D
[2026-10-02 16:58:29.526] Enviado: R | HEX: 1B 52 36 44 0D
[2026-10-02 16:58:29.526] Recibido ASCII: <ESC>R6D<CR>
[2026-10-02 16:58:29.527] Recibido HEX: 1B 52 36 44 0D
[2026-10-02 16:58:30.527] Enviado: R | HEX: 01 52 35 33 0D
[2026-10-02 16:58:30.528] Recibido ASCII: <SOH>R5555'A3XX'02.11:06.00B9<CR>
[2026-10-02 16:58:30.528] Recibido HEX: 01 52 35 35 35 35 27 41 33 58 58 27 30 32 2E 31 31 3A 30 36 2E 30 30 42 39 0D
[2026-10-02 16:58:30.529] Enviado: 0161'OpenICE'02.11:06.00 | HEX: 01 30 31 36 31 27 4F 70 65 6E 49 43 45 27 30 32 2E 31 31 3A 30 36 2E 30 30 39 41 0D
[2026-10-02 16:58:30.632] Recibido ASCII: <ESC>)44<CR>
[2026-10-02 16:58:30.632] Recibido HEX: 1B 29 34 34 0D
[2026-10-02 16:58:30.632] Datos recibidos (5 bytes): 1B 29 34 34 0D
[2026-10-02 16:58:31.406] Error en el ciclo de polling: java.io.IOException: Stream Closed
